idx,time,equity_R,drawdown_R
0,2026-05-01T00:00:00+00:00,0.0,0.0
1,2026-05-01T00:05:00+00:00,0.0,0.0
2,2026-05-01T00:10:00+00:00,0.0,0.0
3,2026-05-01T00:15:00+00:00,0.0,0.0
4,2026-05-01T00:20:00+00:00,0.0,0.0
5,2026-05-01T00:25:00+00:00,0.0,0.0
6,2026-05-01T00:30:00+00:00,0.0,0.0
7,2026-05-01T00:35:00+00:00,0.0,0.0
8,2026-05-01T00:40:00+00:00,0.0,0.0
9,2026-05-01T00:45:00+00:00,0.0,0.0
10,2026-05-01T00:50:00+00:00,0.0,0.0
11,2026-05-01T00:55:00+00:00,0.0,0.0
12,2026-05-01T01:00:00+00:00,0.0,0.0
13,2026-05-01T01:05:00+00:00,0.0,0.0
14,2026-05-01T01:10:00+00:00,0.0,0.0
15,2026-05-01T01:15:00+00:00,0.0,0.0
16,2026-05-01T01:20:00+00:00,0.0,0.0
17,2026-05-01T01:25:00+00:00,0.0,0.0
18,2026-05-01T01:30:00+00:00,0.0,0.0
19,2026-05-01T01:35:00+00:00,0.0,0.0
20,2026-05-01T01:40:00+00:00,0.0,0.0
21,2026-05-01T01:45:00+00:00,0.0,0.0
22,2026-05-01T01:50:00+00:00,0.0,0.0
23,2026-05-01T01:55:00+00:00,0.0,0.0
24,2026-05-01T02:00:00+00:00,0.0,0.0
25,2026-05-01T02:05:00+00:00,0.0,0.0
26,2026-05-01T02:10:00+00:00,0.0,0.0
27,2026-05-01T02:15:00+00:00,0.0,0.0
28,2026-05-01T02:20:00+00:00,0.0,0.0
29,2026-05-01T02:25:00+00:00,0.0,0.0
30,2026-05-01T02:30:00+00:00,0.0,0.0
31,2026-05-01T02:35:00+00:00,0.0,0.0
32,2026-05-01T02:40:00+00:00,0.0,0.0
33,2026-05-01T02:45:00+00:00,0.0,0.0
34,2026-05-01T02:50:00+00:00,0.0,0.0
35,2026-05-01T02:55:00+00:00,0.0,0.0
36,2026-05-01T03:00:00+00:00,0.0,0.0
37,2026-05-01T03:05:00+00:00,0.0,0.0
38,2026-05-01T03:10:00+00:00,0.0,0.0
39,2026-05-01T03:15:00+00:00,0.0,0.0
40,2026-05-01T03:20:00+00:00,0.0,0.0
41,2026-05-01T03:25:00+00:00,0.0,0.0
42,2026-05-01T03:30:00+00:00,0.0,0.0
43,2026-05-01T03:35:00+00:00,0.0,0.0
44,2026-05-01T03:40:00+00:00,0.0,0.0
45,2026-05-01T03:45:00+00:00,0.0,0.0
46,2026-05-01T03:50:00+00:00,0.0,0.0
47,2026-05-01T03:55:00+00:00,0.0,0.0
48,2026-05-01T04:00:00+00:00,0.0,0.0
49,2026-05-01T04:05:00+00:00,0.0,0.0
50,2026-05-01T04:10:00+00:00,0.0,0.0
51,2026-05-01T04:15:00+00:00,0.0,0.0
52,2026-05-01T04:20:00+00:00,0.0,0.0
53,2026-05-01T04:25:00+00:00,0.0,0.0
54,2026-05-01T04:30:00+00:00,0.0,0.0
55,2026-05-01T04:35:00+00:00,0.0,0.0
56,2026-05-01T04:40:00+00:00,0.0,0.0
57,2026-05-01T04:45:00+00:00,0.0,0.0
58,2026-05-01T04:50:00+00:00,0.0,0.0
59,2026-05-01T04:55:00+00:00,0.0,0.0
60,2026-05-01T05:00:00+00:00,0.0,0.0
61,2026-05-01T05:05:00+00:00,0.0,0.0
62,2026-05-01T05:10:00+00:00,0.0,0.0
63,2026-05-01T05:15:00+00:00,0.0,0.0
64,2026-05-01T05:20:00+00:00,0.0,0.0
65,2026-05-01T05:25:00+00:00,0.0,0.0
66,2026-05-01T05:30:00+00:00,0.0,0.0
67,2026-05-01T05:35:00+00:00,0.0,0.0
68,2026-05-01T05:40:00+00:00,0.0,0.0
69,2026-05-01T05:45:00+00:00,0.0,0.0
70,2026-05-01T05:50:00+00:00,0.0,0.0
71,2026-05-01T05:55:00+00:00,0.0,0.0
72,2026-05-01T06:00:00+00:00,0.0,0.0
73,2026-05-01T06:05:00+00:00,0.0,0.0
74,2026-05-01T06:10:00+00:00,0.0,0.0
75,2026-05-01T06:15:00+00:00,0.0,0.0
76,2026-05-01T06:20:00+00:00,0.0,0.0
77,2026-05-01T06:25:00+00:00,0.0,0.0
78,2026-05-01T06:30:00+00:00,0.0,0.0
79,2026-05-01T06:35:00+00:00,0.0,0.0
80,2026-05-01T06:40:00+00:00,0.0,0.0
81,2026-05-01T06:45:00+00:00,0.0,0.0
82,2026-05-01T06:50:00+00:00,0.0,0.0
83,2026-05-01T06:55:00+00:00,0.0,0.0
84,2026-05-01T07:00:00+00:00,0.0,0.0
85,2026-05-01T07:05:00+00:00,0.0,0.0
86,2026-05-01T07:10:00+00:00,0.0,0.0
87,2026-05-01T07:15:00+00:00,0.0,0.0
88,2026-05-01T07:20:00+00:00,0.0,0.0
89,2026-05-01T07:25:00+00:00,0.0,0.0
90,2026-05-01T07:30:00+00:00,0.0,0.0
91,2026-05-01T07:35:00+00:00,0.0,0.0
92,2026-05-01T07:40:00+00:00,0.0,0.0
93,2026-05-01T07:45:00+00:00,0.0,0.0
94,2026-05-01T07:50:00+00:00,0.0,0.0
95,2026-05-01T07:55:00+00:00,0.0,0.0
96,2026-05-01T08:00:00+00:00,0.0,0.0
97,2026-05-01T08:05:00+00:00,0.0,0.0
98,2026-05-01T08:10:00+00:00,0.0,0.0
99,2026-05-01T08:15:00+00:00,0.0,0.0
100,2026-05-01T08:20:00+00:00,0.0,0.0
101,2026-05-01T08:25:00+00:00,0.0,0.0
102,2026-05-01T08:30:00+00:00,0.0,0.0
103,2026-05-01T08:35:00+00:00,0.0,0.0
104,2026-05-01T08:40:00+00:00,0.0,0.0
105,2026-05-01T08:45:00+00:00,0.0,0.0
106,2026-05-01T08:50:00+00:00,0.0,0.0
107,2026-05-01T08:55:00+00:00,0.0,0.0
108,2026-05-01T09:00:00+00:00,0.0,0.0
109,2026-05-01T09:05:00+00:00,0.0,0.0
110,2026-05-01T09:10:00+00:00,0.0,0.0
111,2026-05-01T09:15:00+00:00,0.0,0.0
112,2026-05-01T09:20:00+00:00,0.0,0.0
113,2026-05-01T09:25:00+00:00,0.0,0.0
114,2026-05-01T09:30:00+00:00,0.0,0.0
115,2026-05-01T09:35:00+00:00,0.0,0.0
116,2026-05-01T09:40:00+00:00,0.0,0.0
117,2026-05-01T09:45:00+00:00,0.0,0.0
118,2026-05-01T09:50:00+00:00,0.0,0.0
119,2026-05-01T09:55:00+00:00,0.0,0.0
120,2026-05-01T10:00:00+00:00,0.0,0.0
121,2026-05-01T10:05:00+00:00,0.0,0.0
122,2026-05-01T10:10:00+00:00,0.0,0.0
123,2026-05-01T10:15:00+00:00,0.0,0.0
124,2026-05-01T10:20:00+00:00,0.0,0.0
125,2026-05-01T10:25:00+00:00,0.0,0.0
126,2026-05-01T10:30:00+00:00,0.0,0.0
127,2026-05-01T10:35:00+00:00,0.0,0.0
128,2026-05-01T10:40:00+00:00,0.0,0.0
129,2026-05-01T10:45:00+00:00,0.0,0.0
130,2026-05-01T10:50:00+00:00,0.0,0.0
131,2026-05-01T10:55:00+00:00,0.0,0.0
132,2026-05-01T11:00:00+00:00,0.0,0.0
133,2026-05-01T11:05:00+00:00,0.0,0.0
134,2026-05-01T11:10:00+00:00,0.0,0.0
135,2026-05-01T11:15:00+00:00,0.0,0.0
136,2026-05-01T11:20:00+00:00,0.0,0.0
137,2026-05-01T11:25:00+00:00,0.0,0.0
138,2026-05-01T11:30:00+00:00,0.0,0.0
139,2026-05-01T11:35:00+00:00,0.0,0.0
140,2026-05-01T11:40:00+00:00,0.0,0.0
141,2026-05-01T11:45:00+00:00,0.0,0.0
142,2026-05-01T11:50:00+00:00,0.0,0.0
143,2026-05-01T11:55:00+00:00,0.0,0.0
144,2026-05-01T12:00:00+00:00,0.0,0.0
145,2026-05-01T12:05:00+00:00,0.0,0.0
146,2026-05-01T12:10:00+00:00,0.0,0.0
147,2026-05-01T12:15:00+00:00,0.0,0.0
148,2026-05-01T12:20:00+00:00,0.0,0.0
149,2026-05-01T12:25:00+00:00,0.0,0.0
150,2026-05-01T12:30:00+00:00,0.0,0.0
151,2026-05-01T12:35:00+00:00,0.0,0.0
152,2026-05-01T12:40:00+00:00,0.0,0.0
153,2026-05-01T12:45:00+00:00,0.0,0.0
154,2026-05-01T12:50:00+00:00,0.0,0.0
155,2026-05-01T12:55:00+00:00,0.0,0.0
156,2026-05-01T13:00:00+00:00,0.0,0.0
157,2026-05-01T13:05:00+00:00,0.0,0.0
158,2026-05-01T13:10:00+00:00,0.0,0.0
159,2026-05-01T13:15:00+00:00,0.0,0.0
160,2026-05-01T13:20:00+00:00,0.0,0.0
161,2026-05-01T13:25:00+00:00,0.0,0.0
162,2026-05-01T13:30:00+00:00,0.0,0.0
163,2026-05-01T13:35:00+00:00,0.0,0.0
164,2026-05-01T13:40:00+00:00,0.0,0.0
165,2026-05-01T13:45:00+00:00,0.0,0.0
166,2026-05-01T13:50:00+00:00,0.0,0.0
167,2026-05-01T13:55:00+00:00,0.0,0.0
168,2026-05-01T14:00:00+00:00,0.0,0.0
169,2026-05-01T14:05:00+00:00,0.0,0.0
170,2026-05-01T14:10:00+00:00,0.0,0.0
171,2026-05-01T14:15:00+00:00,0.0,0.0
172,2026-05-01T14:20:00+00:00,0.0,0.0
173,2026-05-01T14:25:00+00:00,0.0,0.0
174,2026-05-01T14:30:00+00:00,0.0,0.0
175,2026-05-01T14:35:00+00:00,0.0,0.0
176,2026-05-01T14:40:00+00:00,0.0,0.0
177,2026-05-01T14:45:00+00:00,0.0,0.0
178,2026-05-01T14:50:00+00:00,0.0,0.0
179,2026-05-01T14:55:00+00:00,0.0,0.0
180,2026-05-01T15:00:00+00:00,0.0,0.0
181,2026-05-01T15:05:00+00:00,0.0,0.0
182,2026-05-01T15:10:00+00:00,0.0,0.0
183,2026-05-01T15:15:00+00:00,0.0,0.0
184,2026-05-01T15:20:00+00:00,0.0,0.0
185,2026-05-01T15:25:00+00:00,0.0,0.0
186,2026-05-01T15:30:00+00:00,0.0,0.0
187,2026-05-01T15:35:00+00:00,0.0,0.0
188,2026-05-01T15:40:00+00:00,0.0,0.0
189,2026-05-01T15:45:00+00:00,0.0,0.0
190,2026-05-01T15:50:00+00:00,0.0,0.0
191,2026-05-01T15:55:00+00:00,0.0,0.0
192,2026-05-01T16:00:00+00:00,0.0,0.0
193,2026-05-01T16:05:00+00:00,0.0,0.0
194,2026-05-01T16:10:00+00:00,0.0,0.0
195,2026-05-01T16:15:00+00:00,0.0,0.0
196,2026-05-01T16:20:00+00:00,0.0,0.0
197,2026-05-01T16:25:00+00:00,0.0,0.0
198,2026-05-01T16:30:00+00:00,0.0,0.0
199,2026-05-01T16:35:00+00:00,0.0,0.0
200,2026-05-01T16:40:00+00:00,0.0,0.0
201,2026-05-01T16:45:00+00:00,0.0,0.0
202,2026-05-01T16:50:00+00:00,0.0,0.0
203,2026-05-01T16:55:00+00:00,0.0,0.0
204,2026-05-01T17:00:00+00:00,0.0,0.0
205,2026-05-01T17:05:00+00:00,0.0,0.0
206,2026-05-01T17:10:00+00:00,0.0,0.0
207,2026-05-01T17:15:00+00:00,0.0,0.0
208,2026-05-01T17:20:00+00:00,0.0,0.0
209,2026-05-01T17:25:00+00:00,0.0,0.0
210,2026-05-01T17:30:00+00:00,0.0,0.0
211,2026-05-01T17:35:00+00:00,0.0,0.0
212,2026-05-01T17:40:00+00:00,0.0,0.0
213,2026-05-01T17:45:00+00:00,0.0,0.0
214,2026-05-01T17:50:00+00:00,0.0,0.0
215,2026-05-01T17:55:00+00:00,0.0,0.0
216,2026-05-01T18:00:00+00:00,0.0,0.0
217,2026-05-01T18:05:00+00:00,0.0,0.0
218,2026-05-01T18:10:00+00:00,0.0,0.0
219,2026-05-01T18:15:00+00:00,0.0,0.0
220,2026-05-01T18:20:00+00:00,0.0,0.0
221,2026-05-01T18:25:00+00:00,0.0,0.0
222,2026-05-01T18:30:00+00:00,0.0,0.0
223,2026-05-01T18:35:00+00:00,0.0,0.0
224,2026-05-01T18:40:00+00:00,0.0,0.0
225,2026-05-01T18:45:00+00:00,0.0,0.0
226,2026-05-01T18:50:00+00:00,0.0,0.0
227,2026-05-01T18:55:00+00:00,0.0,0.0
228,2026-05-01T19:00:00+00:00,0.0,0.0
229,2026-05-01T19:05:00+00:00,0.0,0.0
230,2026-05-01T19:10:00+00:00,0.0,0.0
231,2026-05-01T19:15:00+00:00,0.0,0.0
232,2026-05-01T19:20:00+00:00,0.0,0.0
233,2026-05-01T19:25:00+00:00,0.0,0.0
234,2026-05-01T19:30:00+00:00,0.0,0.0
235,2026-05-01T19:35:00+00:00,0.0,0.0
236,2026-05-01T19:40:00+00:00,0.0,0.0
237,2026-05-01T19:45:00+00:00,0.0,0.0
238,2026-05-01T19:50:00+00:00,0.0,0.0
239,2026-05-01T19:55:00+00:00,0.0,0.0
240,2026-05-01T20:00:00+00:00,0.0,0.0
241,2026-05-01T20:05:00+00:00,0.0,0.0
242,2026-05-01T20:10:00+00:00,0.0,0.0
243,2026-05-01T20:15:00+00:00,0.0,0.0
244,2026-05-01T20:20:00+00:00,0.0,0.0
245,2026-05-01T20:25:00+00:00,0.0,0.0
246,2026-05-01T20:30:00+00:00,0.0,0.0
247,2026-05-01T20:35:00+00:00,0.0,0.0
248,2026-05-01T20:40:00+00:00,0.0,0.0
249,2026-05-01T20:45:00+00:00,0.0,0.0
250,2026-05-01T20:50:00+00:00,0.0,0.0
251,2026-05-01T20:55:00+00:00,0.0,0.0
252,2026-05-03T22:00:00+00:00,0.0,0.0
253,2026-05-03T22:05:00+00:00,0.0,0.0
254,2026-05-03T22:10:00+00:00,0.0,0.0
255,2026-05-03T22:15:00+00:00,0.0,0.0
256,2026-05-03T22:20:00+00:00,0.0,0.0
257,2026-05-03T22:25:00+00:00,0.0,0.0
258,2026-05-03T22:30:00+00:00,0.0,0.0
259,2026-05-03T22:35:00+00:00,0.0,0.0
260,2026-05-03T22:40:00+00:00,0.0,0.0
261,2026-05-03T22:45:00+00:00,0.0,0.0
262,2026-05-03T22:50:00+00:00,0.0,0.0
263,2026-05-03T22:55:00+00:00,0.0,0.0
264,2026-05-03T23:00:00+00:00,0.0,0.0
265,2026-05-03T23:05:00+00:00,0.0,0.0
266,2026-05-03T23:10:00+00:00,0.0,0.0
267,2026-05-03T23:15:00+00:00,0.0,0.0
268,2026-05-03T23:20:00+00:00,0.0,0.0
269,2026-05-03T23:25:00+00:00,0.0,0.0
270,2026-05-03T23:30:00+00:00,0.0,0.0
271,2026-05-03T23:35:00+00:00,0.0,0.0
272,2026-05-03T23:40:00+00:00,0.0,0.0
273,2026-05-03T23:45:00+00:00,0.0,0.0
274,2026-05-03T23:50:00+00:00,0.0,0.0
275,2026-05-03T23:55:00+00:00,0.0,0.0
276,2026-05-04T00:00:00+00:00,0.0,0.0
277,2026-05-04T00:05:00+00:00,0.0,0.0
278,2026-05-04T00:10:00+00:00,0.0,0.0
279,2026-05-04T00:15:00+00:00,0.0,0.0
280,2026-05-04T00:20:00+00:00,0.0,0.0
281,2026-05-04T00:25:00+00:00,0.0,0.0
282,2026-05-04T00:30:00+00:00,0.0,0.0
283,2026-05-04T00:35:00+00:00,0.0,0.0
284,2026-05-04T00:40:00+00:00,0.0,0.0
285,2026-05-04T00:45:00+00:00,0.0,0.0
286,2026-05-04T00:50:00+00:00,0.0,0.0
287,2026-05-04T00:55:00+00:00,0.0,0.0
288,2026-05-04T01:00:00+00:00,0.0,0.0
289,2026-05-04T01:05:00+00:00,0.0,0.0
290,2026-05-04T01:10:00+00:00,0.0,0.0
291,2026-05-04T01:15:00+00:00,0.0,0.0
292,2026-05-04T01:20:00+00:00,0.0,0.0
293,2026-05-04T01:25:00+00:00,0.0,0.0
294,2026-05-04T01:30:00+00:00,0.0,0.0
295,2026-05-04T01:35:00+00:00,0.0,0.0
296,2026-05-04T01:40:00+00:00,0.0,0.0
297,2026-05-04T01:45:00+00:00,0.0,0.0
298,2026-05-04T01:50:00+00:00,0.0,0.0
299,2026-05-04T01:55:00+00:00,0.0,0.0
300,2026-05-04T02:00:00+00:00,0.0,0.0
301,2026-05-04T02:05:00+00:00,0.0,0.0
302,2026-05-04T02:10:00+00:00,0.0,0.0
303,2026-05-04T02:15:00+00:00,0.0,0.0
304,2026-05-04T02:20:00+00:00,0.0,0.0
305,2026-05-04T02:25:00+00:00,0.0,0.0
306,2026-05-04T02:30:00+00:00,0.0,0.0
307,2026-05-04T02:35:00+00:00,0.0,0.0
308,2026-05-04T02:40:00+00:00,0.0,0.0
309,2026-05-04T02:45:00+00:00,0.0,0.0
310,2026-05-04T02:50:00+00:00,0.0,0.0
311,2026-05-04T02:55:00+00:00,0.0,0.0
312,2026-05-04T03:00:00+00:00,0.0,0.0
313,2026-05-04T03:05:00+00:00,0.0,0.0
314,2026-05-04T03:10:00+00:00,0.0,0.0
315,2026-05-04T03:15:00+00:00,0.0,0.0
316,2026-05-04T03:20:00+00:00,0.0,0.0
317,2026-05-04T03:25:00+00:00,0.0,0.0
318,2026-05-04T03:30:00+00:00,0.0,0.0
319,2026-05-04T03:35:00+00:00,0.0,0.0
320,2026-05-04T03:40:00+00:00,0.0,0.0
321,2026-05-04T03:45:00+00:00,0.0,0.0
322,2026-05-04T03:50:00+00:00,0.0,0.0
323,2026-05-04T03:55:00+00:00,0.0,0.0
324,2026-05-04T04:00:00+00:00,0.0,0.0
325,2026-05-04T04:05:00+00:00,0.0,0.0
326,2026-05-04T04:10:00+00:00,0.0,0.0
327,2026-05-04T04:15:00+00:00,0.0,0.0
328,2026-05-04T04:20:00+00:00,0.0,0.0
329,2026-05-04T04:25:00+00:00,0.0,0.0
330,2026-05-04T04:30:00+00:00,0.0,0.0
331,2026-05-04T04:35:00+00:00,0.0,0.0
332,2026-05-04T04:40:00+00:00,0.0,0.0
333,2026-05-04T04:45:00+00:00,0.0,0.0
334,2026-05-04T04:50:00+00:00,0.0,0.0
335,2026-05-04T04:55:00+00:00,0.0,0.0
336,2026-05-04T05:00:00+00:00,0.0,0.0
337,2026-05-04T05:05:00+00:00,0.0,0.0
338,2026-05-04T05:10:00+00:00,0.0,0.0
339,2026-05-04T05:15:00+00:00,0.0,0.0
340,2026-05-04T05:20:00+00:00,0.0,0.0
341,2026-05-04T05:25:00+00:00,0.0,0.0
342,2026-05-04T05:30:00+00:00,0.0,0.0
343,2026-05-04T05:35:00+00:00,0.0,0.0
344,2026-05-04T05:40:00+00:00,0.0,0.0
345,2026-05-04T05:45:00+00:00,0.0,0.0
346,2026-05-04T05:50:00+00:00,0.0,0.0
347,2026-05-04T05:55:00+00:00,0.0,0.0
348,2026-05-04T06:00:00+00:00,0.0,0.0
349,2026-05-04T06:05:00+00:00,0.0,0.0
350,2026-05-04T06:10:00+00:00,0.0,0.0
351,2026-05-04T06:15:00+00:00,0.0,0.0
352,2026-05-04T06:20:00+00:00,0.0,0.0
353,2026-05-04T06:25:00+00:00,0.0,0.0
354,2026-05-04T06:30:00+00:00,0.0,0.0
355,2026-05-04T06:35:00+00:00,0.0,0.0
356,2026-05-04T06:40:00+00:00,0.0,0.0
357,2026-05-04T06:45:00+00:00,0.0,0.0
358,2026-05-04T06:50:00+00:00,0.0,0.0
359,2026-05-04T06:55:00+00:00,0.0,0.0
360,2026-05-04T07:00:00+00:00,0.0,0.0
361,2026-05-04T07:05:00+00:00,0.0,0.0
362,2026-05-04T07:10:00+00:00,0.0,0.0
363,2026-05-04T07:15:00+00:00,0.0,0.0
364,2026-05-04T07:20:00+00:00,0.0,0.0
365,2026-05-04T07:25:00+00:00,0.0,0.0
366,2026-05-04T07:30:00+00:00,0.0,0.0
367,2026-05-04T07:35:00+00:00,0.0,0.0
368,2026-05-04T07:40:00+00:00,0.0,0.0
369,2026-05-04T07:45:00+00:00,0.0,0.0
370,2026-05-04T07:50:00+00:00,0.0,0.0
371,2026-05-04T07:55:00+00:00,0.0,0.0
372,2026-05-04T08:00:00+00:00,0.0,0.0
373,2026-05-04T08:05:00+00:00,0.0,0.0
374,2026-05-04T08:10:00+00:00,0.0,0.0
375,2026-05-04T08:15:00+00:00,0.0,0.0
376,2026-05-04T08:20:00+00:00,0.0,0.0
377,2026-05-04T08:25:00+00:00,0.0,0.0
378,2026-05-04T08:30:00+00:00,0.0,0.0
379,2026-05-04T08:35:00+00:00,0.0,0.0
380,2026-05-04T08:40:00+00:00,0.0,0.0
381,2026-05-04T08:45:00+00:00,0.0,0.0
382,2026-05-04T08:50:00+00:00,0.0,0.0
383,2026-05-04T08:55:00+00:00,0.0,0.0
384,2026-05-04T09:00:00+00:00,0.0,0.0
385,2026-05-04T09:05:00+00:00,0.0,0.0
386,2026-05-04T09:10:00+00:00,0.0,0.0
387,2026-05-04T09:15:00+00:00,0.0,0.0
388,2026-05-04T09:20:00+00:00,0.0,0.0
389,2026-05-04T09:25:00+00:00,0.0,0.0
390,2026-05-04T09:30:00+00:00,0.0,0.0
391,2026-05-04T09:35:00+00:00,0.0,0.0
392,2026-05-04T09:40:00+00:00,0.0,0.0
393,2026-05-04T09:45:00+00:00,0.0,0.0
394,2026-05-04T09:50:00+00:00,0.0,0.0
395,2026-05-04T09:55:00+00:00,0.0,0.0
396,2026-05-04T10:00:00+00:00,0.0,0.0
397,2026-05-04T10:05:00+00:00,0.0,0.0
398,2026-05-04T10:10:00+00:00,0.0,0.0
399,2026-05-04T10:15:00+00:00,0.0,0.0
400,2026-05-04T10:20:00+00:00,0.0,0.0
401,2026-05-04T10:25:00+00:00,0.0,0.0
402,2026-05-04T10:30:00+00:00,0.0,0.0
403,2026-05-04T10:35:00+00:00,0.0,0.0
404,2026-05-04T10:40:00+00:00,0.0,0.0
405,2026-05-04T10:45:00+00:00,0.0,0.0
406,2026-05-04T10:50:00+00:00,0.0,0.0
407,2026-05-04T10:55:00+00:00,0.0,0.0
408,2026-05-04T11:00:00+00:00,0.0,0.0
409,2026-05-04T11:05:00+00:00,0.0,0.0
410,2026-05-04T11:10:00+00:00,0.0,0.0
411,2026-05-04T11:15:00+00:00,0.0,0.0
412,2026-05-04T11:20:00+00:00,0.0,0.0
413,2026-05-04T11:25:00+00:00,0.0,0.0
414,2026-05-04T11:30:00+00:00,0.0,0.0
415,2026-05-04T11:35:00+00:00,0.0,0.0
416,2026-05-04T11:40:00+00:00,0.0,0.0
417,2026-05-04T11:45:00+00:00,0.0,0.0
418,2026-05-04T11:50:00+00:00,0.0,0.0
419,2026-05-04T11:55:00+00:00,0.0,0.0
420,2026-05-04T12:00:00+00:00,0.0,0.0
421,2026-05-04T12:05:00+00:00,0.0,0.0
422,2026-05-04T12:10:00+00:00,0.0,0.0
423,2026-05-04T12:15:00+00:00,0.0,0.0
424,2026-05-04T12:20:00+00:00,0.0,0.0
425,2026-05-04T12:25:00+00:00,0.0,0.0
426,2026-05-04T12:30:00+00:00,0.0,0.0
427,2026-05-04T12:35:00+00:00,0.0,0.0
428,2026-05-04T12:40:00+00:00,0.0,0.0
429,2026-05-04T12:45:00+00:00,0.0,0.0
430,2026-05-04T12:50:00+00:00,0.0,0.0
431,2026-05-04T12:55:00+00:00,0.0,0.0
432,2026-05-04T13:00:00+00:00,0.0,0.0
433,2026-05-04T13:05:00+00:00,0.0,0.0
434,2026-05-04T13:10:00+00:00,0.0,0.0
435,2026-05-04T13:15:00+00:00,0.0,0.0
436,2026-05-04T13:20:00+00:00,0.0,0.0
437,2026-05-04T13:25:00+00:00,0.0,0.0
438,2026-05-04T13:30:00+00:00,0.0,0.0
439,2026-05-04T13:35:00+00:00,0.0,0.0
440,2026-05-04T13:40:00+00:00,0.0,0.0
441,2026-05-04T13:45:00+00:00,0.0,0.0
442,2026-05-04T13:50:00+00:00,0.0,0.0
443,2026-05-04T13:55:00+00:00,0.0,0.0
444,2026-05-04T14:00:00+00:00,0.0,0.0
445,2026-05-04T14:05:00+00:00,0.0,0.0
446,2026-05-04T14:10:00+00:00,0.0,0.0
447,2026-05-04T14:15:00+00:00,0.0,0.0
448,2026-05-04T14:20:00+00:00,0.0,0.0
449,2026-05-04T14:25:00+00:00,0.0,0.0
450,2026-05-04T14:30:00+00:00,0.0,0.0
451,2026-05-04T14:35:00+00:00,0.0,0.0
452,2026-05-04T14:40:00+00:00,0.0,0.0
453,2026-05-04T14:45:00+00:00,0.0,0.0
454,2026-05-04T14:50:00+00:00,0.0,0.0
455,2026-05-04T14:55:00+00:00,0.0,0.0
456,2026-05-04T15:00:00+00:00,0.0,0.0
457,2026-05-04T15:05:00+00:00,0.0,0.0
458,2026-05-04T15:10:00+00:00,0.0,0.0
459,2026-05-04T15:15:00+00:00,0.0,0.0
460,2026-05-04T15:20:00+00:00,0.0,0.0
461,2026-05-04T15:25:00+00:00,0.0,0.0
462,2026-05-04T15:30:00+00:00,0.0,0.0
463,2026-05-04T15:35:00+00:00,0.0,0.0
464,2026-05-04T15:40:00+00:00,0.0,0.0
465,2026-05-04T15:45:00+00:00,0.0,0.0
466,2026-05-04T15:50:00+00:00,0.0,0.0
467,2026-05-04T15:55:00+00:00,0.0,0.0
468,2026-05-04T16:00:00+00:00,0.0,0.0
469,2026-05-04T16:05:00+00:00,0.0,0.0
470,2026-05-04T16:10:00+00:00,0.0,0.0
471,2026-05-04T16:15:00+00:00,0.0,0.0
472,2026-05-04T16:20:00+00:00,0.0,0.0
473,2026-05-04T16:25:00+00:00,0.0,0.0
474,2026-05-04T16:30:00+00:00,0.0,0.0
475,2026-05-04T16:35:00+00:00,0.0,0.0
476,2026-05-04T16:40:00+00:00,0.0,0.0
477,2026-05-04T16:45:00+00:00,0.0,0.0
478,2026-05-04T16:50:00+00:00,0.0,0.0
479,2026-05-04T16:55:00+00:00,0.0,0.0
480,2026-05-04T17:00:00+00:00,0.0,0.0
481,2026-05-04T17:05:00+00:00,0.0,0.0
482,2026-05-04T17:10:00+00:00,0.0,0.0
483,2026-05-04T17:15:00+00:00,0.0,0.0
484,2026-05-04T17:20:00+00:00,0.0,0.0
485,2026-05-04T17:25:00+00:00,0.0,0.0
486,2026-05-04T17:30:00+00:00,0.0,0.0
487,2026-05-04T17:35:00+00:00,0.0,0.0
488,2026-05-04T17:40:00+00:00,0.0,0.0
489,2026-05-04T17:45:00+00:00,0.0,0.0
490,2026-05-04T17:50:00+00:00,0.0,0.0
491,2026-05-04T17:55:00+00:00,0.0,0.0
492,2026-05-04T18:00:00+00:00,0.0,0.0
493,2026-05-04T18:05:00+00:00,0.0,0.0
494,2026-05-04T18:10:00+00:00,0.0,0.0
495,2026-05-04T18:15:00+00:00,0.0,0.0
496,2026-05-04T18:20:00+00:00,0.0,0.0
497,2026-05-04T18:25:00+00:00,0.0,0.0
498,2026-05-04T18:30:00+00:00,0.0,0.0
499,2026-05-04T18:35:00+00:00,0.0,0.0
500,2026-05-04T18:40:00+00:00,0.0,0.0
501,2026-05-04T18:45:00+00:00,0.0,0.0
502,2026-05-04T18:50:00+00:00,0.0,0.0
503,2026-05-04T18:55:00+00:00,0.0,0.0
504,2026-05-04T19:00:00+00:00,0.0,0.0
505,2026-05-04T19:05:00+00:00,0.0,0.0
506,2026-05-04T19:10:00+00:00,0.0,0.0
507,2026-05-04T19:15:00+00:00,0.0,0.0
508,2026-05-04T19:20:00+00:00,0.0,0.0
509,2026-05-04T19:25:00+00:00,0.0,0.0
510,2026-05-04T19:30:00+00:00,0.0,0.0
511,2026-05-04T19:35:00+00:00,0.0,0.0
512,2026-05-04T19:40:00+00:00,0.0,0.0
513,2026-05-04T19:45:00+00:00,0.0,0.0
514,2026-05-04T19:50:00+00:00,0.0,0.0
515,2026-05-04T19:55:00+00:00,0.0,0.0
516,2026-05-04T20:00:00+00:00,0.0,0.0
517,2026-05-04T20:05:00+00:00,0.0,0.0
518,2026-05-04T20:10:00+00:00,0.0,0.0
519,2026-05-04T20:15:00+00:00,0.0,0.0
520,2026-05-04T20:20:00+00:00,0.0,0.0
521,2026-05-04T20:25:00+00:00,0.0,0.0
522,2026-05-04T20:30:00+00:00,0.0,0.0
523,2026-05-04T20:35:00+00:00,0.0,0.0
524,2026-05-04T20:40:00+00:00,0.0,0.0
525,2026-05-04T20:45:00+00:00,0.0,0.0
526,2026-05-04T20:50:00+00:00,0.0,0.0
527,2026-05-04T20:55:00+00:00,0.0,0.0
528,2026-05-04T22:00:00+00:00,0.0,0.0
529,2026-05-04T22:05:00+00:00,0.0,0.0
530,2026-05-04T22:10:00+00:00,0.0,0.0
531,2026-05-04T22:15:00+00:00,0.0,0.0
532,2026-05-04T22:20:00+00:00,0.0,0.0
533,2026-05-04T22:25:00+00:00,0.0,0.0
534,2026-05-04T22:30:00+00:00,0.0,0.0
535,2026-05-04T22:35:00+00:00,0.0,0.0
536,2026-05-04T22:40:00+00:00,0.0,0.0
537,2026-05-04T22:45:00+00:00,0.0,0.0
538,2026-05-04T22:50:00+00:00,0.0,0.0
539,2026-05-04T22:55:00+00:00,0.0,0.0
540,2026-05-04T23:00:00+00:00,0.0,0.0
541,2026-05-04T23:05:00+00:00,0.0,0.0
542,2026-05-04T23:10:00+00:00,0.0,0.0
543,2026-05-04T23:15:00+00:00,0.0,0.0
544,2026-05-04T23:20:00+00:00,0.0,0.0
545,2026-05-04T23:25:00+00:00,0.0,0.0
546,2026-05-04T23:30:00+00:00,0.0,0.0
547,2026-05-04T23:35:00+00:00,0.0,0.0
548,2026-05-04T23:40:00+00:00,0.0,0.0
549,2026-05-04T23:45:00+00:00,0.0,0.0
550,2026-05-04T23:50:00+00:00,0.0,0.0
551,2026-05-04T23:55:00+00:00,0.0,0.0
552,2026-05-05T00:00:00+00:00,0.0,0.0
553,2026-05-05T00:05:00+00:00,0.0,0.0
554,2026-05-05T00:10:00+00:00,0.0,0.0
555,2026-05-05T00:15:00+00:00,0.0,0.0
556,2026-05-05T00:20:00+00:00,0.0,0.0
557,2026-05-05T00:25:00+00:00,0.0,0.0
558,2026-05-05T00:30:00+00:00,0.0,0.0
559,2026-05-05T00:35:00+00:00,0.0,0.0
560,2026-05-05T00:40:00+00:00,0.0,0.0
561,2026-05-05T00:45:00+00:00,0.0,0.0
562,2026-05-05T00:50:00+00:00,0.0,0.0
563,2026-05-05T00:55:00+00:00,0.0,0.0
564,2026-05-05T01:00:00+00:00,0.0,0.0
565,2026-05-05T01:05:00+00:00,0.0,0.0
566,2026-05-05T01:10:00+00:00,0.0,0.0
567,2026-05-05T01:15:00+00:00,0.0,0.0
568,2026-05-05T01:20:00+00:00,0.0,0.0
569,2026-05-05T01:25:00+00:00,0.0,0.0
570,2026-05-05T01:30:00+00:00,0.0,0.0
571,2026-05-05T01:35:00+00:00,0.0,0.0
572,2026-05-05T01:40:00+00:00,0.0,0.0
573,2026-05-05T01:45:00+00:00,0.0,0.0
574,2026-05-05T01:50:00+00:00,0.0,0.0
575,2026-05-05T01:55:00+00:00,0.0,0.0
576,2026-05-05T02:00:00+00:00,0.0,0.0
577,2026-05-05T02:05:00+00:00,0.0,0.0
578,2026-05-05T02:10:00+00:00,0.0,0.0
579,2026-05-05T02:15:00+00:00,0.0,0.0
580,2026-05-05T02:20:00+00:00,0.0,0.0
581,2026-05-05T02:25:00+00:00,0.0,0.0
582,2026-05-05T02:30:00+00:00,0.0,0.0
583,2026-05-05T02:35:00+00:00,0.0,0.0
584,2026-05-05T02:40:00+00:00,0.0,0.0
585,2026-05-05T02:45:00+00:00,0.0,0.0
586,2026-05-05T02:50:00+00:00,0.0,0.0
587,2026-05-05T02:55:00+00:00,0.0,0.0
588,2026-05-05T03:00:00+00:00,0.0,0.0
589,2026-05-05T03:05:00+00:00,0.0,0.0
590,2026-05-05T03:10:00+00:00,0.0,0.0
591,2026-05-05T03:15:00+00:00,0.0,0.0
592,2026-05-05T03:20:00+00:00,0.0,0.0
593,2026-05-05T03:25:00+00:00,0.0,0.0
594,2026-05-05T03:30:00+00:00,0.0,0.0
595,2026-05-05T03:35:00+00:00,0.0,0.0
596,2026-05-05T03:40:00+00:00,0.0,0.0
597,2026-05-05T03:45:00+00:00,0.0,0.0
598,2026-05-05T03:50:00+00:00,0.0,0.0
599,2026-05-05T03:55:00+00:00,0.0,0.0
600,2026-05-05T04:00:00+00:00,0.0,0.0
601,2026-05-05T04:05:00+00:00,0.0,0.0
602,2026-05-05T04:10:00+00:00,0.0,0.0
603,2026-05-05T04:15:00+00:00,0.0,0.0
604,2026-05-05T04:20:00+00:00,0.0,0.0
605,2026-05-05T04:25:00+00:00,0.0,0.0
606,2026-05-05T04:30:00+00:00,0.0,0.0
607,2026-05-05T04:35:00+00:00,0.0,0.0
608,2026-05-05T04:40:00+00:00,0.0,0.0
609,2026-05-05T04:45:00+00:00,0.0,0.0
610,2026-05-05T04:50:00+00:00,0.0,0.0
611,2026-05-05T04:55:00+00:00,0.0,0.0
612,2026-05-05T05:00:00+00:00,0.0,0.0
613,2026-05-05T05:05:00+00:00,0.0,0.0
614,2026-05-05T05:10:00+00:00,0.0,0.0
615,2026-05-05T05:15:00+00:00,0.0,0.0
616,2026-05-05T05:20:00+00:00,0.0,0.0
617,2026-05-05T05:25:00+00:00,0.0,0.0
618,2026-05-05T05:30:00+00:00,0.0,0.0
619,2026-05-05T05:35:00+00:00,0.0,0.0
620,2026-05-05T05:40:00+00:00,0.0,0.0
621,2026-05-05T05:45:00+00:00,0.0,0.0
622,2026-05-05T05:50:00+00:00,0.0,0.0
623,2026-05-05T05:55:00+00:00,0.0,0.0
624,2026-05-05T06:00:00+00:00,0.0,0.0
625,2026-05-05T06:05:00+00:00,0.0,0.0
626,2026-05-05T06:10:00+00:00,0.0,0.0
627,2026-05-05T06:15:00+00:00,0.0,0.0
628,2026-05-05T06:20:00+00:00,0.0,0.0
629,2026-05-05T06:25:00+00:00,0.0,0.0
630,2026-05-05T06:30:00+00:00,0.0,0.0
631,2026-05-05T06:35:00+00:00,0.0,0.0
632,2026-05-05T06:40:00+00:00,0.0,0.0
633,2026-05-05T06:45:00+00:00,0.0,0.0
634,2026-05-05T06:50:00+00:00,0.0,0.0
635,2026-05-05T06:55:00+00:00,0.0,0.0
636,2026-05-05T07:00:00+00:00,0.0,0.0
637,2026-05-05T07:05:00+00:00,0.0,0.0
638,2026-05-05T07:10:00+00:00,0.0,0.0
639,2026-05-05T07:15:00+00:00,0.0,0.0
640,2026-05-05T07:20:00+00:00,0.0,0.0
641,2026-05-05T07:25:00+00:00,0.0,0.0
642,2026-05-05T07:30:00+00:00,0.0,0.0
643,2026-05-05T07:35:00+00:00,0.0,0.0
644,2026-05-05T07:40:00+00:00,0.0,0.0
645,2026-05-05T07:45:00+00:00,0.0,0.0
646,2026-05-05T07:50:00+00:00,0.0,0.0
647,2026-05-05T07:55:00+00:00,0.0,0.0
648,2026-05-05T08:00:00+00:00,0.0,0.0
649,2026-05-05T08:05:00+00:00,0.0,0.0
650,2026-05-05T08:10:00+00:00,0.0,0.0
651,2026-05-05T08:15:00+00:00,0.0,0.0
652,2026-05-05T08:20:00+00:00,0.0,0.0
653,2026-05-05T08:25:00+00:00,0.0,0.0
654,2026-05-05T08:30:00+00:00,0.0,0.0
655,2026-05-05T08:35:00+00:00,0.0,0.0
656,2026-05-05T08:40:00+00:00,0.0,0.0
657,2026-05-05T08:45:00+00:00,0.0,0.0
658,2026-05-05T08:50:00+00:00,0.0,0.0
659,2026-05-05T08:55:00+00:00,0.0,0.0
660,2026-05-05T09:00:00+00:00,0.0,0.0
661,2026-05-05T09:05:00+00:00,0.0,0.0
662,2026-05-05T09:10:00+00:00,0.0,0.0
663,2026-05-05T09:15:00+00:00,0.0,0.0
664,2026-05-05T09:20:00+00:00,0.0,0.0
665,2026-05-05T09:25:00+00:00,0.0,0.0
666,2026-05-05T09:30:00+00:00,0.0,0.0
667,2026-05-05T09:35:00+00:00,0.0,0.0
668,2026-05-05T09:40:00+00:00,0.0,0.0
669,2026-05-05T09:45:00+00:00,0.0,0.0
670,2026-05-05T09:50:00+00:00,0.0,0.0
671,2026-05-05T09:55:00+00:00,0.0,0.0
672,2026-05-05T10:00:00+00:00,0.0,0.0
673,2026-05-05T10:05:00+00:00,0.0,0.0
674,2026-05-05T10:10:00+00:00,0.0,0.0
675,2026-05-05T10:15:00+00:00,0.0,0.0
676,2026-05-05T10:20:00+00:00,0.0,0.0
677,2026-05-05T10:25:00+00:00,0.0,0.0
678,2026-05-05T10:30:00+00:00,0.0,0.0
679,2026-05-05T10:35:00+00:00,0.0,0.0
680,2026-05-05T10:40:00+00:00,0.0,0.0
681,2026-05-05T10:45:00+00:00,0.0,0.0
682,2026-05-05T10:50:00+00:00,0.0,0.0
683,2026-05-05T10:55:00+00:00,0.0,0.0
684,2026-05-05T11:00:00+00:00,0.0,0.0
685,2026-05-05T11:05:00+00:00,0.0,0.0
686,2026-05-05T11:10:00+00:00,0.0,0.0
687,2026-05-05T11:15:00+00:00,0.0,0.0
688,2026-05-05T11:20:00+00:00,0.0,0.0
689,2026-05-05T11:25:00+00:00,0.0,0.0
690,2026-05-05T11:30:00+00:00,0.0,0.0
691,2026-05-05T11:35:00+00:00,0.0,0.0
692,2026-05-05T11:40:00+00:00,0.0,0.0
693,2026-05-05T11:45:00+00:00,0.0,0.0
694,2026-05-05T11:50:00+00:00,0.0,0.0
695,2026-05-05T11:55:00+00:00,0.0,0.0
696,2026-05-05T12:00:00+00:00,0.0,0.0
697,2026-05-05T12:05:00+00:00,0.0,0.0
698,2026-05-05T12:10:00+00:00,0.0,0.0
699,2026-05-05T12:15:00+00:00,0.0,0.0
700,2026-05-05T12:20:00+00:00,0.0,0.0
701,2026-05-05T12:25:00+00:00,0.0,0.0
702,2026-05-05T12:30:00+00:00,0.0,0.0
703,2026-05-05T12:35:00+00:00,0.0,0.0
704,2026-05-05T12:40:00+00:00,0.0,0.0
705,2026-05-05T12:45:00+00:00,0.0,0.0
706,2026-05-05T12:50:00+00:00,0.0,0.0
707,2026-05-05T12:55:00+00:00,0.0,0.0
708,2026-05-05T13:00:00+00:00,0.0,0.0
709,2026-05-05T13:05:00+00:00,0.0,0.0
710,2026-05-05T13:10:00+00:00,0.0,0.0
711,2026-05-05T13:15:00+00:00,0.0,0.0
712,2026-05-05T13:20:00+00:00,0.0,0.0
713,2026-05-05T13:25:00+00:00,0.0,0.0
714,2026-05-05T13:30:00+00:00,0.0,0.0
715,2026-05-05T13:35:00+00:00,0.0,0.0
716,2026-05-05T13:40:00+00:00,0.0,0.0
717,2026-05-05T13:45:00+00:00,0.0,0.0
718,2026-05-05T13:50:00+00:00,0.0,0.0
719,2026-05-05T13:55:00+00:00,0.0,0.0
720,2026-05-05T14:00:00+00:00,0.0,0.0
721,2026-05-05T14:05:00+00:00,0.0,0.0
722,2026-05-05T14:10:00+00:00,0.0,0.0
723,2026-05-05T14:15:00+00:00,0.0,0.0
724,2026-05-05T14:20:00+00:00,0.0,0.0
725,2026-05-05T14:25:00+00:00,0.0,0.0
726,2026-05-05T14:30:00+00:00,0.0,0.0
727,2026-05-05T14:35:00+00:00,0.0,0.0
728,2026-05-05T14:40:00+00:00,0.0,0.0
729,2026-05-05T14:45:00+00:00,0.0,0.0
730,2026-05-05T14:50:00+00:00,0.0,0.0
731,2026-05-05T14:55:00+00:00,0.0,0.0
732,2026-05-05T15:00:00+00:00,0.0,0.0
733,2026-05-05T15:05:00+00:00,0.0,0.0
734,2026-05-05T15:10:00+00:00,0.0,0.0
735,2026-05-05T15:15:00+00:00,0.0,0.0
736,2026-05-05T15:20:00+00:00,0.0,0.0
737,2026-05-05T15:25:00+00:00,0.0,0.0
738,2026-05-05T15:30:00+00:00,0.0,0.0
739,2026-05-05T15:35:00+00:00,0.0,0.0
740,2026-05-05T15:40:00+00:00,0.0,0.0
741,2026-05-05T15:45:00+00:00,0.0,0.0
742,2026-05-05T15:50:00+00:00,0.0,0.0
743,2026-05-05T15:55:00+00:00,0.0,0.0
744,2026-05-05T16:00:00+00:00,0.0,0.0
745,2026-05-05T16:05:00+00:00,0.0,0.0
746,2026-05-05T16:10:00+00:00,0.0,0.0
747,2026-05-05T16:15:00+00:00,0.0,0.0
748,2026-05-05T16:20:00+00:00,0.0,0.0
749,2026-05-05T16:25:00+00:00,0.0,0.0
750,2026-05-05T16:30:00+00:00,0.0,0.0
751,2026-05-05T16:35:00+00:00,0.0,0.0
752,2026-05-05T16:40:00+00:00,0.0,0.0
753,2026-05-05T16:45:00+00:00,0.0,0.0
754,2026-05-05T16:50:00+00:00,0.0,0.0
755,2026-05-05T16:55:00+00:00,0.0,0.0
756,2026-05-05T17:00:00+00:00,0.0,0.0
757,2026-05-05T17:05:00+00:00,0.0,0.0
758,2026-05-05T17:10:00+00:00,0.0,0.0
759,2026-05-05T17:15:00+00:00,0.0,0.0
760,2026-05-05T17:20:00+00:00,0.0,0.0
761,2026-05-05T17:25:00+00:00,0.0,0.0
762,2026-05-05T17:30:00+00:00,0.0,0.0
763,2026-05-05T17:35:00+00:00,0.0,0.0
764,2026-05-05T17:40:00+00:00,0.0,0.0
765,2026-05-05T17:45:00+00:00,0.0,0.0
766,2026-05-05T17:50:00+00:00,0.0,0.0
767,2026-05-05T17:55:00+00:00,0.0,0.0
768,2026-05-05T18:00:00+00:00,0.0,0.0
769,2026-05-05T18:05:00+00:00,0.0,0.0
770,2026-05-05T18:10:00+00:00,0.0,0.0
771,2026-05-05T18:15:00+00:00,0.0,0.0
772,2026-05-05T18:20:00+00:00,0.0,0.0
773,2026-05-05T18:25:00+00:00,0.0,0.0
774,2026-05-05T18:30:00+00:00,0.0,0.0
775,2026-05-05T18:35:00+00:00,0.0,0.0
776,2026-05-05T18:40:00+00:00,0.0,0.0
777,2026-05-05T18:45:00+00:00,0.0,0.0
778,2026-05-05T18:50:00+00:00,0.0,0.0
779,2026-05-05T18:55:00+00:00,0.0,0.0
780,2026-05-05T19:00:00+00:00,0.0,0.0
781,2026-05-05T19:05:00+00:00,0.0,0.0
782,2026-05-05T19:10:00+00:00,0.0,0.0
783,2026-05-05T19:15:00+00:00,0.0,0.0
784,2026-05-05T19:20:00+00:00,0.0,0.0
785,2026-05-05T19:25:00+00:00,0.0,0.0
786,2026-05-05T19:30:00+00:00,0.0,0.0
787,2026-05-05T19:35:00+00:00,0.0,0.0
788,2026-05-05T19:40:00+00:00,0.0,0.0
789,2026-05-05T19:45:00+00:00,0.0,0.0
790,2026-05-05T19:50:00+00:00,0.0,0.0
791,2026-05-05T19:55:00+00:00,0.0,0.0
792,2026-05-05T20:00:00+00:00,0.0,0.0
793,2026-05-05T20:05:00+00:00,0.0,0.0
794,2026-05-05T20:10:00+00:00,0.0,0.0
795,2026-05-05T20:15:00+00:00,0.0,0.0
796,2026-05-05T20:20:00+00:00,0.0,0.0
797,2026-05-05T20:25:00+00:00,0.0,0.0
798,2026-05-05T20:30:00+00:00,0.0,0.0
799,2026-05-05T20:35:00+00:00,0.0,0.0
800,2026-05-05T20:40:00+00:00,0.0,0.0
801,2026-05-05T20:45:00+00:00,0.0,0.0
802,2026-05-05T20:50:00+00:00,0.0,0.0
803,2026-05-05T20:55:00+00:00,0.0,0.0
804,2026-05-05T22:00:00+00:00,0.0,0.0
805,2026-05-05T22:05:00+00:00,0.0,0.0
806,2026-05-05T22:10:00+00:00,0.0,0.0
807,2026-05-05T22:15:00+00:00,0.0,0.0
808,2026-05-05T22:20:00+00:00,0.0,0.0
809,2026-05-05T22:25:00+00:00,0.0,0.0
810,2026-05-05T22:30:00+00:00,0.0,0.0
811,2026-05-05T22:35:00+00:00,0.0,0.0
812,2026-05-05T22:40:00+00:00,0.0,0.0
813,2026-05-05T22:45:00+00:00,0.0,0.0
814,2026-05-05T22:50:00+00:00,0.0,0.0
815,2026-05-05T22:55:00+00:00,0.0,0.0
816,2026-05-05T23:00:00+00:00,0.0,0.0
817,2026-05-05T23:05:00+00:00,0.0,0.0
818,2026-05-05T23:10:00+00:00,0.0,0.0
819,2026-05-05T23:15:00+00:00,0.0,0.0
820,2026-05-05T23:20:00+00:00,0.0,0.0
821,2026-05-05T23:25:00+00:00,0.0,0.0
822,2026-05-05T23:30:00+00:00,0.0,0.0
823,2026-05-05T23:35:00+00:00,0.0,0.0
824,2026-05-05T23:40:00+00:00,0.0,0.0
825,2026-05-05T23:45:00+00:00,0.0,0.0
826,2026-05-05T23:50:00+00:00,0.0,0.0
827,2026-05-05T23:55:00+00:00,0.0,0.0
828,2026-05-06T00:00:00+00:00,0.0,0.0
829,2026-05-06T00:05:00+00:00,0.0,0.0
830,2026-05-06T00:10:00+00:00,0.0,0.0
831,2026-05-06T00:15:00+00:00,0.0,0.0
832,2026-05-06T00:20:00+00:00,0.0,0.0
833,2026-05-06T00:25:00+00:00,0.0,0.0
834,2026-05-06T00:30:00+00:00,0.0,0.0
835,2026-05-06T00:35:00+00:00,0.0,0.0
836,2026-05-06T00:40:00+00:00,0.0,0.0
837,2026-05-06T00:45:00+00:00,0.0,0.0
838,2026-05-06T00:50:00+00:00,0.0,0.0
839,2026-05-06T00:55:00+00:00,0.0,0.0
840,2026-05-06T01:00:00+00:00,0.0,0.0
841,2026-05-06T01:05:00+00:00,0.0,0.0
842,2026-05-06T01:10:00+00:00,0.0,0.0
843,2026-05-06T01:15:00+00:00,0.0,0.0
844,2026-05-06T01:20:00+00:00,0.0,0.0
845,2026-05-06T01:25:00+00:00,0.0,0.0
846,2026-05-06T01:30:00+00:00,0.0,0.0
847,2026-05-06T01:35:00+00:00,0.0,0.0
848,2026-05-06T01:40:00+00:00,0.0,0.0
849,2026-05-06T01:45:00+00:00,0.0,0.0
850,2026-05-06T01:50:00+00:00,0.0,0.0
851,2026-05-06T01:55:00+00:00,0.0,0.0
852,2026-05-06T02:00:00+00:00,0.0,0.0
853,2026-05-06T02:05:00+00:00,0.0,0.0
854,2026-05-06T02:10:00+00:00,0.0,0.0
855,2026-05-06T02:15:00+00:00,0.0,0.0
856,2026-05-06T02:20:00+00:00,0.0,0.0
857,2026-05-06T02:25:00+00:00,0.0,0.0
858,2026-05-06T02:30:00+00:00,0.0,0.0
859,2026-05-06T02:35:00+00:00,0.0,0.0
860,2026-05-06T02:40:00+00:00,0.0,0.0
861,2026-05-06T02:45:00+00:00,0.0,0.0
862,2026-05-06T02:50:00+00:00,0.0,0.0
863,2026-05-06T02:55:00+00:00,0.0,0.0
864,2026-05-06T03:00:00+00:00,0.0,0.0
865,2026-05-06T03:05:00+00:00,0.0,0.0
866,2026-05-06T03:10:00+00:00,0.0,0.0
867,2026-05-06T03:15:00+00:00,0.0,0.0
868,2026-05-06T03:20:00+00:00,0.0,0.0
869,2026-05-06T03:25:00+00:00,0.0,0.0
870,2026-05-06T03:30:00+00:00,0.0,0.0
871,2026-05-06T03:35:00+00:00,0.0,0.0
872,2026-05-06T03:40:00+00:00,0.0,0.0
873,2026-05-06T03:45:00+00:00,0.0,0.0
874,2026-05-06T03:50:00+00:00,0.0,0.0
875,2026-05-06T03:55:00+00:00,0.0,0.0
876,2026-05-06T04:00:00+00:00,0.0,0.0
877,2026-05-06T04:05:00+00:00,0.0,0.0
878,2026-05-06T04:10:00+00:00,0.0,0.0
879,2026-05-06T04:15:00+00:00,0.0,0.0
880,2026-05-06T04:20:00+00:00,0.0,0.0
881,2026-05-06T04:25:00+00:00,0.0,0.0
882,2026-05-06T04:30:00+00:00,0.0,0.0
883,2026-05-06T04:35:00+00:00,0.0,0.0
884,2026-05-06T04:40:00+00:00,0.0,0.0
885,2026-05-06T04:45:00+00:00,0.0,0.0
886,2026-05-06T04:50:00+00:00,0.0,0.0
887,2026-05-06T04:55:00+00:00,0.0,0.0
888,2026-05-06T05:00:00+00:00,0.0,0.0
889,2026-05-06T05:05:00+00:00,0.0,0.0
890,2026-05-06T05:10:00+00:00,0.0,0.0
891,2026-05-06T05:15:00+00:00,0.0,0.0
892,2026-05-06T05:20:00+00:00,0.0,0.0
893,2026-05-06T05:25:00+00:00,0.0,0.0
894,2026-05-06T05:30:00+00:00,0.0,0.0
895,2026-05-06T05:35:00+00:00,0.0,0.0
896,2026-05-06T05:40:00+00:00,0.0,0.0
897,2026-05-06T05:45:00+00:00,0.0,0.0
898,2026-05-06T05:50:00+00:00,0.0,0.0
899,2026-05-06T05:55:00+00:00,0.0,0.0
900,2026-05-06T06:00:00+00:00,0.0,0.0
901,2026-05-06T06:05:00+00:00,0.0,0.0
902,2026-05-06T06:10:00+00:00,0.0,0.0
903,2026-05-06T06:15:00+00:00,0.0,0.0
904,2026-05-06T06:20:00+00:00,0.0,0.0
905,2026-05-06T06:25:00+00:00,0.0,0.0
906,2026-05-06T06:30:00+00:00,0.0,0.0
907,2026-05-06T06:35:00+00:00,0.0,0.0
908,2026-05-06T06:40:00+00:00,0.0,0.0
909,2026-05-06T06:45:00+00:00,0.0,0.0
910,2026-05-06T06:50:00+00:00,0.0,0.0
911,2026-05-06T06:55:00+00:00,0.0,0.0
912,2026-05-06T07:00:00+00:00,0.0,0.0
913,2026-05-06T07:05:00+00:00,0.0,0.0
914,2026-05-06T07:10:00+00:00,0.0,0.0
915,2026-05-06T07:15:00+00:00,0.0,0.0
916,2026-05-06T07:20:00+00:00,0.0,0.0
917,2026-05-06T07:25:00+00:00,0.0,0.0
918,2026-05-06T07:30:00+00:00,0.0,0.0
919,2026-05-06T07:35:00+00:00,0.0,0.0
920,2026-05-06T07:40:00+00:00,0.0,0.0
921,2026-05-06T07:45:00+00:00,0.0,0.0
922,2026-05-06T07:50:00+00:00,0.0,0.0
923,2026-05-06T07:55:00+00:00,0.0,0.0
924,2026-05-06T08:00:00+00:00,0.0,0.0
925,2026-05-06T08:05:00+00:00,0.0,0.0
926,2026-05-06T08:10:00+00:00,0.0,0.0
927,2026-05-06T08:15:00+00:00,0.0,0.0
928,2026-05-06T08:20:00+00:00,0.0,0.0
929,2026-05-06T08:25:00+00:00,0.0,0.0
930,2026-05-06T08:30:00+00:00,0.0,0.0
931,2026-05-06T08:35:00+00:00,0.0,0.0
932,2026-05-06T08:40:00+00:00,0.0,0.0
933,2026-05-06T08:45:00+00:00,0.0,0.0
934,2026-05-06T08:50:00+00:00,0.0,0.0
935,2026-05-06T08:55:00+00:00,0.0,0.0
936,2026-05-06T09:00:00+00:00,0.0,0.0
937,2026-05-06T09:05:00+00:00,0.0,0.0
938,2026-05-06T09:10:00+00:00,0.0,0.0
939,2026-05-06T09:15:00+00:00,0.0,0.0
940,2026-05-06T09:20:00+00:00,0.0,0.0
941,2026-05-06T09:25:00+00:00,0.0,0.0
942,2026-05-06T09:30:00+00:00,0.0,0.0
943,2026-05-06T09:35:00+00:00,0.0,0.0
944,2026-05-06T09:40:00+00:00,0.0,0.0
945,2026-05-06T09:45:00+00:00,0.0,0.0
946,2026-05-06T09:50:00+00:00,0.0,0.0
947,2026-05-06T09:55:00+00:00,0.0,0.0
948,2026-05-06T10:00:00+00:00,0.0,0.0
949,2026-05-06T10:05:00+00:00,0.0,0.0
950,2026-05-06T10:10:00+00:00,0.0,0.0
951,2026-05-06T10:15:00+00:00,0.0,0.0
952,2026-05-06T10:20:00+00:00,0.0,0.0
953,2026-05-06T10:25:00+00:00,0.0,0.0
954,2026-05-06T10:30:00+00:00,0.0,0.0
955,2026-05-06T10:35:00+00:00,0.0,0.0
956,2026-05-06T10:40:00+00:00,0.0,0.0
957,2026-05-06T10:45:00+00:00,0.0,0.0
958,2026-05-06T10:50:00+00:00,0.0,0.0
959,2026-05-06T10:55:00+00:00,0.0,0.0
960,2026-05-06T11:00:00+00:00,0.0,0.0
961,2026-05-06T11:05:00+00:00,0.0,0.0
962,2026-05-06T11:10:00+00:00,0.0,0.0
963,2026-05-06T11:15:00+00:00,0.0,0.0
964,2026-05-06T11:20:00+00:00,0.0,0.0
965,2026-05-06T11:25:00+00:00,0.0,0.0
966,2026-05-06T11:30:00+00:00,0.0,0.0
967,2026-05-06T11:35:00+00:00,0.0,0.0
968,2026-05-06T11:40:00+00:00,0.0,0.0
969,2026-05-06T11:45:00+00:00,0.0,0.0
970,2026-05-06T11:50:00+00:00,0.0,0.0
971,2026-05-06T11:55:00+00:00,0.0,0.0
972,2026-05-06T12:00:00+00:00,0.0,0.0
973,2026-05-06T12:05:00+00:00,0.0,0.0
974,2026-05-06T12:10:00+00:00,0.0,0.0
975,2026-05-06T12:15:00+00:00,0.0,0.0
976,2026-05-06T12:20:00+00:00,0.0,0.0
977,2026-05-06T12:25:00+00:00,0.0,0.0
978,2026-05-06T12:30:00+00:00,0.0,0.0
979,2026-05-06T12:35:00+00:00,0.0,0.0
980,2026-05-06T12:40:00+00:00,0.0,0.0
981,2026-05-06T12:45:00+00:00,0.0,0.0
982,2026-05-06T12:50:00+00:00,0.0,0.0
983,2026-05-06T12:55:00+00:00,0.0,0.0
984,2026-05-06T13:00:00+00:00,0.0,0.0
985,2026-05-06T13:05:00+00:00,0.0,0.0
986,2026-05-06T13:10:00+00:00,0.0,0.0
987,2026-05-06T13:15:00+00:00,0.0,0.0
988,2026-05-06T13:20:00+00:00,0.0,0.0
989,2026-05-06T13:25:00+00:00,0.0,0.0
990,2026-05-06T13:30:00+00:00,0.0,0.0
991,2026-05-06T13:35:00+00:00,0.0,0.0
992,2026-05-06T13:40:00+00:00,0.0,0.0
993,2026-05-06T13:45:00+00:00,0.0,0.0
994,2026-05-06T13:50:00+00:00,0.0,0.0
995,2026-05-06T13:55:00+00:00,0.0,0.0
996,2026-05-06T14:00:00+00:00,0.0,0.0
997,2026-05-06T14:05:00+00:00,0.0,0.0
998,2026-05-06T14:10:00+00:00,0.0,0.0
999,2026-05-06T14:15:00+00:00,0.0,0.0
1000,2026-05-06T14:20:00+00:00,0.0,0.0
1001,2026-05-06T14:25:00+00:00,0.0,0.0
1002,2026-05-06T14:30:00+00:00,0.0,0.0
1003,2026-05-06T14:35:00+00:00,0.0,0.0
1004,2026-05-06T14:40:00+00:00,0.0,0.0
1005,2026-05-06T14:45:00+00:00,0.0,0.0
1006,2026-05-06T14:50:00+00:00,0.0,0.0
1007,2026-05-06T14:55:00+00:00,0.0,0.0
1008,2026-05-06T15:00:00+00:00,0.0,0.0
1009,2026-05-06T15:05:00+00:00,0.0,0.0
1010,2026-05-06T15:10:00+00:00,0.0,0.0
1011,2026-05-06T15:15:00+00:00,0.0,0.0
1012,2026-05-06T15:20:00+00:00,0.0,0.0
1013,2026-05-06T15:25:00+00:00,0.0,0.0
1014,2026-05-06T15:30:00+00:00,0.0,0.0
1015,2026-05-06T15:35:00+00:00,0.0,0.0
1016,2026-05-06T15:40:00+00:00,0.0,0.0
1017,2026-05-06T15:45:00+00:00,0.0,0.0
1018,2026-05-06T15:50:00+00:00,0.0,0.0
1019,2026-05-06T15:55:00+00:00,0.0,0.0
1020,2026-05-06T16:00:00+00:00,0.0,0.0
1021,2026-05-06T16:05:00+00:00,0.0,0.0
1022,2026-05-06T16:10:00+00:00,0.0,0.0
1023,2026-05-06T16:15:00+00:00,0.0,0.0
1024,2026-05-06T16:20:00+00:00,0.0,0.0
1025,2026-05-06T16:25:00+00:00,0.0,0.0
1026,2026-05-06T16:30:00+00:00,0.0,0.0
1027,2026-05-06T16:35:00+00:00,0.0,0.0
1028,2026-05-06T16:40:00+00:00,0.0,0.0
1029,2026-05-06T16:45:00+00:00,0.0,0.0
1030,2026-05-06T16:50:00+00:00,0.0,0.0
1031,2026-05-06T16:55:00+00:00,0.0,0.0
1032,2026-05-06T17:00:00+00:00,0.0,0.0
1033,2026-05-06T17:05:00+00:00,0.0,0.0
1034,2026-05-06T17:10:00+00:00,0.0,0.0
1035,2026-05-06T17:15:00+00:00,0.0,0.0
1036,2026-05-06T17:20:00+00:00,0.0,0.0
1037,2026-05-06T17:25:00+00:00,0.0,0.0
1038,2026-05-06T17:30:00+00:00,0.0,0.0
1039,2026-05-06T17:35:00+00:00,0.0,0.0
1040,2026-05-06T17:40:00+00:00,0.0,0.0
1041,2026-05-06T17:45:00+00:00,0.0,0.0
1042,2026-05-06T17:50:00+00:00,0.0,0.0
1043,2026-05-06T17:55:00+00:00,0.0,0.0
1044,2026-05-06T18:00:00+00:00,0.0,0.0
1045,2026-05-06T18:05:00+00:00,0.0,0.0
1046,2026-05-06T18:10:00+00:00,0.0,0.0
1047,2026-05-06T18:15:00+00:00,0.0,0.0
1048,2026-05-06T18:20:00+00:00,0.0,0.0
1049,2026-05-06T18:25:00+00:00,0.0,0.0
1050,2026-05-06T18:30:00+00:00,0.0,0.0
1051,2026-05-06T18:35:00+00:00,0.0,0.0
1052,2026-05-06T18:40:00+00:00,0.0,0.0
1053,2026-05-06T18:45:00+00:00,0.0,0.0
1054,2026-05-06T18:50:00+00:00,0.0,0.0
1055,2026-05-06T18:55:00+00:00,0.0,0.0
1056,2026-05-06T19:00:00+00:00,0.0,0.0
1057,2026-05-06T19:05:00+00:00,0.0,0.0
1058,2026-05-06T19:10:00+00:00,0.0,0.0
1059,2026-05-06T19:15:00+00:00,0.0,0.0
1060,2026-05-06T19:20:00+00:00,0.0,0.0
1061,2026-05-06T19:25:00+00:00,0.0,0.0
1062,2026-05-06T19:30:00+00:00,0.0,0.0
1063,2026-05-06T19:35:00+00:00,0.0,0.0
1064,2026-05-06T19:40:00+00:00,0.0,0.0
1065,2026-05-06T19:45:00+00:00,0.0,0.0
1066,2026-05-06T19:50:00+00:00,0.0,0.0
1067,2026-05-06T19:55:00+00:00,0.0,0.0
1068,2026-05-06T20:00:00+00:00,0.0,0.0
1069,2026-05-06T20:05:00+00:00,0.0,0.0
1070,2026-05-06T20:10:00+00:00,0.0,0.0
1071,2026-05-06T20:15:00+00:00,0.0,0.0
1072,2026-05-06T20:20:00+00:00,0.0,0.0
1073,2026-05-06T20:25:00+00:00,0.0,0.0
1074,2026-05-06T20:30:00+00:00,0.0,0.0
1075,2026-05-06T20:35:00+00:00,0.0,0.0
1076,2026-05-06T20:40:00+00:00,0.0,0.0
1077,2026-05-06T20:45:00+00:00,0.0,0.0
1078,2026-05-06T20:50:00+00:00,0.0,0.0
1079,2026-05-06T20:55:00+00:00,0.0,0.0
1080,2026-05-06T22:00:00+00:00,0.0,0.0
1081,2026-05-06T22:05:00+00:00,0.0,0.0
1082,2026-05-06T22:10:00+00:00,0.0,0.0
1083,2026-05-06T22:15:00+00:00,0.0,0.0
1084,2026-05-06T22:20:00+00:00,0.0,0.0
1085,2026-05-06T22:25:00+00:00,0.0,0.0
1086,2026-05-06T22:30:00+00:00,0.0,0.0
1087,2026-05-06T22:35:00+00:00,0.0,0.0
1088,2026-05-06T22:40:00+00:00,0.0,0.0
1089,2026-05-06T22:45:00+00:00,0.0,0.0
1090,2026-05-06T22:50:00+00:00,0.0,0.0
1091,2026-05-06T22:55:00+00:00,0.0,0.0
1092,2026-05-06T23:00:00+00:00,0.0,0.0
1093,2026-05-06T23:05:00+00:00,0.0,0.0
1094,2026-05-06T23:10:00+00:00,0.0,0.0
1095,2026-05-06T23:15:00+00:00,0.0,0.0
1096,2026-05-06T23:20:00+00:00,0.0,0.0
1097,2026-05-06T23:25:00+00:00,0.0,0.0
1098,2026-05-06T23:30:00+00:00,0.0,0.0
1099,2026-05-06T23:35:00+00:00,0.0,0.0
1100,2026-05-06T23:40:00+00:00,0.0,0.0
1101,2026-05-06T23:45:00+00:00,0.0,0.0
1102,2026-05-06T23:50:00+00:00,0.0,0.0
1103,2026-05-06T23:55:00+00:00,0.0,0.0
1104,2026-05-07T00:00:00+00:00,0.0,0.0
1105,2026-05-07T00:05:00+00:00,0.0,0.0
1106,2026-05-07T00:10:00+00:00,0.0,0.0
1107,2026-05-07T00:15:00+00:00,0.0,0.0
1108,2026-05-07T00:20:00+00:00,0.0,0.0
1109,2026-05-07T00:25:00+00:00,0.0,0.0
1110,2026-05-07T00:30:00+00:00,0.0,0.0
1111,2026-05-07T00:35:00+00:00,0.0,0.0
1112,2026-05-07T00:40:00+00:00,0.0,0.0
1113,2026-05-07T00:45:00+00:00,0.0,0.0
1114,2026-05-07T00:50:00+00:00,0.0,0.0
1115,2026-05-07T00:55:00+00:00,0.0,0.0
1116,2026-05-07T01:00:00+00:00,0.0,0.0
1117,2026-05-07T01:05:00+00:00,0.0,0.0
1118,2026-05-07T01:10:00+00:00,0.0,0.0
1119,2026-05-07T01:15:00+00:00,0.0,0.0
1120,2026-05-07T01:20:00+00:00,0.0,0.0
1121,2026-05-07T01:25:00+00:00,0.0,0.0
1122,2026-05-07T01:30:00+00:00,0.0,0.0
1123,2026-05-07T01:35:00+00:00,0.0,0.0
1124,2026-05-07T01:40:00+00:00,0.0,0.0
1125,2026-05-07T01:45:00+00:00,0.0,0.0
1126,2026-05-07T01:50:00+00:00,0.0,0.0
1127,2026-05-07T01:55:00+00:00,0.0,0.0
1128,2026-05-07T02:00:00+00:00,0.0,0.0
1129,2026-05-07T02:05:00+00:00,0.0,0.0
1130,2026-05-07T02:10:00+00:00,0.0,0.0
1131,2026-05-07T02:15:00+00:00,0.0,0.0
1132,2026-05-07T02:20:00+00:00,0.0,0.0
1133,2026-05-07T02:25:00+00:00,0.0,0.0
1134,2026-05-07T02:30:00+00:00,0.0,0.0
1135,2026-05-07T02:35:00+00:00,0.0,0.0
1136,2026-05-07T02:40:00+00:00,0.0,0.0
1137,2026-05-07T02:45:00+00:00,0.0,0.0
1138,2026-05-07T02:50:00+00:00,0.0,0.0
1139,2026-05-07T02:55:00+00:00,0.0,0.0
1140,2026-05-07T03:00:00+00:00,0.0,0.0
1141,2026-05-07T03:05:00+00:00,0.0,0.0
1142,2026-05-07T03:10:00+00:00,0.0,0.0
1143,2026-05-07T03:15:00+00:00,0.0,0.0
1144,2026-05-07T03:20:00+00:00,0.0,0.0
1145,2026-05-07T03:25:00+00:00,0.0,0.0
1146,2026-05-07T03:30:00+00:00,0.0,0.0
1147,2026-05-07T03:35:00+00:00,0.0,0.0
1148,2026-05-07T03:40:00+00:00,0.0,0.0
1149,2026-05-07T03:45:00+00:00,0.0,0.0
1150,2026-05-07T03:50:00+00:00,0.0,0.0
1151,2026-05-07T03:55:00+00:00,0.0,0.0
1152,2026-05-07T04:00:00+00:00,0.0,0.0
1153,2026-05-07T04:05:00+00:00,0.0,0.0
1154,2026-05-07T04:10:00+00:00,0.0,0.0
1155,2026-05-07T04:15:00+00:00,0.0,0.0
1156,2026-05-07T04:20:00+00:00,0.0,0.0
1157,2026-05-07T04:25:00+00:00,0.0,0.0
1158,2026-05-07T04:30:00+00:00,0.0,0.0
1159,2026-05-07T04:35:00+00:00,0.0,0.0
1160,2026-05-07T04:40:00+00:00,0.0,0.0
1161,2026-05-07T04:45:00+00:00,0.0,0.0
1162,2026-05-07T04:50:00+00:00,0.0,0.0
1163,2026-05-07T04:55:00+00:00,0.0,0.0
1164,2026-05-07T05:00:00+00:00,0.0,0.0
1165,2026-05-07T05:05:00+00:00,0.0,0.0
1166,2026-05-07T05:10:00+00:00,0.0,0.0
1167,2026-05-07T05:15:00+00:00,0.0,0.0
1168,2026-05-07T05:20:00+00:00,0.0,0.0
1169,2026-05-07T05:25:00+00:00,0.0,0.0
1170,2026-05-07T05:30:00+00:00,0.0,0.0
1171,2026-05-07T05:35:00+00:00,0.0,0.0
1172,2026-05-07T05:40:00+00:00,0.0,0.0
1173,2026-05-07T05:45:00+00:00,0.0,0.0
1174,2026-05-07T05:50:00+00:00,0.0,0.0
1175,2026-05-07T05:55:00+00:00,0.0,0.0
1176,2026-05-07T06:00:00+00:00,0.0,0.0
1177,2026-05-07T06:05:00+00:00,0.0,0.0
1178,2026-05-07T06:10:00+00:00,0.0,0.0
1179,2026-05-07T06:15:00+00:00,0.0,0.0
1180,2026-05-07T06:20:00+00:00,0.0,0.0
1181,2026-05-07T06:25:00+00:00,0.0,0.0
1182,2026-05-07T06:30:00+00:00,0.0,0.0
1183,2026-05-07T06:35:00+00:00,0.0,0.0
1184,2026-05-07T06:40:00+00:00,0.0,0.0
1185,2026-05-07T06:45:00+00:00,0.0,0.0
1186,2026-05-07T06:50:00+00:00,0.0,0.0
1187,2026-05-07T06:55:00+00:00,0.0,0.0
1188,2026-05-07T07:00:00+00:00,0.0,0.0
1189,2026-05-07T07:05:00+00:00,0.0,0.0
1190,2026-05-07T07:10:00+00:00,0.0,0.0
1191,2026-05-07T07:15:00+00:00,0.0,0.0
1192,2026-05-07T07:20:00+00:00,0.0,0.0
1193,2026-05-07T07:25:00+00:00,0.0,0.0
1194,2026-05-07T07:30:00+00:00,0.0,0.0
1195,2026-05-07T07:35:00+00:00,0.0,0.0
1196,2026-05-07T07:40:00+00:00,0.0,0.0
1197,2026-05-07T07:45:00+00:00,0.0,0.0
1198,2026-05-07T07:50:00+00:00,0.0,0.0
1199,2026-05-07T07:55:00+00:00,0.0,0.0
1200,2026-05-07T08:00:00+00:00,0.0,0.0
1201,2026-05-07T08:05:00+00:00,0.0,0.0
1202,2026-05-07T08:10:00+00:00,0.0,0.0
1203,2026-05-07T08:15:00+00:00,0.0,0.0
1204,2026-05-07T08:20:00+00:00,0.0,0.0
1205,2026-05-07T08:25:00+00:00,0.0,0.0
1206,2026-05-07T08:30:00+00:00,0.0,0.0
1207,2026-05-07T08:35:00+00:00,0.0,0.0
1208,2026-05-07T08:40:00+00:00,0.0,0.0
1209,2026-05-07T08:45:00+00:00,0.0,0.0
1210,2026-05-07T08:50:00+00:00,0.0,0.0
1211,2026-05-07T08:55:00+00:00,0.0,0.0
1212,2026-05-07T09:00:00+00:00,0.0,0.0
1213,2026-05-07T09:05:00+00:00,0.0,0.0
1214,2026-05-07T09:10:00+00:00,0.0,0.0
1215,2026-05-07T09:15:00+00:00,0.0,0.0
1216,2026-05-07T09:20:00+00:00,0.0,0.0
1217,2026-05-07T09:25:00+00:00,0.0,0.0
1218,2026-05-07T09:30:00+00:00,0.0,0.0
1219,2026-05-07T09:35:00+00:00,0.0,0.0
1220,2026-05-07T09:40:00+00:00,0.0,0.0
1221,2026-05-07T09:45:00+00:00,0.0,0.0
1222,2026-05-07T09:50:00+00:00,0.0,0.0
1223,2026-05-07T09:55:00+00:00,0.0,0.0
1224,2026-05-07T10:00:00+00:00,0.0,0.0
1225,2026-05-07T10:05:00+00:00,0.0,0.0
1226,2026-05-07T10:10:00+00:00,0.0,0.0
1227,2026-05-07T10:15:00+00:00,0.0,0.0
1228,2026-05-07T10:20:00+00:00,0.0,0.0
1229,2026-05-07T10:25:00+00:00,0.0,0.0
1230,2026-05-07T10:30:00+00:00,0.0,0.0
1231,2026-05-07T10:35:00+00:00,0.0,0.0
1232,2026-05-07T10:40:00+00:00,0.0,0.0
1233,2026-05-07T10:45:00+00:00,0.0,0.0
1234,2026-05-07T10:50:00+00:00,0.0,0.0
1235,2026-05-07T10:55:00+00:00,0.0,0.0
1236,2026-05-07T11:00:00+00:00,0.0,0.0
1237,2026-05-07T11:05:00+00:00,0.0,0.0
1238,2026-05-07T11:10:00+00:00,0.0,0.0
1239,2026-05-07T11:15:00+00:00,0.0,0.0
1240,2026-05-07T11:20:00+00:00,0.0,0.0
1241,2026-05-07T11:25:00+00:00,0.0,0.0
1242,2026-05-07T11:30:00+00:00,0.0,0.0
1243,2026-05-07T11:35:00+00:00,0.0,0.0
1244,2026-05-07T11:40:00+00:00,0.0,0.0
1245,2026-05-07T11:45:00+00:00,0.0,0.0
1246,2026-05-07T11:50:00+00:00,0.0,0.0
1247,2026-05-07T11:55:00+00:00,0.0,0.0
1248,2026-05-07T12:00:00+00:00,0.0,0.0
1249,2026-05-07T12:05:00+00:00,0.0,0.0
1250,2026-05-07T12:10:00+00:00,0.0,0.0
1251,2026-05-07T12:15:00+00:00,0.0,0.0
1252,2026-05-07T12:20:00+00:00,0.0,0.0
1253,2026-05-07T12:25:00+00:00,0.0,0.0
1254,2026-05-07T12:30:00+00:00,0.0,0.0
1255,2026-05-07T12:35:00+00:00,0.0,0.0
1256,2026-05-07T12:40:00+00:00,0.0,0.0
1257,2026-05-07T12:45:00+00:00,0.0,0.0
1258,2026-05-07T12:50:00+00:00,0.0,0.0
1259,2026-05-07T12:55:00+00:00,0.0,0.0
1260,2026-05-07T13:00:00+00:00,0.0,0.0
1261,2026-05-07T13:05:00+00:00,0.0,0.0
1262,2026-05-07T13:10:00+00:00,0.0,0.0
1263,2026-05-07T13:15:00+00:00,0.0,0.0
1264,2026-05-07T13:20:00+00:00,0.0,0.0
1265,2026-05-07T13:25:00+00:00,0.0,0.0
1266,2026-05-07T13:30:00+00:00,0.0,0.0
1267,2026-05-07T13:35:00+00:00,0.0,0.0
1268,2026-05-07T13:40:00+00:00,0.0,0.0
1269,2026-05-07T13:45:00+00:00,0.0,0.0
1270,2026-05-07T13:50:00+00:00,0.0,0.0
1271,2026-05-07T13:55:00+00:00,0.0,0.0
1272,2026-05-07T14:00:00+00:00,0.0,0.0
1273,2026-05-07T14:05:00+00:00,0.0,0.0
1274,2026-05-07T14:10:00+00:00,0.0,0.0
1275,2026-05-07T14:15:00+00:00,0.0,0.0
1276,2026-05-07T14:20:00+00:00,0.0,0.0
1277,2026-05-07T14:25:00+00:00,0.0,0.0
1278,2026-05-07T14:30:00+00:00,0.0,0.0
1279,2026-05-07T14:35:00+00:00,0.0,0.0
1280,2026-05-07T14:40:00+00:00,0.0,0.0
1281,2026-05-07T14:45:00+00:00,0.0,0.0
1282,2026-05-07T14:50:00+00:00,0.0,0.0
1283,2026-05-07T14:55:00+00:00,0.0,0.0
1284,2026-05-07T15:00:00+00:00,0.0,0.0
1285,2026-05-07T15:05:00+00:00,0.0,0.0
1286,2026-05-07T15:10:00+00:00,0.0,0.0
1287,2026-05-07T15:15:00+00:00,0.0,0.0
1288,2026-05-07T15:20:00+00:00,0.0,0.0
1289,2026-05-07T15:25:00+00:00,0.0,0.0
1290,2026-05-07T15:30:00+00:00,0.0,0.0
1291,2026-05-07T15:35:00+00:00,0.0,0.0
1292,2026-05-07T15:40:00+00:00,0.0,0.0
1293,2026-05-07T15:45:00+00:00,0.0,0.0
1294,2026-05-07T15:50:00+00:00,0.0,0.0
1295,2026-05-07T15:55:00+00:00,0.0,0.0
1296,2026-05-07T16:00:00+00:00,0.0,0.0
1297,2026-05-07T16:05:00+00:00,0.0,0.0
1298,2026-05-07T16:10:00+00:00,0.0,0.0
1299,2026-05-07T16:15:00+00:00,0.0,0.0
1300,2026-05-07T16:20:00+00:00,0.0,0.0
1301,2026-05-07T16:25:00+00:00,0.0,0.0
1302,2026-05-07T16:30:00+00:00,0.0,0.0
1303,2026-05-07T16:35:00+00:00,0.0,0.0
1304,2026-05-07T16:40:00+00:00,0.0,0.0
1305,2026-05-07T16:45:00+00:00,0.0,0.0
1306,2026-05-07T16:50:00+00:00,0.0,0.0
1307,2026-05-07T16:55:00+00:00,0.0,0.0
1308,2026-05-07T17:00:00+00:00,0.0,0.0
1309,2026-05-07T17:05:00+00:00,0.0,0.0
1310,2026-05-07T17:10:00+00:00,0.0,0.0
1311,2026-05-07T17:15:00+00:00,0.0,0.0
1312,2026-05-07T17:20:00+00:00,0.0,0.0
1313,2026-05-07T17:25:00+00:00,0.0,0.0
1314,2026-05-07T17:30:00+00:00,0.0,0.0
1315,2026-05-07T17:35:00+00:00,0.0,0.0
1316,2026-05-07T17:40:00+00:00,0.0,0.0
1317,2026-05-07T17:45:00+00:00,0.0,0.0
1318,2026-05-07T17:50:00+00:00,0.0,0.0
1319,2026-05-07T17:55:00+00:00,0.0,0.0
1320,2026-05-07T18:00:00+00:00,0.0,0.0
1321,2026-05-07T18:05:00+00:00,0.0,0.0
1322,2026-05-07T18:10:00+00:00,0.0,0.0
1323,2026-05-07T18:15:00+00:00,0.0,0.0
1324,2026-05-07T18:20:00+00:00,0.0,0.0
1325,2026-05-07T18:25:00+00:00,0.0,0.0
1326,2026-05-07T18:30:00+00:00,0.0,0.0
1327,2026-05-07T18:35:00+00:00,0.0,0.0
1328,2026-05-07T18:40:00+00:00,0.0,0.0
1329,2026-05-07T18:45:00+00:00,0.0,0.0
1330,2026-05-07T18:50:00+00:00,0.0,0.0
1331,2026-05-07T18:55:00+00:00,0.0,0.0
1332,2026-05-07T19:00:00+00:00,0.0,0.0
1333,2026-05-07T19:05:00+00:00,0.0,0.0
1334,2026-05-07T19:10:00+00:00,0.0,0.0
1335,2026-05-07T19:15:00+00:00,0.0,0.0
1336,2026-05-07T19:20:00+00:00,0.0,0.0
1337,2026-05-07T19:25:00+00:00,0.0,0.0
1338,2026-05-07T19:30:00+00:00,0.0,0.0
1339,2026-05-07T19:35:00+00:00,0.0,0.0
1340,2026-05-07T19:40:00+00:00,0.0,0.0
1341,2026-05-07T19:45:00+00:00,0.0,0.0
1342,2026-05-07T19:50:00+00:00,0.0,0.0
1343,2026-05-07T19:55:00+00:00,0.0,0.0
1344,2026-05-07T20:00:00+00:00,0.0,0.0
1345,2026-05-07T20:05:00+00:00,0.0,0.0
1346,2026-05-07T20:10:00+00:00,0.0,0.0
1347,2026-05-07T20:15:00+00:00,0.0,0.0
1348,2026-05-07T20:20:00+00:00,0.0,0.0
1349,2026-05-07T20:25:00+00:00,0.0,0.0
1350,2026-05-07T20:30:00+00:00,0.0,0.0
1351,2026-05-07T20:35:00+00:00,0.0,0.0
1352,2026-05-07T20:40:00+00:00,0.0,0.0
1353,2026-05-07T20:45:00+00:00,0.0,0.0
1354,2026-05-07T20:50:00+00:00,0.0,0.0
1355,2026-05-07T20:55:00+00:00,0.0,0.0
1356,2026-05-07T22:00:00+00:00,0.0,0.0
1357,2026-05-07T22:05:00+00:00,0.0,0.0
1358,2026-05-07T22:10:00+00:00,0.0,0.0
1359,2026-05-07T22:15:00+00:00,0.0,0.0
1360,2026-05-07T22:20:00+00:00,0.0,0.0
1361,2026-05-07T22:25:00+00:00,0.0,0.0
1362,2026-05-07T22:30:00+00:00,0.0,0.0
1363,2026-05-07T22:35:00+00:00,0.0,0.0
1364,2026-05-07T22:40:00+00:00,0.0,0.0
1365,2026-05-07T22:45:00+00:00,0.0,0.0
1366,2026-05-07T22:50:00+00:00,0.0,0.0
1367,2026-05-07T22:55:00+00:00,0.0,0.0
1368,2026-05-07T23:00:00+00:00,0.0,0.0
1369,2026-05-07T23:05:00+00:00,0.0,0.0
1370,2026-05-07T23:10:00+00:00,0.0,0.0
1371,2026-05-07T23:15:00+00:00,0.0,0.0
1372,2026-05-07T23:20:00+00:00,0.0,0.0
1373,2026-05-07T23:25:00+00:00,0.0,0.0
1374,2026-05-07T23:30:00+00:00,0.0,0.0
1375,2026-05-07T23:35:00+00:00,0.0,0.0
1376,2026-05-07T23:40:00+00:00,0.0,0.0
1377,2026-05-07T23:45:00+00:00,0.0,0.0
1378,2026-05-07T23:50:00+00:00,0.0,0.0
1379,2026-05-07T23:55:00+00:00,0.0,0.0
1380,2026-05-08T00:00:00+00:00,0.0,0.0
1381,2026-05-08T00:05:00+00:00,0.0,0.0
1382,2026-05-08T00:10:00+00:00,0.0,0.0
1383,2026-05-08T00:15:00+00:00,0.0,0.0
1384,2026-05-08T00:20:00+00:00,0.0,0.0
1385,2026-05-08T00:25:00+00:00,0.0,0.0
1386,2026-05-08T00:30:00+00:00,0.0,0.0
1387,2026-05-08T00:35:00+00:00,0.0,0.0
1388,2026-05-08T00:40:00+00:00,0.0,0.0
1389,2026-05-08T00:45:00+00:00,0.0,0.0
1390,2026-05-08T00:50:00+00:00,0.0,0.0
1391,2026-05-08T00:55:00+00:00,0.0,0.0
1392,2026-05-08T01:00:00+00:00,0.0,0.0
1393,2026-05-08T01:05:00+00:00,0.0,0.0
1394,2026-05-08T01:10:00+00:00,0.0,0.0
1395,2026-05-08T01:15:00+00:00,0.0,0.0
1396,2026-05-08T01:20:00+00:00,0.0,0.0
1397,2026-05-08T01:25:00+00:00,0.0,0.0
1398,2026-05-08T01:30:00+00:00,0.0,0.0
1399,2026-05-08T01:35:00+00:00,0.0,0.0
1400,2026-05-08T01:40:00+00:00,0.0,0.0
1401,2026-05-08T01:45:00+00:00,0.0,0.0
1402,2026-05-08T01:50:00+00:00,0.0,0.0
1403,2026-05-08T01:55:00+00:00,0.0,0.0
1404,2026-05-08T02:00:00+00:00,0.0,0.0
1405,2026-05-08T02:05:00+00:00,0.0,0.0
1406,2026-05-08T02:10:00+00:00,0.0,0.0
1407,2026-05-08T02:15:00+00:00,0.0,0.0
1408,2026-05-08T02:20:00+00:00,0.0,0.0
1409,2026-05-08T02:25:00+00:00,0.0,0.0
1410,2026-05-08T02:30:00+00:00,0.0,0.0
1411,2026-05-08T02:35:00+00:00,0.0,0.0
1412,2026-05-08T02:40:00+00:00,0.0,0.0
1413,2026-05-08T02:45:00+00:00,0.0,0.0
1414,2026-05-08T02:50:00+00:00,0.0,0.0
1415,2026-05-08T02:55:00+00:00,0.0,0.0
1416,2026-05-08T03:00:00+00:00,0.0,0.0
1417,2026-05-08T03:05:00+00:00,0.0,0.0
1418,2026-05-08T03:10:00+00:00,0.0,0.0
1419,2026-05-08T03:15:00+00:00,0.0,0.0
1420,2026-05-08T03:20:00+00:00,0.0,0.0
1421,2026-05-08T03:25:00+00:00,0.0,0.0
1422,2026-05-08T03:30:00+00:00,0.0,0.0
1423,2026-05-08T03:35:00+00:00,0.0,0.0
1424,2026-05-08T03:40:00+00:00,0.0,0.0
1425,2026-05-08T03:45:00+00:00,0.0,0.0
1426,2026-05-08T03:50:00+00:00,0.0,0.0
1427,2026-05-08T03:55:00+00:00,0.0,0.0
1428,2026-05-08T04:00:00+00:00,0.0,0.0
1429,2026-05-08T04:05:00+00:00,0.0,0.0
1430,2026-05-08T04:10:00+00:00,0.0,0.0
1431,2026-05-08T04:15:00+00:00,0.0,0.0
1432,2026-05-08T04:20:00+00:00,0.0,0.0
1433,2026-05-08T04:25:00+00:00,0.0,0.0
1434,2026-05-08T04:30:00+00:00,0.0,0.0
1435,2026-05-08T04:35:00+00:00,0.0,0.0
1436,2026-05-08T04:40:00+00:00,0.0,0.0
1437,2026-05-08T04:45:00+00:00,0.0,0.0
1438,2026-05-08T04:50:00+00:00,0.0,0.0
1439,2026-05-08T04:55:00+00:00,0.0,0.0
1440,2026-05-08T05:00:00+00:00,0.0,0.0
1441,2026-05-08T05:05:00+00:00,0.0,0.0
1442,2026-05-08T05:10:00+00:00,0.0,0.0
1443,2026-05-08T05:15:00+00:00,0.0,0.0
1444,2026-05-08T05:20:00+00:00,0.0,0.0
1445,2026-05-08T05:25:00+00:00,0.0,0.0
1446,2026-05-08T05:30:00+00:00,0.0,0.0
1447,2026-05-08T05:35:00+00:00,0.0,0.0
1448,2026-05-08T05:40:00+00:00,0.0,0.0
1449,2026-05-08T05:45:00+00:00,0.0,0.0
1450,2026-05-08T05:50:00+00:00,0.0,0.0
1451,2026-05-08T05:55:00+00:00,0.0,0.0
1452,2026-05-08T06:00:00+00:00,0.0,0.0
1453,2026-05-08T06:05:00+00:00,0.0,0.0
1454,2026-05-08T06:10:00+00:00,0.0,0.0
1455,2026-05-08T06:15:00+00:00,0.0,0.0
1456,2026-05-08T06:20:00+00:00,0.0,0.0
1457,2026-05-08T06:25:00+00:00,0.0,0.0
1458,2026-05-08T06:30:00+00:00,0.0,0.0
1459,2026-05-08T06:35:00+00:00,0.0,0.0
1460,2026-05-08T06:40:00+00:00,0.0,0.0
1461,2026-05-08T06:45:00+00:00,0.0,0.0
1462,2026-05-08T06:50:00+00:00,0.0,0.0
1463,2026-05-08T06:55:00+00:00,0.0,0.0
1464,2026-05-08T07:00:00+00:00,0.0,0.0
1465,2026-05-08T07:05:00+00:00,0.0,0.0
1466,2026-05-08T07:10:00+00:00,0.0,0.0
1467,2026-05-08T07:15:00+00:00,0.0,0.0
1468,2026-05-08T07:20:00+00:00,0.0,0.0
1469,2026-05-08T07:25:00+00:00,0.0,0.0
1470,2026-05-08T07:30:00+00:00,0.0,0.0
1471,2026-05-08T07:35:00+00:00,0.0,0.0
1472,2026-05-08T07:40:00+00:00,0.0,0.0
1473,2026-05-08T07:45:00+00:00,0.0,0.0
1474,2026-05-08T07:50:00+00:00,0.0,0.0
1475,2026-05-08T07:55:00+00:00,0.0,0.0
1476,2026-05-08T08:00:00+00:00,0.0,0.0
1477,2026-05-08T08:05:00+00:00,0.0,0.0
1478,2026-05-08T08:10:00+00:00,0.0,0.0
1479,2026-05-08T08:15:00+00:00,0.0,0.0
1480,2026-05-08T08:20:00+00:00,0.0,0.0
1481,2026-05-08T08:25:00+00:00,0.0,0.0
1482,2026-05-08T08:30:00+00:00,0.0,0.0
1483,2026-05-08T08:35:00+00:00,0.0,0.0
1484,2026-05-08T08:40:00+00:00,0.0,0.0
1485,2026-05-08T08:45:00+00:00,0.0,0.0
1486,2026-05-08T08:50:00+00:00,0.0,0.0
1487,2026-05-08T08:55:00+00:00,0.0,0.0
1488,2026-05-08T09:00:00+00:00,0.0,0.0
1489,2026-05-08T09:05:00+00:00,0.0,0.0
1490,2026-05-08T09:10:00+00:00,0.0,0.0
1491,2026-05-08T09:15:00+00:00,0.0,0.0
1492,2026-05-08T09:20:00+00:00,0.0,0.0
1493,2026-05-08T09:25:00+00:00,0.0,0.0
1494,2026-05-08T09:30:00+00:00,0.0,0.0
1495,2026-05-08T09:35:00+00:00,0.0,0.0
1496,2026-05-08T09:40:00+00:00,0.0,0.0
1497,2026-05-08T09:45:00+00:00,0.0,0.0
1498,2026-05-08T09:50:00+00:00,0.0,0.0
1499,2026-05-08T09:55:00+00:00,0.0,0.0
1500,2026-05-08T10:00:00+00:00,0.0,0.0
1501,2026-05-08T10:05:00+00:00,0.0,0.0
1502,2026-05-08T10:10:00+00:00,0.0,0.0
1503,2026-05-08T10:15:00+00:00,0.0,0.0
1504,2026-05-08T10:20:00+00:00,0.0,0.0
1505,2026-05-08T10:25:00+00:00,0.0,0.0
1506,2026-05-08T10:30:00+00:00,0.0,0.0
1507,2026-05-08T10:35:00+00:00,0.0,0.0
1508,2026-05-08T10:40:00+00:00,0.0,0.0
1509,2026-05-08T10:45:00+00:00,0.0,0.0
1510,2026-05-08T10:50:00+00:00,0.0,0.0
1511,2026-05-08T10:55:00+00:00,0.0,0.0
1512,2026-05-08T11:00:00+00:00,0.0,0.0
1513,2026-05-08T11:05:00+00:00,0.0,0.0
1514,2026-05-08T11:10:00+00:00,0.0,0.0
1515,2026-05-08T11:15:00+00:00,0.0,0.0
1516,2026-05-08T11:20:00+00:00,0.0,0.0
1517,2026-05-08T11:25:00+00:00,0.0,0.0
1518,2026-05-08T11:30:00+00:00,0.0,0.0
1519,2026-05-08T11:35:00+00:00,0.0,0.0
1520,2026-05-08T11:40:00+00:00,0.0,0.0
1521,2026-05-08T11:45:00+00:00,0.0,0.0
1522,2026-05-08T11:50:00+00:00,0.0,0.0
1523,2026-05-08T11:55:00+00:00,0.0,0.0
1524,2026-05-08T12:00:00+00:00,0.0,0.0
1525,2026-05-08T12:05:00+00:00,0.0,0.0
1526,2026-05-08T12:10:00+00:00,0.0,0.0
1527,2026-05-08T12:15:00+00:00,0.0,0.0
1528,2026-05-08T12:20:00+00:00,0.0,0.0
1529,2026-05-08T12:25:00+00:00,0.0,0.0
1530,2026-05-08T12:30:00+00:00,0.0,0.0
1531,2026-05-08T12:35:00+00:00,0.0,0.0
1532,2026-05-08T12:40:00+00:00,0.0,0.0
1533,2026-05-08T12:45:00+00:00,0.0,0.0
1534,2026-05-08T12:50:00+00:00,0.0,0.0
1535,2026-05-08T12:55:00+00:00,0.0,0.0
1536,2026-05-08T13:00:00+00:00,0.0,0.0
1537,2026-05-08T13:05:00+00:00,0.0,0.0
1538,2026-05-08T13:10:00+00:00,0.0,0.0
1539,2026-05-08T13:15:00+00:00,0.0,0.0
1540,2026-05-08T13:20:00+00:00,0.0,0.0
1541,2026-05-08T13:25:00+00:00,0.0,0.0
1542,2026-05-08T13:30:00+00:00,0.0,0.0
1543,2026-05-08T13:35:00+00:00,0.0,0.0
1544,2026-05-08T13:40:00+00:00,0.0,0.0
1545,2026-05-08T13:45:00+00:00,0.0,0.0
1546,2026-05-08T13:50:00+00:00,0.0,0.0
1547,2026-05-08T13:55:00+00:00,0.0,0.0
1548,2026-05-08T14:00:00+00:00,0.0,0.0
1549,2026-05-08T14:05:00+00:00,0.0,0.0
1550,2026-05-08T14:10:00+00:00,0.0,0.0
1551,2026-05-08T14:15:00+00:00,0.0,0.0
1552,2026-05-08T14:20:00+00:00,0.0,0.0
1553,2026-05-08T14:25:00+00:00,0.0,0.0
1554,2026-05-08T14:30:00+00:00,0.0,0.0
1555,2026-05-08T14:35:00+00:00,0.0,0.0
1556,2026-05-08T14:40:00+00:00,0.0,0.0
1557,2026-05-08T14:45:00+00:00,0.0,0.0
1558,2026-05-08T14:50:00+00:00,0.0,0.0
1559,2026-05-08T14:55:00+00:00,0.0,0.0
1560,2026-05-08T15:00:00+00:00,0.0,0.0
1561,2026-05-08T15:05:00+00:00,0.0,0.0
1562,2026-05-08T15:10:00+00:00,0.0,0.0
1563,2026-05-08T15:15:00+00:00,0.0,0.0
1564,2026-05-08T15:20:00+00:00,0.0,0.0
1565,2026-05-08T15:25:00+00:00,0.0,0.0
1566,2026-05-08T15:30:00+00:00,0.0,0.0
1567,2026-05-08T15:35:00+00:00,0.0,0.0
1568,2026-05-08T15:40:00+00:00,0.0,0.0
1569,2026-05-08T15:45:00+00:00,0.0,0.0
1570,2026-05-08T15:50:00+00:00,0.0,0.0
1571,2026-05-08T15:55:00+00:00,0.0,0.0
1572,2026-05-08T16:00:00+00:00,0.0,0.0
1573,2026-05-08T16:05:00+00:00,0.0,0.0
1574,2026-05-08T16:10:00+00:00,0.0,0.0
1575,2026-05-08T16:15:00+00:00,0.0,0.0
1576,2026-05-08T16:20:00+00:00,0.0,0.0
1577,2026-05-08T16:25:00+00:00,0.0,0.0
1578,2026-05-08T16:30:00+00:00,0.0,0.0
1579,2026-05-08T16:35:00+00:00,0.0,0.0
1580,2026-05-08T16:40:00+00:00,0.0,0.0
1581,2026-05-08T16:45:00+00:00,0.0,0.0
1582,2026-05-08T16:50:00+00:00,0.0,0.0
1583,2026-05-08T16:55:00+00:00,0.0,0.0
1584,2026-05-08T17:00:00+00:00,0.0,0.0
1585,2026-05-08T17:05:00+00:00,0.0,0.0
1586,2026-05-08T17:10:00+00:00,0.0,0.0
1587,2026-05-08T17:15:00+00:00,0.0,0.0
1588,2026-05-08T17:20:00+00:00,0.0,0.0
1589,2026-05-08T17:25:00+00:00,0.0,0.0
1590,2026-05-08T17:30:00+00:00,0.0,0.0
1591,2026-05-08T17:35:00+00:00,0.0,0.0
1592,2026-05-08T17:40:00+00:00,0.0,0.0
1593,2026-05-08T17:45:00+00:00,0.0,0.0
1594,2026-05-08T17:50:00+00:00,0.0,0.0
1595,2026-05-08T17:55:00+00:00,0.0,0.0
1596,2026-05-08T18:00:00+00:00,0.0,0.0
1597,2026-05-08T18:05:00+00:00,0.0,0.0
1598,2026-05-08T18:10:00+00:00,0.0,0.0
1599,2026-05-08T18:15:00+00:00,0.0,0.0
1600,2026-05-08T18:20:00+00:00,0.0,0.0
1601,2026-05-08T18:25:00+00:00,0.0,0.0
1602,2026-05-08T18:30:00+00:00,0.0,0.0
1603,2026-05-08T18:35:00+00:00,0.0,0.0
1604,2026-05-08T18:40:00+00:00,0.0,0.0
1605,2026-05-08T18:45:00+00:00,0.0,0.0
1606,2026-05-08T18:50:00+00:00,0.0,0.0
1607,2026-05-08T18:55:00+00:00,0.0,0.0
1608,2026-05-08T19:00:00+00:00,0.0,0.0
1609,2026-05-08T19:05:00+00:00,0.0,0.0
1610,2026-05-08T19:10:00+00:00,0.0,0.0
1611,2026-05-08T19:15:00+00:00,0.0,0.0
1612,2026-05-08T19:20:00+00:00,0.0,0.0
1613,2026-05-08T19:25:00+00:00,0.0,0.0
1614,2026-05-08T19:30:00+00:00,0.0,0.0
1615,2026-05-08T19:35:00+00:00,0.0,0.0
1616,2026-05-08T19:40:00+00:00,0.0,0.0
1617,2026-05-08T19:45:00+00:00,0.0,0.0
1618,2026-05-08T19:50:00+00:00,0.0,0.0
1619,2026-05-08T19:55:00+00:00,0.0,0.0
1620,2026-05-08T20:00:00+00:00,0.0,0.0
1621,2026-05-08T20:05:00+00:00,0.0,0.0
1622,2026-05-08T20:10:00+00:00,0.0,0.0
1623,2026-05-08T20:15:00+00:00,0.0,0.0
1624,2026-05-08T20:20:00+00:00,0.0,0.0
1625,2026-05-08T20:25:00+00:00,0.0,0.0
1626,2026-05-08T20:30:00+00:00,0.0,0.0
1627,2026-05-08T20:35:00+00:00,0.0,0.0
1628,2026-05-08T20:40:00+00:00,0.0,0.0
1629,2026-05-08T20:45:00+00:00,0.0,0.0
1630,2026-05-08T20:50:00+00:00,0.0,0.0
1631,2026-05-08T20:55:00+00:00,0.0,0.0
1632,2026-05-10T22:00:00+00:00,0.0,0.0
1633,2026-05-10T22:05:00+00:00,0.0,0.0
1634,2026-05-10T22:10:00+00:00,0.0,0.0
1635,2026-05-10T22:15:00+00:00,0.0,0.0
1636,2026-05-10T22:20:00+00:00,0.0,0.0
1637,2026-05-10T22:25:00+00:00,0.0,0.0
1638,2026-05-10T22:30:00+00:00,0.0,0.0
1639,2026-05-10T22:35:00+00:00,0.0,0.0
1640,2026-05-10T22:40:00+00:00,0.0,0.0
1641,2026-05-10T22:45:00+00:00,0.0,0.0
1642,2026-05-10T22:50:00+00:00,0.0,0.0
1643,2026-05-10T22:55:00+00:00,0.0,0.0
1644,2026-05-10T23:00:00+00:00,0.0,0.0
1645,2026-05-10T23:05:00+00:00,0.0,0.0
1646,2026-05-10T23:10:00+00:00,0.0,0.0
1647,2026-05-10T23:15:00+00:00,0.0,0.0
1648,2026-05-10T23:20:00+00:00,0.0,0.0
1649,2026-05-10T23:25:00+00:00,0.0,0.0
1650,2026-05-10T23:30:00+00:00,0.0,0.0
1651,2026-05-10T23:35:00+00:00,0.0,0.0
1652,2026-05-10T23:40:00+00:00,0.0,0.0
1653,2026-05-10T23:45:00+00:00,0.0,0.0
1654,2026-05-10T23:50:00+00:00,0.0,0.0
1655,2026-05-10T23:55:00+00:00,0.0,0.0
1656,2026-05-11T00:00:00+00:00,0.0,0.0
1657,2026-05-11T00:05:00+00:00,0.0,0.0
1658,2026-05-11T00:10:00+00:00,0.0,0.0
1659,2026-05-11T00:15:00+00:00,0.0,0.0
1660,2026-05-11T00:20:00+00:00,0.0,0.0
1661,2026-05-11T00:25:00+00:00,0.0,0.0
1662,2026-05-11T00:30:00+00:00,0.0,0.0
1663,2026-05-11T00:35:00+00:00,0.0,0.0
1664,2026-05-11T00:40:00+00:00,0.0,0.0
1665,2026-05-11T00:45:00+00:00,0.0,0.0
1666,2026-05-11T00:50:00+00:00,0.0,0.0
1667,2026-05-11T00:55:00+00:00,0.0,0.0
1668,2026-05-11T01:00:00+00:00,0.0,0.0
1669,2026-05-11T01:05:00+00:00,0.0,0.0
1670,2026-05-11T01:10:00+00:00,0.0,0.0
1671,2026-05-11T01:15:00+00:00,0.0,0.0
1672,2026-05-11T01:20:00+00:00,0.0,0.0
1673,2026-05-11T01:25:00+00:00,0.0,0.0
1674,2026-05-11T01:30:00+00:00,0.0,0.0
1675,2026-05-11T01:35:00+00:00,0.0,0.0
1676,2026-05-11T01:40:00+00:00,0.0,0.0
1677,2026-05-11T01:45:00+00:00,0.0,0.0
1678,2026-05-11T01:50:00+00:00,0.0,0.0
1679,2026-05-11T01:55:00+00:00,0.0,0.0
1680,2026-05-11T02:00:00+00:00,0.0,0.0
1681,2026-05-11T02:05:00+00:00,0.0,0.0
1682,2026-05-11T02:10:00+00:00,0.0,0.0
1683,2026-05-11T02:15:00+00:00,0.0,0.0
1684,2026-05-11T02:20:00+00:00,0.0,0.0
1685,2026-05-11T02:25:00+00:00,0.0,0.0
1686,2026-05-11T02:30:00+00:00,0.0,0.0
1687,2026-05-11T02:35:00+00:00,0.0,0.0
1688,2026-05-11T02:40:00+00:00,0.0,0.0
1689,2026-05-11T02:45:00+00:00,0.0,0.0
1690,2026-05-11T02:50:00+00:00,0.0,0.0
1691,2026-05-11T02:55:00+00:00,-1.0,1.0
1692,2026-05-11T03:00:00+00:00,-1.0,1.0
1693,2026-05-11T03:05:00+00:00,-1.0,1.0
1694,2026-05-11T03:10:00+00:00,-1.0,1.0
1695,2026-05-11T03:15:00+00:00,-1.0,1.0
1696,2026-05-11T03:20:00+00:00,-1.0,1.0
1697,2026-05-11T03:25:00+00:00,-1.0,1.0
1698,2026-05-11T03:30:00+00:00,-1.0,1.0
1699,2026-05-11T03:35:00+00:00,-1.0,1.0
1700,2026-05-11T03:40:00+00:00,-1.0,1.0
1701,2026-05-11T03:45:00+00:00,-1.0,1.0
1702,2026-05-11T03:50:00+00:00,-1.0,1.0
1703,2026-05-11T03:55:00+00:00,-1.0,1.0
1704,2026-05-11T04:00:00+00:00,-1.0,1.0
1705,2026-05-11T04:05:00+00:00,-1.0,1.0
1706,2026-05-11T04:10:00+00:00,-1.0,1.0
1707,2026-05-11T04:15:00+00:00,-1.0,1.0
1708,2026-05-11T04:20:00+00:00,-1.0,1.0
1709,2026-05-11T04:25:00+00:00,-1.0,1.0
1710,2026-05-11T04:30:00+00:00,-1.0,1.0
1711,2026-05-11T04:35:00+00:00,-1.0,1.0
1712,2026-05-11T04:40:00+00:00,-1.0,1.0
1713,2026-05-11T04:45:00+00:00,-1.0,1.0
1714,2026-05-11T04:50:00+00:00,-1.0,1.0
1715,2026-05-11T04:55:00+00:00,-1.0,1.0
1716,2026-05-11T05:00:00+00:00,-1.0,1.0
1717,2026-05-11T05:05:00+00:00,-1.0,1.0
1718,2026-05-11T05:10:00+00:00,-1.0,1.0
1719,2026-05-11T05:15:00+00:00,-1.0,1.0
1720,2026-05-11T05:20:00+00:00,-1.0,1.0
1721,2026-05-11T05:25:00+00:00,-1.0,1.0
1722,2026-05-11T05:30:00+00:00,-1.0,1.0
1723,2026-05-11T05:35:00+00:00,-1.0,1.0
1724,2026-05-11T05:40:00+00:00,-1.0,1.0
1725,2026-05-11T05:45:00+00:00,-1.0,1.0
1726,2026-05-11T05:50:00+00:00,-1.0,1.0
1727,2026-05-11T05:55:00+00:00,-1.0,1.0
1728,2026-05-11T06:00:00+00:00,-1.0,1.0
1729,2026-05-11T06:05:00+00:00,-1.0,1.0
1730,2026-05-11T06:10:00+00:00,-1.0,1.0
1731,2026-05-11T06:15:00+00:00,-1.0,1.0
1732,2026-05-11T06:20:00+00:00,-1.0,1.0
1733,2026-05-11T06:25:00+00:00,-1.0,1.0
1734,2026-05-11T06:30:00+00:00,-1.0,1.0
1735,2026-05-11T06:35:00+00:00,-1.0,1.0
1736,2026-05-11T06:40:00+00:00,-1.0,1.0
1737,2026-05-11T06:45:00+00:00,-1.0,1.0
1738,2026-05-11T06:50:00+00:00,-1.0,1.0
1739,2026-05-11T06:55:00+00:00,-1.0,1.0
1740,2026-05-11T07:00:00+00:00,-1.0,1.0
1741,2026-05-11T07:05:00+00:00,-1.0,1.0
1742,2026-05-11T07:10:00+00:00,-1.0,1.0
1743,2026-05-11T07:15:00+00:00,-1.0,1.0
1744,2026-05-11T07:20:00+00:00,-1.0,1.0
1745,2026-05-11T07:25:00+00:00,-1.0,1.0
1746,2026-05-11T07:30:00+00:00,-1.0,1.0
1747,2026-05-11T07:35:00+00:00,-1.0,1.0
1748,2026-05-11T07:40:00+00:00,-1.0,1.0
1749,2026-05-11T07:45:00+00:00,-1.0,1.0
1750,2026-05-11T07:50:00+00:00,-1.0,1.0
1751,2026-05-11T07:55:00+00:00,-1.0,1.0
1752,2026-05-11T08:00:00+00:00,-1.0,1.0
1753,2026-05-11T08:05:00+00:00,-1.0,1.0
1754,2026-05-11T08:10:00+00:00,-1.0,1.0
1755,2026-05-11T08:15:00+00:00,-1.0,1.0
1756,2026-05-11T08:20:00+00:00,-1.0,1.0
1757,2026-05-11T08:25:00+00:00,-1.0,1.0
1758,2026-05-11T08:30:00+00:00,-1.0,1.0
1759,2026-05-11T08:35:00+00:00,-1.0,1.0
1760,2026-05-11T08:40:00+00:00,-1.0,1.0
1761,2026-05-11T08:45:00+00:00,-1.0,1.0
1762,2026-05-11T08:50:00+00:00,-1.0,1.0
1763,2026-05-11T08:55:00+00:00,-1.0,1.0
1764,2026-05-11T09:00:00+00:00,-1.0,1.0
1765,2026-05-11T09:05:00+00:00,-1.0,1.0
1766,2026-05-11T09:10:00+00:00,-1.0,1.0
1767,2026-05-11T09:15:00+00:00,-1.0,1.0
1768,2026-05-11T09:20:00+00:00,-1.0,1.0
1769,2026-05-11T09:25:00+00:00,-1.0,1.0
1770,2026-05-11T09:30:00+00:00,-1.0,1.0
1771,2026-05-11T09:35:00+00:00,-1.0,1.0
1772,2026-05-11T09:40:00+00:00,-1.0,1.0
1773,2026-05-11T09:45:00+00:00,-1.0,1.0
1774,2026-05-11T09:50:00+00:00,-1.0,1.0
1775,2026-05-11T09:55:00+00:00,-1.0,1.0
1776,2026-05-11T10:00:00+00:00,-1.0,1.0
1777,2026-05-11T10:05:00+00:00,-1.0,1.0
1778,2026-05-11T10:10:00+00:00,-1.0,1.0
1779,2026-05-11T10:15:00+00:00,-1.0,1.0
1780,2026-05-11T10:20:00+00:00,-1.0,1.0
1781,2026-05-11T10:25:00+00:00,-1.0,1.0
1782,2026-05-11T10:30:00+00:00,-1.0,1.0
1783,2026-05-11T10:35:00+00:00,-1.0,1.0
1784,2026-05-11T10:40:00+00:00,-1.0,1.0
1785,2026-05-11T10:45:00+00:00,-1.0,1.0
1786,2026-05-11T10:50:00+00:00,-1.0,1.0
1787,2026-05-11T10:55:00+00:00,-1.0,1.0
1788,2026-05-11T11:00:00+00:00,-1.0,1.0
1789,2026-05-11T11:05:00+00:00,-1.0,1.0
1790,2026-05-11T11:10:00+00:00,-1.0,1.0
1791,2026-05-11T11:15:00+00:00,-1.0,1.0
1792,2026-05-11T11:20:00+00:00,-1.0,1.0
1793,2026-05-11T11:25:00+00:00,-1.0,1.0
1794,2026-05-11T11:30:00+00:00,-1.0,1.0
1795,2026-05-11T11:35:00+00:00,-1.0,1.0
1796,2026-05-11T11:40:00+00:00,-1.0,1.0
1797,2026-05-11T11:45:00+00:00,-1.0,1.0
1798,2026-05-11T11:50:00+00:00,-1.0,1.0
1799,2026-05-11T11:55:00+00:00,-1.0,1.0
1800,2026-05-11T12:00:00+00:00,-1.0,1.0
1801,2026-05-11T12:05:00+00:00,-1.0,1.0
1802,2026-05-11T12:10:00+00:00,-1.0,1.0
1803,2026-05-11T12:15:00+00:00,-1.0,1.0
1804,2026-05-11T12:20:00+00:00,-1.0,1.0
1805,2026-05-11T12:25:00+00:00,-1.0,1.0
1806,2026-05-11T12:30:00+00:00,-1.0,1.0
1807,2026-05-11T12:35:00+00:00,-1.0,1.0
1808,2026-05-11T12:40:00+00:00,-1.0,1.0
1809,2026-05-11T12:45:00+00:00,-1.0,1.0
1810,2026-05-11T12:50:00+00:00,-1.0,1.0
1811,2026-05-11T12:55:00+00:00,-1.0,1.0
1812,2026-05-11T13:00:00+00:00,-1.0,1.0
1813,2026-05-11T13:05:00+00:00,-1.0,1.0
1814,2026-05-11T13:10:00+00:00,-1.0,1.0
1815,2026-05-11T13:15:00+00:00,-1.0,1.0
1816,2026-05-11T13:20:00+00:00,-1.0,1.0
1817,2026-05-11T13:25:00+00:00,-1.0,1.0
1818,2026-05-11T13:30:00+00:00,-1.0,1.0
1819,2026-05-11T13:35:00+00:00,-1.0,1.0
1820,2026-05-11T13:40:00+00:00,-1.0,1.0
1821,2026-05-11T13:45:00+00:00,-1.0,1.0
1822,2026-05-11T13:50:00+00:00,-1.0,1.0
1823,2026-05-11T13:55:00+00:00,-1.0,1.0
1824,2026-05-11T14:00:00+00:00,-1.0,1.0
1825,2026-05-11T14:05:00+00:00,-1.0,1.0
1826,2026-05-11T14:10:00+00:00,-1.0,1.0
1827,2026-05-11T14:15:00+00:00,-1.0,1.0
1828,2026-05-11T14:20:00+00:00,-1.0,1.0
1829,2026-05-11T14:25:00+00:00,-1.0,1.0
1830,2026-05-11T14:30:00+00:00,-1.0,1.0
1831,2026-05-11T14:35:00+00:00,-1.0,1.0
1832,2026-05-11T14:40:00+00:00,-1.0,1.0
1833,2026-05-11T14:45:00+00:00,-1.0,1.0
1834,2026-05-11T14:50:00+00:00,-1.0,1.0
1835,2026-05-11T14:55:00+00:00,-1.0,1.0
1836,2026-05-11T15:00:00+00:00,-1.0,1.0
1837,2026-05-11T15:05:00+00:00,-1.0,1.0
1838,2026-05-11T15:10:00+00:00,-1.0,1.0
1839,2026-05-11T15:15:00+00:00,-1.0,1.0
1840,2026-05-11T15:20:00+00:00,-1.0,1.0
1841,2026-05-11T15:25:00+00:00,-1.0,1.0
1842,2026-05-11T15:30:00+00:00,-1.0,1.0
1843,2026-05-11T15:35:00+00:00,-1.0,1.0
1844,2026-05-11T15:40:00+00:00,-1.0,1.0
1845,2026-05-11T15:45:00+00:00,-1.0,1.0
1846,2026-05-11T15:50:00+00:00,-1.0,1.0
1847,2026-05-11T15:55:00+00:00,-1.0,1.0
1848,2026-05-11T16:00:00+00:00,-1.0,1.0
1849,2026-05-11T16:05:00+00:00,-1.0,1.0
1850,2026-05-11T16:10:00+00:00,-1.0,1.0
1851,2026-05-11T16:15:00+00:00,-1.0,1.0
1852,2026-05-11T16:20:00+00:00,-1.0,1.0
1853,2026-05-11T16:25:00+00:00,-1.0,1.0
1854,2026-05-11T16:30:00+00:00,-1.0,1.0
1855,2026-05-11T16:35:00+00:00,-1.0,1.0
1856,2026-05-11T16:40:00+00:00,-1.0,1.0
1857,2026-05-11T16:45:00+00:00,-1.0,1.0
1858,2026-05-11T16:50:00+00:00,-1.0,1.0
1859,2026-05-11T16:55:00+00:00,-1.0,1.0
1860,2026-05-11T17:00:00+00:00,-1.0,1.0
1861,2026-05-11T17:05:00+00:00,-1.0,1.0
1862,2026-05-11T17:10:00+00:00,-1.0,1.0
1863,2026-05-11T17:15:00+00:00,-1.0,1.0
1864,2026-05-11T17:20:00+00:00,-1.0,1.0
1865,2026-05-11T17:25:00+00:00,-1.0,1.0
1866,2026-05-11T17:30:00+00:00,-1.0,1.0
1867,2026-05-11T17:35:00+00:00,-1.0,1.0
1868,2026-05-11T17:40:00+00:00,-1.0,1.0
1869,2026-05-11T17:45:00+00:00,-1.0,1.0
1870,2026-05-11T17:50:00+00:00,-1.0,1.0
1871,2026-05-11T17:55:00+00:00,-1.0,1.0
1872,2026-05-11T18:00:00+00:00,-1.0,1.0
1873,2026-05-11T18:05:00+00:00,-1.0,1.0
1874,2026-05-11T18:10:00+00:00,-1.0,1.0
1875,2026-05-11T18:15:00+00:00,-1.0,1.0
1876,2026-05-11T18:20:00+00:00,-1.0,1.0
1877,2026-05-11T18:25:00+00:00,-1.0,1.0
1878,2026-05-11T18:30:00+00:00,-1.0,1.0
1879,2026-05-11T18:35:00+00:00,-1.0,1.0
1880,2026-05-11T18:40:00+00:00,-1.0,1.0
1881,2026-05-11T18:45:00+00:00,-1.0,1.0
1882,2026-05-11T18:50:00+00:00,-1.0,1.0
1883,2026-05-11T18:55:00+00:00,-1.0,1.0
1884,2026-05-11T19:00:00+00:00,-1.0,1.0
1885,2026-05-11T19:05:00+00:00,-1.0,1.0
1886,2026-05-11T19:10:00+00:00,-1.0,1.0
1887,2026-05-11T19:15:00+00:00,-1.0,1.0
1888,2026-05-11T19:20:00+00:00,-1.0,1.0
1889,2026-05-11T19:25:00+00:00,-1.0,1.0
1890,2026-05-11T19:30:00+00:00,-1.0,1.0
1891,2026-05-11T19:35:00+00:00,-1.0,1.0
1892,2026-05-11T19:40:00+00:00,-1.0,1.0
1893,2026-05-11T19:45:00+00:00,-1.0,1.0
1894,2026-05-11T19:50:00+00:00,-1.0,1.0
1895,2026-05-11T19:55:00+00:00,-1.0,1.0
1896,2026-05-11T20:00:00+00:00,-1.0,1.0
1897,2026-05-11T20:05:00+00:00,-1.0,1.0
1898,2026-05-11T20:10:00+00:00,-1.0,1.0
1899,2026-05-11T20:15:00+00:00,-1.0,1.0
1900,2026-05-11T20:20:00+00:00,-1.0,1.0
1901,2026-05-11T20:25:00+00:00,-1.0,1.0
1902,2026-05-11T20:30:00+00:00,-1.0,1.0
1903,2026-05-11T20:35:00+00:00,-1.0,1.0
1904,2026-05-11T20:40:00+00:00,-1.0,1.0
1905,2026-05-11T20:45:00+00:00,-1.0,1.0
1906,2026-05-11T20:50:00+00:00,-1.0,1.0
1907,2026-05-11T20:55:00+00:00,-1.0,1.0
1908,2026-05-11T22:00:00+00:00,-1.0,1.0
1909,2026-05-11T22:05:00+00:00,-1.0,1.0
1910,2026-05-11T22:10:00+00:00,-1.0,1.0
1911,2026-05-11T22:15:00+00:00,-1.0,1.0
1912,2026-05-11T22:20:00+00:00,-1.0,1.0
1913,2026-05-11T22:25:00+00:00,-1.0,1.0
1914,2026-05-11T22:30:00+00:00,-1.0,1.0
1915,2026-05-11T22:35:00+00:00,-1.0,1.0
1916,2026-05-11T22:40:00+00:00,-1.0,1.0
1917,2026-05-11T22:45:00+00:00,-1.0,1.0
1918,2026-05-11T22:50:00+00:00,-1.0,1.0
1919,2026-05-11T22:55:00+00:00,-1.0,1.0
1920,2026-05-11T23:00:00+00:00,-1.0,1.0
1921,2026-05-11T23:05:00+00:00,-1.0,1.0
1922,2026-05-11T23:10:00+00:00,-1.0,1.0
1923,2026-05-11T23:15:00+00:00,-1.0,1.0
1924,2026-05-11T23:20:00+00:00,-1.0,1.0
1925,2026-05-11T23:25:00+00:00,-1.0,1.0
1926,2026-05-11T23:30:00+00:00,-1.0,1.0
1927,2026-05-11T23:35:00+00:00,-1.0,1.0
1928,2026-05-11T23:40:00+00:00,-1.0,1.0
1929,2026-05-11T23:45:00+00:00,-1.0,1.0
1930,2026-05-11T23:50:00+00:00,-1.0,1.0
1931,2026-05-11T23:55:00+00:00,-1.0,1.0
1932,2026-05-12T00:00:00+00:00,-1.0,1.0
1933,2026-05-12T00:05:00+00:00,-1.0,1.0
1934,2026-05-12T00:10:00+00:00,-1.0,1.0
1935,2026-05-12T00:15:00+00:00,-1.0,1.0
1936,2026-05-12T00:20:00+00:00,-1.0,1.0
1937,2026-05-12T00:25:00+00:00,-1.0,1.0
1938,2026-05-12T00:30:00+00:00,-1.0,1.0
1939,2026-05-12T00:35:00+00:00,-1.0,1.0
1940,2026-05-12T00:40:00+00:00,-1.0,1.0
1941,2026-05-12T00:45:00+00:00,-1.0,1.0
1942,2026-05-12T00:50:00+00:00,-1.0,1.0
1943,2026-05-12T00:55:00+00:00,-1.0,1.0
1944,2026-05-12T01:00:00+00:00,-1.0,1.0
1945,2026-05-12T01:05:00+00:00,-1.0,1.0
1946,2026-05-12T01:10:00+00:00,-1.0,1.0
1947,2026-05-12T01:15:00+00:00,-1.0,1.0
1948,2026-05-12T01:20:00+00:00,-1.0,1.0
1949,2026-05-12T01:25:00+00:00,-1.0,1.0
1950,2026-05-12T01:30:00+00:00,-1.0,1.0
1951,2026-05-12T01:35:00+00:00,-1.0,1.0
1952,2026-05-12T01:40:00+00:00,-1.0,1.0
1953,2026-05-12T01:45:00+00:00,-1.0,1.0
1954,2026-05-12T01:50:00+00:00,-1.0,1.0
1955,2026-05-12T01:55:00+00:00,-1.0,1.0
1956,2026-05-12T02:00:00+00:00,-1.0,1.0
1957,2026-05-12T02:05:00+00:00,-1.0,1.0
1958,2026-05-12T02:10:00+00:00,-1.0,1.0
1959,2026-05-12T02:15:00+00:00,-1.0,1.0
1960,2026-05-12T02:20:00+00:00,-1.0,1.0
1961,2026-05-12T02:25:00+00:00,-1.0,1.0
1962,2026-05-12T02:30:00+00:00,-1.0,1.0
1963,2026-05-12T02:35:00+00:00,-1.0,1.0
1964,2026-05-12T02:40:00+00:00,-1.0,1.0
1965,2026-05-12T02:45:00+00:00,-1.0,1.0
1966,2026-05-12T02:50:00+00:00,-1.0,1.0
1967,2026-05-12T02:55:00+00:00,-1.0,1.0
1968,2026-05-12T03:00:00+00:00,-1.0,1.0
1969,2026-05-12T03:05:00+00:00,-1.0,1.0
1970,2026-05-12T03:10:00+00:00,-1.0,1.0
1971,2026-05-12T03:15:00+00:00,-1.0,1.0
1972,2026-05-12T03:20:00+00:00,-1.0,1.0
1973,2026-05-12T03:25:00+00:00,-1.0,1.0
1974,2026-05-12T03:30:00+00:00,-1.0,1.0
1975,2026-05-12T03:35:00+00:00,-1.0,1.0
1976,2026-05-12T03:40:00+00:00,-1.0,1.0
1977,2026-05-12T03:45:00+00:00,-1.0,1.0
1978,2026-05-12T03:50:00+00:00,-1.0,1.0
1979,2026-05-12T03:55:00+00:00,-1.0,1.0
1980,2026-05-12T04:00:00+00:00,-1.0,1.0
1981,2026-05-12T04:05:00+00:00,-1.0,1.0
1982,2026-05-12T04:10:00+00:00,-1.0,1.0
1983,2026-05-12T04:15:00+00:00,-1.0,1.0
1984,2026-05-12T04:20:00+00:00,-1.0,1.0
1985,2026-05-12T04:25:00+00:00,-1.0,1.0
1986,2026-05-12T04:30:00+00:00,-1.0,1.0
1987,2026-05-12T04:35:00+00:00,-1.0,1.0
1988,2026-05-12T04:40:00+00:00,-1.0,1.0
1989,2026-05-12T04:45:00+00:00,-1.0,1.0
1990,2026-05-12T04:50:00+00:00,-1.0,1.0
1991,2026-05-12T04:55:00+00:00,-1.0,1.0
1992,2026-05-12T05:00:00+00:00,-1.0,1.0
1993,2026-05-12T05:05:00+00:00,-1.0,1.0
1994,2026-05-12T05:10:00+00:00,-1.0,1.0
1995,2026-05-12T05:15:00+00:00,-1.0,1.0
1996,2026-05-12T05:20:00+00:00,-1.0,1.0
1997,2026-05-12T05:25:00+00:00,-1.0,1.0
1998,2026-05-12T05:30:00+00:00,-1.0,1.0
1999,2026-05-12T05:35:00+00:00,-1.0,1.0
2000,2026-05-12T05:40:00+00:00,-1.0,1.0
2001,2026-05-12T05:45:00+00:00,-1.0,1.0
2002,2026-05-12T05:50:00+00:00,-1.0,1.0
2003,2026-05-12T05:55:00+00:00,-1.0,1.0
2004,2026-05-12T06:00:00+00:00,-1.0,1.0
2005,2026-05-12T06:05:00+00:00,-1.0,1.0
2006,2026-05-12T06:10:00+00:00,-1.0,1.0
2007,2026-05-12T06:15:00+00:00,-1.0,1.0
2008,2026-05-12T06:20:00+00:00,-1.0,1.0
2009,2026-05-12T06:25:00+00:00,-1.0,1.0
2010,2026-05-12T06:30:00+00:00,-1.0,1.0
2011,2026-05-12T06:35:00+00:00,-1.0,1.0
2012,2026-05-12T06:40:00+00:00,-1.0,1.0
2013,2026-05-12T06:45:00+00:00,-1.0,1.0
2014,2026-05-12T06:50:00+00:00,-1.0,1.0
2015,2026-05-12T06:55:00+00:00,-1.0,1.0
2016,2026-05-12T07:00:00+00:00,-1.0,1.0
2017,2026-05-12T07:05:00+00:00,-1.0,1.0
2018,2026-05-12T07:10:00+00:00,-1.0,1.0
2019,2026-05-12T07:15:00+00:00,-1.0,1.0
2020,2026-05-12T07:20:00+00:00,-1.0,1.0
2021,2026-05-12T07:25:00+00:00,-1.0,1.0
2022,2026-05-12T07:30:00+00:00,-1.0,1.0
2023,2026-05-12T07:35:00+00:00,-1.0,1.0
2024,2026-05-12T07:40:00+00:00,-1.0,1.0
2025,2026-05-12T07:45:00+00:00,-1.0,1.0
2026,2026-05-12T07:50:00+00:00,-1.0,1.0
2027,2026-05-12T07:55:00+00:00,-1.0,1.0
2028,2026-05-12T08:00:00+00:00,-1.0,1.0
2029,2026-05-12T08:05:00+00:00,-1.0,1.0
2030,2026-05-12T08:10:00+00:00,-1.0,1.0
2031,2026-05-12T08:15:00+00:00,-1.0,1.0
2032,2026-05-12T08:20:00+00:00,-1.0,1.0
2033,2026-05-12T08:25:00+00:00,-1.0,1.0
2034,2026-05-12T08:30:00+00:00,-1.0,1.0
2035,2026-05-12T08:35:00+00:00,-1.0,1.0
2036,2026-05-12T08:40:00+00:00,-1.0,1.0
2037,2026-05-12T08:45:00+00:00,-1.0,1.0
2038,2026-05-12T08:50:00+00:00,-1.0,1.0
2039,2026-05-12T08:55:00+00:00,-1.0,1.0
2040,2026-05-12T09:00:00+00:00,-1.0,1.0
2041,2026-05-12T09:05:00+00:00,-1.0,1.0
2042,2026-05-12T09:10:00+00:00,-1.0,1.0
2043,2026-05-12T09:15:00+00:00,-1.0,1.0
2044,2026-05-12T09:20:00+00:00,-1.0,1.0
2045,2026-05-12T09:25:00+00:00,-1.0,1.0
2046,2026-05-12T09:30:00+00:00,-1.0,1.0
2047,2026-05-12T09:35:00+00:00,-1.0,1.0
2048,2026-05-12T09:40:00+00:00,-1.0,1.0
2049,2026-05-12T09:45:00+00:00,-1.0,1.0
2050,2026-05-12T09:50:00+00:00,-1.0,1.0
2051,2026-05-12T09:55:00+00:00,-1.0,1.0
2052,2026-05-12T10:00:00+00:00,-1.0,1.0
2053,2026-05-12T10:05:00+00:00,-1.0,1.0
2054,2026-05-12T10:10:00+00:00,-1.0,1.0
2055,2026-05-12T10:15:00+00:00,-1.0,1.0
2056,2026-05-12T10:20:00+00:00,-1.0,1.0
2057,2026-05-12T10:25:00+00:00,-1.0,1.0
2058,2026-05-12T10:30:00+00:00,-1.0,1.0
2059,2026-05-12T10:35:00+00:00,-1.0,1.0
2060,2026-05-12T10:40:00+00:00,-1.0,1.0
2061,2026-05-12T10:45:00+00:00,-1.0,1.0
2062,2026-05-12T10:50:00+00:00,-1.0,1.0
2063,2026-05-12T10:55:00+00:00,-1.0,1.0
2064,2026-05-12T11:00:00+00:00,-1.0,1.0
2065,2026-05-12T11:05:00+00:00,-1.0,1.0
2066,2026-05-12T11:10:00+00:00,-1.0,1.0
2067,2026-05-12T11:15:00+00:00,-1.0,1.0
2068,2026-05-12T11:20:00+00:00,-1.0,1.0
2069,2026-05-12T11:25:00+00:00,-1.0,1.0
2070,2026-05-12T11:30:00+00:00,-1.0,1.0
2071,2026-05-12T11:35:00+00:00,-1.0,1.0
2072,2026-05-12T11:40:00+00:00,-1.0,1.0
2073,2026-05-12T11:45:00+00:00,-1.0,1.0
2074,2026-05-12T11:50:00+00:00,-1.0,1.0
2075,2026-05-12T11:55:00+00:00,-1.0,1.0
2076,2026-05-12T12:00:00+00:00,-1.0,1.0
2077,2026-05-12T12:05:00+00:00,-1.0,1.0
2078,2026-05-12T12:10:00+00:00,-1.0,1.0
2079,2026-05-12T12:15:00+00:00,-1.0,1.0
2080,2026-05-12T12:20:00+00:00,-1.0,1.0
2081,2026-05-12T12:25:00+00:00,-1.0,1.0
2082,2026-05-12T12:30:00+00:00,-1.0,1.0
2083,2026-05-12T12:35:00+00:00,-1.0,1.0
2084,2026-05-12T12:40:00+00:00,-1.0,1.0
2085,2026-05-12T12:45:00+00:00,-1.0,1.0
2086,2026-05-12T12:50:00+00:00,-1.0,1.0
2087,2026-05-12T12:55:00+00:00,-1.0,1.0
2088,2026-05-12T13:00:00+00:00,-1.0,1.0
2089,2026-05-12T13:05:00+00:00,-1.0,1.0
2090,2026-05-12T13:10:00+00:00,-1.0,1.0
2091,2026-05-12T13:15:00+00:00,-1.0,1.0
2092,2026-05-12T13:20:00+00:00,-1.0,1.0
2093,2026-05-12T13:25:00+00:00,-1.0,1.0
2094,2026-05-12T13:30:00+00:00,-1.0,1.0
2095,2026-05-12T13:35:00+00:00,-1.0,1.0
2096,2026-05-12T13:40:00+00:00,-1.0,1.0
2097,2026-05-12T13:45:00+00:00,-1.0,1.0
2098,2026-05-12T13:50:00+00:00,-1.0,1.0
2099,2026-05-12T13:55:00+00:00,-1.0,1.0
2100,2026-05-12T14:00:00+00:00,-1.0,1.0
2101,2026-05-12T14:05:00+00:00,-1.0,1.0
2102,2026-05-12T14:10:00+00:00,-1.0,1.0
2103,2026-05-12T14:15:00+00:00,-1.0,1.0
2104,2026-05-12T14:20:00+00:00,-1.0,1.0
2105,2026-05-12T14:25:00+00:00,-1.0,1.0
2106,2026-05-12T14:30:00+00:00,-1.0,1.0
2107,2026-05-12T14:35:00+00:00,-1.0,1.0
2108,2026-05-12T14:40:00+00:00,-1.0,1.0
2109,2026-05-12T14:45:00+00:00,-1.0,1.0
2110,2026-05-12T14:50:00+00:00,-1.0,1.0
2111,2026-05-12T14:55:00+00:00,-1.0,1.0
2112,2026-05-12T15:00:00+00:00,-1.0,1.0
2113,2026-05-12T15:05:00+00:00,-1.0,1.0
2114,2026-05-12T15:10:00+00:00,-1.0,1.0
2115,2026-05-12T15:15:00+00:00,-1.0,1.0
2116,2026-05-12T15:20:00+00:00,-1.0,1.0
2117,2026-05-12T15:25:00+00:00,-1.0,1.0
2118,2026-05-12T15:30:00+00:00,-1.0,1.0
2119,2026-05-12T15:35:00+00:00,-1.0,1.0
2120,2026-05-12T15:40:00+00:00,-1.0,1.0
2121,2026-05-12T15:45:00+00:00,-1.0,1.0
2122,2026-05-12T15:50:00+00:00,-1.0,1.0
2123,2026-05-12T15:55:00+00:00,-1.0,1.0
2124,2026-05-12T16:00:00+00:00,-1.0,1.0
2125,2026-05-12T16:05:00+00:00,-1.0,1.0
2126,2026-05-12T16:10:00+00:00,-1.0,1.0
2127,2026-05-12T16:15:00+00:00,-1.0,1.0
2128,2026-05-12T16:20:00+00:00,-1.0,1.0
2129,2026-05-12T16:25:00+00:00,-1.0,1.0
2130,2026-05-12T16:30:00+00:00,-1.0,1.0
2131,2026-05-12T16:35:00+00:00,-1.0,1.0
2132,2026-05-12T16:40:00+00:00,-1.0,1.0
2133,2026-05-12T16:45:00+00:00,-1.0,1.0
2134,2026-05-12T16:50:00+00:00,-1.0,1.0
2135,2026-05-12T16:55:00+00:00,-1.0,1.0
2136,2026-05-12T17:00:00+00:00,-1.0,1.0
2137,2026-05-12T17:05:00+00:00,-1.0,1.0
2138,2026-05-12T17:10:00+00:00,-1.0,1.0
2139,2026-05-12T17:15:00+00:00,-1.0,1.0
2140,2026-05-12T17:20:00+00:00,-1.0,1.0
2141,2026-05-12T17:25:00+00:00,-1.0,1.0
2142,2026-05-12T17:30:00+00:00,-1.0,1.0
2143,2026-05-12T17:35:00+00:00,-1.0,1.0
2144,2026-05-12T17:40:00+00:00,-1.0,1.0
2145,2026-05-12T17:45:00+00:00,-1.0,1.0
2146,2026-05-12T17:50:00+00:00,-1.0,1.0
2147,2026-05-12T17:55:00+00:00,-1.0,1.0
2148,2026-05-12T18:00:00+00:00,-1.0,1.0
2149,2026-05-12T18:05:00+00:00,-1.0,1.0
2150,2026-05-12T18:10:00+00:00,-1.0,1.0
2151,2026-05-12T18:15:00+00:00,-1.0,1.0
2152,2026-05-12T18:20:00+00:00,-1.0,1.0
2153,2026-05-12T18:25:00+00:00,-1.0,1.0
2154,2026-05-12T18:30:00+00:00,-1.0,1.0
2155,2026-05-12T18:35:00+00:00,-1.0,1.0
2156,2026-05-12T18:40:00+00:00,-1.0,1.0
2157,2026-05-12T18:45:00+00:00,-1.0,1.0
2158,2026-05-12T18:50:00+00:00,-1.0,1.0
2159,2026-05-12T18:55:00+00:00,-1.0,1.0
2160,2026-05-12T19:00:00+00:00,-1.0,1.0
2161,2026-05-12T19:05:00+00:00,-1.0,1.0
2162,2026-05-12T19:10:00+00:00,-1.0,1.0
2163,2026-05-12T19:15:00+00:00,-1.0,1.0
2164,2026-05-12T19:20:00+00:00,-1.0,1.0
2165,2026-05-12T19:25:00+00:00,-1.0,1.0
2166,2026-05-12T19:30:00+00:00,-1.0,1.0
2167,2026-05-12T19:35:00+00:00,-1.0,1.0
2168,2026-05-12T19:40:00+00:00,-1.0,1.0
2169,2026-05-12T19:45:00+00:00,-1.0,1.0
2170,2026-05-12T19:50:00+00:00,-1.0,1.0
2171,2026-05-12T19:55:00+00:00,-1.0,1.0
2172,2026-05-12T20:00:00+00:00,-1.0,1.0
2173,2026-05-12T20:05:00+00:00,-1.0,1.0
2174,2026-05-12T20:10:00+00:00,-1.0,1.0
2175,2026-05-12T20:15:00+00:00,-1.0,1.0
2176,2026-05-12T20:20:00+00:00,-1.0,1.0
2177,2026-05-12T20:25:00+00:00,-1.0,1.0
2178,2026-05-12T20:30:00+00:00,-1.0,1.0
2179,2026-05-12T20:35:00+00:00,-1.0,1.0
2180,2026-05-12T20:40:00+00:00,-1.0,1.0
2181,2026-05-12T20:45:00+00:00,-1.0,1.0
2182,2026-05-12T20:50:00+00:00,-1.0,1.0
2183,2026-05-12T20:55:00+00:00,-1.0,1.0
2184,2026-05-12T22:00:00+00:00,-1.0,1.0
2185,2026-05-12T22:05:00+00:00,-1.0,1.0
2186,2026-05-12T22:10:00+00:00,-1.0,1.0
2187,2026-05-12T22:15:00+00:00,-1.0,1.0
2188,2026-05-12T22:20:00+00:00,-1.0,1.0
2189,2026-05-12T22:25:00+00:00,-1.0,1.0
2190,2026-05-12T22:30:00+00:00,-1.0,1.0
2191,2026-05-12T22:35:00+00:00,-1.0,1.0
2192,2026-05-12T22:40:00+00:00,-1.0,1.0
2193,2026-05-12T22:45:00+00:00,-1.0,1.0
2194,2026-05-12T22:50:00+00:00,-1.0,1.0
2195,2026-05-12T22:55:00+00:00,-1.0,1.0
2196,2026-05-12T23:00:00+00:00,-1.0,1.0
2197,2026-05-12T23:05:00+00:00,-1.0,1.0
2198,2026-05-12T23:10:00+00:00,-1.0,1.0
2199,2026-05-12T23:15:00+00:00,-1.0,1.0
2200,2026-05-12T23:20:00+00:00,-1.0,1.0
2201,2026-05-12T23:25:00+00:00,-1.0,1.0
2202,2026-05-12T23:30:00+00:00,-1.0,1.0
2203,2026-05-12T23:35:00+00:00,-1.0,1.0
2204,2026-05-12T23:40:00+00:00,-1.0,1.0
2205,2026-05-12T23:45:00+00:00,-1.0,1.0
2206,2026-05-12T23:50:00+00:00,-1.0,1.0
2207,2026-05-12T23:55:00+00:00,-1.0,1.0
2208,2026-05-13T00:00:00+00:00,-1.0,1.0
2209,2026-05-13T00:05:00+00:00,-1.0,1.0
2210,2026-05-13T00:10:00+00:00,-1.0,1.0
2211,2026-05-13T00:15:00+00:00,-1.0,1.0
2212,2026-05-13T00:20:00+00:00,-1.0,1.0
2213,2026-05-13T00:25:00+00:00,-1.0,1.0
2214,2026-05-13T00:30:00+00:00,-1.0,1.0
2215,2026-05-13T00:35:00+00:00,-1.0,1.0
2216,2026-05-13T00:40:00+00:00,-1.0,1.0
2217,2026-05-13T00:45:00+00:00,-1.0,1.0
2218,2026-05-13T00:50:00+00:00,-1.0,1.0
2219,2026-05-13T00:55:00+00:00,-1.0,1.0
2220,2026-05-13T01:00:00+00:00,-1.0,1.0
2221,2026-05-13T01:05:00+00:00,-1.0,1.0
2222,2026-05-13T01:10:00+00:00,-1.0,1.0
2223,2026-05-13T01:15:00+00:00,-1.0,1.0
2224,2026-05-13T01:20:00+00:00,-1.0,1.0
2225,2026-05-13T01:25:00+00:00,-1.0,1.0
2226,2026-05-13T01:30:00+00:00,-1.0,1.0
2227,2026-05-13T01:35:00+00:00,-1.0,1.0
2228,2026-05-13T01:40:00+00:00,-1.0,1.0
2229,2026-05-13T01:45:00+00:00,-1.0,1.0
2230,2026-05-13T01:50:00+00:00,-1.0,1.0
2231,2026-05-13T01:55:00+00:00,-1.0,1.0
2232,2026-05-13T02:00:00+00:00,-1.0,1.0
2233,2026-05-13T02:05:00+00:00,-1.0,1.0
2234,2026-05-13T02:10:00+00:00,-1.0,1.0
2235,2026-05-13T02:15:00+00:00,-1.0,1.0
2236,2026-05-13T02:20:00+00:00,-1.0,1.0
2237,2026-05-13T02:25:00+00:00,-1.0,1.0
2238,2026-05-13T02:30:00+00:00,-1.0,1.0
2239,2026-05-13T02:35:00+00:00,-1.0,1.0
2240,2026-05-13T02:40:00+00:00,-1.0,1.0
2241,2026-05-13T02:45:00+00:00,-1.0,1.0
2242,2026-05-13T02:50:00+00:00,-1.0,1.0
2243,2026-05-13T02:55:00+00:00,-1.0,1.0
2244,2026-05-13T03:00:00+00:00,-1.0,1.0
2245,2026-05-13T03:05:00+00:00,-1.0,1.0
2246,2026-05-13T03:10:00+00:00,-1.0,1.0
2247,2026-05-13T03:15:00+00:00,-1.0,1.0
2248,2026-05-13T03:20:00+00:00,-1.0,1.0
2249,2026-05-13T03:25:00+00:00,-1.0,1.0
2250,2026-05-13T03:30:00+00:00,-1.0,1.0
2251,2026-05-13T03:35:00+00:00,-1.0,1.0
2252,2026-05-13T03:40:00+00:00,-1.0,1.0
2253,2026-05-13T03:45:00+00:00,-1.0,1.0
2254,2026-05-13T03:50:00+00:00,-1.0,1.0
2255,2026-05-13T03:55:00+00:00,-1.0,1.0
2256,2026-05-13T04:00:00+00:00,-1.0,1.0
2257,2026-05-13T04:05:00+00:00,-1.0,1.0
2258,2026-05-13T04:10:00+00:00,-1.0,1.0
2259,2026-05-13T04:15:00+00:00,-1.0,1.0
2260,2026-05-13T04:20:00+00:00,-1.0,1.0
2261,2026-05-13T04:25:00+00:00,-1.0,1.0
2262,2026-05-13T04:30:00+00:00,-1.0,1.0
2263,2026-05-13T04:35:00+00:00,-1.0,1.0
2264,2026-05-13T04:40:00+00:00,-1.0,1.0
2265,2026-05-13T04:45:00+00:00,-1.0,1.0
2266,2026-05-13T04:50:00+00:00,-1.0,1.0
2267,2026-05-13T04:55:00+00:00,-1.0,1.0
2268,2026-05-13T05:00:00+00:00,-1.0,1.0
2269,2026-05-13T05:05:00+00:00,-1.0,1.0
2270,2026-05-13T05:10:00+00:00,-1.0,1.0
2271,2026-05-13T05:15:00+00:00,-1.0,1.0
2272,2026-05-13T05:20:00+00:00,-1.0,1.0
2273,2026-05-13T05:25:00+00:00,-1.0,1.0
2274,2026-05-13T05:30:00+00:00,-1.0,1.0
2275,2026-05-13T05:35:00+00:00,-1.0,1.0
2276,2026-05-13T05:40:00+00:00,-1.0,1.0
2277,2026-05-13T05:45:00+00:00,-1.0,1.0
2278,2026-05-13T05:50:00+00:00,-1.0,1.0
2279,2026-05-13T05:55:00+00:00,-1.0,1.0
2280,2026-05-13T06:00:00+00:00,-1.0,1.0
2281,2026-05-13T06:05:00+00:00,-1.0,1.0
2282,2026-05-13T06:10:00+00:00,-1.0,1.0
2283,2026-05-13T06:15:00+00:00,-1.0,1.0
2284,2026-05-13T06:20:00+00:00,-1.0,1.0
2285,2026-05-13T06:25:00+00:00,-1.0,1.0
2286,2026-05-13T06:30:00+00:00,-1.0,1.0
2287,2026-05-13T06:35:00+00:00,-1.0,1.0
2288,2026-05-13T06:40:00+00:00,-1.0,1.0
2289,2026-05-13T06:45:00+00:00,-1.0,1.0
2290,2026-05-13T06:50:00+00:00,-1.0,1.0
2291,2026-05-13T06:55:00+00:00,-1.0,1.0
2292,2026-05-13T07:00:00+00:00,-1.0,1.0
2293,2026-05-13T07:05:00+00:00,-1.0,1.0
2294,2026-05-13T07:10:00+00:00,-1.0,1.0
2295,2026-05-13T07:15:00+00:00,-1.0,1.0
2296,2026-05-13T07:20:00+00:00,-1.0,1.0
2297,2026-05-13T07:25:00+00:00,-1.0,1.0
2298,2026-05-13T07:30:00+00:00,-1.0,1.0
2299,2026-05-13T07:35:00+00:00,-1.0,1.0
2300,2026-05-13T07:40:00+00:00,-1.0,1.0
2301,2026-05-13T07:45:00+00:00,-1.0,1.0
2302,2026-05-13T07:50:00+00:00,-1.0,1.0
2303,2026-05-13T07:55:00+00:00,-1.0,1.0
2304,2026-05-13T08:00:00+00:00,-1.0,1.0
2305,2026-05-13T08:05:00+00:00,-1.0,1.0
2306,2026-05-13T08:10:00+00:00,-1.0,1.0
2307,2026-05-13T08:15:00+00:00,-1.0,1.0
2308,2026-05-13T08:20:00+00:00,-1.0,1.0
2309,2026-05-13T08:25:00+00:00,-1.0,1.0
2310,2026-05-13T08:30:00+00:00,-1.0,1.0
2311,2026-05-13T08:35:00+00:00,-1.0,1.0
2312,2026-05-13T08:40:00+00:00,-1.0,1.0
2313,2026-05-13T08:45:00+00:00,-1.0,1.0
2314,2026-05-13T08:50:00+00:00,-1.0,1.0
2315,2026-05-13T08:55:00+00:00,-1.0,1.0
2316,2026-05-13T09:00:00+00:00,-1.0,1.0
2317,2026-05-13T09:05:00+00:00,-1.0,1.0
2318,2026-05-13T09:10:00+00:00,-1.0,1.0
2319,2026-05-13T09:15:00+00:00,-1.0,1.0
2320,2026-05-13T09:20:00+00:00,-1.0,1.0
2321,2026-05-13T09:25:00+00:00,-1.0,1.0
2322,2026-05-13T09:30:00+00:00,-1.0,1.0
2323,2026-05-13T09:35:00+00:00,-1.0,1.0
2324,2026-05-13T09:40:00+00:00,-1.0,1.0
2325,2026-05-13T09:45:00+00:00,-1.0,1.0
2326,2026-05-13T09:50:00+00:00,-1.0,1.0
2327,2026-05-13T09:55:00+00:00,-1.0,1.0
2328,2026-05-13T10:00:00+00:00,-1.0,1.0
2329,2026-05-13T10:05:00+00:00,-1.0,1.0
2330,2026-05-13T10:10:00+00:00,-1.0,1.0
2331,2026-05-13T10:15:00+00:00,-1.0,1.0
2332,2026-05-13T10:20:00+00:00,-1.0,1.0
2333,2026-05-13T10:25:00+00:00,-1.0,1.0
2334,2026-05-13T10:30:00+00:00,-1.0,1.0
2335,2026-05-13T10:35:00+00:00,-1.0,1.0
2336,2026-05-13T10:40:00+00:00,-1.0,1.0
2337,2026-05-13T10:45:00+00:00,-1.0,1.0
2338,2026-05-13T10:50:00+00:00,-1.0,1.0
2339,2026-05-13T10:55:00+00:00,-1.0,1.0
2340,2026-05-13T11:00:00+00:00,-1.0,1.0
2341,2026-05-13T11:05:00+00:00,-1.0,1.0
2342,2026-05-13T11:10:00+00:00,-1.0,1.0
2343,2026-05-13T11:15:00+00:00,-1.0,1.0
2344,2026-05-13T11:20:00+00:00,-1.0,1.0
2345,2026-05-13T11:25:00+00:00,-1.0,1.0
2346,2026-05-13T11:30:00+00:00,-1.0,1.0
2347,2026-05-13T11:35:00+00:00,-1.0,1.0
2348,2026-05-13T11:40:00+00:00,-1.0,1.0
2349,2026-05-13T11:45:00+00:00,-1.0,1.0
2350,2026-05-13T11:50:00+00:00,-1.0,1.0
2351,2026-05-13T11:55:00+00:00,-1.0,1.0
2352,2026-05-13T12:00:00+00:00,-1.0,1.0
2353,2026-05-13T12:05:00+00:00,-1.0,1.0
2354,2026-05-13T12:10:00+00:00,-1.0,1.0
2355,2026-05-13T12:15:00+00:00,-1.0,1.0
2356,2026-05-13T12:20:00+00:00,-1.0,1.0
2357,2026-05-13T12:25:00+00:00,-1.0,1.0
2358,2026-05-13T12:30:00+00:00,-2.0,2.0
2359,2026-05-13T12:35:00+00:00,-2.0,2.0
2360,2026-05-13T12:40:00+00:00,-2.0,2.0
2361,2026-05-13T12:45:00+00:00,-2.0,2.0
2362,2026-05-13T12:50:00+00:00,-2.0,2.0
2363,2026-05-13T12:55:00+00:00,-2.0,2.0
2364,2026-05-13T13:00:00+00:00,-2.0,2.0
2365,2026-05-13T13:05:00+00:00,-2.0,2.0
2366,2026-05-13T13:10:00+00:00,-2.0,2.0
2367,2026-05-13T13:15:00+00:00,-2.0,2.0
2368,2026-05-13T13:20:00+00:00,-2.0,2.0
2369,2026-05-13T13:25:00+00:00,-2.0,2.0
2370,2026-05-13T13:30:00+00:00,-2.0,2.0
2371,2026-05-13T13:35:00+00:00,-2.0,2.0
2372,2026-05-13T13:40:00+00:00,-2.0,2.0
2373,2026-05-13T13:45:00+00:00,-2.0,2.0
2374,2026-05-13T13:50:00+00:00,-2.0,2.0
2375,2026-05-13T13:55:00+00:00,-2.0,2.0
2376,2026-05-13T14:00:00+00:00,-2.0,2.0
2377,2026-05-13T14:05:00+00:00,-2.0,2.0
2378,2026-05-13T14:10:00+00:00,-2.0,2.0
2379,2026-05-13T14:15:00+00:00,-2.0,2.0
2380,2026-05-13T14:20:00+00:00,-2.0,2.0
2381,2026-05-13T14:25:00+00:00,-2.0,2.0
2382,2026-05-13T14:30:00+00:00,-2.0,2.0
2383,2026-05-13T14:35:00+00:00,-2.0,2.0
2384,2026-05-13T14:40:00+00:00,-2.0,2.0
2385,2026-05-13T14:45:00+00:00,-2.0,2.0
2386,2026-05-13T14:50:00+00:00,-2.0,2.0
2387,2026-05-13T14:55:00+00:00,-2.0,2.0
2388,2026-05-13T15:00:00+00:00,-2.0,2.0
2389,2026-05-13T15:05:00+00:00,-2.0,2.0
2390,2026-05-13T15:10:00+00:00,-2.0,2.0
2391,2026-05-13T15:15:00+00:00,-2.0,2.0
2392,2026-05-13T15:20:00+00:00,-2.0,2.0
2393,2026-05-13T15:25:00+00:00,-2.0,2.0
2394,2026-05-13T15:30:00+00:00,-2.0,2.0
2395,2026-05-13T15:35:00+00:00,-2.0,2.0
2396,2026-05-13T15:40:00+00:00,-2.0,2.0
2397,2026-05-13T15:45:00+00:00,-2.0,2.0
2398,2026-05-13T15:50:00+00:00,-2.0,2.0
2399,2026-05-13T15:55:00+00:00,-2.0,2.0
2400,2026-05-13T16:00:00+00:00,-2.0,2.0
2401,2026-05-13T16:05:00+00:00,-2.0,2.0
2402,2026-05-13T16:10:00+00:00,-2.0,2.0
2403,2026-05-13T16:15:00+00:00,-2.0,2.0
2404,2026-05-13T16:20:00+00:00,-2.0,2.0
2405,2026-05-13T16:25:00+00:00,-2.0,2.0
2406,2026-05-13T16:30:00+00:00,-2.0,2.0
2407,2026-05-13T16:35:00+00:00,-2.0,2.0
2408,2026-05-13T16:40:00+00:00,-2.0,2.0
2409,2026-05-13T16:45:00+00:00,-2.0,2.0
2410,2026-05-13T16:50:00+00:00,-2.0,2.0
2411,2026-05-13T16:55:00+00:00,-2.0,2.0
2412,2026-05-13T17:00:00+00:00,-2.0,2.0
2413,2026-05-13T17:05:00+00:00,-2.0,2.0
2414,2026-05-13T17:10:00+00:00,-2.0,2.0
2415,2026-05-13T17:15:00+00:00,-2.0,2.0
2416,2026-05-13T17:20:00+00:00,-2.0,2.0
2417,2026-05-13T17:25:00+00:00,-2.0,2.0
2418,2026-05-13T17:30:00+00:00,-2.0,2.0
2419,2026-05-13T17:35:00+00:00,-2.0,2.0
2420,2026-05-13T17:40:00+00:00,-2.0,2.0
2421,2026-05-13T17:45:00+00:00,-2.0,2.0
2422,2026-05-13T17:50:00+00:00,-2.0,2.0
2423,2026-05-13T17:55:00+00:00,-2.0,2.0
2424,2026-05-13T18:00:00+00:00,-2.0,2.0
2425,2026-05-13T18:05:00+00:00,-2.0,2.0
2426,2026-05-13T18:10:00+00:00,-2.0,2.0
2427,2026-05-13T18:15:00+00:00,-2.0,2.0
2428,2026-05-13T18:20:00+00:00,-2.0,2.0
2429,2026-05-13T18:25:00+00:00,-2.0,2.0
2430,2026-05-13T18:30:00+00:00,-2.0,2.0
2431,2026-05-13T18:35:00+00:00,-2.0,2.0
2432,2026-05-13T18:40:00+00:00,-2.0,2.0
2433,2026-05-13T18:45:00+00:00,-2.0,2.0
2434,2026-05-13T18:50:00+00:00,-2.0,2.0
2435,2026-05-13T18:55:00+00:00,-2.0,2.0
2436,2026-05-13T19:00:00+00:00,-2.0,2.0
2437,2026-05-13T19:05:00+00:00,-2.0,2.0
2438,2026-05-13T19:10:00+00:00,-2.0,2.0
2439,2026-05-13T19:15:00+00:00,-2.0,2.0
2440,2026-05-13T19:20:00+00:00,-2.0,2.0
2441,2026-05-13T19:25:00+00:00,-2.0,2.0
2442,2026-05-13T19:30:00+00:00,-2.0,2.0
2443,2026-05-13T19:35:00+00:00,-2.0,2.0
2444,2026-05-13T19:40:00+00:00,-2.0,2.0
2445,2026-05-13T19:45:00+00:00,-2.0,2.0
2446,2026-05-13T19:50:00+00:00,-2.0,2.0
2447,2026-05-13T19:55:00+00:00,-2.0,2.0
2448,2026-05-13T20:00:00+00:00,-2.0,2.0
2449,2026-05-13T20:05:00+00:00,-2.0,2.0
2450,2026-05-13T20:10:00+00:00,-2.0,2.0
2451,2026-05-13T20:15:00+00:00,-2.0,2.0
2452,2026-05-13T20:20:00+00:00,-2.0,2.0
2453,2026-05-13T20:25:00+00:00,-2.0,2.0
2454,2026-05-13T20:30:00+00:00,-2.0,2.0
2455,2026-05-13T20:35:00+00:00,-2.0,2.0
2456,2026-05-13T20:40:00+00:00,-2.0,2.0
2457,2026-05-13T20:45:00+00:00,-2.0,2.0
2458,2026-05-13T20:50:00+00:00,-2.0,2.0
2459,2026-05-13T20:55:00+00:00,-2.0,2.0
2460,2026-05-13T22:00:00+00:00,-2.0,2.0
2461,2026-05-13T22:05:00+00:00,-2.0,2.0
2462,2026-05-13T22:10:00+00:00,-2.0,2.0
2463,2026-05-13T22:15:00+00:00,-2.0,2.0
2464,2026-05-13T22:20:00+00:00,-2.0,2.0
2465,2026-05-13T22:25:00+00:00,-2.0,2.0
2466,2026-05-13T22:30:00+00:00,-2.0,2.0
2467,2026-05-13T22:35:00+00:00,-2.0,2.0
2468,2026-05-13T22:40:00+00:00,-2.0,2.0
2469,2026-05-13T22:45:00+00:00,-2.0,2.0
2470,2026-05-13T22:50:00+00:00,-2.0,2.0
2471,2026-05-13T22:55:00+00:00,-2.0,2.0
2472,2026-05-13T23:00:00+00:00,-2.0,2.0
2473,2026-05-13T23:05:00+00:00,-2.0,2.0
2474,2026-05-13T23:10:00+00:00,-2.0,2.0
2475,2026-05-13T23:15:00+00:00,-2.0,2.0
2476,2026-05-13T23:20:00+00:00,-2.0,2.0
2477,2026-05-13T23:25:00+00:00,-2.0,2.0
2478,2026-05-13T23:30:00+00:00,-2.0,2.0
2479,2026-05-13T23:35:00+00:00,-2.0,2.0
2480,2026-05-13T23:40:00+00:00,-2.0,2.0
2481,2026-05-13T23:45:00+00:00,-2.0,2.0
2482,2026-05-13T23:50:00+00:00,-2.0,2.0
2483,2026-05-13T23:55:00+00:00,-2.0,2.0
2484,2026-05-14T00:00:00+00:00,-2.0,2.0
2485,2026-05-14T00:05:00+00:00,-2.0,2.0
2486,2026-05-14T00:10:00+00:00,-2.0,2.0
2487,2026-05-14T00:15:00+00:00,-2.0,2.0
2488,2026-05-14T00:20:00+00:00,-2.0,2.0
2489,2026-05-14T00:25:00+00:00,-2.0,2.0
2490,2026-05-14T00:30:00+00:00,-2.0,2.0
2491,2026-05-14T00:35:00+00:00,-2.0,2.0
2492,2026-05-14T00:40:00+00:00,-2.0,2.0
2493,2026-05-14T00:45:00+00:00,-2.0,2.0
2494,2026-05-14T00:50:00+00:00,-2.0,2.0
2495,2026-05-14T00:55:00+00:00,-2.0,2.0
2496,2026-05-14T01:00:00+00:00,-2.0,2.0
2497,2026-05-14T01:05:00+00:00,-3.0,3.0
2498,2026-05-14T01:10:00+00:00,-3.0,3.0
2499,2026-05-14T01:15:00+00:00,-3.0,3.0
2500,2026-05-14T01:20:00+00:00,-3.0,3.0
2501,2026-05-14T01:25:00+00:00,-3.0,3.0
2502,2026-05-14T01:30:00+00:00,-3.0,3.0
2503,2026-05-14T01:35:00+00:00,-3.0,3.0
2504,2026-05-14T01:40:00+00:00,-3.0,3.0
2505,2026-05-14T01:45:00+00:00,-3.0,3.0
2506,2026-05-14T01:50:00+00:00,-3.0,3.0
2507,2026-05-14T01:55:00+00:00,-3.0,3.0
2508,2026-05-14T02:00:00+00:00,-3.0,3.0
2509,2026-05-14T02:05:00+00:00,-3.0,3.0
2510,2026-05-14T02:10:00+00:00,-3.0,3.0
2511,2026-05-14T02:15:00+00:00,-3.0,3.0
2512,2026-05-14T02:20:00+00:00,-3.0,3.0
2513,2026-05-14T02:25:00+00:00,-3.0,3.0
2514,2026-05-14T02:30:00+00:00,-3.0,3.0
2515,2026-05-14T02:35:00+00:00,-3.0,3.0
2516,2026-05-14T02:40:00+00:00,-3.0,3.0
2517,2026-05-14T02:45:00+00:00,-3.0,3.0
2518,2026-05-14T02:50:00+00:00,-3.0,3.0
2519,2026-05-14T02:55:00+00:00,-3.0,3.0
2520,2026-05-14T03:00:00+00:00,-3.0,3.0
2521,2026-05-14T03:05:00+00:00,-3.0,3.0
2522,2026-05-14T03:10:00+00:00,-3.0,3.0
2523,2026-05-14T03:15:00+00:00,-3.0,3.0
2524,2026-05-14T03:20:00+00:00,-3.0,3.0
2525,2026-05-14T03:25:00+00:00,-3.0,3.0
2526,2026-05-14T03:30:00+00:00,-3.0,3.0
2527,2026-05-14T03:35:00+00:00,-3.0,3.0
2528,2026-05-14T03:40:00+00:00,-3.0,3.0
2529,2026-05-14T03:45:00+00:00,-3.0,3.0
2530,2026-05-14T03:50:00+00:00,-3.0,3.0
2531,2026-05-14T03:55:00+00:00,-3.0,3.0
2532,2026-05-14T04:00:00+00:00,-3.0,3.0
2533,2026-05-14T04:05:00+00:00,-3.0,3.0
2534,2026-05-14T04:10:00+00:00,-3.0,3.0
2535,2026-05-14T04:15:00+00:00,-3.0,3.0
2536,2026-05-14T04:20:00+00:00,-3.0,3.0
2537,2026-05-14T04:25:00+00:00,-3.0,3.0
2538,2026-05-14T04:30:00+00:00,-3.0,3.0
2539,2026-05-14T04:35:00+00:00,-3.0,3.0
2540,2026-05-14T04:40:00+00:00,-3.0,3.0
2541,2026-05-14T04:45:00+00:00,-3.0,3.0
2542,2026-05-14T04:50:00+00:00,-3.0,3.0
2543,2026-05-14T04:55:00+00:00,-3.0,3.0
2544,2026-05-14T05:00:00+00:00,-3.0,3.0
2545,2026-05-14T05:05:00+00:00,-3.0,3.0
2546,2026-05-14T05:10:00+00:00,-3.0,3.0
2547,2026-05-14T05:15:00+00:00,-3.0,3.0
2548,2026-05-14T05:20:00+00:00,-3.0,3.0
2549,2026-05-14T05:25:00+00:00,-3.0,3.0
2550,2026-05-14T05:30:00+00:00,-3.0,3.0
2551,2026-05-14T05:35:00+00:00,-3.0,3.0
2552,2026-05-14T05:40:00+00:00,-3.0,3.0
2553,2026-05-14T05:45:00+00:00,-3.0,3.0
2554,2026-05-14T05:50:00+00:00,-3.0,3.0
2555,2026-05-14T05:55:00+00:00,-3.0,3.0
2556,2026-05-14T06:00:00+00:00,-3.0,3.0
2557,2026-05-14T06:05:00+00:00,-3.0,3.0
2558,2026-05-14T06:10:00+00:00,-3.0,3.0
2559,2026-05-14T06:15:00+00:00,-3.0,3.0
2560,2026-05-14T06:20:00+00:00,-3.0,3.0
2561,2026-05-14T06:25:00+00:00,-3.0,3.0
2562,2026-05-14T06:30:00+00:00,-3.0,3.0
2563,2026-05-14T06:35:00+00:00,-3.0,3.0
2564,2026-05-14T06:40:00+00:00,-3.0,3.0
2565,2026-05-14T06:45:00+00:00,-3.0,3.0
2566,2026-05-14T06:50:00+00:00,-3.0,3.0
2567,2026-05-14T06:55:00+00:00,-3.0,3.0
2568,2026-05-14T07:00:00+00:00,-3.0,3.0
2569,2026-05-14T07:05:00+00:00,-3.0,3.0
2570,2026-05-14T07:10:00+00:00,-3.0,3.0
2571,2026-05-14T07:15:00+00:00,-3.0,3.0
2572,2026-05-14T07:20:00+00:00,-3.0,3.0
2573,2026-05-14T07:25:00+00:00,-3.0,3.0
2574,2026-05-14T07:30:00+00:00,-3.0,3.0
2575,2026-05-14T07:35:00+00:00,-3.0,3.0
2576,2026-05-14T07:40:00+00:00,-3.0,3.0
2577,2026-05-14T07:45:00+00:00,-3.0,3.0
2578,2026-05-14T07:50:00+00:00,-3.0,3.0
2579,2026-05-14T07:55:00+00:00,-3.0,3.0
2580,2026-05-14T08:00:00+00:00,-3.0,3.0
2581,2026-05-14T08:05:00+00:00,-3.0,3.0
2582,2026-05-14T08:10:00+00:00,-3.0,3.0
2583,2026-05-14T08:15:00+00:00,-3.0,3.0
2584,2026-05-14T08:20:00+00:00,-3.0,3.0
2585,2026-05-14T08:25:00+00:00,-3.0,3.0
2586,2026-05-14T08:30:00+00:00,-3.0,3.0
2587,2026-05-14T08:35:00+00:00,-3.0,3.0
2588,2026-05-14T08:40:00+00:00,-3.0,3.0
2589,2026-05-14T08:45:00+00:00,-3.0,3.0
2590,2026-05-14T08:50:00+00:00,-3.0,3.0
2591,2026-05-14T08:55:00+00:00,-3.0,3.0
2592,2026-05-14T09:00:00+00:00,-3.0,3.0
2593,2026-05-14T09:05:00+00:00,-3.0,3.0
2594,2026-05-14T09:10:00+00:00,-3.0,3.0
2595,2026-05-14T09:15:00+00:00,-3.0,3.0
2596,2026-05-14T09:20:00+00:00,-3.0,3.0
2597,2026-05-14T09:25:00+00:00,-3.0,3.0
2598,2026-05-14T09:30:00+00:00,-3.0,3.0
2599,2026-05-14T09:35:00+00:00,-3.0,3.0
2600,2026-05-14T09:40:00+00:00,-3.0,3.0
2601,2026-05-14T09:45:00+00:00,-3.0,3.0
2602,2026-05-14T09:50:00+00:00,-3.0,3.0
2603,2026-05-14T09:55:00+00:00,-3.0,3.0
2604,2026-05-14T10:00:00+00:00,-3.0,3.0
2605,2026-05-14T10:05:00+00:00,-3.0,3.0
2606,2026-05-14T10:10:00+00:00,-3.0,3.0
2607,2026-05-14T10:15:00+00:00,-3.0,3.0
2608,2026-05-14T10:20:00+00:00,-3.0,3.0
2609,2026-05-14T10:25:00+00:00,-3.0,3.0
2610,2026-05-14T10:30:00+00:00,-3.0,3.0
2611,2026-05-14T10:35:00+00:00,-3.0,3.0
2612,2026-05-14T10:40:00+00:00,-3.0,3.0
2613,2026-05-14T10:45:00+00:00,-3.0,3.0
2614,2026-05-14T10:50:00+00:00,-3.0,3.0
2615,2026-05-14T10:55:00+00:00,-3.0,3.0
2616,2026-05-14T11:00:00+00:00,-3.0,3.0
2617,2026-05-14T11:05:00+00:00,-3.0,3.0
2618,2026-05-14T11:10:00+00:00,-3.0,3.0
2619,2026-05-14T11:15:00+00:00,-3.0,3.0
2620,2026-05-14T11:20:00+00:00,-3.0,3.0
2621,2026-05-14T11:25:00+00:00,-3.0,3.0
2622,2026-05-14T11:30:00+00:00,-3.0,3.0
2623,2026-05-14T11:35:00+00:00,-3.0,3.0
2624,2026-05-14T11:40:00+00:00,-3.0,3.0
2625,2026-05-14T11:45:00+00:00,-3.0,3.0
2626,2026-05-14T11:50:00+00:00,-3.0,3.0
2627,2026-05-14T11:55:00+00:00,-3.0,3.0
2628,2026-05-14T12:00:00+00:00,-3.0,3.0
2629,2026-05-14T12:05:00+00:00,-3.0,3.0
2630,2026-05-14T12:10:00+00:00,-3.0,3.0
2631,2026-05-14T12:15:00+00:00,-3.0,3.0
2632,2026-05-14T12:20:00+00:00,-3.0,3.0
2633,2026-05-14T12:25:00+00:00,-3.0,3.0
2634,2026-05-14T12:30:00+00:00,-3.0,3.0
2635,2026-05-14T12:35:00+00:00,-3.0,3.0
2636,2026-05-14T12:40:00+00:00,-3.0,3.0
2637,2026-05-14T12:45:00+00:00,-3.0,3.0
2638,2026-05-14T12:50:00+00:00,-3.0,3.0
2639,2026-05-14T12:55:00+00:00,-3.0,3.0
2640,2026-05-14T13:00:00+00:00,-3.0,3.0
2641,2026-05-14T13:05:00+00:00,-3.0,3.0
2642,2026-05-14T13:10:00+00:00,-3.0,3.0
2643,2026-05-14T13:15:00+00:00,-3.0,3.0
2644,2026-05-14T13:20:00+00:00,-3.0,3.0
2645,2026-05-14T13:25:00+00:00,-3.0,3.0
2646,2026-05-14T13:30:00+00:00,-3.0,3.0
2647,2026-05-14T13:35:00+00:00,-3.0,3.0
2648,2026-05-14T13:40:00+00:00,-3.0,3.0
2649,2026-05-14T13:45:00+00:00,-3.0,3.0
2650,2026-05-14T13:50:00+00:00,-3.0,3.0
2651,2026-05-14T13:55:00+00:00,-3.0,3.0
2652,2026-05-14T14:00:00+00:00,-3.0,3.0
2653,2026-05-14T14:05:00+00:00,-3.0,3.0
2654,2026-05-14T14:10:00+00:00,-3.0,3.0
2655,2026-05-14T14:15:00+00:00,-3.0,3.0
2656,2026-05-14T14:20:00+00:00,-3.0,3.0
2657,2026-05-14T14:25:00+00:00,-3.0,3.0
2658,2026-05-14T14:30:00+00:00,-3.0,3.0
2659,2026-05-14T14:35:00+00:00,-3.0,3.0
2660,2026-05-14T14:40:00+00:00,-3.0,3.0
2661,2026-05-14T14:45:00+00:00,-3.0,3.0
2662,2026-05-14T14:50:00+00:00,-3.0,3.0
2663,2026-05-14T14:55:00+00:00,-3.0,3.0
2664,2026-05-14T15:00:00+00:00,-3.0,3.0
2665,2026-05-14T15:05:00+00:00,-3.0,3.0
2666,2026-05-14T15:10:00+00:00,-3.0,3.0
2667,2026-05-14T15:15:00+00:00,-3.0,3.0
2668,2026-05-14T15:20:00+00:00,-3.0,3.0
2669,2026-05-14T15:25:00+00:00,-3.0,3.0
2670,2026-05-14T15:30:00+00:00,-3.0,3.0
2671,2026-05-14T15:35:00+00:00,-3.0,3.0
2672,2026-05-14T15:40:00+00:00,-3.0,3.0
2673,2026-05-14T15:45:00+00:00,-3.0,3.0
2674,2026-05-14T15:50:00+00:00,-3.0,3.0
2675,2026-05-14T15:55:00+00:00,-3.0,3.0
2676,2026-05-14T16:00:00+00:00,-3.0,3.0
2677,2026-05-14T16:05:00+00:00,-3.0,3.0
2678,2026-05-14T16:10:00+00:00,-3.0,3.0
2679,2026-05-14T16:15:00+00:00,-3.0,3.0
2680,2026-05-14T16:20:00+00:00,-3.0,3.0
2681,2026-05-14T16:25:00+00:00,-3.0,3.0
2682,2026-05-14T16:30:00+00:00,-3.0,3.0
2683,2026-05-14T16:35:00+00:00,-1.0,1.0
2684,2026-05-14T16:40:00+00:00,-1.0,1.0
2685,2026-05-14T16:45:00+00:00,-1.0,1.0
2686,2026-05-14T16:50:00+00:00,-1.0,1.0
2687,2026-05-14T16:55:00+00:00,-1.0,1.0
2688,2026-05-14T17:00:00+00:00,-1.0,1.0
2689,2026-05-14T17:05:00+00:00,-1.0,1.0
2690,2026-05-14T17:10:00+00:00,-1.0,1.0
2691,2026-05-14T17:15:00+00:00,-1.0,1.0
2692,2026-05-14T17:20:00+00:00,-1.0,1.0
2693,2026-05-14T17:25:00+00:00,-1.0,1.0
2694,2026-05-14T17:30:00+00:00,-1.0,1.0
2695,2026-05-14T17:35:00+00:00,-1.0,1.0
2696,2026-05-14T17:40:00+00:00,-1.0,1.0
2697,2026-05-14T17:45:00+00:00,-1.0,1.0
2698,2026-05-14T17:50:00+00:00,-1.0,1.0
2699,2026-05-14T17:55:00+00:00,-1.0,1.0
2700,2026-05-14T18:00:00+00:00,-1.0,1.0
2701,2026-05-14T18:05:00+00:00,-1.0,1.0
2702,2026-05-14T18:10:00+00:00,-1.0,1.0
2703,2026-05-14T18:15:00+00:00,-1.0,1.0
2704,2026-05-14T18:20:00+00:00,-1.0,1.0
2705,2026-05-14T18:25:00+00:00,-1.0,1.0
2706,2026-05-14T18:30:00+00:00,-1.0,1.0
2707,2026-05-14T18:35:00+00:00,-1.0,1.0
2708,2026-05-14T18:40:00+00:00,-1.0,1.0
2709,2026-05-14T18:45:00+00:00,-1.0,1.0
2710,2026-05-14T18:50:00+00:00,-1.0,1.0
2711,2026-05-14T18:55:00+00:00,-1.0,1.0
2712,2026-05-14T19:00:00+00:00,-1.0,1.0
2713,2026-05-14T19:05:00+00:00,-1.0,1.0
2714,2026-05-14T19:10:00+00:00,-1.0,1.0
2715,2026-05-14T19:15:00+00:00,-1.0,1.0
2716,2026-05-14T19:20:00+00:00,-1.0,1.0
2717,2026-05-14T19:25:00+00:00,-1.0,1.0
2718,2026-05-14T19:30:00+00:00,-1.0,1.0
2719,2026-05-14T19:35:00+00:00,-1.0,1.0
2720,2026-05-14T19:40:00+00:00,-1.0,1.0
2721,2026-05-14T19:45:00+00:00,-1.0,1.0
2722,2026-05-14T19:50:00+00:00,-1.0,1.0
2723,2026-05-14T19:55:00+00:00,-1.0,1.0
2724,2026-05-14T20:00:00+00:00,-1.0,1.0
2725,2026-05-14T20:05:00+00:00,-1.0,1.0
2726,2026-05-14T20:10:00+00:00,-1.0,1.0
2727,2026-05-14T20:15:00+00:00,-1.0,1.0
2728,2026-05-14T20:20:00+00:00,-1.0,1.0
2729,2026-05-14T20:25:00+00:00,-1.0,1.0
2730,2026-05-14T20:30:00+00:00,-1.0,1.0
2731,2026-05-14T20:35:00+00:00,-1.0,1.0
2732,2026-05-14T20:40:00+00:00,-1.0,1.0
2733,2026-05-14T20:45:00+00:00,-1.0,1.0
2734,2026-05-14T20:50:00+00:00,-1.0,1.0
2735,2026-05-14T20:55:00+00:00,-1.0,1.0
2736,2026-05-14T22:00:00+00:00,-1.0,1.0
2737,2026-05-14T22:05:00+00:00,-1.0,1.0
2738,2026-05-14T22:10:00+00:00,-1.0,1.0
2739,2026-05-14T22:15:00+00:00,-1.0,1.0
2740,2026-05-14T22:20:00+00:00,-1.0,1.0
2741,2026-05-14T22:25:00+00:00,-1.0,1.0
2742,2026-05-14T22:30:00+00:00,-1.0,1.0
2743,2026-05-14T22:35:00+00:00,-1.0,1.0
2744,2026-05-14T22:40:00+00:00,-1.0,1.0
2745,2026-05-14T22:45:00+00:00,-1.0,1.0
2746,2026-05-14T22:50:00+00:00,-1.0,1.0
2747,2026-05-14T22:55:00+00:00,-1.0,1.0
2748,2026-05-14T23:00:00+00:00,-1.0,1.0
2749,2026-05-14T23:05:00+00:00,-1.0,1.0
2750,2026-05-14T23:10:00+00:00,-1.0,1.0
2751,2026-05-14T23:15:00+00:00,-1.0,1.0
2752,2026-05-14T23:20:00+00:00,-1.0,1.0
2753,2026-05-14T23:25:00+00:00,-1.0,1.0
2754,2026-05-14T23:30:00+00:00,-1.0,1.0
2755,2026-05-14T23:35:00+00:00,-1.0,1.0
2756,2026-05-14T23:40:00+00:00,-1.0,1.0
2757,2026-05-14T23:45:00+00:00,-1.0,1.0
2758,2026-05-14T23:50:00+00:00,-1.0,1.0
2759,2026-05-14T23:55:00+00:00,-1.0,1.0
2760,2026-05-15T00:00:00+00:00,-1.0,1.0
2761,2026-05-15T00:05:00+00:00,-1.0,1.0
2762,2026-05-15T00:10:00+00:00,-1.0,1.0
2763,2026-05-15T00:15:00+00:00,-1.0,1.0
2764,2026-05-15T00:20:00+00:00,-1.0,1.0
2765,2026-05-15T00:25:00+00:00,-1.0,1.0
2766,2026-05-15T00:30:00+00:00,-1.0,1.0
2767,2026-05-15T00:35:00+00:00,-1.0,1.0
2768,2026-05-15T00:40:00+00:00,-1.0,1.0
2769,2026-05-15T00:45:00+00:00,-1.0,1.0
2770,2026-05-15T00:50:00+00:00,-1.0,1.0
2771,2026-05-15T00:55:00+00:00,-1.0,1.0
2772,2026-05-15T01:00:00+00:00,-1.0,1.0
2773,2026-05-15T01:05:00+00:00,-1.0,1.0
2774,2026-05-15T01:10:00+00:00,-1.0,1.0
2775,2026-05-15T01:15:00+00:00,-1.0,1.0
2776,2026-05-15T01:20:00+00:00,-1.0,1.0
2777,2026-05-15T01:25:00+00:00,-1.0,1.0
2778,2026-05-15T01:30:00+00:00,-1.0,1.0
2779,2026-05-15T01:35:00+00:00,-1.0,1.0
2780,2026-05-15T01:40:00+00:00,-1.0,1.0
2781,2026-05-15T01:45:00+00:00,-1.0,1.0
2782,2026-05-15T01:50:00+00:00,-1.0,1.0
2783,2026-05-15T01:55:00+00:00,-1.0,1.0
2784,2026-05-15T02:00:00+00:00,-1.0,1.0
2785,2026-05-15T02:05:00+00:00,-1.0,1.0
2786,2026-05-15T02:10:00+00:00,-1.0,1.0
2787,2026-05-15T02:15:00+00:00,-1.0,1.0
2788,2026-05-15T02:20:00+00:00,-1.0,1.0
2789,2026-05-15T02:25:00+00:00,-1.0,1.0
2790,2026-05-15T02:30:00+00:00,-1.0,1.0
2791,2026-05-15T02:35:00+00:00,-1.0,1.0
2792,2026-05-15T02:40:00+00:00,-1.0,1.0
2793,2026-05-15T02:45:00+00:00,-1.0,1.0
2794,2026-05-15T02:50:00+00:00,-1.0,1.0
2795,2026-05-15T02:55:00+00:00,-1.0,1.0
2796,2026-05-15T03:00:00+00:00,-1.0,1.0
2797,2026-05-15T03:05:00+00:00,-1.0,1.0
2798,2026-05-15T03:10:00+00:00,-1.0,1.0
2799,2026-05-15T03:15:00+00:00,-1.0,1.0
2800,2026-05-15T03:20:00+00:00,-1.0,1.0
2801,2026-05-15T03:25:00+00:00,-1.0,1.0
2802,2026-05-15T03:30:00+00:00,-1.0,1.0
2803,2026-05-15T03:35:00+00:00,-1.0,1.0
2804,2026-05-15T03:40:00+00:00,-1.0,1.0
2805,2026-05-15T03:45:00+00:00,-1.0,1.0
2806,2026-05-15T03:50:00+00:00,-1.0,1.0
2807,2026-05-15T03:55:00+00:00,-1.0,1.0
2808,2026-05-15T04:00:00+00:00,-1.0,1.0
2809,2026-05-15T04:05:00+00:00,-1.0,1.0
2810,2026-05-15T04:10:00+00:00,-1.0,1.0
2811,2026-05-15T04:15:00+00:00,-1.0,1.0
2812,2026-05-15T04:20:00+00:00,-1.0,1.0
2813,2026-05-15T04:25:00+00:00,-1.0,1.0
2814,2026-05-15T04:30:00+00:00,-1.0,1.0
2815,2026-05-15T04:35:00+00:00,-1.0,1.0
2816,2026-05-15T04:40:00+00:00,-1.0,1.0
2817,2026-05-15T04:45:00+00:00,-1.0,1.0
2818,2026-05-15T04:50:00+00:00,-1.0,1.0
2819,2026-05-15T04:55:00+00:00,-1.0,1.0
2820,2026-05-15T05:00:00+00:00,-1.0,1.0
2821,2026-05-15T05:05:00+00:00,-1.0,1.0
2822,2026-05-15T05:10:00+00:00,-1.0,1.0
2823,2026-05-15T05:15:00+00:00,-1.0,1.0
2824,2026-05-15T05:20:00+00:00,-1.0,1.0
2825,2026-05-15T05:25:00+00:00,-1.0,1.0
2826,2026-05-15T05:30:00+00:00,-1.0,1.0
2827,2026-05-15T05:35:00+00:00,-1.0,1.0
2828,2026-05-15T05:40:00+00:00,-1.0,1.0
2829,2026-05-15T05:45:00+00:00,-1.0,1.0
2830,2026-05-15T05:50:00+00:00,-1.0,1.0
2831,2026-05-15T05:55:00+00:00,-1.0,1.0
2832,2026-05-15T06:00:00+00:00,-1.0,1.0
2833,2026-05-15T06:05:00+00:00,-1.0,1.0
2834,2026-05-15T06:10:00+00:00,-1.0,1.0
2835,2026-05-15T06:15:00+00:00,-1.0,1.0
2836,2026-05-15T06:20:00+00:00,-1.0,1.0
2837,2026-05-15T06:25:00+00:00,-1.0,1.0
2838,2026-05-15T06:30:00+00:00,-1.0,1.0
2839,2026-05-15T06:35:00+00:00,-1.0,1.0
2840,2026-05-15T06:40:00+00:00,-1.0,1.0
2841,2026-05-15T06:45:00+00:00,-1.0,1.0
2842,2026-05-15T06:50:00+00:00,-1.0,1.0
2843,2026-05-15T06:55:00+00:00,-1.0,1.0
2844,2026-05-15T07:00:00+00:00,-1.0,1.0
2845,2026-05-15T07:05:00+00:00,-1.0,1.0
2846,2026-05-15T07:10:00+00:00,-1.0,1.0
2847,2026-05-15T07:15:00+00:00,-1.0,1.0
2848,2026-05-15T07:20:00+00:00,-1.0,1.0
2849,2026-05-15T07:25:00+00:00,-1.0,1.0
2850,2026-05-15T07:30:00+00:00,-1.0,1.0
2851,2026-05-15T07:35:00+00:00,-1.0,1.0
2852,2026-05-15T07:40:00+00:00,-1.0,1.0
2853,2026-05-15T07:45:00+00:00,-1.0,1.0
2854,2026-05-15T07:50:00+00:00,-1.0,1.0
2855,2026-05-15T07:55:00+00:00,-1.0,1.0
2856,2026-05-15T08:00:00+00:00,-1.0,1.0
2857,2026-05-15T08:05:00+00:00,-1.0,1.0
2858,2026-05-15T08:10:00+00:00,-1.0,1.0
2859,2026-05-15T08:15:00+00:00,-1.0,1.0
2860,2026-05-15T08:20:00+00:00,-1.0,1.0
2861,2026-05-15T08:25:00+00:00,-1.0,1.0
2862,2026-05-15T08:30:00+00:00,-1.0,1.0
2863,2026-05-15T08:35:00+00:00,-1.0,1.0
2864,2026-05-15T08:40:00+00:00,-1.0,1.0
2865,2026-05-15T08:45:00+00:00,-1.0,1.0
2866,2026-05-15T08:50:00+00:00,-1.0,1.0
2867,2026-05-15T08:55:00+00:00,-1.0,1.0
2868,2026-05-15T09:00:00+00:00,-1.0,1.0
2869,2026-05-15T09:05:00+00:00,-1.0,1.0
2870,2026-05-15T09:10:00+00:00,-1.0,1.0
2871,2026-05-15T09:15:00+00:00,-1.0,1.0
2872,2026-05-15T09:20:00+00:00,-1.0,1.0
2873,2026-05-15T09:25:00+00:00,-1.0,1.0
2874,2026-05-15T09:30:00+00:00,-1.0,1.0
2875,2026-05-15T09:35:00+00:00,-1.0,1.0
2876,2026-05-15T09:40:00+00:00,-1.0,1.0
2877,2026-05-15T09:45:00+00:00,-1.0,1.0
2878,2026-05-15T09:50:00+00:00,-1.0,1.0
2879,2026-05-15T09:55:00+00:00,-1.0,1.0
2880,2026-05-15T10:00:00+00:00,-1.0,1.0
2881,2026-05-15T10:05:00+00:00,-1.0,1.0
2882,2026-05-15T10:10:00+00:00,-1.0,1.0
2883,2026-05-15T10:15:00+00:00,-1.0,1.0
2884,2026-05-15T10:20:00+00:00,-1.0,1.0
2885,2026-05-15T10:25:00+00:00,-1.0,1.0
2886,2026-05-15T10:30:00+00:00,-1.0,1.0
2887,2026-05-15T10:35:00+00:00,-1.0,1.0
2888,2026-05-15T10:40:00+00:00,-1.0,1.0
2889,2026-05-15T10:45:00+00:00,-1.0,1.0
2890,2026-05-15T10:50:00+00:00,-1.0,1.0
2891,2026-05-15T10:55:00+00:00,-1.0,1.0
2892,2026-05-15T11:00:00+00:00,-1.0,1.0
2893,2026-05-15T11:05:00+00:00,-1.0,1.0
2894,2026-05-15T11:10:00+00:00,-1.0,1.0
2895,2026-05-15T11:15:00+00:00,-1.0,1.0
2896,2026-05-15T11:20:00+00:00,-1.0,1.0
2897,2026-05-15T11:25:00+00:00,-1.0,1.0
2898,2026-05-15T11:30:00+00:00,-1.0,1.0
2899,2026-05-15T11:35:00+00:00,-1.0,1.0
2900,2026-05-15T11:40:00+00:00,-1.0,1.0
2901,2026-05-15T11:45:00+00:00,-1.0,1.0
2902,2026-05-15T11:50:00+00:00,-1.0,1.0
2903,2026-05-15T11:55:00+00:00,-1.0,1.0
2904,2026-05-15T12:00:00+00:00,-1.0,1.0
2905,2026-05-15T12:05:00+00:00,-1.0,1.0
2906,2026-05-15T12:10:00+00:00,-1.0,1.0
2907,2026-05-15T12:15:00+00:00,-1.0,1.0
2908,2026-05-15T12:20:00+00:00,-1.0,1.0
2909,2026-05-15T12:25:00+00:00,-1.0,1.0
2910,2026-05-15T12:30:00+00:00,-1.0,1.0
2911,2026-05-15T12:35:00+00:00,-1.0,1.0
2912,2026-05-15T12:40:00+00:00,-1.0,1.0
2913,2026-05-15T12:45:00+00:00,-1.0,1.0
2914,2026-05-15T12:50:00+00:00,-1.0,1.0
2915,2026-05-15T12:55:00+00:00,-1.0,1.0
2916,2026-05-15T13:00:00+00:00,-1.0,1.0
2917,2026-05-15T13:05:00+00:00,-1.0,1.0
2918,2026-05-15T13:10:00+00:00,-1.0,1.0
2919,2026-05-15T13:15:00+00:00,-1.0,1.0
2920,2026-05-15T13:20:00+00:00,-1.0,1.0
2921,2026-05-15T13:25:00+00:00,-1.0,1.0
2922,2026-05-15T13:30:00+00:00,-1.0,1.0
2923,2026-05-15T13:35:00+00:00,-1.0,1.0
2924,2026-05-15T13:40:00+00:00,-1.0,1.0
2925,2026-05-15T13:45:00+00:00,-1.0,1.0
2926,2026-05-15T13:50:00+00:00,-1.0,1.0
2927,2026-05-15T13:55:00+00:00,-1.0,1.0
2928,2026-05-15T14:00:00+00:00,-1.0,1.0
2929,2026-05-15T14:05:00+00:00,-1.0,1.0
2930,2026-05-15T14:10:00+00:00,-1.0,1.0
2931,2026-05-15T14:15:00+00:00,-1.0,1.0
2932,2026-05-15T14:20:00+00:00,-1.0,1.0
2933,2026-05-15T14:25:00+00:00,-1.0,1.0
2934,2026-05-15T14:30:00+00:00,-1.0,1.0
2935,2026-05-15T14:35:00+00:00,-1.0,1.0
2936,2026-05-15T14:40:00+00:00,-1.0,1.0
2937,2026-05-15T14:45:00+00:00,-1.0,1.0
2938,2026-05-15T14:50:00+00:00,-1.0,1.0
2939,2026-05-15T14:55:00+00:00,-1.0,1.0
2940,2026-05-15T15:00:00+00:00,-1.0,1.0
2941,2026-05-15T15:05:00+00:00,-1.0,1.0
2942,2026-05-15T15:10:00+00:00,-1.0,1.0
2943,2026-05-15T15:15:00+00:00,-1.0,1.0
2944,2026-05-15T15:20:00+00:00,-1.0,1.0
2945,2026-05-15T15:25:00+00:00,-1.0,1.0
2946,2026-05-15T15:30:00+00:00,-1.0,1.0
2947,2026-05-15T15:35:00+00:00,-1.0,1.0
2948,2026-05-15T15:40:00+00:00,-1.0,1.0
2949,2026-05-15T15:45:00+00:00,-1.0,1.0
2950,2026-05-15T15:50:00+00:00,-1.0,1.0
2951,2026-05-15T15:55:00+00:00,-1.0,1.0
2952,2026-05-15T16:00:00+00:00,-1.0,1.0
2953,2026-05-15T16:05:00+00:00,-1.0,1.0
2954,2026-05-15T16:10:00+00:00,-1.0,1.0
2955,2026-05-15T16:15:00+00:00,-1.0,1.0
2956,2026-05-15T16:20:00+00:00,-1.0,1.0
2957,2026-05-15T16:25:00+00:00,-1.0,1.0
2958,2026-05-15T16:30:00+00:00,-1.0,1.0
2959,2026-05-15T16:35:00+00:00,-1.0,1.0
2960,2026-05-15T16:40:00+00:00,-1.0,1.0
2961,2026-05-15T16:45:00+00:00,-1.0,1.0
2962,2026-05-15T16:50:00+00:00,-1.0,1.0
2963,2026-05-15T16:55:00+00:00,-1.0,1.0
2964,2026-05-15T17:00:00+00:00,-1.0,1.0
2965,2026-05-15T17:05:00+00:00,-1.0,1.0
2966,2026-05-15T17:10:00+00:00,-1.0,1.0
2967,2026-05-15T17:15:00+00:00,-1.0,1.0
2968,2026-05-15T17:20:00+00:00,-1.0,1.0
2969,2026-05-15T17:25:00+00:00,-1.0,1.0
2970,2026-05-15T17:30:00+00:00,-1.0,1.0
2971,2026-05-15T17:35:00+00:00,-1.0,1.0
2972,2026-05-15T17:40:00+00:00,-1.0,1.0
2973,2026-05-15T17:45:00+00:00,-1.0,1.0
2974,2026-05-15T17:50:00+00:00,-1.0,1.0
2975,2026-05-15T17:55:00+00:00,-1.0,1.0
2976,2026-05-15T18:00:00+00:00,-1.0,1.0
2977,2026-05-15T18:05:00+00:00,-1.0,1.0
2978,2026-05-15T18:10:00+00:00,-1.0,1.0
2979,2026-05-15T18:15:00+00:00,1.0,0.0
2980,2026-05-15T18:20:00+00:00,1.0,0.0
2981,2026-05-15T18:25:00+00:00,1.0,0.0
2982,2026-05-15T18:30:00+00:00,1.0,0.0
2983,2026-05-15T18:35:00+00:00,1.0,0.0
2984,2026-05-15T18:40:00+00:00,1.0,0.0
2985,2026-05-15T18:45:00+00:00,1.0,0.0
2986,2026-05-15T18:50:00+00:00,1.0,0.0
2987,2026-05-15T18:55:00+00:00,1.0,0.0
2988,2026-05-15T19:00:00+00:00,1.0,0.0
2989,2026-05-15T19:05:00+00:00,1.0,0.0
2990,2026-05-15T19:10:00+00:00,1.0,0.0
2991,2026-05-15T19:15:00+00:00,1.0,0.0
2992,2026-05-15T19:20:00+00:00,1.0,0.0
2993,2026-05-15T19:25:00+00:00,1.0,0.0
2994,2026-05-15T19:30:00+00:00,1.0,0.0
2995,2026-05-15T19:35:00+00:00,1.0,0.0
2996,2026-05-15T19:40:00+00:00,1.0,0.0
2997,2026-05-15T19:45:00+00:00,1.0,0.0
2998,2026-05-15T19:50:00+00:00,1.0,0.0
2999,2026-05-15T19:55:00+00:00,1.0,0.0
3000,2026-05-15T20:00:00+00:00,1.0,0.0
3001,2026-05-15T20:05:00+00:00,1.0,0.0
3002,2026-05-15T20:10:00+00:00,1.0,0.0
3003,2026-05-15T20:15:00+00:00,1.0,0.0
3004,2026-05-15T20:20:00+00:00,1.0,0.0
3005,2026-05-15T20:25:00+00:00,1.0,0.0
3006,2026-05-15T20:30:00+00:00,1.0,0.0
3007,2026-05-15T20:35:00+00:00,1.0,0.0
3008,2026-05-15T20:40:00+00:00,1.0,0.0
3009,2026-05-15T20:45:00+00:00,1.0,0.0
3010,2026-05-15T20:50:00+00:00,1.0,0.0
3011,2026-05-15T20:55:00+00:00,1.0,0.0
3012,2026-05-17T22:00:00+00:00,1.0,0.0
3013,2026-05-17T22:05:00+00:00,1.0,0.0
3014,2026-05-17T22:10:00+00:00,1.0,0.0
3015,2026-05-17T22:15:00+00:00,1.0,0.0
3016,2026-05-17T22:20:00+00:00,1.0,0.0
3017,2026-05-17T22:25:00+00:00,1.0,0.0
3018,2026-05-17T22:30:00+00:00,1.0,0.0
3019,2026-05-17T22:35:00+00:00,1.0,0.0
3020,2026-05-17T22:40:00+00:00,1.0,0.0
3021,2026-05-17T22:45:00+00:00,1.0,0.0
3022,2026-05-17T22:50:00+00:00,1.0,0.0
3023,2026-05-17T22:55:00+00:00,1.0,0.0
3024,2026-05-17T23:00:00+00:00,1.0,0.0
3025,2026-05-17T23:05:00+00:00,1.0,0.0
3026,2026-05-17T23:10:00+00:00,1.0,0.0
3027,2026-05-17T23:15:00+00:00,1.0,0.0
3028,2026-05-17T23:20:00+00:00,1.0,0.0
3029,2026-05-17T23:25:00+00:00,1.0,0.0
3030,2026-05-17T23:30:00+00:00,1.0,0.0
3031,2026-05-17T23:35:00+00:00,1.0,0.0
3032,2026-05-17T23:40:00+00:00,1.0,0.0
3033,2026-05-17T23:45:00+00:00,1.0,0.0
3034,2026-05-17T23:50:00+00:00,1.0,0.0
3035,2026-05-17T23:55:00+00:00,1.0,0.0
3036,2026-05-18T00:00:00+00:00,1.0,0.0
3037,2026-05-18T00:05:00+00:00,1.0,0.0
3038,2026-05-18T00:10:00+00:00,1.0,0.0
3039,2026-05-18T00:15:00+00:00,1.0,0.0
3040,2026-05-18T00:20:00+00:00,1.0,0.0
3041,2026-05-18T00:25:00+00:00,1.0,0.0
3042,2026-05-18T00:30:00+00:00,1.0,0.0
3043,2026-05-18T00:35:00+00:00,1.0,0.0
3044,2026-05-18T00:40:00+00:00,1.0,0.0
3045,2026-05-18T00:45:00+00:00,1.0,0.0
3046,2026-05-18T00:50:00+00:00,1.0,0.0
3047,2026-05-18T00:55:00+00:00,1.0,0.0
3048,2026-05-18T01:00:00+00:00,1.0,0.0
3049,2026-05-18T01:05:00+00:00,1.0,0.0
3050,2026-05-18T01:10:00+00:00,1.0,0.0
3051,2026-05-18T01:15:00+00:00,1.0,0.0
3052,2026-05-18T01:20:00+00:00,1.0,0.0
3053,2026-05-18T01:25:00+00:00,1.0,0.0
3054,2026-05-18T01:30:00+00:00,1.0,0.0
3055,2026-05-18T01:35:00+00:00,1.0,0.0
3056,2026-05-18T01:40:00+00:00,1.0,0.0
3057,2026-05-18T01:45:00+00:00,1.0,0.0
3058,2026-05-18T01:50:00+00:00,1.0,0.0
3059,2026-05-18T01:55:00+00:00,1.0,0.0
3060,2026-05-18T02:00:00+00:00,1.0,0.0
3061,2026-05-18T02:05:00+00:00,1.0,0.0
3062,2026-05-18T02:10:00+00:00,1.0,0.0
3063,2026-05-18T02:15:00+00:00,1.0,0.0
3064,2026-05-18T02:20:00+00:00,1.0,0.0
3065,2026-05-18T02:25:00+00:00,1.0,0.0
3066,2026-05-18T02:30:00+00:00,1.0,0.0
3067,2026-05-18T02:35:00+00:00,1.0,0.0
3068,2026-05-18T02:40:00+00:00,1.0,0.0
3069,2026-05-18T02:45:00+00:00,1.0,0.0
3070,2026-05-18T02:50:00+00:00,1.0,0.0
3071,2026-05-18T02:55:00+00:00,1.0,0.0
3072,2026-05-18T03:00:00+00:00,1.0,0.0
3073,2026-05-18T03:05:00+00:00,1.0,0.0
3074,2026-05-18T03:10:00+00:00,1.0,0.0
3075,2026-05-18T03:15:00+00:00,1.0,0.0
3076,2026-05-18T03:20:00+00:00,1.0,0.0
3077,2026-05-18T03:25:00+00:00,1.0,0.0
3078,2026-05-18T03:30:00+00:00,1.0,0.0
3079,2026-05-18T03:35:00+00:00,1.0,0.0
3080,2026-05-18T03:40:00+00:00,1.0,0.0
3081,2026-05-18T03:45:00+00:00,1.0,0.0
3082,2026-05-18T03:50:00+00:00,1.0,0.0
3083,2026-05-18T03:55:00+00:00,1.0,0.0
3084,2026-05-18T04:00:00+00:00,1.0,0.0
3085,2026-05-18T04:05:00+00:00,1.0,0.0
3086,2026-05-18T04:10:00+00:00,1.0,0.0
3087,2026-05-18T04:15:00+00:00,1.0,0.0
3088,2026-05-18T04:20:00+00:00,1.0,0.0
3089,2026-05-18T04:25:00+00:00,1.0,0.0
3090,2026-05-18T04:30:00+00:00,1.0,0.0
3091,2026-05-18T04:35:00+00:00,1.0,0.0
3092,2026-05-18T04:40:00+00:00,1.0,0.0
3093,2026-05-18T04:45:00+00:00,1.0,0.0
3094,2026-05-18T04:50:00+00:00,1.0,0.0
3095,2026-05-18T04:55:00+00:00,1.0,0.0
3096,2026-05-18T05:00:00+00:00,1.0,0.0
3097,2026-05-18T05:05:00+00:00,1.0,0.0
3098,2026-05-18T05:10:00+00:00,1.0,0.0
3099,2026-05-18T05:15:00+00:00,1.0,0.0
3100,2026-05-18T05:20:00+00:00,1.0,0.0
3101,2026-05-18T05:25:00+00:00,1.0,0.0
3102,2026-05-18T05:30:00+00:00,1.0,0.0
3103,2026-05-18T05:35:00+00:00,1.0,0.0
3104,2026-05-18T05:40:00+00:00,1.0,0.0
3105,2026-05-18T05:45:00+00:00,1.0,0.0
3106,2026-05-18T05:50:00+00:00,1.0,0.0
3107,2026-05-18T05:55:00+00:00,1.0,0.0
3108,2026-05-18T06:00:00+00:00,1.0,0.0
3109,2026-05-18T06:05:00+00:00,1.0,0.0
3110,2026-05-18T06:10:00+00:00,1.0,0.0
3111,2026-05-18T06:15:00+00:00,1.0,0.0
3112,2026-05-18T06:20:00+00:00,1.0,0.0
3113,2026-05-18T06:25:00+00:00,1.0,0.0
3114,2026-05-18T06:30:00+00:00,1.0,0.0
3115,2026-05-18T06:35:00+00:00,1.0,0.0
3116,2026-05-18T06:40:00+00:00,1.0,0.0
3117,2026-05-18T06:45:00+00:00,1.0,0.0
3118,2026-05-18T06:50:00+00:00,1.0,0.0
3119,2026-05-18T06:55:00+00:00,1.0,0.0
3120,2026-05-18T07:00:00+00:00,1.0,0.0
3121,2026-05-18T07:05:00+00:00,1.0,0.0
3122,2026-05-18T07:10:00+00:00,1.0,0.0
3123,2026-05-18T07:15:00+00:00,1.0,0.0
3124,2026-05-18T07:20:00+00:00,1.0,0.0
3125,2026-05-18T07:25:00+00:00,1.0,0.0
3126,2026-05-18T07:30:00+00:00,1.0,0.0
3127,2026-05-18T07:35:00+00:00,1.0,0.0
3128,2026-05-18T07:40:00+00:00,1.0,0.0
3129,2026-05-18T07:45:00+00:00,1.0,0.0
3130,2026-05-18T07:50:00+00:00,1.0,0.0
3131,2026-05-18T07:55:00+00:00,1.0,0.0
3132,2026-05-18T08:00:00+00:00,1.0,0.0
3133,2026-05-18T08:05:00+00:00,1.0,0.0
3134,2026-05-18T08:10:00+00:00,1.0,0.0
3135,2026-05-18T08:15:00+00:00,1.0,0.0
3136,2026-05-18T08:20:00+00:00,1.0,0.0
3137,2026-05-18T08:25:00+00:00,1.0,0.0
3138,2026-05-18T08:30:00+00:00,1.0,0.0
3139,2026-05-18T08:35:00+00:00,1.0,0.0
3140,2026-05-18T08:40:00+00:00,1.0,0.0
3141,2026-05-18T08:45:00+00:00,1.0,0.0
3142,2026-05-18T08:50:00+00:00,1.0,0.0
3143,2026-05-18T08:55:00+00:00,1.0,0.0
3144,2026-05-18T09:00:00+00:00,1.0,0.0
3145,2026-05-18T09:05:00+00:00,1.0,0.0
3146,2026-05-18T09:10:00+00:00,1.0,0.0
3147,2026-05-18T09:15:00+00:00,1.0,0.0
3148,2026-05-18T09:20:00+00:00,1.0,0.0
3149,2026-05-18T09:25:00+00:00,1.0,0.0
3150,2026-05-18T09:30:00+00:00,1.0,0.0
3151,2026-05-18T09:35:00+00:00,1.0,0.0
3152,2026-05-18T09:40:00+00:00,1.0,0.0
3153,2026-05-18T09:45:00+00:00,1.0,0.0
3154,2026-05-18T09:50:00+00:00,1.0,0.0
3155,2026-05-18T09:55:00+00:00,1.0,0.0
3156,2026-05-18T10:00:00+00:00,1.0,0.0
3157,2026-05-18T10:05:00+00:00,1.0,0.0
3158,2026-05-18T10:10:00+00:00,1.0,0.0
3159,2026-05-18T10:15:00+00:00,1.0,0.0
3160,2026-05-18T10:20:00+00:00,1.0,0.0
3161,2026-05-18T10:25:00+00:00,1.0,0.0
3162,2026-05-18T10:30:00+00:00,1.0,0.0
3163,2026-05-18T10:35:00+00:00,1.0,0.0
3164,2026-05-18T10:40:00+00:00,1.0,0.0
3165,2026-05-18T10:45:00+00:00,1.0,0.0
3166,2026-05-18T10:50:00+00:00,1.0,0.0
3167,2026-05-18T10:55:00+00:00,1.0,0.0
3168,2026-05-18T11:00:00+00:00,1.0,0.0
3169,2026-05-18T11:05:00+00:00,1.0,0.0
3170,2026-05-18T11:10:00+00:00,1.0,0.0
3171,2026-05-18T11:15:00+00:00,1.0,0.0
3172,2026-05-18T11:20:00+00:00,1.0,0.0
3173,2026-05-18T11:25:00+00:00,1.0,0.0
3174,2026-05-18T11:30:00+00:00,1.0,0.0
3175,2026-05-18T11:35:00+00:00,1.0,0.0
3176,2026-05-18T11:40:00+00:00,1.0,0.0
3177,2026-05-18T11:45:00+00:00,1.0,0.0
3178,2026-05-18T11:50:00+00:00,1.0,0.0
3179,2026-05-18T11:55:00+00:00,1.0,0.0
3180,2026-05-18T12:00:00+00:00,1.0,0.0
3181,2026-05-18T12:05:00+00:00,1.0,0.0
3182,2026-05-18T12:10:00+00:00,1.0,0.0
3183,2026-05-18T12:15:00+00:00,1.0,0.0
3184,2026-05-18T12:20:00+00:00,1.0,0.0
3185,2026-05-18T12:25:00+00:00,1.0,0.0
3186,2026-05-18T12:30:00+00:00,1.0,0.0
3187,2026-05-18T12:35:00+00:00,1.0,0.0
3188,2026-05-18T12:40:00+00:00,1.0,0.0
3189,2026-05-18T12:45:00+00:00,1.0,0.0
3190,2026-05-18T12:50:00+00:00,1.0,0.0
3191,2026-05-18T12:55:00+00:00,1.0,0.0
3192,2026-05-18T13:00:00+00:00,1.0,0.0
3193,2026-05-18T13:05:00+00:00,1.0,0.0
3194,2026-05-18T13:10:00+00:00,1.0,0.0
3195,2026-05-18T13:15:00+00:00,1.0,0.0
3196,2026-05-18T13:20:00+00:00,1.0,0.0
3197,2026-05-18T13:25:00+00:00,1.0,0.0
3198,2026-05-18T13:30:00+00:00,1.0,0.0
3199,2026-05-18T13:35:00+00:00,1.0,0.0
3200,2026-05-18T13:40:00+00:00,1.0,0.0
3201,2026-05-18T13:45:00+00:00,1.0,0.0
3202,2026-05-18T13:50:00+00:00,1.0,0.0
3203,2026-05-18T13:55:00+00:00,1.0,0.0
3204,2026-05-18T14:00:00+00:00,1.0,0.0
3205,2026-05-18T14:05:00+00:00,1.0,0.0
3206,2026-05-18T14:10:00+00:00,1.0,0.0
3207,2026-05-18T14:15:00+00:00,1.0,0.0
3208,2026-05-18T14:20:00+00:00,1.0,0.0
3209,2026-05-18T14:25:00+00:00,1.0,0.0
3210,2026-05-18T14:30:00+00:00,1.0,0.0
3211,2026-05-18T14:35:00+00:00,1.0,0.0
3212,2026-05-18T14:40:00+00:00,1.0,0.0
3213,2026-05-18T14:45:00+00:00,1.0,0.0
3214,2026-05-18T14:50:00+00:00,1.0,0.0
3215,2026-05-18T14:55:00+00:00,1.0,0.0
3216,2026-05-18T15:00:00+00:00,1.0,0.0
3217,2026-05-18T15:05:00+00:00,1.0,0.0
3218,2026-05-18T15:10:00+00:00,1.0,0.0
3219,2026-05-18T15:15:00+00:00,1.0,0.0
3220,2026-05-18T15:20:00+00:00,1.0,0.0
3221,2026-05-18T15:25:00+00:00,1.0,0.0
3222,2026-05-18T15:30:00+00:00,1.0,0.0
3223,2026-05-18T15:35:00+00:00,1.0,0.0
3224,2026-05-18T15:40:00+00:00,1.0,0.0
3225,2026-05-18T15:45:00+00:00,1.0,0.0
3226,2026-05-18T15:50:00+00:00,1.0,0.0
3227,2026-05-18T15:55:00+00:00,1.0,0.0
3228,2026-05-18T16:00:00+00:00,1.0,0.0
3229,2026-05-18T16:05:00+00:00,1.0,0.0
3230,2026-05-18T16:10:00+00:00,1.0,0.0
3231,2026-05-18T16:15:00+00:00,1.0,0.0
3232,2026-05-18T16:20:00+00:00,1.0,0.0
3233,2026-05-18T16:25:00+00:00,1.0,0.0
3234,2026-05-18T16:30:00+00:00,1.0,0.0
3235,2026-05-18T16:35:00+00:00,1.0,0.0
3236,2026-05-18T16:40:00+00:00,1.0,0.0
3237,2026-05-18T16:45:00+00:00,1.0,0.0
3238,2026-05-18T16:50:00+00:00,1.0,0.0
3239,2026-05-18T16:55:00+00:00,1.0,0.0
3240,2026-05-18T17:00:00+00:00,1.0,0.0
3241,2026-05-18T17:05:00+00:00,1.0,0.0
3242,2026-05-18T17:10:00+00:00,1.0,0.0
3243,2026-05-18T17:15:00+00:00,1.0,0.0
3244,2026-05-18T17:20:00+00:00,1.0,0.0
3245,2026-05-18T17:25:00+00:00,1.0,0.0
3246,2026-05-18T17:30:00+00:00,1.0,0.0
3247,2026-05-18T17:35:00+00:00,1.0,0.0
3248,2026-05-18T17:40:00+00:00,1.0,0.0
3249,2026-05-18T17:45:00+00:00,1.0,0.0
3250,2026-05-18T17:50:00+00:00,1.0,0.0
3251,2026-05-18T17:55:00+00:00,1.0,0.0
3252,2026-05-18T18:00:00+00:00,1.0,0.0
3253,2026-05-18T18:05:00+00:00,1.0,0.0
3254,2026-05-18T18:10:00+00:00,1.0,0.0
3255,2026-05-18T18:15:00+00:00,1.0,0.0
3256,2026-05-18T18:20:00+00:00,1.0,0.0
3257,2026-05-18T18:25:00+00:00,1.0,0.0
3258,2026-05-18T18:30:00+00:00,1.0,0.0
3259,2026-05-18T18:35:00+00:00,1.0,0.0
3260,2026-05-18T18:40:00+00:00,1.0,0.0
3261,2026-05-18T18:45:00+00:00,1.0,0.0
3262,2026-05-18T18:50:00+00:00,1.0,0.0
3263,2026-05-18T18:55:00+00:00,0.0,1.0
3264,2026-05-18T19:00:00+00:00,0.0,1.0
3265,2026-05-18T19:05:00+00:00,0.0,1.0
3266,2026-05-18T19:10:00+00:00,0.0,1.0
3267,2026-05-18T19:15:00+00:00,0.0,1.0
3268,2026-05-18T19:20:00+00:00,0.0,1.0
3269,2026-05-18T19:25:00+00:00,0.0,1.0
3270,2026-05-18T19:30:00+00:00,0.0,1.0
3271,2026-05-18T19:35:00+00:00,0.0,1.0
3272,2026-05-18T19:40:00+00:00,0.0,1.0
3273,2026-05-18T19:45:00+00:00,0.0,1.0
3274,2026-05-18T19:50:00+00:00,0.0,1.0
3275,2026-05-18T19:55:00+00:00,0.0,1.0
3276,2026-05-18T20:00:00+00:00,0.0,1.0
3277,2026-05-18T20:05:00+00:00,0.0,1.0
3278,2026-05-18T20:10:00+00:00,0.0,1.0
3279,2026-05-18T20:15:00+00:00,-1.0,2.0
3280,2026-05-18T20:20:00+00:00,-1.0,2.0
3281,2026-05-18T20:25:00+00:00,-1.0,2.0
3282,2026-05-18T20:30:00+00:00,-1.0,2.0
3283,2026-05-18T20:35:00+00:00,-1.0,2.0
3284,2026-05-18T20:40:00+00:00,-1.0,2.0
3285,2026-05-18T20:45:00+00:00,-1.0,2.0
3286,2026-05-18T20:50:00+00:00,-1.0,2.0
3287,2026-05-18T20:55:00+00:00,-1.0,2.0
3288,2026-05-18T22:00:00+00:00,-1.0,2.0
3289,2026-05-18T22:05:00+00:00,-1.0,2.0
3290,2026-05-18T22:10:00+00:00,-1.0,2.0
3291,2026-05-18T22:15:00+00:00,-1.0,2.0
3292,2026-05-18T22:20:00+00:00,-1.0,2.0
3293,2026-05-18T22:25:00+00:00,-1.0,2.0
3294,2026-05-18T22:30:00+00:00,-1.0,2.0
3295,2026-05-18T22:35:00+00:00,-1.0,2.0
3296,2026-05-18T22:40:00+00:00,-1.0,2.0
3297,2026-05-18T22:45:00+00:00,-1.0,2.0
3298,2026-05-18T22:50:00+00:00,-1.0,2.0
3299,2026-05-18T22:55:00+00:00,-1.0,2.0
3300,2026-05-18T23:00:00+00:00,-1.0,2.0
3301,2026-05-18T23:05:00+00:00,-1.0,2.0
3302,2026-05-18T23:10:00+00:00,-1.0,2.0
3303,2026-05-18T23:15:00+00:00,-1.0,2.0
3304,2026-05-18T23:20:00+00:00,-1.0,2.0
3305,2026-05-18T23:25:00+00:00,-1.0,2.0
3306,2026-05-18T23:30:00+00:00,-1.0,2.0
3307,2026-05-18T23:35:00+00:00,-1.0,2.0
3308,2026-05-18T23:40:00+00:00,-1.0,2.0
3309,2026-05-18T23:45:00+00:00,-1.0,2.0
3310,2026-05-18T23:50:00+00:00,-1.0,2.0
3311,2026-05-18T23:55:00+00:00,-1.0,2.0
3312,2026-05-19T00:00:00+00:00,-1.0,2.0
3313,2026-05-19T00:05:00+00:00,-1.0,2.0
3314,2026-05-19T00:10:00+00:00,-1.0,2.0
3315,2026-05-19T00:15:00+00:00,-1.0,2.0
3316,2026-05-19T00:20:00+00:00,-1.0,2.0
3317,2026-05-19T00:25:00+00:00,-1.0,2.0
3318,2026-05-19T00:30:00+00:00,-1.0,2.0
3319,2026-05-19T00:35:00+00:00,-1.0,2.0
3320,2026-05-19T00:40:00+00:00,-1.0,2.0
3321,2026-05-19T00:45:00+00:00,-1.0,2.0
3322,2026-05-19T00:50:00+00:00,-1.0,2.0
3323,2026-05-19T00:55:00+00:00,-1.0,2.0
3324,2026-05-19T01:00:00+00:00,-1.0,2.0
3325,2026-05-19T01:05:00+00:00,-1.0,2.0
3326,2026-05-19T01:10:00+00:00,-1.0,2.0
3327,2026-05-19T01:15:00+00:00,-1.0,2.0
3328,2026-05-19T01:20:00+00:00,-1.0,2.0
3329,2026-05-19T01:25:00+00:00,-1.0,2.0
3330,2026-05-19T01:30:00+00:00,-1.0,2.0
3331,2026-05-19T01:35:00+00:00,-1.0,2.0
3332,2026-05-19T01:40:00+00:00,-1.0,2.0
3333,2026-05-19T01:45:00+00:00,-1.0,2.0
3334,2026-05-19T01:50:00+00:00,-1.0,2.0
3335,2026-05-19T01:55:00+00:00,-1.0,2.0
3336,2026-05-19T02:00:00+00:00,-1.0,2.0
3337,2026-05-19T02:05:00+00:00,-1.0,2.0
3338,2026-05-19T02:10:00+00:00,-1.0,2.0
3339,2026-05-19T02:15:00+00:00,-1.0,2.0
3340,2026-05-19T02:20:00+00:00,-1.0,2.0
3341,2026-05-19T02:25:00+00:00,-1.0,2.0
3342,2026-05-19T02:30:00+00:00,-1.0,2.0
3343,2026-05-19T02:35:00+00:00,-1.0,2.0
3344,2026-05-19T02:40:00+00:00,-1.0,2.0
3345,2026-05-19T02:45:00+00:00,-1.0,2.0
3346,2026-05-19T02:50:00+00:00,-1.0,2.0
3347,2026-05-19T02:55:00+00:00,-1.0,2.0
3348,2026-05-19T03:00:00+00:00,-1.0,2.0
3349,2026-05-19T03:05:00+00:00,-1.0,2.0
3350,2026-05-19T03:10:00+00:00,-1.0,2.0
3351,2026-05-19T03:15:00+00:00,-1.0,2.0
3352,2026-05-19T03:20:00+00:00,-1.0,2.0
3353,2026-05-19T03:25:00+00:00,-1.0,2.0
3354,2026-05-19T03:30:00+00:00,-1.0,2.0
3355,2026-05-19T03:35:00+00:00,-1.0,2.0
3356,2026-05-19T03:40:00+00:00,-1.0,2.0
3357,2026-05-19T03:45:00+00:00,-1.0,2.0
3358,2026-05-19T03:50:00+00:00,-1.0,2.0
3359,2026-05-19T03:55:00+00:00,-1.0,2.0
3360,2026-05-19T04:00:00+00:00,-1.0,2.0
3361,2026-05-19T04:05:00+00:00,-1.0,2.0
3362,2026-05-19T04:10:00+00:00,-1.0,2.0
3363,2026-05-19T04:15:00+00:00,-1.0,2.0
3364,2026-05-19T04:20:00+00:00,-1.0,2.0
3365,2026-05-19T04:25:00+00:00,-1.0,2.0
3366,2026-05-19T04:30:00+00:00,-1.0,2.0
3367,2026-05-19T04:35:00+00:00,-1.0,2.0
3368,2026-05-19T04:40:00+00:00,-1.0,2.0
3369,2026-05-19T04:45:00+00:00,-1.0,2.0
3370,2026-05-19T04:50:00+00:00,-1.0,2.0
3371,2026-05-19T04:55:00+00:00,-1.0,2.0
3372,2026-05-19T05:00:00+00:00,-1.0,2.0
3373,2026-05-19T05:05:00+00:00,-1.0,2.0
3374,2026-05-19T05:10:00+00:00,-1.0,2.0
3375,2026-05-19T05:15:00+00:00,-1.0,2.0
3376,2026-05-19T05:20:00+00:00,-1.0,2.0
3377,2026-05-19T05:25:00+00:00,-1.0,2.0
3378,2026-05-19T05:30:00+00:00,-1.0,2.0
3379,2026-05-19T05:35:00+00:00,-1.0,2.0
3380,2026-05-19T05:40:00+00:00,-1.0,2.0
3381,2026-05-19T05:45:00+00:00,-1.0,2.0
3382,2026-05-19T05:50:00+00:00,-1.0,2.0
3383,2026-05-19T05:55:00+00:00,-1.0,2.0
3384,2026-05-19T06:00:00+00:00,-1.0,2.0
3385,2026-05-19T06:05:00+00:00,-1.0,2.0
3386,2026-05-19T06:10:00+00:00,-1.0,2.0
3387,2026-05-19T06:15:00+00:00,-1.0,2.0
3388,2026-05-19T06:20:00+00:00,-1.0,2.0
3389,2026-05-19T06:25:00+00:00,-1.0,2.0
3390,2026-05-19T06:30:00+00:00,-1.0,2.0
3391,2026-05-19T06:35:00+00:00,-1.0,2.0
3392,2026-05-19T06:40:00+00:00,-1.0,2.0
3393,2026-05-19T06:45:00+00:00,-1.0,2.0
3394,2026-05-19T06:50:00+00:00,-1.0,2.0
3395,2026-05-19T06:55:00+00:00,-1.0,2.0
3396,2026-05-19T07:00:00+00:00,-1.0,2.0
3397,2026-05-19T07:05:00+00:00,-1.0,2.0
3398,2026-05-19T07:10:00+00:00,-1.0,2.0
3399,2026-05-19T07:15:00+00:00,-1.0,2.0
3400,2026-05-19T07:20:00+00:00,-1.0,2.0
3401,2026-05-19T07:25:00+00:00,-1.0,2.0
3402,2026-05-19T07:30:00+00:00,-1.0,2.0
3403,2026-05-19T07:35:00+00:00,-1.0,2.0
3404,2026-05-19T07:40:00+00:00,-1.0,2.0
3405,2026-05-19T07:45:00+00:00,-1.0,2.0
3406,2026-05-19T07:50:00+00:00,-1.0,2.0
3407,2026-05-19T07:55:00+00:00,-1.0,2.0
3408,2026-05-19T08:00:00+00:00,-1.0,2.0
3409,2026-05-19T08:05:00+00:00,-1.0,2.0
3410,2026-05-19T08:10:00+00:00,-1.0,2.0
3411,2026-05-19T08:15:00+00:00,-1.0,2.0
3412,2026-05-19T08:20:00+00:00,-1.0,2.0
3413,2026-05-19T08:25:00+00:00,-1.0,2.0
3414,2026-05-19T08:30:00+00:00,-1.0,2.0
3415,2026-05-19T08:35:00+00:00,-1.0,2.0
3416,2026-05-19T08:40:00+00:00,-1.0,2.0
3417,2026-05-19T08:45:00+00:00,-1.0,2.0
3418,2026-05-19T08:50:00+00:00,-1.0,2.0
3419,2026-05-19T08:55:00+00:00,-1.0,2.0
3420,2026-05-19T09:00:00+00:00,-1.0,2.0
3421,2026-05-19T09:05:00+00:00,-1.0,2.0
3422,2026-05-19T09:10:00+00:00,-1.0,2.0
3423,2026-05-19T09:15:00+00:00,-1.0,2.0
3424,2026-05-19T09:20:00+00:00,-1.0,2.0
3425,2026-05-19T09:25:00+00:00,-1.0,2.0
3426,2026-05-19T09:30:00+00:00,-1.0,2.0
3427,2026-05-19T09:35:00+00:00,-1.0,2.0
3428,2026-05-19T09:40:00+00:00,-1.0,2.0
3429,2026-05-19T09:45:00+00:00,-1.0,2.0
3430,2026-05-19T09:50:00+00:00,-1.0,2.0
3431,2026-05-19T09:55:00+00:00,-1.0,2.0
3432,2026-05-19T10:00:00+00:00,-1.0,2.0
3433,2026-05-19T10:05:00+00:00,-1.0,2.0
3434,2026-05-19T10:10:00+00:00,-1.0,2.0
3435,2026-05-19T10:15:00+00:00,-1.0,2.0
3436,2026-05-19T10:20:00+00:00,-1.0,2.0
3437,2026-05-19T10:25:00+00:00,-1.0,2.0
3438,2026-05-19T10:30:00+00:00,-1.0,2.0
3439,2026-05-19T10:35:00+00:00,-1.0,2.0
3440,2026-05-19T10:40:00+00:00,-1.0,2.0
3441,2026-05-19T10:45:00+00:00,-1.0,2.0
3442,2026-05-19T10:50:00+00:00,-1.0,2.0
3443,2026-05-19T10:55:00+00:00,-1.0,2.0
3444,2026-05-19T11:00:00+00:00,-1.0,2.0
3445,2026-05-19T11:05:00+00:00,-1.0,2.0
3446,2026-05-19T11:10:00+00:00,-1.0,2.0
3447,2026-05-19T11:15:00+00:00,-1.0,2.0
3448,2026-05-19T11:20:00+00:00,-1.0,2.0
3449,2026-05-19T11:25:00+00:00,-1.0,2.0
3450,2026-05-19T11:30:00+00:00,-1.0,2.0
3451,2026-05-19T11:35:00+00:00,-1.0,2.0
3452,2026-05-19T11:40:00+00:00,-1.0,2.0
3453,2026-05-19T11:45:00+00:00,-1.0,2.0
3454,2026-05-19T11:50:00+00:00,-2.0,3.0
3455,2026-05-19T11:55:00+00:00,-2.0,3.0
3456,2026-05-19T12:00:00+00:00,-2.0,3.0
3457,2026-05-19T12:05:00+00:00,-2.0,3.0
3458,2026-05-19T12:10:00+00:00,-2.0,3.0
3459,2026-05-19T12:15:00+00:00,-2.0,3.0
3460,2026-05-19T12:20:00+00:00,-2.0,3.0
3461,2026-05-19T12:25:00+00:00,-2.0,3.0
3462,2026-05-19T12:30:00+00:00,-2.0,3.0
3463,2026-05-19T12:35:00+00:00,-2.0,3.0
3464,2026-05-19T12:40:00+00:00,-2.0,3.0
3465,2026-05-19T12:45:00+00:00,-2.0,3.0
3466,2026-05-19T12:50:00+00:00,-2.0,3.0
3467,2026-05-19T12:55:00+00:00,-2.0,3.0
3468,2026-05-19T13:00:00+00:00,-2.0,3.0
3469,2026-05-19T13:05:00+00:00,0.0,1.0
3470,2026-05-19T13:10:00+00:00,0.0,1.0
3471,2026-05-19T13:15:00+00:00,0.0,1.0
3472,2026-05-19T13:20:00+00:00,0.0,1.0
3473,2026-05-19T13:25:00+00:00,0.0,1.0
3474,2026-05-19T13:30:00+00:00,0.0,1.0
3475,2026-05-19T13:35:00+00:00,0.0,1.0
3476,2026-05-19T13:40:00+00:00,0.0,1.0
3477,2026-05-19T13:45:00+00:00,0.0,1.0
3478,2026-05-19T13:50:00+00:00,0.0,1.0
3479,2026-05-19T13:55:00+00:00,0.0,1.0
3480,2026-05-19T14:00:00+00:00,0.0,1.0
3481,2026-05-19T14:05:00+00:00,0.0,1.0
3482,2026-05-19T14:10:00+00:00,0.0,1.0
3483,2026-05-19T14:15:00+00:00,0.0,1.0
3484,2026-05-19T14:20:00+00:00,0.0,1.0
3485,2026-05-19T14:25:00+00:00,0.0,1.0
3486,2026-05-19T14:30:00+00:00,0.0,1.0
3487,2026-05-19T14:35:00+00:00,0.0,1.0
3488,2026-05-19T14:40:00+00:00,0.0,1.0
3489,2026-05-19T14:45:00+00:00,0.0,1.0
3490,2026-05-19T14:50:00+00:00,0.0,1.0
3491,2026-05-19T14:55:00+00:00,0.0,1.0
3492,2026-05-19T15:00:00+00:00,0.0,1.0
3493,2026-05-19T15:05:00+00:00,0.0,1.0
3494,2026-05-19T15:10:00+00:00,0.0,1.0
3495,2026-05-19T15:15:00+00:00,0.0,1.0
3496,2026-05-19T15:20:00+00:00,0.0,1.0
3497,2026-05-19T15:25:00+00:00,0.0,1.0
3498,2026-05-19T15:30:00+00:00,0.0,1.0
3499,2026-05-19T15:35:00+00:00,0.0,1.0
3500,2026-05-19T15:40:00+00:00,0.0,1.0
3501,2026-05-19T15:45:00+00:00,0.0,1.0
3502,2026-05-19T15:50:00+00:00,0.0,1.0
3503,2026-05-19T15:55:00+00:00,0.0,1.0
3504,2026-05-19T16:00:00+00:00,0.0,1.0
3505,2026-05-19T16:05:00+00:00,0.0,1.0
3506,2026-05-19T16:10:00+00:00,0.0,1.0
3507,2026-05-19T16:15:00+00:00,0.0,1.0
3508,2026-05-19T16:20:00+00:00,0.0,1.0
3509,2026-05-19T16:25:00+00:00,0.0,1.0
3510,2026-05-19T16:30:00+00:00,0.0,1.0
3511,2026-05-19T16:35:00+00:00,0.0,1.0
3512,2026-05-19T16:40:00+00:00,0.0,1.0
3513,2026-05-19T16:45:00+00:00,0.0,1.0
3514,2026-05-19T16:50:00+00:00,0.0,1.0
3515,2026-05-19T16:55:00+00:00,0.0,1.0
3516,2026-05-19T17:00:00+00:00,0.0,1.0
3517,2026-05-19T17:05:00+00:00,0.0,1.0
3518,2026-05-19T17:10:00+00:00,0.0,1.0
3519,2026-05-19T17:15:00+00:00,0.0,1.0
3520,2026-05-19T17:20:00+00:00,0.0,1.0
3521,2026-05-19T17:25:00+00:00,0.0,1.0
3522,2026-05-19T17:30:00+00:00,0.0,1.0
3523,2026-05-19T17:35:00+00:00,0.0,1.0
3524,2026-05-19T17:40:00+00:00,0.0,1.0
3525,2026-05-19T17:45:00+00:00,0.0,1.0
3526,2026-05-19T17:50:00+00:00,0.0,1.0
3527,2026-05-19T17:55:00+00:00,0.0,1.0
3528,2026-05-19T18:00:00+00:00,0.0,1.0
3529,2026-05-19T18:05:00+00:00,0.0,1.0
3530,2026-05-19T18:10:00+00:00,0.0,1.0
3531,2026-05-19T18:15:00+00:00,0.0,1.0
3532,2026-05-19T18:20:00+00:00,0.0,1.0
3533,2026-05-19T18:25:00+00:00,0.0,1.0
3534,2026-05-19T18:30:00+00:00,0.0,1.0
3535,2026-05-19T18:35:00+00:00,0.0,1.0
3536,2026-05-19T18:40:00+00:00,0.0,1.0
3537,2026-05-19T18:45:00+00:00,0.0,1.0
3538,2026-05-19T18:50:00+00:00,0.0,1.0
3539,2026-05-19T18:55:00+00:00,0.0,1.0
3540,2026-05-19T19:00:00+00:00,0.0,1.0
3541,2026-05-19T19:05:00+00:00,0.0,1.0
3542,2026-05-19T19:10:00+00:00,0.0,1.0
3543,2026-05-19T19:15:00+00:00,0.0,1.0
3544,2026-05-19T19:20:00+00:00,0.0,1.0
3545,2026-05-19T19:25:00+00:00,0.0,1.0
3546,2026-05-19T19:30:00+00:00,0.0,1.0
3547,2026-05-19T19:35:00+00:00,0.0,1.0
3548,2026-05-19T19:40:00+00:00,0.0,1.0
3549,2026-05-19T19:45:00+00:00,0.0,1.0
3550,2026-05-19T19:50:00+00:00,0.0,1.0
3551,2026-05-19T19:55:00+00:00,0.0,1.0
3552,2026-05-19T20:00:00+00:00,0.0,1.0
3553,2026-05-19T20:05:00+00:00,0.0,1.0
3554,2026-05-19T20:10:00+00:00,0.0,1.0
3555,2026-05-19T20:15:00+00:00,0.0,1.0
3556,2026-05-19T20:20:00+00:00,0.0,1.0
3557,2026-05-19T20:25:00+00:00,0.0,1.0
3558,2026-05-19T20:30:00+00:00,0.0,1.0
3559,2026-05-19T20:35:00+00:00,0.0,1.0
3560,2026-05-19T20:40:00+00:00,0.0,1.0
3561,2026-05-19T20:45:00+00:00,0.0,1.0
3562,2026-05-19T20:50:00+00:00,0.0,1.0
3563,2026-05-19T20:55:00+00:00,0.0,1.0
3564,2026-05-19T22:00:00+00:00,0.0,1.0
3565,2026-05-19T22:05:00+00:00,0.0,1.0
3566,2026-05-19T22:10:00+00:00,0.0,1.0
3567,2026-05-19T22:15:00+00:00,0.0,1.0
3568,2026-05-19T22:20:00+00:00,0.0,1.0
3569,2026-05-19T22:25:00+00:00,0.0,1.0
3570,2026-05-19T22:30:00+00:00,0.0,1.0
3571,2026-05-19T22:35:00+00:00,0.0,1.0
3572,2026-05-19T22:40:00+00:00,0.0,1.0
3573,2026-05-19T22:45:00+00:00,0.0,1.0
3574,2026-05-19T22:50:00+00:00,0.0,1.0
3575,2026-05-19T22:55:00+00:00,0.0,1.0
3576,2026-05-19T23:00:00+00:00,0.0,1.0
3577,2026-05-19T23:05:00+00:00,0.0,1.0
3578,2026-05-19T23:10:00+00:00,0.0,1.0
3579,2026-05-19T23:15:00+00:00,0.0,1.0
3580,2026-05-19T23:20:00+00:00,0.0,1.0
3581,2026-05-19T23:25:00+00:00,0.0,1.0
3582,2026-05-19T23:30:00+00:00,0.0,1.0
3583,2026-05-19T23:35:00+00:00,0.0,1.0
3584,2026-05-19T23:40:00+00:00,0.0,1.0
3585,2026-05-19T23:45:00+00:00,0.0,1.0
3586,2026-05-19T23:50:00+00:00,0.0,1.0
3587,2026-05-19T23:55:00+00:00,0.0,1.0
3588,2026-05-20T00:00:00+00:00,0.0,1.0
3589,2026-05-20T00:05:00+00:00,0.0,1.0
3590,2026-05-20T00:10:00+00:00,0.0,1.0
3591,2026-05-20T00:15:00+00:00,0.0,1.0
3592,2026-05-20T00:20:00+00:00,0.0,1.0
3593,2026-05-20T00:25:00+00:00,0.0,1.0
3594,2026-05-20T00:30:00+00:00,0.0,1.0
3595,2026-05-20T00:35:00+00:00,0.0,1.0
3596,2026-05-20T00:40:00+00:00,0.0,1.0
3597,2026-05-20T00:45:00+00:00,0.0,1.0
3598,2026-05-20T00:50:00+00:00,0.0,1.0
3599,2026-05-20T00:55:00+00:00,0.0,1.0
3600,2026-05-20T01:00:00+00:00,0.0,1.0
3601,2026-05-20T01:05:00+00:00,0.0,1.0
3602,2026-05-20T01:10:00+00:00,0.0,1.0
3603,2026-05-20T01:15:00+00:00,0.0,1.0
3604,2026-05-20T01:20:00+00:00,0.0,1.0
3605,2026-05-20T01:25:00+00:00,0.0,1.0
3606,2026-05-20T01:30:00+00:00,0.0,1.0
3607,2026-05-20T01:35:00+00:00,0.0,1.0
3608,2026-05-20T01:40:00+00:00,0.0,1.0
3609,2026-05-20T01:45:00+00:00,0.0,1.0
3610,2026-05-20T01:50:00+00:00,0.0,1.0
3611,2026-05-20T01:55:00+00:00,0.0,1.0
3612,2026-05-20T02:00:00+00:00,0.0,1.0
3613,2026-05-20T02:05:00+00:00,0.0,1.0
3614,2026-05-20T02:10:00+00:00,0.0,1.0
3615,2026-05-20T02:15:00+00:00,0.0,1.0
3616,2026-05-20T02:20:00+00:00,0.0,1.0
3617,2026-05-20T02:25:00+00:00,0.0,1.0
3618,2026-05-20T02:30:00+00:00,0.0,1.0
3619,2026-05-20T02:35:00+00:00,0.0,1.0
3620,2026-05-20T02:40:00+00:00,0.0,1.0
3621,2026-05-20T02:45:00+00:00,0.0,1.0
3622,2026-05-20T02:50:00+00:00,0.0,1.0
3623,2026-05-20T02:55:00+00:00,0.0,1.0
3624,2026-05-20T03:00:00+00:00,0.0,1.0
3625,2026-05-20T03:05:00+00:00,0.0,1.0
3626,2026-05-20T03:10:00+00:00,0.0,1.0
3627,2026-05-20T03:15:00+00:00,0.0,1.0
3628,2026-05-20T03:20:00+00:00,0.0,1.0
3629,2026-05-20T03:25:00+00:00,0.0,1.0
3630,2026-05-20T03:30:00+00:00,0.0,1.0
3631,2026-05-20T03:35:00+00:00,0.0,1.0
3632,2026-05-20T03:40:00+00:00,0.0,1.0
3633,2026-05-20T03:45:00+00:00,0.0,1.0
3634,2026-05-20T03:50:00+00:00,0.0,1.0
3635,2026-05-20T03:55:00+00:00,0.0,1.0
3636,2026-05-20T04:00:00+00:00,0.0,1.0
3637,2026-05-20T04:05:00+00:00,0.0,1.0
3638,2026-05-20T04:10:00+00:00,0.0,1.0
3639,2026-05-20T04:15:00+00:00,0.0,1.0
3640,2026-05-20T04:20:00+00:00,0.0,1.0
3641,2026-05-20T04:25:00+00:00,0.0,1.0
3642,2026-05-20T04:30:00+00:00,0.0,1.0
3643,2026-05-20T04:35:00+00:00,0.0,1.0
3644,2026-05-20T04:40:00+00:00,0.0,1.0
3645,2026-05-20T04:45:00+00:00,0.0,1.0
3646,2026-05-20T04:50:00+00:00,0.0,1.0
3647,2026-05-20T04:55:00+00:00,0.0,1.0
3648,2026-05-20T05:00:00+00:00,0.0,1.0
3649,2026-05-20T05:05:00+00:00,0.0,1.0
3650,2026-05-20T05:10:00+00:00,0.0,1.0
3651,2026-05-20T05:15:00+00:00,0.0,1.0
3652,2026-05-20T05:20:00+00:00,0.0,1.0
3653,2026-05-20T05:25:00+00:00,0.0,1.0
3654,2026-05-20T05:30:00+00:00,0.0,1.0
3655,2026-05-20T05:35:00+00:00,0.0,1.0
3656,2026-05-20T05:40:00+00:00,0.0,1.0
3657,2026-05-20T05:45:00+00:00,0.0,1.0
3658,2026-05-20T05:50:00+00:00,0.0,1.0
3659,2026-05-20T05:55:00+00:00,0.0,1.0
3660,2026-05-20T06:00:00+00:00,0.0,1.0
3661,2026-05-20T06:05:00+00:00,0.0,1.0
3662,2026-05-20T06:10:00+00:00,0.0,1.0
3663,2026-05-20T06:15:00+00:00,0.0,1.0
3664,2026-05-20T06:20:00+00:00,0.0,1.0
3665,2026-05-20T06:25:00+00:00,0.0,1.0
3666,2026-05-20T06:30:00+00:00,0.0,1.0
3667,2026-05-20T06:35:00+00:00,0.0,1.0
3668,2026-05-20T06:40:00+00:00,0.0,1.0
3669,2026-05-20T06:45:00+00:00,0.0,1.0
3670,2026-05-20T06:50:00+00:00,0.0,1.0
3671,2026-05-20T06:55:00+00:00,0.0,1.0
3672,2026-05-20T07:00:00+00:00,0.0,1.0
3673,2026-05-20T07:05:00+00:00,0.0,1.0
3674,2026-05-20T07:10:00+00:00,0.0,1.0
3675,2026-05-20T07:15:00+00:00,0.0,1.0
3676,2026-05-20T07:20:00+00:00,0.0,1.0
3677,2026-05-20T07:25:00+00:00,0.0,1.0
3678,2026-05-20T07:30:00+00:00,0.0,1.0
3679,2026-05-20T07:35:00+00:00,0.0,1.0
3680,2026-05-20T07:40:00+00:00,0.0,1.0
3681,2026-05-20T07:45:00+00:00,0.0,1.0
3682,2026-05-20T07:50:00+00:00,0.0,1.0
3683,2026-05-20T07:55:00+00:00,0.0,1.0
3684,2026-05-20T08:00:00+00:00,0.0,1.0
3685,2026-05-20T08:05:00+00:00,0.0,1.0
3686,2026-05-20T08:10:00+00:00,0.0,1.0
3687,2026-05-20T08:15:00+00:00,0.0,1.0
3688,2026-05-20T08:20:00+00:00,0.0,1.0
3689,2026-05-20T08:25:00+00:00,0.0,1.0
3690,2026-05-20T08:30:00+00:00,0.0,1.0
3691,2026-05-20T08:35:00+00:00,0.0,1.0
3692,2026-05-20T08:40:00+00:00,0.0,1.0
3693,2026-05-20T08:45:00+00:00,0.0,1.0
3694,2026-05-20T08:50:00+00:00,0.0,1.0
3695,2026-05-20T08:55:00+00:00,0.0,1.0
3696,2026-05-20T09:00:00+00:00,0.0,1.0
3697,2026-05-20T09:05:00+00:00,0.0,1.0
3698,2026-05-20T09:10:00+00:00,0.0,1.0
3699,2026-05-20T09:15:00+00:00,0.0,1.0
3700,2026-05-20T09:20:00+00:00,0.0,1.0
3701,2026-05-20T09:25:00+00:00,0.0,1.0
3702,2026-05-20T09:30:00+00:00,0.0,1.0
3703,2026-05-20T09:35:00+00:00,0.0,1.0
3704,2026-05-20T09:40:00+00:00,0.0,1.0
3705,2026-05-20T09:45:00+00:00,0.0,1.0
3706,2026-05-20T09:50:00+00:00,0.0,1.0
3707,2026-05-20T09:55:00+00:00,0.0,1.0
3708,2026-05-20T10:00:00+00:00,0.0,1.0
3709,2026-05-20T10:05:00+00:00,0.0,1.0
3710,2026-05-20T10:10:00+00:00,0.0,1.0
3711,2026-05-20T10:15:00+00:00,0.0,1.0
3712,2026-05-20T10:20:00+00:00,0.0,1.0
3713,2026-05-20T10:25:00+00:00,0.0,1.0
3714,2026-05-20T10:30:00+00:00,0.0,1.0
3715,2026-05-20T10:35:00+00:00,0.0,1.0
3716,2026-05-20T10:40:00+00:00,0.0,1.0
3717,2026-05-20T10:45:00+00:00,0.0,1.0
3718,2026-05-20T10:50:00+00:00,0.0,1.0
3719,2026-05-20T10:55:00+00:00,0.0,1.0
3720,2026-05-20T11:00:00+00:00,0.0,1.0
3721,2026-05-20T11:05:00+00:00,0.0,1.0
3722,2026-05-20T11:10:00+00:00,0.0,1.0
3723,2026-05-20T11:15:00+00:00,0.0,1.0
3724,2026-05-20T11:20:00+00:00,0.0,1.0
3725,2026-05-20T11:25:00+00:00,0.0,1.0
3726,2026-05-20T11:30:00+00:00,0.0,1.0
3727,2026-05-20T11:35:00+00:00,0.0,1.0
3728,2026-05-20T11:40:00+00:00,0.0,1.0
3729,2026-05-20T11:45:00+00:00,0.0,1.0
3730,2026-05-20T11:50:00+00:00,0.0,1.0
3731,2026-05-20T11:55:00+00:00,0.0,1.0
3732,2026-05-20T12:00:00+00:00,0.0,1.0
3733,2026-05-20T12:05:00+00:00,0.0,1.0
3734,2026-05-20T12:10:00+00:00,0.0,1.0
3735,2026-05-20T12:15:00+00:00,0.0,1.0
3736,2026-05-20T12:20:00+00:00,0.0,1.0
3737,2026-05-20T12:25:00+00:00,0.0,1.0
3738,2026-05-20T12:30:00+00:00,0.0,1.0
3739,2026-05-20T12:35:00+00:00,0.0,1.0
3740,2026-05-20T12:40:00+00:00,0.0,1.0
3741,2026-05-20T12:45:00+00:00,0.0,1.0
3742,2026-05-20T12:50:00+00:00,0.0,1.0
3743,2026-05-20T12:55:00+00:00,0.0,1.0
3744,2026-05-20T13:00:00+00:00,0.0,1.0
3745,2026-05-20T13:05:00+00:00,0.0,1.0
3746,2026-05-20T13:10:00+00:00,0.0,1.0
3747,2026-05-20T13:15:00+00:00,0.0,1.0
3748,2026-05-20T13:20:00+00:00,0.0,1.0
3749,2026-05-20T13:25:00+00:00,0.0,1.0
3750,2026-05-20T13:30:00+00:00,0.0,1.0
3751,2026-05-20T13:35:00+00:00,0.0,1.0
3752,2026-05-20T13:40:00+00:00,0.0,1.0
3753,2026-05-20T13:45:00+00:00,0.0,1.0
3754,2026-05-20T13:50:00+00:00,0.0,1.0
3755,2026-05-20T13:55:00+00:00,0.0,1.0
3756,2026-05-20T14:00:00+00:00,0.0,1.0
3757,2026-05-20T14:05:00+00:00,0.0,1.0
3758,2026-05-20T14:10:00+00:00,0.0,1.0
3759,2026-05-20T14:15:00+00:00,0.0,1.0
3760,2026-05-20T14:20:00+00:00,0.0,1.0
3761,2026-05-20T14:25:00+00:00,0.0,1.0
3762,2026-05-20T14:30:00+00:00,0.0,1.0
3763,2026-05-20T14:35:00+00:00,0.0,1.0
3764,2026-05-20T14:40:00+00:00,0.0,1.0
3765,2026-05-20T14:45:00+00:00,0.0,1.0
3766,2026-05-20T14:50:00+00:00,0.0,1.0
3767,2026-05-20T14:55:00+00:00,0.0,1.0
3768,2026-05-20T15:00:00+00:00,0.0,1.0
3769,2026-05-20T15:05:00+00:00,0.0,1.0
3770,2026-05-20T15:10:00+00:00,0.0,1.0
3771,2026-05-20T15:15:00+00:00,0.0,1.0
3772,2026-05-20T15:20:00+00:00,0.0,1.0
3773,2026-05-20T15:25:00+00:00,0.0,1.0
3774,2026-05-20T15:30:00+00:00,0.0,1.0
3775,2026-05-20T15:35:00+00:00,0.0,1.0
3776,2026-05-20T15:40:00+00:00,0.0,1.0
3777,2026-05-20T15:45:00+00:00,0.0,1.0
3778,2026-05-20T15:50:00+00:00,0.0,1.0
3779,2026-05-20T15:55:00+00:00,0.0,1.0
3780,2026-05-20T16:00:00+00:00,0.0,1.0
3781,2026-05-20T16:05:00+00:00,0.0,1.0
3782,2026-05-20T16:10:00+00:00,0.0,1.0
3783,2026-05-20T16:15:00+00:00,0.0,1.0
3784,2026-05-20T16:20:00+00:00,0.0,1.0
3785,2026-05-20T16:25:00+00:00,0.0,1.0
3786,2026-05-20T16:30:00+00:00,0.0,1.0
3787,2026-05-20T16:35:00+00:00,0.0,1.0
3788,2026-05-20T16:40:00+00:00,0.0,1.0
3789,2026-05-20T16:45:00+00:00,0.0,1.0
3790,2026-05-20T16:50:00+00:00,0.0,1.0
3791,2026-05-20T16:55:00+00:00,0.0,1.0
3792,2026-05-20T17:00:00+00:00,0.0,1.0
3793,2026-05-20T17:05:00+00:00,0.0,1.0
3794,2026-05-20T17:10:00+00:00,0.0,1.0
3795,2026-05-20T17:15:00+00:00,0.0,1.0
3796,2026-05-20T17:20:00+00:00,0.0,1.0
3797,2026-05-20T17:25:00+00:00,0.0,1.0
3798,2026-05-20T17:30:00+00:00,0.0,1.0
3799,2026-05-20T17:35:00+00:00,0.0,1.0
3800,2026-05-20T17:40:00+00:00,0.0,1.0
3801,2026-05-20T17:45:00+00:00,0.0,1.0
3802,2026-05-20T17:50:00+00:00,0.0,1.0
3803,2026-05-20T17:55:00+00:00,0.0,1.0
3804,2026-05-20T18:00:00+00:00,0.0,1.0
3805,2026-05-20T18:05:00+00:00,0.0,1.0
3806,2026-05-20T18:10:00+00:00,0.0,1.0
3807,2026-05-20T18:15:00+00:00,0.0,1.0
3808,2026-05-20T18:20:00+00:00,0.0,1.0
3809,2026-05-20T18:25:00+00:00,0.0,1.0
3810,2026-05-20T18:30:00+00:00,0.0,1.0
3811,2026-05-20T18:35:00+00:00,0.0,1.0
3812,2026-05-20T18:40:00+00:00,0.0,1.0
3813,2026-05-20T18:45:00+00:00,0.0,1.0
3814,2026-05-20T18:50:00+00:00,0.0,1.0
3815,2026-05-20T18:55:00+00:00,0.0,1.0
3816,2026-05-20T19:00:00+00:00,0.0,1.0
3817,2026-05-20T19:05:00+00:00,0.0,1.0
3818,2026-05-20T19:10:00+00:00,0.0,1.0
3819,2026-05-20T19:15:00+00:00,0.0,1.0
3820,2026-05-20T19:20:00+00:00,0.0,1.0
3821,2026-05-20T19:25:00+00:00,0.0,1.0
3822,2026-05-20T19:30:00+00:00,0.0,1.0
3823,2026-05-20T19:35:00+00:00,0.0,1.0
3824,2026-05-20T19:40:00+00:00,0.0,1.0
3825,2026-05-20T19:45:00+00:00,0.0,1.0
3826,2026-05-20T19:50:00+00:00,0.0,1.0
3827,2026-05-20T19:55:00+00:00,0.0,1.0
3828,2026-05-20T20:00:00+00:00,0.0,1.0
3829,2026-05-20T20:05:00+00:00,0.0,1.0
3830,2026-05-20T20:10:00+00:00,0.0,1.0
3831,2026-05-20T20:15:00+00:00,0.0,1.0
3832,2026-05-20T20:20:00+00:00,0.0,1.0
3833,2026-05-20T20:25:00+00:00,0.0,1.0
3834,2026-05-20T20:30:00+00:00,0.0,1.0
3835,2026-05-20T20:35:00+00:00,0.0,1.0
3836,2026-05-20T20:40:00+00:00,0.0,1.0
3837,2026-05-20T20:45:00+00:00,0.0,1.0
3838,2026-05-20T20:50:00+00:00,0.0,1.0
3839,2026-05-20T20:55:00+00:00,0.0,1.0
3840,2026-05-20T22:00:00+00:00,0.0,1.0
3841,2026-05-20T22:05:00+00:00,0.0,1.0
3842,2026-05-20T22:10:00+00:00,0.0,1.0
3843,2026-05-20T22:15:00+00:00,0.0,1.0
3844,2026-05-20T22:20:00+00:00,0.0,1.0
3845,2026-05-20T22:25:00+00:00,0.0,1.0
3846,2026-05-20T22:30:00+00:00,0.0,1.0
3847,2026-05-20T22:35:00+00:00,0.0,1.0
3848,2026-05-20T22:40:00+00:00,0.0,1.0
3849,2026-05-20T22:45:00+00:00,0.0,1.0
3850,2026-05-20T22:50:00+00:00,0.0,1.0
3851,2026-05-20T22:55:00+00:00,0.0,1.0
3852,2026-05-20T23:00:00+00:00,0.0,1.0
3853,2026-05-20T23:05:00+00:00,0.0,1.0
3854,2026-05-20T23:10:00+00:00,0.0,1.0
3855,2026-05-20T23:15:00+00:00,0.0,1.0
3856,2026-05-20T23:20:00+00:00,0.0,1.0
3857,2026-05-20T23:25:00+00:00,0.0,1.0
3858,2026-05-20T23:30:00+00:00,0.0,1.0
3859,2026-05-20T23:35:00+00:00,0.0,1.0
3860,2026-05-20T23:40:00+00:00,0.0,1.0
3861,2026-05-20T23:45:00+00:00,0.0,1.0
3862,2026-05-20T23:50:00+00:00,0.0,1.0
3863,2026-05-20T23:55:00+00:00,0.0,1.0
3864,2026-05-21T00:00:00+00:00,0.0,1.0
3865,2026-05-21T00:05:00+00:00,0.0,1.0
3866,2026-05-21T00:10:00+00:00,0.0,1.0
3867,2026-05-21T00:15:00+00:00,0.0,1.0
3868,2026-05-21T00:20:00+00:00,0.0,1.0
3869,2026-05-21T00:25:00+00:00,0.0,1.0
3870,2026-05-21T00:30:00+00:00,0.0,1.0
3871,2026-05-21T00:35:00+00:00,0.0,1.0
3872,2026-05-21T00:40:00+00:00,0.0,1.0
3873,2026-05-21T00:45:00+00:00,0.0,1.0
3874,2026-05-21T00:50:00+00:00,0.0,1.0
3875,2026-05-21T00:55:00+00:00,0.0,1.0
3876,2026-05-21T01:00:00+00:00,0.0,1.0
3877,2026-05-21T01:05:00+00:00,0.0,1.0
3878,2026-05-21T01:10:00+00:00,0.0,1.0
3879,2026-05-21T01:15:00+00:00,0.0,1.0
3880,2026-05-21T01:20:00+00:00,0.0,1.0
3881,2026-05-21T01:25:00+00:00,0.0,1.0
3882,2026-05-21T01:30:00+00:00,0.0,1.0
3883,2026-05-21T01:35:00+00:00,0.0,1.0
3884,2026-05-21T01:40:00+00:00,0.0,1.0
3885,2026-05-21T01:45:00+00:00,0.0,1.0
3886,2026-05-21T01:50:00+00:00,0.0,1.0
3887,2026-05-21T01:55:00+00:00,0.0,1.0
3888,2026-05-21T02:00:00+00:00,0.0,1.0
3889,2026-05-21T02:05:00+00:00,0.0,1.0
3890,2026-05-21T02:10:00+00:00,0.0,1.0
3891,2026-05-21T02:15:00+00:00,0.0,1.0
3892,2026-05-21T02:20:00+00:00,0.0,1.0
3893,2026-05-21T02:25:00+00:00,0.0,1.0
3894,2026-05-21T02:30:00+00:00,0.0,1.0
3895,2026-05-21T02:35:00+00:00,0.0,1.0
3896,2026-05-21T02:40:00+00:00,0.0,1.0
3897,2026-05-21T02:45:00+00:00,0.0,1.0
3898,2026-05-21T02:50:00+00:00,0.0,1.0
3899,2026-05-21T02:55:00+00:00,0.0,1.0
3900,2026-05-21T03:00:00+00:00,0.0,1.0
3901,2026-05-21T03:05:00+00:00,0.0,1.0
3902,2026-05-21T03:10:00+00:00,0.0,1.0
3903,2026-05-21T03:15:00+00:00,0.0,1.0
3904,2026-05-21T03:20:00+00:00,0.0,1.0
3905,2026-05-21T03:25:00+00:00,0.0,1.0
3906,2026-05-21T03:30:00+00:00,0.0,1.0
3907,2026-05-21T03:35:00+00:00,0.0,1.0
3908,2026-05-21T03:40:00+00:00,0.0,1.0
3909,2026-05-21T03:45:00+00:00,0.0,1.0
3910,2026-05-21T03:50:00+00:00,0.0,1.0
3911,2026-05-21T03:55:00+00:00,0.0,1.0
3912,2026-05-21T04:00:00+00:00,0.0,1.0
3913,2026-05-21T04:05:00+00:00,0.0,1.0
3914,2026-05-21T04:10:00+00:00,0.0,1.0
3915,2026-05-21T04:15:00+00:00,0.0,1.0
3916,2026-05-21T04:20:00+00:00,0.0,1.0
3917,2026-05-21T04:25:00+00:00,0.0,1.0
3918,2026-05-21T04:30:00+00:00,0.0,1.0
3919,2026-05-21T04:35:00+00:00,0.0,1.0
3920,2026-05-21T04:40:00+00:00,0.0,1.0
3921,2026-05-21T04:45:00+00:00,0.0,1.0
3922,2026-05-21T04:50:00+00:00,0.0,1.0
3923,2026-05-21T04:55:00+00:00,0.0,1.0
3924,2026-05-21T05:00:00+00:00,0.0,1.0
3925,2026-05-21T05:05:00+00:00,0.0,1.0
3926,2026-05-21T05:10:00+00:00,0.0,1.0
3927,2026-05-21T05:15:00+00:00,0.0,1.0
3928,2026-05-21T05:20:00+00:00,0.0,1.0
3929,2026-05-21T05:25:00+00:00,0.0,1.0
3930,2026-05-21T05:30:00+00:00,0.0,1.0
3931,2026-05-21T05:35:00+00:00,0.0,1.0
3932,2026-05-21T05:40:00+00:00,0.0,1.0
3933,2026-05-21T05:45:00+00:00,0.0,1.0
3934,2026-05-21T05:50:00+00:00,0.0,1.0
3935,2026-05-21T05:55:00+00:00,0.0,1.0
3936,2026-05-21T06:00:00+00:00,0.0,1.0
3937,2026-05-21T06:05:00+00:00,0.0,1.0
3938,2026-05-21T06:10:00+00:00,0.0,1.0
3939,2026-05-21T06:15:00+00:00,0.0,1.0
3940,2026-05-21T06:20:00+00:00,0.0,1.0
3941,2026-05-21T06:25:00+00:00,0.0,1.0
3942,2026-05-21T06:30:00+00:00,0.0,1.0
3943,2026-05-21T06:35:00+00:00,0.0,1.0
3944,2026-05-21T06:40:00+00:00,0.0,1.0
3945,2026-05-21T06:45:00+00:00,0.0,1.0
3946,2026-05-21T06:50:00+00:00,0.0,1.0
3947,2026-05-21T06:55:00+00:00,0.0,1.0
3948,2026-05-21T07:00:00+00:00,0.0,1.0
3949,2026-05-21T07:05:00+00:00,0.0,1.0
3950,2026-05-21T07:10:00+00:00,0.0,1.0
3951,2026-05-21T07:15:00+00:00,0.0,1.0
3952,2026-05-21T07:20:00+00:00,0.0,1.0
3953,2026-05-21T07:25:00+00:00,0.0,1.0
3954,2026-05-21T07:30:00+00:00,0.0,1.0
3955,2026-05-21T07:35:00+00:00,0.0,1.0
3956,2026-05-21T07:40:00+00:00,0.0,1.0
3957,2026-05-21T07:45:00+00:00,0.0,1.0
3958,2026-05-21T07:50:00+00:00,0.0,1.0
3959,2026-05-21T07:55:00+00:00,0.0,1.0
3960,2026-05-21T08:00:00+00:00,0.0,1.0
3961,2026-05-21T08:05:00+00:00,0.0,1.0
3962,2026-05-21T08:10:00+00:00,0.0,1.0
3963,2026-05-21T08:15:00+00:00,0.0,1.0
3964,2026-05-21T08:20:00+00:00,0.0,1.0
3965,2026-05-21T08:25:00+00:00,0.0,1.0
3966,2026-05-21T08:30:00+00:00,0.0,1.0
3967,2026-05-21T08:35:00+00:00,0.0,1.0
3968,2026-05-21T08:40:00+00:00,0.0,1.0
3969,2026-05-21T08:45:00+00:00,0.0,1.0
3970,2026-05-21T08:50:00+00:00,0.0,1.0
3971,2026-05-21T08:55:00+00:00,0.0,1.0
3972,2026-05-21T09:00:00+00:00,0.0,1.0
3973,2026-05-21T09:05:00+00:00,0.0,1.0
3974,2026-05-21T09:10:00+00:00,0.0,1.0
3975,2026-05-21T09:15:00+00:00,0.0,1.0
3976,2026-05-21T09:20:00+00:00,0.0,1.0
3977,2026-05-21T09:25:00+00:00,0.0,1.0
3978,2026-05-21T09:30:00+00:00,0.0,1.0
3979,2026-05-21T09:35:00+00:00,0.0,1.0
3980,2026-05-21T09:40:00+00:00,0.0,1.0
3981,2026-05-21T09:45:00+00:00,0.0,1.0
3982,2026-05-21T09:50:00+00:00,0.0,1.0
3983,2026-05-21T09:55:00+00:00,0.0,1.0
3984,2026-05-21T10:00:00+00:00,0.0,1.0
3985,2026-05-21T10:05:00+00:00,0.0,1.0
3986,2026-05-21T10:10:00+00:00,0.0,1.0
3987,2026-05-21T10:15:00+00:00,0.0,1.0
3988,2026-05-21T10:20:00+00:00,0.0,1.0
3989,2026-05-21T10:25:00+00:00,-1.0,2.0
3990,2026-05-21T10:30:00+00:00,-1.0,2.0
3991,2026-05-21T10:35:00+00:00,-1.0,2.0
3992,2026-05-21T10:40:00+00:00,-1.0,2.0
3993,2026-05-21T10:45:00+00:00,-1.0,2.0
3994,2026-05-21T10:50:00+00:00,-1.0,2.0
3995,2026-05-21T10:55:00+00:00,-1.0,2.0
3996,2026-05-21T11:00:00+00:00,-1.0,2.0
3997,2026-05-21T11:05:00+00:00,-1.0,2.0
3998,2026-05-21T11:10:00+00:00,-1.0,2.0
3999,2026-05-21T11:15:00+00:00,-1.0,2.0
4000,2026-05-21T11:20:00+00:00,-1.0,2.0
4001,2026-05-21T11:25:00+00:00,-1.0,2.0
4002,2026-05-21T11:30:00+00:00,-1.0,2.0
4003,2026-05-21T11:35:00+00:00,-1.0,2.0
4004,2026-05-21T11:40:00+00:00,-1.0,2.0
4005,2026-05-21T11:45:00+00:00,-1.0,2.0
4006,2026-05-21T11:50:00+00:00,-1.0,2.0
4007,2026-05-21T11:55:00+00:00,-1.0,2.0
4008,2026-05-21T12:00:00+00:00,-1.0,2.0
4009,2026-05-21T12:05:00+00:00,-1.0,2.0
4010,2026-05-21T12:10:00+00:00,-1.0,2.0
4011,2026-05-21T12:15:00+00:00,-1.0,2.0
4012,2026-05-21T12:20:00+00:00,-1.0,2.0
4013,2026-05-21T12:25:00+00:00,-1.0,2.0
4014,2026-05-21T12:30:00+00:00,-1.0,2.0
4015,2026-05-21T12:35:00+00:00,-1.0,2.0
4016,2026-05-21T12:40:00+00:00,-1.0,2.0
4017,2026-05-21T12:45:00+00:00,-1.0,2.0
4018,2026-05-21T12:50:00+00:00,-1.0,2.0
4019,2026-05-21T12:55:00+00:00,-1.0,2.0
4020,2026-05-21T13:00:00+00:00,-1.0,2.0
4021,2026-05-21T13:05:00+00:00,-1.0,2.0
4022,2026-05-21T13:10:00+00:00,-1.0,2.0
4023,2026-05-21T13:15:00+00:00,-1.0,2.0
4024,2026-05-21T13:20:00+00:00,-1.0,2.0
4025,2026-05-21T13:25:00+00:00,-1.0,2.0
4026,2026-05-21T13:30:00+00:00,-1.0,2.0
4027,2026-05-21T13:35:00+00:00,-1.0,2.0
4028,2026-05-21T13:40:00+00:00,-1.0,2.0
4029,2026-05-21T13:45:00+00:00,-1.0,2.0
4030,2026-05-21T13:50:00+00:00,-1.0,2.0
4031,2026-05-21T13:55:00+00:00,-1.0,2.0
4032,2026-05-21T14:00:00+00:00,-1.0,2.0
4033,2026-05-21T14:05:00+00:00,-1.0,2.0
4034,2026-05-21T14:10:00+00:00,-1.0,2.0
4035,2026-05-21T14:15:00+00:00,-1.0,2.0
4036,2026-05-21T14:20:00+00:00,-1.0,2.0
4037,2026-05-21T14:25:00+00:00,-1.0,2.0
4038,2026-05-21T14:30:00+00:00,-1.0,2.0
4039,2026-05-21T14:35:00+00:00,-1.0,2.0
4040,2026-05-21T14:40:00+00:00,-1.0,2.0
4041,2026-05-21T14:45:00+00:00,-1.0,2.0
4042,2026-05-21T14:50:00+00:00,-1.0,2.0
4043,2026-05-21T14:55:00+00:00,-1.0,2.0
4044,2026-05-21T15:00:00+00:00,-1.0,2.0
4045,2026-05-21T15:05:00+00:00,-1.0,2.0
4046,2026-05-21T15:10:00+00:00,-1.0,2.0
4047,2026-05-21T15:15:00+00:00,-1.0,2.0
4048,2026-05-21T15:20:00+00:00,-1.0,2.0
4049,2026-05-21T15:25:00+00:00,-1.0,2.0
4050,2026-05-21T15:30:00+00:00,-1.0,2.0
4051,2026-05-21T15:35:00+00:00,-1.0,2.0
4052,2026-05-21T15:40:00+00:00,-1.0,2.0
4053,2026-05-21T15:45:00+00:00,-1.0,2.0
4054,2026-05-21T15:50:00+00:00,-1.0,2.0
4055,2026-05-21T15:55:00+00:00,-1.0,2.0
4056,2026-05-21T16:00:00+00:00,-1.0,2.0
4057,2026-05-21T16:05:00+00:00,-1.0,2.0
4058,2026-05-21T16:10:00+00:00,-1.0,2.0
4059,2026-05-21T16:15:00+00:00,-1.0,2.0
4060,2026-05-21T16:20:00+00:00,-1.0,2.0
4061,2026-05-21T16:25:00+00:00,-1.0,2.0
4062,2026-05-21T16:30:00+00:00,-1.0,2.0
4063,2026-05-21T16:35:00+00:00,-1.0,2.0
4064,2026-05-21T16:40:00+00:00,-1.0,2.0
4065,2026-05-21T16:45:00+00:00,-1.0,2.0
4066,2026-05-21T16:50:00+00:00,-1.0,2.0
4067,2026-05-21T16:55:00+00:00,-1.0,2.0
4068,2026-05-21T17:00:00+00:00,-1.0,2.0
4069,2026-05-21T17:05:00+00:00,-1.0,2.0
4070,2026-05-21T17:10:00+00:00,-1.0,2.0
4071,2026-05-21T17:15:00+00:00,-1.0,2.0
4072,2026-05-21T17:20:00+00:00,-1.0,2.0
4073,2026-05-21T17:25:00+00:00,-1.0,2.0
4074,2026-05-21T17:30:00+00:00,-1.0,2.0
4075,2026-05-21T17:35:00+00:00,-1.0,2.0
4076,2026-05-21T17:40:00+00:00,-1.0,2.0
4077,2026-05-21T17:45:00+00:00,-1.0,2.0
4078,2026-05-21T17:50:00+00:00,-1.0,2.0
4079,2026-05-21T17:55:00+00:00,-1.0,2.0
4080,2026-05-21T18:00:00+00:00,-1.0,2.0
4081,2026-05-21T18:05:00+00:00,-1.0,2.0
4082,2026-05-21T18:10:00+00:00,-1.0,2.0
4083,2026-05-21T18:15:00+00:00,-1.0,2.0
4084,2026-05-21T18:20:00+00:00,-1.0,2.0
4085,2026-05-21T18:25:00+00:00,-1.0,2.0
4086,2026-05-21T18:30:00+00:00,-1.0,2.0
4087,2026-05-21T18:35:00+00:00,-1.0,2.0
4088,2026-05-21T18:40:00+00:00,-1.0,2.0
4089,2026-05-21T18:45:00+00:00,-1.0,2.0
4090,2026-05-21T18:50:00+00:00,-1.0,2.0
4091,2026-05-21T18:55:00+00:00,-1.0,2.0
4092,2026-05-21T19:00:00+00:00,-1.0,2.0
4093,2026-05-21T19:05:00+00:00,-1.0,2.0
4094,2026-05-21T19:10:00+00:00,-1.0,2.0
4095,2026-05-21T19:15:00+00:00,-1.0,2.0
4096,2026-05-21T19:20:00+00:00,-1.0,2.0
4097,2026-05-21T19:25:00+00:00,-1.0,2.0
4098,2026-05-21T19:30:00+00:00,-1.0,2.0
4099,2026-05-21T19:35:00+00:00,-1.0,2.0
4100,2026-05-21T19:40:00+00:00,-1.0,2.0
4101,2026-05-21T19:45:00+00:00,-1.0,2.0
4102,2026-05-21T19:50:00+00:00,-1.0,2.0
4103,2026-05-21T19:55:00+00:00,-1.0,2.0
4104,2026-05-21T20:00:00+00:00,-1.0,2.0
4105,2026-05-21T20:05:00+00:00,-1.0,2.0
4106,2026-05-21T20:10:00+00:00,-1.0,2.0
4107,2026-05-21T20:15:00+00:00,-1.0,2.0
4108,2026-05-21T20:20:00+00:00,-1.0,2.0
4109,2026-05-21T20:25:00+00:00,-1.0,2.0
4110,2026-05-21T20:30:00+00:00,-1.0,2.0
4111,2026-05-21T20:35:00+00:00,-1.0,2.0
4112,2026-05-21T20:40:00+00:00,-1.0,2.0
4113,2026-05-21T20:45:00+00:00,-1.0,2.0
4114,2026-05-21T20:50:00+00:00,-1.0,2.0
4115,2026-05-21T20:55:00+00:00,-1.0,2.0
4116,2026-05-21T22:00:00+00:00,-1.0,2.0
4117,2026-05-21T22:05:00+00:00,-1.0,2.0
4118,2026-05-21T22:10:00+00:00,-1.0,2.0
4119,2026-05-21T22:15:00+00:00,-1.0,2.0
4120,2026-05-21T22:20:00+00:00,-1.0,2.0
4121,2026-05-21T22:25:00+00:00,-1.0,2.0
4122,2026-05-21T22:30:00+00:00,-1.0,2.0
4123,2026-05-21T22:35:00+00:00,-1.0,2.0
4124,2026-05-21T22:40:00+00:00,-1.0,2.0
4125,2026-05-21T22:45:00+00:00,-1.0,2.0
4126,2026-05-21T22:50:00+00:00,-1.0,2.0
4127,2026-05-21T22:55:00+00:00,-1.0,2.0
4128,2026-05-21T23:00:00+00:00,-1.0,2.0
4129,2026-05-21T23:05:00+00:00,-1.0,2.0
4130,2026-05-21T23:10:00+00:00,-1.0,2.0
4131,2026-05-21T23:15:00+00:00,-1.0,2.0
4132,2026-05-21T23:20:00+00:00,-1.0,2.0
4133,2026-05-21T23:25:00+00:00,-1.0,2.0
4134,2026-05-21T23:30:00+00:00,-1.0,2.0
4135,2026-05-21T23:35:00+00:00,-1.0,2.0
4136,2026-05-21T23:40:00+00:00,-1.0,2.0
4137,2026-05-21T23:45:00+00:00,-1.0,2.0
4138,2026-05-21T23:50:00+00:00,-1.0,2.0
4139,2026-05-21T23:55:00+00:00,-1.0,2.0
4140,2026-05-22T00:00:00+00:00,-1.0,2.0
4141,2026-05-22T00:05:00+00:00,-1.0,2.0
4142,2026-05-22T00:10:00+00:00,-1.0,2.0
4143,2026-05-22T00:15:00+00:00,-1.0,2.0
4144,2026-05-22T00:20:00+00:00,-1.0,2.0
4145,2026-05-22T00:25:00+00:00,-1.0,2.0
4146,2026-05-22T00:30:00+00:00,-1.0,2.0
4147,2026-05-22T00:35:00+00:00,-1.0,2.0
4148,2026-05-22T00:40:00+00:00,-1.0,2.0
4149,2026-05-22T00:45:00+00:00,-1.0,2.0
4150,2026-05-22T00:50:00+00:00,-1.0,2.0
4151,2026-05-22T00:55:00+00:00,-1.0,2.0
4152,2026-05-22T01:00:00+00:00,-1.0,2.0
4153,2026-05-22T01:05:00+00:00,-1.0,2.0
4154,2026-05-22T01:10:00+00:00,-1.0,2.0
4155,2026-05-22T01:15:00+00:00,-1.0,2.0
4156,2026-05-22T01:20:00+00:00,-1.0,2.0
4157,2026-05-22T01:25:00+00:00,-1.0,2.0
4158,2026-05-22T01:30:00+00:00,-1.0,2.0
4159,2026-05-22T01:35:00+00:00,-1.0,2.0
4160,2026-05-22T01:40:00+00:00,-1.0,2.0
4161,2026-05-22T01:45:00+00:00,-1.0,2.0
4162,2026-05-22T01:50:00+00:00,-1.0,2.0
4163,2026-05-22T01:55:00+00:00,-1.0,2.0
4164,2026-05-22T02:00:00+00:00,-1.0,2.0
4165,2026-05-22T02:05:00+00:00,-1.0,2.0
4166,2026-05-22T02:10:00+00:00,-1.0,2.0
4167,2026-05-22T02:15:00+00:00,-1.0,2.0
4168,2026-05-22T02:20:00+00:00,-1.0,2.0
4169,2026-05-22T02:25:00+00:00,-1.0,2.0
4170,2026-05-22T02:30:00+00:00,-1.0,2.0
4171,2026-05-22T02:35:00+00:00,-1.0,2.0
4172,2026-05-22T02:40:00+00:00,-1.0,2.0
4173,2026-05-22T02:45:00+00:00,-1.0,2.0
4174,2026-05-22T02:50:00+00:00,-1.0,2.0
4175,2026-05-22T02:55:00+00:00,-1.0,2.0
4176,2026-05-22T03:00:00+00:00,-1.0,2.0
4177,2026-05-22T03:05:00+00:00,-1.0,2.0
4178,2026-05-22T03:10:00+00:00,-1.0,2.0
4179,2026-05-22T03:15:00+00:00,-1.0,2.0
4180,2026-05-22T03:20:00+00:00,-1.0,2.0
4181,2026-05-22T03:25:00+00:00,-1.0,2.0
4182,2026-05-22T03:30:00+00:00,-1.0,2.0
4183,2026-05-22T03:35:00+00:00,-1.0,2.0
4184,2026-05-22T03:40:00+00:00,-1.0,2.0
4185,2026-05-22T03:45:00+00:00,-1.0,2.0
4186,2026-05-22T03:50:00+00:00,-1.0,2.0
4187,2026-05-22T03:55:00+00:00,-1.0,2.0
4188,2026-05-22T04:00:00+00:00,-1.0,2.0
4189,2026-05-22T04:05:00+00:00,-1.0,2.0
4190,2026-05-22T04:10:00+00:00,-1.0,2.0
4191,2026-05-22T04:15:00+00:00,-1.0,2.0
4192,2026-05-22T04:20:00+00:00,-1.0,2.0
4193,2026-05-22T04:25:00+00:00,-1.0,2.0
4194,2026-05-22T04:30:00+00:00,-1.0,2.0
4195,2026-05-22T04:35:00+00:00,-1.0,2.0
4196,2026-05-22T04:40:00+00:00,-1.0,2.0
4197,2026-05-22T04:45:00+00:00,-1.0,2.0
4198,2026-05-22T04:50:00+00:00,-1.0,2.0
4199,2026-05-22T04:55:00+00:00,-1.0,2.0
4200,2026-05-22T05:00:00+00:00,-1.0,2.0
4201,2026-05-22T05:05:00+00:00,-1.0,2.0
4202,2026-05-22T05:10:00+00:00,-1.0,2.0
4203,2026-05-22T05:15:00+00:00,-1.0,2.0
4204,2026-05-22T05:20:00+00:00,-1.0,2.0
4205,2026-05-22T05:25:00+00:00,-1.0,2.0
4206,2026-05-22T05:30:00+00:00,-1.0,2.0
4207,2026-05-22T05:35:00+00:00,-1.0,2.0
4208,2026-05-22T05:40:00+00:00,-1.0,2.0
4209,2026-05-22T05:45:00+00:00,-1.0,2.0
4210,2026-05-22T05:50:00+00:00,-1.0,2.0
4211,2026-05-22T05:55:00+00:00,-2.0,3.0
4212,2026-05-22T06:00:00+00:00,-2.0,3.0
4213,2026-05-22T06:05:00+00:00,-2.0,3.0
4214,2026-05-22T06:10:00+00:00,-2.0,3.0
4215,2026-05-22T06:15:00+00:00,-2.0,3.0
4216,2026-05-22T06:20:00+00:00,-2.0,3.0
4217,2026-05-22T06:25:00+00:00,-2.0,3.0
4218,2026-05-22T06:30:00+00:00,-2.0,3.0
4219,2026-05-22T06:35:00+00:00,-2.0,3.0
4220,2026-05-22T06:40:00+00:00,-2.0,3.0
4221,2026-05-22T06:45:00+00:00,-2.0,3.0
4222,2026-05-22T06:50:00+00:00,-2.0,3.0
4223,2026-05-22T06:55:00+00:00,-2.0,3.0
4224,2026-05-22T07:00:00+00:00,-2.0,3.0
4225,2026-05-22T07:05:00+00:00,-2.0,3.0
4226,2026-05-22T07:10:00+00:00,-2.0,3.0
4227,2026-05-22T07:15:00+00:00,-2.0,3.0
4228,2026-05-22T07:20:00+00:00,-2.0,3.0
4229,2026-05-22T07:25:00+00:00,-2.0,3.0
4230,2026-05-22T07:30:00+00:00,-2.0,3.0
4231,2026-05-22T07:35:00+00:00,-2.0,3.0
4232,2026-05-22T07:40:00+00:00,-2.0,3.0
4233,2026-05-22T07:45:00+00:00,-2.0,3.0
4234,2026-05-22T07:50:00+00:00,-2.0,3.0
4235,2026-05-22T07:55:00+00:00,-2.0,3.0
4236,2026-05-22T08:00:00+00:00,-2.0,3.0
4237,2026-05-22T08:05:00+00:00,-2.0,3.0
4238,2026-05-22T08:10:00+00:00,-2.0,3.0
4239,2026-05-22T08:15:00+00:00,-2.0,3.0
4240,2026-05-22T08:20:00+00:00,-2.0,3.0
4241,2026-05-22T08:25:00+00:00,-2.0,3.0
4242,2026-05-22T08:30:00+00:00,-2.0,3.0
4243,2026-05-22T08:35:00+00:00,-2.0,3.0
4244,2026-05-22T08:40:00+00:00,-2.0,3.0
4245,2026-05-22T08:45:00+00:00,-2.0,3.0
4246,2026-05-22T08:50:00+00:00,-2.0,3.0
4247,2026-05-22T08:55:00+00:00,-2.0,3.0
4248,2026-05-22T09:00:00+00:00,-2.0,3.0
4249,2026-05-22T09:05:00+00:00,-2.0,3.0
4250,2026-05-22T09:10:00+00:00,-2.0,3.0
4251,2026-05-22T09:15:00+00:00,-2.0,3.0
4252,2026-05-22T09:20:00+00:00,-2.0,3.0
4253,2026-05-22T09:25:00+00:00,-2.0,3.0
4254,2026-05-22T09:30:00+00:00,-2.0,3.0
4255,2026-05-22T09:35:00+00:00,-2.0,3.0
4256,2026-05-22T09:40:00+00:00,-2.0,3.0
4257,2026-05-22T09:45:00+00:00,-2.0,3.0
4258,2026-05-22T09:50:00+00:00,-2.0,3.0
4259,2026-05-22T09:55:00+00:00,-2.0,3.0
4260,2026-05-22T10:00:00+00:00,-2.0,3.0
4261,2026-05-22T10:05:00+00:00,-2.0,3.0
4262,2026-05-22T10:10:00+00:00,-2.0,3.0
4263,2026-05-22T10:15:00+00:00,-2.0,3.0
4264,2026-05-22T10:20:00+00:00,-2.0,3.0
4265,2026-05-22T10:25:00+00:00,-2.0,3.0
4266,2026-05-22T10:30:00+00:00,-2.0,3.0
4267,2026-05-22T10:35:00+00:00,-2.0,3.0
4268,2026-05-22T10:40:00+00:00,-2.0,3.0
4269,2026-05-22T10:45:00+00:00,-2.0,3.0
4270,2026-05-22T10:50:00+00:00,-2.0,3.0
4271,2026-05-22T10:55:00+00:00,-2.0,3.0
4272,2026-05-22T11:00:00+00:00,-2.0,3.0
4273,2026-05-22T11:05:00+00:00,-2.0,3.0
4274,2026-05-22T11:10:00+00:00,-2.0,3.0
4275,2026-05-22T11:15:00+00:00,-2.0,3.0
4276,2026-05-22T11:20:00+00:00,-2.0,3.0
4277,2026-05-22T11:25:00+00:00,-2.0,3.0
4278,2026-05-22T11:30:00+00:00,-2.0,3.0
4279,2026-05-22T11:35:00+00:00,-2.0,3.0
4280,2026-05-22T11:40:00+00:00,-2.0,3.0
4281,2026-05-22T11:45:00+00:00,-2.0,3.0
4282,2026-05-22T11:50:00+00:00,-2.0,3.0
4283,2026-05-22T11:55:00+00:00,-2.0,3.0
4284,2026-05-22T12:00:00+00:00,-2.0,3.0
4285,2026-05-22T12:05:00+00:00,-2.0,3.0
4286,2026-05-22T12:10:00+00:00,-2.0,3.0
4287,2026-05-22T12:15:00+00:00,-2.0,3.0
4288,2026-05-22T12:20:00+00:00,-2.0,3.0
4289,2026-05-22T12:25:00+00:00,-2.0,3.0
4290,2026-05-22T12:30:00+00:00,-2.0,3.0
4291,2026-05-22T12:35:00+00:00,-2.0,3.0
4292,2026-05-22T12:40:00+00:00,-2.0,3.0
4293,2026-05-22T12:45:00+00:00,-2.0,3.0
4294,2026-05-22T12:50:00+00:00,-2.0,3.0
4295,2026-05-22T12:55:00+00:00,-2.0,3.0
4296,2026-05-22T13:00:00+00:00,-2.0,3.0
4297,2026-05-22T13:05:00+00:00,-2.0,3.0
4298,2026-05-22T13:10:00+00:00,-2.0,3.0
4299,2026-05-22T13:15:00+00:00,-2.0,3.0
4300,2026-05-22T13:20:00+00:00,-2.0,3.0
4301,2026-05-22T13:25:00+00:00,-2.0,3.0
4302,2026-05-22T13:30:00+00:00,-2.0,3.0
4303,2026-05-22T13:35:00+00:00,-2.0,3.0
4304,2026-05-22T13:40:00+00:00,-2.0,3.0
4305,2026-05-22T13:45:00+00:00,-2.0,3.0
4306,2026-05-22T13:50:00+00:00,-2.0,3.0
4307,2026-05-22T13:55:00+00:00,-2.0,3.0
4308,2026-05-22T14:00:00+00:00,-2.0,3.0
4309,2026-05-22T14:05:00+00:00,-2.0,3.0
4310,2026-05-22T14:10:00+00:00,-2.0,3.0
4311,2026-05-22T14:15:00+00:00,-2.0,3.0
4312,2026-05-22T14:20:00+00:00,-2.0,3.0
4313,2026-05-22T14:25:00+00:00,-2.0,3.0
4314,2026-05-22T14:30:00+00:00,-2.0,3.0
4315,2026-05-22T14:35:00+00:00,-2.0,3.0
4316,2026-05-22T14:40:00+00:00,-2.0,3.0
4317,2026-05-22T14:45:00+00:00,-2.0,3.0
4318,2026-05-22T14:50:00+00:00,-2.0,3.0
4319,2026-05-22T14:55:00+00:00,-2.0,3.0
4320,2026-05-22T15:00:00+00:00,-2.0,3.0
4321,2026-05-22T15:05:00+00:00,-2.0,3.0
4322,2026-05-22T15:10:00+00:00,-2.0,3.0
4323,2026-05-22T15:15:00+00:00,-2.0,3.0
4324,2026-05-22T15:20:00+00:00,-2.0,3.0
4325,2026-05-22T15:25:00+00:00,-2.0,3.0
4326,2026-05-22T15:30:00+00:00,-2.0,3.0
4327,2026-05-22T15:35:00+00:00,-2.0,3.0
4328,2026-05-22T15:40:00+00:00,-2.0,3.0
4329,2026-05-22T15:45:00+00:00,-2.0,3.0
4330,2026-05-22T15:50:00+00:00,-2.0,3.0
4331,2026-05-22T15:55:00+00:00,-2.0,3.0
4332,2026-05-22T16:00:00+00:00,-2.0,3.0
4333,2026-05-22T16:05:00+00:00,-2.0,3.0
4334,2026-05-22T16:10:00+00:00,-2.0,3.0
4335,2026-05-22T16:15:00+00:00,-2.0,3.0
4336,2026-05-22T16:20:00+00:00,-2.0,3.0
4337,2026-05-22T16:25:00+00:00,-2.0,3.0
4338,2026-05-22T16:30:00+00:00,-2.0,3.0
4339,2026-05-22T16:35:00+00:00,-2.0,3.0
4340,2026-05-22T16:40:00+00:00,-2.0,3.0
4341,2026-05-22T16:45:00+00:00,-2.0,3.0
4342,2026-05-22T16:50:00+00:00,-2.0,3.0
4343,2026-05-22T16:55:00+00:00,-2.0,3.0
4344,2026-05-22T17:00:00+00:00,-2.0,3.0
4345,2026-05-22T17:05:00+00:00,-2.0,3.0
4346,2026-05-22T17:10:00+00:00,-2.0,3.0
4347,2026-05-22T17:15:00+00:00,-2.0,3.0
4348,2026-05-22T17:20:00+00:00,-2.0,3.0
4349,2026-05-22T17:25:00+00:00,-2.0,3.0
4350,2026-05-22T17:30:00+00:00,-2.0,3.0
4351,2026-05-22T17:35:00+00:00,-2.0,3.0
4352,2026-05-22T17:40:00+00:00,-2.0,3.0
4353,2026-05-22T17:45:00+00:00,-2.0,3.0
4354,2026-05-22T17:50:00+00:00,-2.0,3.0
4355,2026-05-22T17:55:00+00:00,-2.0,3.0
4356,2026-05-22T18:00:00+00:00,-2.0,3.0
4357,2026-05-22T18:05:00+00:00,-2.0,3.0
4358,2026-05-22T18:10:00+00:00,-2.0,3.0
4359,2026-05-22T18:15:00+00:00,-2.0,3.0
4360,2026-05-22T18:20:00+00:00,-2.0,3.0
4361,2026-05-22T18:25:00+00:00,-2.0,3.0
4362,2026-05-22T18:30:00+00:00,-2.0,3.0
4363,2026-05-22T18:35:00+00:00,-2.0,3.0
4364,2026-05-22T18:40:00+00:00,-2.0,3.0
4365,2026-05-22T18:45:00+00:00,-2.0,3.0
4366,2026-05-22T18:50:00+00:00,-2.0,3.0
4367,2026-05-22T18:55:00+00:00,-2.0,3.0
4368,2026-05-22T19:00:00+00:00,-2.0,3.0
4369,2026-05-22T19:05:00+00:00,-2.0,3.0
4370,2026-05-22T19:10:00+00:00,-2.0,3.0
4371,2026-05-22T19:15:00+00:00,-2.0,3.0
4372,2026-05-22T19:20:00+00:00,-2.0,3.0
4373,2026-05-22T19:25:00+00:00,-2.0,3.0
4374,2026-05-22T19:30:00+00:00,-2.0,3.0
4375,2026-05-22T19:35:00+00:00,-2.0,3.0
4376,2026-05-22T19:40:00+00:00,-2.0,3.0
4377,2026-05-22T19:45:00+00:00,-2.0,3.0
4378,2026-05-22T19:50:00+00:00,-2.0,3.0
4379,2026-05-22T19:55:00+00:00,-2.0,3.0
4380,2026-05-22T20:00:00+00:00,-2.0,3.0
4381,2026-05-22T20:05:00+00:00,-2.0,3.0
4382,2026-05-22T20:10:00+00:00,-2.0,3.0
4383,2026-05-22T20:15:00+00:00,-2.0,3.0
4384,2026-05-22T20:20:00+00:00,-2.0,3.0
4385,2026-05-22T20:25:00+00:00,-2.0,3.0
4386,2026-05-22T20:30:00+00:00,-2.0,3.0
4387,2026-05-22T20:35:00+00:00,-2.0,3.0
4388,2026-05-22T20:40:00+00:00,-2.0,3.0
4389,2026-05-22T20:45:00+00:00,-2.0,3.0
4390,2026-05-22T20:50:00+00:00,-2.0,3.0
4391,2026-05-22T20:55:00+00:00,-2.0,3.0
4392,2026-05-24T22:00:00+00:00,-2.0,3.0
4393,2026-05-24T22:05:00+00:00,-2.0,3.0
4394,2026-05-24T22:10:00+00:00,-2.0,3.0
4395,2026-05-24T22:15:00+00:00,-2.0,3.0
4396,2026-05-24T22:20:00+00:00,-2.0,3.0
4397,2026-05-24T22:25:00+00:00,-2.0,3.0
4398,2026-05-24T22:30:00+00:00,-2.0,3.0
4399,2026-05-24T22:35:00+00:00,-2.0,3.0
4400,2026-05-24T22:40:00+00:00,-2.0,3.0
4401,2026-05-24T22:45:00+00:00,-2.0,3.0
4402,2026-05-24T22:50:00+00:00,-2.0,3.0
4403,2026-05-24T22:55:00+00:00,-2.0,3.0
4404,2026-05-24T23:00:00+00:00,-2.0,3.0
4405,2026-05-24T23:05:00+00:00,-2.0,3.0
4406,2026-05-24T23:10:00+00:00,-2.0,3.0
4407,2026-05-24T23:15:00+00:00,-2.0,3.0
4408,2026-05-24T23:20:00+00:00,-2.0,3.0
4409,2026-05-24T23:25:00+00:00,-2.0,3.0
4410,2026-05-24T23:30:00+00:00,-2.0,3.0
4411,2026-05-24T23:35:00+00:00,-2.0,3.0
4412,2026-05-24T23:40:00+00:00,-2.0,3.0
4413,2026-05-24T23:45:00+00:00,-2.0,3.0
4414,2026-05-24T23:50:00+00:00,-2.0,3.0
4415,2026-05-24T23:55:00+00:00,-2.0,3.0
4416,2026-05-25T00:00:00+00:00,-2.0,3.0
4417,2026-05-25T00:05:00+00:00,-2.0,3.0
4418,2026-05-25T00:10:00+00:00,-2.0,3.0
4419,2026-05-25T00:15:00+00:00,-2.0,3.0
4420,2026-05-25T00:20:00+00:00,-2.0,3.0
4421,2026-05-25T00:25:00+00:00,-2.0,3.0
4422,2026-05-25T00:30:00+00:00,-2.0,3.0
4423,2026-05-25T00:35:00+00:00,-2.0,3.0
4424,2026-05-25T00:40:00+00:00,-2.0,3.0
4425,2026-05-25T00:45:00+00:00,-2.0,3.0
4426,2026-05-25T00:50:00+00:00,-2.0,3.0
4427,2026-05-25T00:55:00+00:00,-2.0,3.0
4428,2026-05-25T01:00:00+00:00,-2.0,3.0
4429,2026-05-25T01:05:00+00:00,-2.0,3.0
4430,2026-05-25T01:10:00+00:00,-2.0,3.0
4431,2026-05-25T01:15:00+00:00,-2.0,3.0
4432,2026-05-25T01:20:00+00:00,-2.0,3.0
4433,2026-05-25T01:25:00+00:00,-2.0,3.0
4434,2026-05-25T01:30:00+00:00,-2.0,3.0
4435,2026-05-25T01:35:00+00:00,-2.0,3.0
4436,2026-05-25T01:40:00+00:00,-2.0,3.0
4437,2026-05-25T01:45:00+00:00,-2.0,3.0
4438,2026-05-25T01:50:00+00:00,-2.0,3.0
4439,2026-05-25T01:55:00+00:00,-2.0,3.0
4440,2026-05-25T02:00:00+00:00,-2.0,3.0
4441,2026-05-25T02:05:00+00:00,-2.0,3.0
4442,2026-05-25T02:10:00+00:00,-2.0,3.0
4443,2026-05-25T02:15:00+00:00,-2.0,3.0
4444,2026-05-25T02:20:00+00:00,-2.0,3.0
4445,2026-05-25T02:25:00+00:00,-2.0,3.0
4446,2026-05-25T02:30:00+00:00,-2.0,3.0
4447,2026-05-25T02:35:00+00:00,-2.0,3.0
4448,2026-05-25T02:40:00+00:00,-2.0,3.0
4449,2026-05-25T02:45:00+00:00,-2.0,3.0
4450,2026-05-25T02:50:00+00:00,-2.0,3.0
4451,2026-05-25T02:55:00+00:00,-2.0,3.0
4452,2026-05-25T03:00:00+00:00,-2.0,3.0
4453,2026-05-25T03:05:00+00:00,-2.0,3.0
4454,2026-05-25T03:10:00+00:00,-2.0,3.0
4455,2026-05-25T03:15:00+00:00,-2.0,3.0
4456,2026-05-25T03:20:00+00:00,-2.0,3.0
4457,2026-05-25T03:25:00+00:00,-2.0,3.0
4458,2026-05-25T03:30:00+00:00,-2.0,3.0
4459,2026-05-25T03:35:00+00:00,-2.0,3.0
4460,2026-05-25T03:40:00+00:00,-2.0,3.0
4461,2026-05-25T03:45:00+00:00,-2.0,3.0
4462,2026-05-25T03:50:00+00:00,-2.0,3.0
4463,2026-05-25T03:55:00+00:00,-2.0,3.0
4464,2026-05-25T04:00:00+00:00,-2.0,3.0
4465,2026-05-25T04:05:00+00:00,-2.0,3.0
4466,2026-05-25T04:10:00+00:00,-2.0,3.0
4467,2026-05-25T04:15:00+00:00,-2.0,3.0
4468,2026-05-25T04:20:00+00:00,-2.0,3.0
4469,2026-05-25T04:25:00+00:00,-2.0,3.0
4470,2026-05-25T04:30:00+00:00,-2.0,3.0
4471,2026-05-25T04:35:00+00:00,-2.0,3.0
4472,2026-05-25T04:40:00+00:00,-2.0,3.0
4473,2026-05-25T04:45:00+00:00,-2.0,3.0
4474,2026-05-25T04:50:00+00:00,-2.0,3.0
4475,2026-05-25T04:55:00+00:00,-2.0,3.0
4476,2026-05-25T05:00:00+00:00,-2.0,3.0
4477,2026-05-25T05:05:00+00:00,-2.0,3.0
4478,2026-05-25T05:10:00+00:00,-2.0,3.0
4479,2026-05-25T05:15:00+00:00,-2.0,3.0
4480,2026-05-25T05:20:00+00:00,-2.0,3.0
4481,2026-05-25T05:25:00+00:00,-2.0,3.0
4482,2026-05-25T05:30:00+00:00,-2.0,3.0
4483,2026-05-25T05:35:00+00:00,-2.0,3.0
4484,2026-05-25T05:40:00+00:00,-2.0,3.0
4485,2026-05-25T05:45:00+00:00,-2.0,3.0
4486,2026-05-25T05:50:00+00:00,-2.0,3.0
4487,2026-05-25T05:55:00+00:00,-2.0,3.0
4488,2026-05-25T06:00:00+00:00,-2.0,3.0
4489,2026-05-25T06:05:00+00:00,-2.0,3.0
4490,2026-05-25T06:10:00+00:00,-2.0,3.0
4491,2026-05-25T06:15:00+00:00,-2.0,3.0
4492,2026-05-25T06:20:00+00:00,-2.0,3.0
4493,2026-05-25T06:25:00+00:00,-2.0,3.0
4494,2026-05-25T06:30:00+00:00,-2.0,3.0
4495,2026-05-25T06:35:00+00:00,-2.0,3.0
4496,2026-05-25T06:40:00+00:00,-2.0,3.0
4497,2026-05-25T06:45:00+00:00,-2.0,3.0
4498,2026-05-25T06:50:00+00:00,-2.0,3.0
4499,2026-05-25T06:55:00+00:00,-2.0,3.0
4500,2026-05-25T07:00:00+00:00,-2.0,3.0
4501,2026-05-25T07:05:00+00:00,-2.0,3.0
4502,2026-05-25T07:10:00+00:00,-2.0,3.0
4503,2026-05-25T07:15:00+00:00,-2.0,3.0
4504,2026-05-25T07:20:00+00:00,-2.0,3.0
4505,2026-05-25T07:25:00+00:00,-2.0,3.0
4506,2026-05-25T07:30:00+00:00,-2.0,3.0
4507,2026-05-25T07:35:00+00:00,-2.0,3.0
4508,2026-05-25T07:40:00+00:00,-2.0,3.0
4509,2026-05-25T07:45:00+00:00,-2.0,3.0
4510,2026-05-25T07:50:00+00:00,-2.0,3.0
4511,2026-05-25T07:55:00+00:00,-2.0,3.0
4512,2026-05-25T08:00:00+00:00,-2.0,3.0
4513,2026-05-25T08:05:00+00:00,-2.0,3.0
4514,2026-05-25T08:10:00+00:00,-2.0,3.0
4515,2026-05-25T08:15:00+00:00,-2.0,3.0
4516,2026-05-25T08:20:00+00:00,-2.0,3.0
4517,2026-05-25T08:25:00+00:00,-2.0,3.0
4518,2026-05-25T08:30:00+00:00,-2.0,3.0
4519,2026-05-25T08:35:00+00:00,-2.0,3.0
4520,2026-05-25T08:40:00+00:00,-2.0,3.0
4521,2026-05-25T08:45:00+00:00,-2.0,3.0
4522,2026-05-25T08:50:00+00:00,-2.0,3.0
4523,2026-05-25T08:55:00+00:00,-2.0,3.0
4524,2026-05-25T09:00:00+00:00,-2.0,3.0
4525,2026-05-25T09:05:00+00:00,-2.0,3.0
4526,2026-05-25T09:10:00+00:00,-2.0,3.0
4527,2026-05-25T09:15:00+00:00,-2.0,3.0
4528,2026-05-25T09:20:00+00:00,-2.0,3.0
4529,2026-05-25T09:25:00+00:00,-2.0,3.0
4530,2026-05-25T09:30:00+00:00,-2.0,3.0
4531,2026-05-25T09:35:00+00:00,-2.0,3.0
4532,2026-05-25T09:40:00+00:00,-2.0,3.0
4533,2026-05-25T09:45:00+00:00,-2.0,3.0
4534,2026-05-25T09:50:00+00:00,-2.0,3.0
4535,2026-05-25T09:55:00+00:00,-2.0,3.0
4536,2026-05-25T10:00:00+00:00,-2.0,3.0
4537,2026-05-25T10:05:00+00:00,-2.0,3.0
4538,2026-05-25T10:10:00+00:00,-2.0,3.0
4539,2026-05-25T10:15:00+00:00,-2.0,3.0
4540,2026-05-25T10:20:00+00:00,-2.0,3.0
4541,2026-05-25T10:25:00+00:00,-2.0,3.0
4542,2026-05-25T10:30:00+00:00,-2.0,3.0
4543,2026-05-25T10:35:00+00:00,-2.0,3.0
4544,2026-05-25T10:40:00+00:00,-2.0,3.0
4545,2026-05-25T10:45:00+00:00,-2.0,3.0
4546,2026-05-25T10:50:00+00:00,-2.0,3.0
4547,2026-05-25T10:55:00+00:00,-2.0,3.0
4548,2026-05-25T11:00:00+00:00,-2.0,3.0
4549,2026-05-25T11:05:00+00:00,-2.0,3.0
4550,2026-05-25T11:10:00+00:00,-2.0,3.0
4551,2026-05-25T11:15:00+00:00,-3.0,4.0
4552,2026-05-25T11:20:00+00:00,-3.0,4.0
4553,2026-05-25T11:25:00+00:00,-3.0,4.0
4554,2026-05-25T11:30:00+00:00,-3.0,4.0
4555,2026-05-25T11:35:00+00:00,-3.0,4.0
4556,2026-05-25T11:40:00+00:00,-3.0,4.0
4557,2026-05-25T11:45:00+00:00,-3.0,4.0
4558,2026-05-25T11:50:00+00:00,-3.0,4.0
4559,2026-05-25T11:55:00+00:00,-3.0,4.0
4560,2026-05-25T12:00:00+00:00,-3.0,4.0
4561,2026-05-25T12:05:00+00:00,-3.0,4.0
4562,2026-05-25T12:10:00+00:00,-3.0,4.0
4563,2026-05-25T12:15:00+00:00,-3.0,4.0
4564,2026-05-25T12:20:00+00:00,-3.0,4.0
4565,2026-05-25T12:25:00+00:00,-3.0,4.0
4566,2026-05-25T12:30:00+00:00,-3.0,4.0
4567,2026-05-25T12:35:00+00:00,-3.0,4.0
4568,2026-05-25T12:40:00+00:00,-3.0,4.0
4569,2026-05-25T12:45:00+00:00,-3.0,4.0
4570,2026-05-25T12:50:00+00:00,-3.0,4.0
4571,2026-05-25T12:55:00+00:00,-3.0,4.0
4572,2026-05-25T13:00:00+00:00,-3.0,4.0
4573,2026-05-25T13:05:00+00:00,-3.0,4.0
4574,2026-05-25T13:10:00+00:00,-3.0,4.0
4575,2026-05-25T13:15:00+00:00,-3.0,4.0
4576,2026-05-25T13:20:00+00:00,-3.0,4.0
4577,2026-05-25T13:25:00+00:00,-3.0,4.0
4578,2026-05-25T13:30:00+00:00,-3.0,4.0
4579,2026-05-25T13:35:00+00:00,-3.0,4.0
4580,2026-05-25T13:40:00+00:00,-3.0,4.0
4581,2026-05-25T13:45:00+00:00,-3.0,4.0
4582,2026-05-25T13:50:00+00:00,-3.0,4.0
4583,2026-05-25T13:55:00+00:00,-3.0,4.0
4584,2026-05-25T14:00:00+00:00,-3.0,4.0
4585,2026-05-25T14:05:00+00:00,-3.0,4.0
4586,2026-05-25T14:10:00+00:00,-3.0,4.0
4587,2026-05-25T14:15:00+00:00,-3.0,4.0
4588,2026-05-25T14:20:00+00:00,-3.0,4.0
4589,2026-05-25T14:25:00+00:00,-3.0,4.0
4590,2026-05-25T14:30:00+00:00,-3.0,4.0
4591,2026-05-25T14:35:00+00:00,-3.0,4.0
4592,2026-05-25T14:40:00+00:00,-3.0,4.0
4593,2026-05-25T14:45:00+00:00,-3.0,4.0
4594,2026-05-25T14:50:00+00:00,-3.0,4.0
4595,2026-05-25T14:55:00+00:00,-3.0,4.0
4596,2026-05-25T15:00:00+00:00,-3.0,4.0
4597,2026-05-25T15:05:00+00:00,-3.0,4.0
4598,2026-05-25T15:10:00+00:00,-3.0,4.0
4599,2026-05-25T15:15:00+00:00,-3.0,4.0
4600,2026-05-25T15:20:00+00:00,-3.0,4.0
4601,2026-05-25T15:25:00+00:00,-3.0,4.0
4602,2026-05-25T15:30:00+00:00,-3.0,4.0
4603,2026-05-25T15:35:00+00:00,-3.0,4.0
4604,2026-05-25T15:40:00+00:00,-3.0,4.0
4605,2026-05-25T15:45:00+00:00,-3.0,4.0
4606,2026-05-25T15:50:00+00:00,-3.0,4.0
4607,2026-05-25T15:55:00+00:00,-3.0,4.0
4608,2026-05-25T16:00:00+00:00,-3.0,4.0
4609,2026-05-25T16:05:00+00:00,-3.0,4.0
4610,2026-05-25T16:10:00+00:00,-3.0,4.0
4611,2026-05-25T16:15:00+00:00,-3.0,4.0
4612,2026-05-25T16:20:00+00:00,-3.0,4.0
4613,2026-05-25T16:25:00+00:00,-3.0,4.0
4614,2026-05-25T16:30:00+00:00,-3.0,4.0
4615,2026-05-25T16:35:00+00:00,-3.0,4.0
4616,2026-05-25T16:40:00+00:00,-3.0,4.0
4617,2026-05-25T16:45:00+00:00,-3.0,4.0
4618,2026-05-25T16:50:00+00:00,-3.0,4.0
4619,2026-05-25T16:55:00+00:00,-3.0,4.0
4620,2026-05-25T17:00:00+00:00,-3.0,4.0
4621,2026-05-25T17:05:00+00:00,-3.0,4.0
4622,2026-05-25T17:10:00+00:00,-3.0,4.0
4623,2026-05-25T17:15:00+00:00,-3.0,4.0
4624,2026-05-25T17:20:00+00:00,-3.0,4.0
4625,2026-05-25T17:25:00+00:00,-3.0,4.0
4626,2026-05-25T17:30:00+00:00,-3.0,4.0
4627,2026-05-25T17:35:00+00:00,-3.0,4.0
4628,2026-05-25T17:40:00+00:00,-3.0,4.0
4629,2026-05-25T17:45:00+00:00,-3.0,4.0
4630,2026-05-25T17:50:00+00:00,-3.0,4.0
4631,2026-05-25T17:55:00+00:00,-3.0,4.0
4632,2026-05-25T18:00:00+00:00,-3.0,4.0
4633,2026-05-25T18:05:00+00:00,-3.0,4.0
4634,2026-05-25T18:10:00+00:00,-3.0,4.0
4635,2026-05-25T18:15:00+00:00,-3.0,4.0
4636,2026-05-25T18:20:00+00:00,-3.0,4.0
4637,2026-05-25T18:25:00+00:00,-3.0,4.0
4638,2026-05-25T22:00:00+00:00,-3.0,4.0
4639,2026-05-25T22:05:00+00:00,-3.0,4.0
4640,2026-05-25T22:10:00+00:00,-3.0,4.0
4641,2026-05-25T22:15:00+00:00,-3.0,4.0
4642,2026-05-25T22:20:00+00:00,-3.0,4.0
4643,2026-05-25T22:25:00+00:00,-3.0,4.0
4644,2026-05-25T22:30:00+00:00,-3.0,4.0
4645,2026-05-25T22:35:00+00:00,-3.0,4.0
4646,2026-05-25T22:40:00+00:00,-3.0,4.0
4647,2026-05-25T22:45:00+00:00,-3.0,4.0
4648,2026-05-25T22:50:00+00:00,-3.0,4.0
4649,2026-05-25T22:55:00+00:00,-3.0,4.0
4650,2026-05-25T23:00:00+00:00,-3.0,4.0
4651,2026-05-25T23:05:00+00:00,-3.0,4.0
4652,2026-05-25T23:10:00+00:00,-4.0,5.0
4653,2026-05-25T23:15:00+00:00,-4.0,5.0
4654,2026-05-25T23:20:00+00:00,-4.0,5.0
4655,2026-05-25T23:25:00+00:00,-4.0,5.0
4656,2026-05-25T23:30:00+00:00,-4.0,5.0
4657,2026-05-25T23:35:00+00:00,-4.0,5.0
4658,2026-05-25T23:40:00+00:00,-4.0,5.0
4659,2026-05-25T23:45:00+00:00,-4.0,5.0
4660,2026-05-25T23:50:00+00:00,-4.0,5.0
4661,2026-05-25T23:55:00+00:00,-4.0,5.0
4662,2026-05-26T00:00:00+00:00,-4.0,5.0
4663,2026-05-26T00:05:00+00:00,-4.0,5.0
4664,2026-05-26T00:10:00+00:00,-4.0,5.0
4665,2026-05-26T00:15:00+00:00,-4.0,5.0
4666,2026-05-26T00:20:00+00:00,-4.0,5.0
4667,2026-05-26T00:25:00+00:00,-4.0,5.0
4668,2026-05-26T00:30:00+00:00,-4.0,5.0
4669,2026-05-26T00:35:00+00:00,-4.0,5.0
4670,2026-05-26T00:40:00+00:00,-4.0,5.0
4671,2026-05-26T00:45:00+00:00,-4.0,5.0
4672,2026-05-26T00:50:00+00:00,-4.0,5.0
4673,2026-05-26T00:55:00+00:00,-4.0,5.0
4674,2026-05-26T01:00:00+00:00,-4.0,5.0
4675,2026-05-26T01:05:00+00:00,-4.0,5.0
4676,2026-05-26T01:10:00+00:00,-4.0,5.0
4677,2026-05-26T01:15:00+00:00,-4.0,5.0
4678,2026-05-26T01:20:00+00:00,-4.0,5.0
4679,2026-05-26T01:25:00+00:00,-4.0,5.0
4680,2026-05-26T01:30:00+00:00,-4.0,5.0
4681,2026-05-26T01:35:00+00:00,-4.0,5.0
4682,2026-05-26T01:40:00+00:00,-4.0,5.0
4683,2026-05-26T01:45:00+00:00,-4.0,5.0
4684,2026-05-26T01:50:00+00:00,-4.0,5.0
4685,2026-05-26T01:55:00+00:00,-4.0,5.0
4686,2026-05-26T02:00:00+00:00,-4.0,5.0
4687,2026-05-26T02:05:00+00:00,-4.0,5.0
4688,2026-05-26T02:10:00+00:00,-4.0,5.0
4689,2026-05-26T02:15:00+00:00,-4.0,5.0
4690,2026-05-26T02:20:00+00:00,-4.0,5.0
4691,2026-05-26T02:25:00+00:00,-4.0,5.0
4692,2026-05-26T02:30:00+00:00,-4.0,5.0
4693,2026-05-26T02:35:00+00:00,-4.0,5.0
4694,2026-05-26T02:40:00+00:00,-4.0,5.0
4695,2026-05-26T02:45:00+00:00,-4.0,5.0
4696,2026-05-26T02:50:00+00:00,-2.0,3.0
4697,2026-05-26T02:55:00+00:00,-2.0,3.0
4698,2026-05-26T03:00:00+00:00,-2.0,3.0
4699,2026-05-26T03:05:00+00:00,-2.0,3.0
4700,2026-05-26T03:10:00+00:00,-2.0,3.0
4701,2026-05-26T03:15:00+00:00,-2.0,3.0
4702,2026-05-26T03:20:00+00:00,-2.0,3.0
4703,2026-05-26T03:25:00+00:00,-2.0,3.0
4704,2026-05-26T03:30:00+00:00,-2.0,3.0
4705,2026-05-26T03:35:00+00:00,-2.0,3.0
4706,2026-05-26T03:40:00+00:00,-2.0,3.0
4707,2026-05-26T03:45:00+00:00,-2.0,3.0
4708,2026-05-26T03:50:00+00:00,-2.0,3.0
4709,2026-05-26T03:55:00+00:00,-2.0,3.0
4710,2026-05-26T04:00:00+00:00,-2.0,3.0
4711,2026-05-26T04:05:00+00:00,-2.0,3.0
4712,2026-05-26T04:10:00+00:00,-2.0,3.0
4713,2026-05-26T04:15:00+00:00,-2.0,3.0
4714,2026-05-26T04:20:00+00:00,-2.0,3.0
4715,2026-05-26T04:25:00+00:00,-2.0,3.0
4716,2026-05-26T04:30:00+00:00,-2.0,3.0
4717,2026-05-26T04:35:00+00:00,-2.0,3.0
4718,2026-05-26T04:40:00+00:00,-2.0,3.0
4719,2026-05-26T04:45:00+00:00,-2.0,3.0
4720,2026-05-26T04:50:00+00:00,-2.0,3.0
4721,2026-05-26T04:55:00+00:00,-2.0,3.0
4722,2026-05-26T05:00:00+00:00,-2.0,3.0
4723,2026-05-26T05:05:00+00:00,-2.0,3.0
4724,2026-05-26T05:10:00+00:00,-2.0,3.0
4725,2026-05-26T05:15:00+00:00,-2.0,3.0
4726,2026-05-26T05:20:00+00:00,-2.0,3.0
4727,2026-05-26T05:25:00+00:00,-2.0,3.0
4728,2026-05-26T05:30:00+00:00,-2.0,3.0
4729,2026-05-26T05:35:00+00:00,-2.0,3.0
4730,2026-05-26T05:40:00+00:00,-2.0,3.0
4731,2026-05-26T05:45:00+00:00,-2.0,3.0
4732,2026-05-26T05:50:00+00:00,-2.0,3.0
4733,2026-05-26T05:55:00+00:00,-2.0,3.0
4734,2026-05-26T06:00:00+00:00,-2.0,3.0
4735,2026-05-26T06:05:00+00:00,-2.0,3.0
4736,2026-05-26T06:10:00+00:00,-2.0,3.0
4737,2026-05-26T06:15:00+00:00,-2.0,3.0
4738,2026-05-26T06:20:00+00:00,-2.0,3.0
4739,2026-05-26T06:25:00+00:00,-2.0,3.0
4740,2026-05-26T06:30:00+00:00,-2.0,3.0
4741,2026-05-26T06:35:00+00:00,-2.0,3.0
4742,2026-05-26T06:40:00+00:00,-2.0,3.0
4743,2026-05-26T06:45:00+00:00,-2.0,3.0
4744,2026-05-26T06:50:00+00:00,-2.0,3.0
4745,2026-05-26T06:55:00+00:00,-2.0,3.0
4746,2026-05-26T07:00:00+00:00,-2.0,3.0
4747,2026-05-26T07:05:00+00:00,-2.0,3.0
4748,2026-05-26T07:10:00+00:00,-2.0,3.0
4749,2026-05-26T07:15:00+00:00,-2.0,3.0
4750,2026-05-26T07:20:00+00:00,-2.0,3.0
4751,2026-05-26T07:25:00+00:00,-2.0,3.0
4752,2026-05-26T07:30:00+00:00,-2.0,3.0
4753,2026-05-26T07:35:00+00:00,-2.0,3.0
4754,2026-05-26T07:40:00+00:00,-2.0,3.0
4755,2026-05-26T07:45:00+00:00,-2.0,3.0
4756,2026-05-26T07:50:00+00:00,-2.0,3.0
4757,2026-05-26T07:55:00+00:00,-2.0,3.0
4758,2026-05-26T08:00:00+00:00,-2.0,3.0
4759,2026-05-26T08:05:00+00:00,-2.0,3.0
4760,2026-05-26T08:10:00+00:00,-2.0,3.0
4761,2026-05-26T08:15:00+00:00,-2.0,3.0
4762,2026-05-26T08:20:00+00:00,-2.0,3.0
4763,2026-05-26T08:25:00+00:00,-2.0,3.0
4764,2026-05-26T08:30:00+00:00,-2.0,3.0
4765,2026-05-26T08:35:00+00:00,-2.0,3.0
4766,2026-05-26T08:40:00+00:00,-2.0,3.0
4767,2026-05-26T08:45:00+00:00,-2.0,3.0
4768,2026-05-26T08:50:00+00:00,-2.0,3.0
4769,2026-05-26T08:55:00+00:00,-2.0,3.0
4770,2026-05-26T09:00:00+00:00,-2.0,3.0
4771,2026-05-26T09:05:00+00:00,-2.0,3.0
4772,2026-05-26T09:10:00+00:00,-2.0,3.0
4773,2026-05-26T09:15:00+00:00,-2.0,3.0
4774,2026-05-26T09:20:00+00:00,-2.0,3.0
4775,2026-05-26T09:25:00+00:00,-2.0,3.0
4776,2026-05-26T09:30:00+00:00,-2.0,3.0
4777,2026-05-26T09:35:00+00:00,-2.0,3.0
4778,2026-05-26T09:40:00+00:00,-2.0,3.0
4779,2026-05-26T09:45:00+00:00,-2.0,3.0
4780,2026-05-26T09:50:00+00:00,-2.0,3.0
4781,2026-05-26T09:55:00+00:00,-2.0,3.0
4782,2026-05-26T10:00:00+00:00,-2.0,3.0
4783,2026-05-26T10:05:00+00:00,-2.0,3.0
4784,2026-05-26T10:10:00+00:00,-2.0,3.0
4785,2026-05-26T10:15:00+00:00,-2.0,3.0
4786,2026-05-26T10:20:00+00:00,-2.0,3.0
4787,2026-05-26T10:25:00+00:00,-2.0,3.0
4788,2026-05-26T10:30:00+00:00,-2.0,3.0
4789,2026-05-26T10:35:00+00:00,-2.0,3.0
4790,2026-05-26T10:40:00+00:00,-2.0,3.0
4791,2026-05-26T10:45:00+00:00,-2.0,3.0
4792,2026-05-26T10:50:00+00:00,-2.0,3.0
4793,2026-05-26T10:55:00+00:00,-2.0,3.0
4794,2026-05-26T11:00:00+00:00,-2.0,3.0
4795,2026-05-26T11:05:00+00:00,-2.0,3.0
4796,2026-05-26T11:10:00+00:00,-2.0,3.0
4797,2026-05-26T11:15:00+00:00,-2.0,3.0
4798,2026-05-26T11:20:00+00:00,-2.0,3.0
4799,2026-05-26T11:25:00+00:00,-2.0,3.0
4800,2026-05-26T11:30:00+00:00,-2.0,3.0
4801,2026-05-26T11:35:00+00:00,-2.0,3.0
4802,2026-05-26T11:40:00+00:00,-2.0,3.0
4803,2026-05-26T11:45:00+00:00,-2.0,3.0
4804,2026-05-26T11:50:00+00:00,-2.0,3.0
4805,2026-05-26T11:55:00+00:00,-2.0,3.0
4806,2026-05-26T12:00:00+00:00,-2.0,3.0
4807,2026-05-26T12:05:00+00:00,-2.0,3.0
4808,2026-05-26T12:10:00+00:00,-2.0,3.0
4809,2026-05-26T12:15:00+00:00,-2.0,3.0
4810,2026-05-26T12:20:00+00:00,-2.0,3.0
4811,2026-05-26T12:25:00+00:00,-2.0,3.0
4812,2026-05-26T12:30:00+00:00,-2.0,3.0
4813,2026-05-26T12:35:00+00:00,-2.0,3.0
4814,2026-05-26T12:40:00+00:00,-2.0,3.0
4815,2026-05-26T12:45:00+00:00,-2.0,3.0
4816,2026-05-26T12:50:00+00:00,-2.0,3.0
4817,2026-05-26T12:55:00+00:00,-2.0,3.0
4818,2026-05-26T13:00:00+00:00,-2.0,3.0
4819,2026-05-26T13:05:00+00:00,-2.0,3.0
4820,2026-05-26T13:10:00+00:00,-2.0,3.0
4821,2026-05-26T13:15:00+00:00,-2.0,3.0
4822,2026-05-26T13:20:00+00:00,-2.0,3.0
4823,2026-05-26T13:25:00+00:00,-2.0,3.0
4824,2026-05-26T13:30:00+00:00,-2.0,3.0
4825,2026-05-26T13:35:00+00:00,-2.0,3.0
4826,2026-05-26T13:40:00+00:00,-2.0,3.0
4827,2026-05-26T13:45:00+00:00,-2.0,3.0
4828,2026-05-26T13:50:00+00:00,-2.0,3.0
4829,2026-05-26T13:55:00+00:00,-2.0,3.0
4830,2026-05-26T14:00:00+00:00,-2.0,3.0
4831,2026-05-26T14:05:00+00:00,-2.0,3.0
4832,2026-05-26T14:10:00+00:00,-2.0,3.0
4833,2026-05-26T14:15:00+00:00,-2.0,3.0
4834,2026-05-26T14:20:00+00:00,-2.0,3.0
4835,2026-05-26T14:25:00+00:00,-2.0,3.0
4836,2026-05-26T14:30:00+00:00,-2.0,3.0
4837,2026-05-26T14:35:00+00:00,-2.0,3.0
4838,2026-05-26T14:40:00+00:00,-2.0,3.0
4839,2026-05-26T14:45:00+00:00,-2.0,3.0
4840,2026-05-26T14:50:00+00:00,-2.0,3.0
4841,2026-05-26T14:55:00+00:00,-2.0,3.0
4842,2026-05-26T15:00:00+00:00,-2.0,3.0
4843,2026-05-26T15:05:00+00:00,-2.0,3.0
4844,2026-05-26T15:10:00+00:00,-2.0,3.0
4845,2026-05-26T15:15:00+00:00,-2.0,3.0
4846,2026-05-26T15:20:00+00:00,-2.0,3.0
4847,2026-05-26T15:25:00+00:00,-2.0,3.0
4848,2026-05-26T15:30:00+00:00,-2.0,3.0
4849,2026-05-26T15:35:00+00:00,-2.0,3.0
4850,2026-05-26T15:40:00+00:00,-2.0,3.0
4851,2026-05-26T15:45:00+00:00,-2.0,3.0
4852,2026-05-26T15:50:00+00:00,-2.0,3.0
4853,2026-05-26T15:55:00+00:00,-2.0,3.0
4854,2026-05-26T16:00:00+00:00,-2.0,3.0
4855,2026-05-26T16:05:00+00:00,-2.0,3.0
4856,2026-05-26T16:10:00+00:00,-2.0,3.0
4857,2026-05-26T16:15:00+00:00,-2.0,3.0
4858,2026-05-26T16:20:00+00:00,-2.0,3.0
4859,2026-05-26T16:25:00+00:00,-2.0,3.0
4860,2026-05-26T16:30:00+00:00,-2.0,3.0
4861,2026-05-26T16:35:00+00:00,-2.0,3.0
4862,2026-05-26T16:40:00+00:00,-2.0,3.0
4863,2026-05-26T16:45:00+00:00,-2.0,3.0
4864,2026-05-26T16:50:00+00:00,-2.0,3.0
4865,2026-05-26T16:55:00+00:00,-2.0,3.0
4866,2026-05-26T17:00:00+00:00,-2.0,3.0
4867,2026-05-26T17:05:00+00:00,-2.0,3.0
4868,2026-05-26T17:10:00+00:00,-2.0,3.0
4869,2026-05-26T17:15:00+00:00,-2.0,3.0
4870,2026-05-26T17:20:00+00:00,-2.0,3.0
4871,2026-05-26T17:25:00+00:00,-2.0,3.0
4872,2026-05-26T17:30:00+00:00,-2.0,3.0
4873,2026-05-26T17:35:00+00:00,-2.0,3.0
4874,2026-05-26T17:40:00+00:00,-2.0,3.0
4875,2026-05-26T17:45:00+00:00,-2.0,3.0
4876,2026-05-26T17:50:00+00:00,-2.0,3.0
4877,2026-05-26T17:55:00+00:00,-2.0,3.0
4878,2026-05-26T18:00:00+00:00,-2.0,3.0
4879,2026-05-26T18:05:00+00:00,-2.0,3.0
4880,2026-05-26T18:10:00+00:00,-2.0,3.0
4881,2026-05-26T18:15:00+00:00,-2.0,3.0
4882,2026-05-26T18:20:00+00:00,-2.0,3.0
4883,2026-05-26T18:25:00+00:00,-2.0,3.0
4884,2026-05-26T18:30:00+00:00,-2.0,3.0
4885,2026-05-26T18:35:00+00:00,-2.0,3.0
4886,2026-05-26T18:40:00+00:00,-2.0,3.0
4887,2026-05-26T18:45:00+00:00,-2.0,3.0
4888,2026-05-26T18:50:00+00:00,-2.0,3.0
4889,2026-05-26T18:55:00+00:00,-2.0,3.0
4890,2026-05-26T19:00:00+00:00,-2.0,3.0
4891,2026-05-26T19:05:00+00:00,-2.0,3.0
4892,2026-05-26T19:10:00+00:00,-2.0,3.0
4893,2026-05-26T19:15:00+00:00,-2.0,3.0
4894,2026-05-26T19:20:00+00:00,-2.0,3.0
4895,2026-05-26T19:25:00+00:00,-2.0,3.0
4896,2026-05-26T19:30:00+00:00,-2.0,3.0
4897,2026-05-26T19:35:00+00:00,-2.0,3.0
4898,2026-05-26T19:40:00+00:00,-2.0,3.0
4899,2026-05-26T19:45:00+00:00,-2.0,3.0
4900,2026-05-26T19:50:00+00:00,-2.0,3.0
4901,2026-05-26T19:55:00+00:00,-2.0,3.0
4902,2026-05-26T20:00:00+00:00,-2.0,3.0
4903,2026-05-26T20:05:00+00:00,-2.0,3.0
4904,2026-05-26T20:10:00+00:00,-2.0,3.0
4905,2026-05-26T20:15:00+00:00,-2.0,3.0
4906,2026-05-26T20:20:00+00:00,-2.0,3.0
4907,2026-05-26T20:25:00+00:00,-2.0,3.0
4908,2026-05-26T20:30:00+00:00,-2.0,3.0
4909,2026-05-26T20:35:00+00:00,-2.0,3.0
4910,2026-05-26T20:40:00+00:00,-2.0,3.0
4911,2026-05-26T20:45:00+00:00,-2.0,3.0
4912,2026-05-26T20:50:00+00:00,-2.0,3.0
4913,2026-05-26T20:55:00+00:00,-2.0,3.0
4914,2026-05-26T22:00:00+00:00,-2.0,3.0
4915,2026-05-26T22:05:00+00:00,-2.0,3.0
4916,2026-05-26T22:10:00+00:00,-2.0,3.0
4917,2026-05-26T22:15:00+00:00,-2.0,3.0
4918,2026-05-26T22:20:00+00:00,-2.0,3.0
4919,2026-05-26T22:25:00+00:00,-2.0,3.0
4920,2026-05-26T22:30:00+00:00,-2.0,3.0
4921,2026-05-26T22:35:00+00:00,-2.0,3.0
4922,2026-05-26T22:40:00+00:00,-2.0,3.0
4923,2026-05-26T22:45:00+00:00,-2.0,3.0
4924,2026-05-26T22:50:00+00:00,-2.0,3.0
4925,2026-05-26T22:55:00+00:00,-2.0,3.0
4926,2026-05-26T23:00:00+00:00,-2.0,3.0
4927,2026-05-26T23:05:00+00:00,-2.0,3.0
4928,2026-05-26T23:10:00+00:00,-2.0,3.0
4929,2026-05-26T23:15:00+00:00,-2.0,3.0
4930,2026-05-26T23:20:00+00:00,-2.0,3.0
4931,2026-05-26T23:25:00+00:00,-2.0,3.0
4932,2026-05-26T23:30:00+00:00,-2.0,3.0
4933,2026-05-26T23:35:00+00:00,-2.0,3.0
4934,2026-05-26T23:40:00+00:00,-2.0,3.0
4935,2026-05-26T23:45:00+00:00,-2.0,3.0
4936,2026-05-26T23:50:00+00:00,-2.0,3.0
4937,2026-05-26T23:55:00+00:00,-2.0,3.0
4938,2026-05-27T00:00:00+00:00,-2.0,3.0
4939,2026-05-27T00:05:00+00:00,-2.0,3.0
4940,2026-05-27T00:10:00+00:00,-2.0,3.0
4941,2026-05-27T00:15:00+00:00,-2.0,3.0
4942,2026-05-27T00:20:00+00:00,-2.0,3.0
4943,2026-05-27T00:25:00+00:00,-2.0,3.0
4944,2026-05-27T00:30:00+00:00,-2.0,3.0
4945,2026-05-27T00:35:00+00:00,-2.0,3.0
4946,2026-05-27T00:40:00+00:00,-2.0,3.0
4947,2026-05-27T00:45:00+00:00,-2.0,3.0
4948,2026-05-27T00:50:00+00:00,-2.0,3.0
4949,2026-05-27T00:55:00+00:00,-2.0,3.0
4950,2026-05-27T01:00:00+00:00,-2.0,3.0
4951,2026-05-27T01:05:00+00:00,-2.0,3.0
4952,2026-05-27T01:10:00+00:00,-2.0,3.0
4953,2026-05-27T01:15:00+00:00,-2.0,3.0
4954,2026-05-27T01:20:00+00:00,-2.0,3.0
4955,2026-05-27T01:25:00+00:00,-2.0,3.0
4956,2026-05-27T01:30:00+00:00,-2.0,3.0
4957,2026-05-27T01:35:00+00:00,-2.0,3.0
4958,2026-05-27T01:40:00+00:00,-2.0,3.0
4959,2026-05-27T01:45:00+00:00,-2.0,3.0
4960,2026-05-27T01:50:00+00:00,-2.0,3.0
4961,2026-05-27T01:55:00+00:00,-2.0,3.0
4962,2026-05-27T02:00:00+00:00,-2.0,3.0
4963,2026-05-27T02:05:00+00:00,-2.0,3.0
4964,2026-05-27T02:10:00+00:00,-2.0,3.0
4965,2026-05-27T02:15:00+00:00,-2.0,3.0
4966,2026-05-27T02:20:00+00:00,-2.0,3.0
4967,2026-05-27T02:25:00+00:00,-2.0,3.0
4968,2026-05-27T02:30:00+00:00,-2.0,3.0
4969,2026-05-27T02:35:00+00:00,-2.0,3.0
4970,2026-05-27T02:40:00+00:00,-2.0,3.0
4971,2026-05-27T02:45:00+00:00,-2.0,3.0
4972,2026-05-27T02:50:00+00:00,-2.0,3.0
4973,2026-05-27T02:55:00+00:00,-2.0,3.0
4974,2026-05-27T03:00:00+00:00,-2.0,3.0
4975,2026-05-27T03:05:00+00:00,-2.0,3.0
4976,2026-05-27T03:10:00+00:00,-2.0,3.0
4977,2026-05-27T03:15:00+00:00,-2.0,3.0
4978,2026-05-27T03:20:00+00:00,-2.0,3.0
4979,2026-05-27T03:25:00+00:00,-2.0,3.0
4980,2026-05-27T03:30:00+00:00,-2.0,3.0
4981,2026-05-27T03:35:00+00:00,-2.0,3.0
4982,2026-05-27T03:40:00+00:00,-2.0,3.0
4983,2026-05-27T03:45:00+00:00,-2.0,3.0
4984,2026-05-27T03:50:00+00:00,-2.0,3.0
4985,2026-05-27T03:55:00+00:00,-2.0,3.0
4986,2026-05-27T04:00:00+00:00,-2.0,3.0
4987,2026-05-27T04:05:00+00:00,-2.0,3.0
4988,2026-05-27T04:10:00+00:00,-2.0,3.0
4989,2026-05-27T04:15:00+00:00,-2.0,3.0
4990,2026-05-27T04:20:00+00:00,-2.0,3.0
4991,2026-05-27T04:25:00+00:00,-2.0,3.0
4992,2026-05-27T04:30:00+00:00,-2.0,3.0
4993,2026-05-27T04:35:00+00:00,-2.0,3.0
4994,2026-05-27T04:40:00+00:00,-2.0,3.0
4995,2026-05-27T04:45:00+00:00,-2.0,3.0
4996,2026-05-27T04:50:00+00:00,-2.0,3.0
4997,2026-05-27T04:55:00+00:00,-2.0,3.0
4998,2026-05-27T05:00:00+00:00,-2.0,3.0
4999,2026-05-27T05:05:00+00:00,-2.0,3.0
5000,2026-05-27T05:10:00+00:00,-2.0,3.0
5001,2026-05-27T05:15:00+00:00,-2.0,3.0
5002,2026-05-27T05:20:00+00:00,-2.0,3.0
5003,2026-05-27T05:25:00+00:00,-2.0,3.0
5004,2026-05-27T05:30:00+00:00,-2.0,3.0
5005,2026-05-27T05:35:00+00:00,-2.0,3.0
5006,2026-05-27T05:40:00+00:00,-2.0,3.0
5007,2026-05-27T05:45:00+00:00,-2.0,3.0
5008,2026-05-27T05:50:00+00:00,-2.0,3.0
5009,2026-05-27T05:55:00+00:00,-2.0,3.0
5010,2026-05-27T06:00:00+00:00,-2.0,3.0
5011,2026-05-27T06:05:00+00:00,-2.0,3.0
5012,2026-05-27T06:10:00+00:00,-2.0,3.0
5013,2026-05-27T06:15:00+00:00,-2.0,3.0
5014,2026-05-27T06:20:00+00:00,-2.0,3.0
5015,2026-05-27T06:25:00+00:00,-2.0,3.0
5016,2026-05-27T06:30:00+00:00,-2.0,3.0
5017,2026-05-27T06:35:00+00:00,-2.0,3.0
5018,2026-05-27T06:40:00+00:00,-2.0,3.0
5019,2026-05-27T06:45:00+00:00,-2.0,3.0
5020,2026-05-27T06:50:00+00:00,-2.0,3.0
5021,2026-05-27T06:55:00+00:00,-2.0,3.0
5022,2026-05-27T07:00:00+00:00,-2.0,3.0
5023,2026-05-27T07:05:00+00:00,-2.0,3.0
5024,2026-05-27T07:10:00+00:00,-2.0,3.0
5025,2026-05-27T07:15:00+00:00,-2.0,3.0
5026,2026-05-27T07:20:00+00:00,-2.0,3.0
5027,2026-05-27T07:25:00+00:00,-2.0,3.0
5028,2026-05-27T07:30:00+00:00,-2.0,3.0
5029,2026-05-27T07:35:00+00:00,-2.0,3.0
5030,2026-05-27T07:40:00+00:00,-2.0,3.0
5031,2026-05-27T07:45:00+00:00,-2.0,3.0
5032,2026-05-27T07:50:00+00:00,-2.0,3.0
5033,2026-05-27T07:55:00+00:00,-2.0,3.0
5034,2026-05-27T08:00:00+00:00,-2.0,3.0
5035,2026-05-27T08:05:00+00:00,-2.0,3.0
5036,2026-05-27T08:10:00+00:00,-2.0,3.0
5037,2026-05-27T08:15:00+00:00,-2.0,3.0
5038,2026-05-27T08:20:00+00:00,-2.0,3.0
5039,2026-05-27T08:25:00+00:00,-2.0,3.0
5040,2026-05-27T08:30:00+00:00,-2.0,3.0
5041,2026-05-27T08:35:00+00:00,-2.0,3.0
5042,2026-05-27T08:40:00+00:00,-2.0,3.0
5043,2026-05-27T08:45:00+00:00,-2.0,3.0
5044,2026-05-27T08:50:00+00:00,-2.0,3.0
5045,2026-05-27T08:55:00+00:00,-2.0,3.0
5046,2026-05-27T09:00:00+00:00,-2.0,3.0
5047,2026-05-27T09:05:00+00:00,-2.0,3.0
5048,2026-05-27T09:10:00+00:00,-2.0,3.0
5049,2026-05-27T09:15:00+00:00,-2.0,3.0
5050,2026-05-27T09:20:00+00:00,-2.0,3.0
5051,2026-05-27T09:25:00+00:00,-2.0,3.0
5052,2026-05-27T09:30:00+00:00,-2.0,3.0
5053,2026-05-27T09:35:00+00:00,-2.0,3.0
5054,2026-05-27T09:40:00+00:00,-2.0,3.0
5055,2026-05-27T09:45:00+00:00,-2.0,3.0
5056,2026-05-27T09:50:00+00:00,-2.0,3.0
5057,2026-05-27T09:55:00+00:00,-2.0,3.0
5058,2026-05-27T10:00:00+00:00,-2.0,3.0
5059,2026-05-27T10:05:00+00:00,-2.0,3.0
5060,2026-05-27T10:10:00+00:00,-2.0,3.0
5061,2026-05-27T10:15:00+00:00,-2.0,3.0
5062,2026-05-27T10:20:00+00:00,-2.0,3.0
5063,2026-05-27T10:25:00+00:00,-2.0,3.0
5064,2026-05-27T10:30:00+00:00,-2.0,3.0
5065,2026-05-27T10:35:00+00:00,-2.0,3.0
5066,2026-05-27T10:40:00+00:00,-2.0,3.0
5067,2026-05-27T10:45:00+00:00,-2.0,3.0
5068,2026-05-27T10:50:00+00:00,-2.0,3.0
5069,2026-05-27T10:55:00+00:00,-2.0,3.0
5070,2026-05-27T11:00:00+00:00,-2.0,3.0
5071,2026-05-27T11:05:00+00:00,-2.0,3.0
5072,2026-05-27T11:10:00+00:00,-2.0,3.0
5073,2026-05-27T11:15:00+00:00,-2.0,3.0
5074,2026-05-27T11:20:00+00:00,-2.0,3.0
5075,2026-05-27T11:25:00+00:00,-2.0,3.0
5076,2026-05-27T11:30:00+00:00,-2.0,3.0
5077,2026-05-27T11:35:00+00:00,-2.0,3.0
5078,2026-05-27T11:40:00+00:00,-2.0,3.0
5079,2026-05-27T11:45:00+00:00,-2.0,3.0
5080,2026-05-27T11:50:00+00:00,-2.0,3.0
5081,2026-05-27T11:55:00+00:00,-2.0,3.0
5082,2026-05-27T12:00:00+00:00,-2.0,3.0
5083,2026-05-27T12:05:00+00:00,-2.0,3.0
5084,2026-05-27T12:10:00+00:00,-2.0,3.0
5085,2026-05-27T12:15:00+00:00,-2.0,3.0
5086,2026-05-27T12:20:00+00:00,-2.0,3.0
5087,2026-05-27T12:25:00+00:00,-2.0,3.0
5088,2026-05-27T12:30:00+00:00,-2.0,3.0
5089,2026-05-27T12:35:00+00:00,-2.0,3.0
5090,2026-05-27T12:40:00+00:00,-2.0,3.0
5091,2026-05-27T12:45:00+00:00,-2.0,3.0
5092,2026-05-27T12:50:00+00:00,-2.0,3.0
5093,2026-05-27T12:55:00+00:00,-2.0,3.0
5094,2026-05-27T13:00:00+00:00,-2.0,3.0
5095,2026-05-27T13:05:00+00:00,-2.0,3.0
5096,2026-05-27T13:10:00+00:00,-2.0,3.0
5097,2026-05-27T13:15:00+00:00,-2.0,3.0
5098,2026-05-27T13:20:00+00:00,-2.0,3.0
5099,2026-05-27T13:25:00+00:00,-2.0,3.0
5100,2026-05-27T13:30:00+00:00,-2.0,3.0
5101,2026-05-27T13:35:00+00:00,-2.0,3.0
5102,2026-05-27T13:40:00+00:00,-2.0,3.0
5103,2026-05-27T13:45:00+00:00,-2.0,3.0
5104,2026-05-27T13:50:00+00:00,-2.0,3.0
5105,2026-05-27T13:55:00+00:00,-2.0,3.0
5106,2026-05-27T14:00:00+00:00,-2.0,3.0
5107,2026-05-27T14:05:00+00:00,-2.0,3.0
5108,2026-05-27T14:10:00+00:00,-2.0,3.0
5109,2026-05-27T14:15:00+00:00,-2.0,3.0
5110,2026-05-27T14:20:00+00:00,-2.0,3.0
5111,2026-05-27T14:25:00+00:00,-2.0,3.0
5112,2026-05-27T14:30:00+00:00,-2.0,3.0
5113,2026-05-27T14:35:00+00:00,-2.0,3.0
5114,2026-05-27T14:40:00+00:00,-2.0,3.0
5115,2026-05-27T14:45:00+00:00,-2.0,3.0
5116,2026-05-27T14:50:00+00:00,-2.0,3.0
5117,2026-05-27T14:55:00+00:00,-2.0,3.0
5118,2026-05-27T15:00:00+00:00,-2.0,3.0
5119,2026-05-27T15:05:00+00:00,-2.0,3.0
5120,2026-05-27T15:10:00+00:00,-2.0,3.0
5121,2026-05-27T15:15:00+00:00,-2.0,3.0
5122,2026-05-27T15:20:00+00:00,-2.0,3.0
5123,2026-05-27T15:25:00+00:00,-2.0,3.0
5124,2026-05-27T15:30:00+00:00,-2.0,3.0
5125,2026-05-27T15:35:00+00:00,-2.0,3.0
5126,2026-05-27T15:40:00+00:00,-2.0,3.0
5127,2026-05-27T15:45:00+00:00,-2.0,3.0
5128,2026-05-27T15:50:00+00:00,-2.0,3.0
5129,2026-05-27T15:55:00+00:00,-2.0,3.0
5130,2026-05-27T16:00:00+00:00,-2.0,3.0
5131,2026-05-27T16:05:00+00:00,-2.0,3.0
5132,2026-05-27T16:10:00+00:00,-2.0,3.0
5133,2026-05-27T16:15:00+00:00,-2.0,3.0
5134,2026-05-27T16:20:00+00:00,-2.0,3.0
5135,2026-05-27T16:25:00+00:00,-2.0,3.0
5136,2026-05-27T16:30:00+00:00,-2.0,3.0
5137,2026-05-27T16:35:00+00:00,0.0,1.0
5138,2026-05-27T16:40:00+00:00,0.0,1.0
5139,2026-05-27T16:45:00+00:00,0.0,1.0
5140,2026-05-27T16:50:00+00:00,0.0,1.0
5141,2026-05-27T16:55:00+00:00,0.0,1.0
5142,2026-05-27T17:00:00+00:00,0.0,1.0
5143,2026-05-27T17:05:00+00:00,0.0,1.0
5144,2026-05-27T17:10:00+00:00,0.0,1.0
5145,2026-05-27T17:15:00+00:00,0.0,1.0
5146,2026-05-27T17:20:00+00:00,0.0,1.0
5147,2026-05-27T17:25:00+00:00,0.0,1.0
5148,2026-05-27T17:30:00+00:00,0.0,1.0
5149,2026-05-27T17:35:00+00:00,0.0,1.0
5150,2026-05-27T17:40:00+00:00,0.0,1.0
5151,2026-05-27T17:45:00+00:00,0.0,1.0
5152,2026-05-27T17:50:00+00:00,0.0,1.0
5153,2026-05-27T17:55:00+00:00,0.0,1.0
5154,2026-05-27T18:00:00+00:00,0.0,1.0
5155,2026-05-27T18:05:00+00:00,0.0,1.0
5156,2026-05-27T18:10:00+00:00,0.0,1.0
5157,2026-05-27T18:15:00+00:00,0.0,1.0
5158,2026-05-27T18:20:00+00:00,0.0,1.0
5159,2026-05-27T18:25:00+00:00,0.0,1.0
5160,2026-05-27T18:30:00+00:00,0.0,1.0
5161,2026-05-27T18:35:00+00:00,0.0,1.0
5162,2026-05-27T18:40:00+00:00,0.0,1.0
5163,2026-05-27T18:45:00+00:00,0.0,1.0
5164,2026-05-27T18:50:00+00:00,0.0,1.0
5165,2026-05-27T18:55:00+00:00,0.0,1.0
5166,2026-05-27T19:00:00+00:00,0.0,1.0
5167,2026-05-27T19:05:00+00:00,0.0,1.0
5168,2026-05-27T19:10:00+00:00,0.0,1.0
5169,2026-05-27T19:15:00+00:00,0.0,1.0
5170,2026-05-27T19:20:00+00:00,0.0,1.0
5171,2026-05-27T19:25:00+00:00,0.0,1.0
5172,2026-05-27T19:30:00+00:00,0.0,1.0
5173,2026-05-27T19:35:00+00:00,0.0,1.0
5174,2026-05-27T19:40:00+00:00,0.0,1.0
5175,2026-05-27T19:45:00+00:00,0.0,1.0
5176,2026-05-27T19:50:00+00:00,0.0,1.0
5177,2026-05-27T19:55:00+00:00,0.0,1.0
5178,2026-05-27T20:00:00+00:00,0.0,1.0
5179,2026-05-27T20:05:00+00:00,0.0,1.0
5180,2026-05-27T20:10:00+00:00,0.0,1.0
5181,2026-05-27T20:15:00+00:00,0.0,1.0
5182,2026-05-27T20:20:00+00:00,0.0,1.0
5183,2026-05-27T20:25:00+00:00,0.0,1.0
5184,2026-05-27T20:30:00+00:00,0.0,1.0
5185,2026-05-27T20:35:00+00:00,0.0,1.0
5186,2026-05-27T20:40:00+00:00,0.0,1.0
5187,2026-05-27T20:45:00+00:00,0.0,1.0
5188,2026-05-27T20:50:00+00:00,0.0,1.0
5189,2026-05-27T20:55:00+00:00,0.0,1.0
5190,2026-05-27T22:00:00+00:00,0.0,1.0
5191,2026-05-27T22:05:00+00:00,0.0,1.0
5192,2026-05-27T22:10:00+00:00,0.0,1.0
5193,2026-05-27T22:15:00+00:00,0.0,1.0
5194,2026-05-27T22:20:00+00:00,0.0,1.0
5195,2026-05-27T22:25:00+00:00,0.0,1.0
5196,2026-05-27T22:30:00+00:00,0.0,1.0
5197,2026-05-27T22:35:00+00:00,0.0,1.0
5198,2026-05-27T22:40:00+00:00,0.0,1.0
5199,2026-05-27T22:45:00+00:00,0.0,1.0
5200,2026-05-27T22:50:00+00:00,0.0,1.0
5201,2026-05-27T22:55:00+00:00,0.0,1.0
5202,2026-05-27T23:00:00+00:00,0.0,1.0
5203,2026-05-27T23:05:00+00:00,0.0,1.0
5204,2026-05-27T23:10:00+00:00,0.0,1.0
5205,2026-05-27T23:15:00+00:00,0.0,1.0
5206,2026-05-27T23:20:00+00:00,0.0,1.0
5207,2026-05-27T23:25:00+00:00,0.0,1.0
5208,2026-05-27T23:30:00+00:00,0.0,1.0
5209,2026-05-27T23:35:00+00:00,0.0,1.0
5210,2026-05-27T23:40:00+00:00,0.0,1.0
5211,2026-05-27T23:45:00+00:00,0.0,1.0
5212,2026-05-27T23:50:00+00:00,0.0,1.0
5213,2026-05-27T23:55:00+00:00,0.0,1.0
5214,2026-05-28T00:00:00+00:00,0.0,1.0
5215,2026-05-28T00:05:00+00:00,0.0,1.0
5216,2026-05-28T00:10:00+00:00,0.0,1.0
5217,2026-05-28T00:15:00+00:00,0.0,1.0
5218,2026-05-28T00:20:00+00:00,0.0,1.0
5219,2026-05-28T00:25:00+00:00,0.0,1.0
5220,2026-05-28T00:30:00+00:00,0.0,1.0
5221,2026-05-28T00:35:00+00:00,0.0,1.0
5222,2026-05-28T00:40:00+00:00,0.0,1.0
5223,2026-05-28T00:45:00+00:00,0.0,1.0
5224,2026-05-28T00:50:00+00:00,0.0,1.0
5225,2026-05-28T00:55:00+00:00,0.0,1.0
5226,2026-05-28T01:00:00+00:00,0.0,1.0
5227,2026-05-28T01:05:00+00:00,0.0,1.0
5228,2026-05-28T01:10:00+00:00,0.0,1.0
5229,2026-05-28T01:15:00+00:00,0.0,1.0
5230,2026-05-28T01:20:00+00:00,0.0,1.0
5231,2026-05-28T01:25:00+00:00,0.0,1.0
5232,2026-05-28T01:30:00+00:00,0.0,1.0
5233,2026-05-28T01:35:00+00:00,0.0,1.0
5234,2026-05-28T01:40:00+00:00,0.0,1.0
5235,2026-05-28T01:45:00+00:00,0.0,1.0
5236,2026-05-28T01:50:00+00:00,0.0,1.0
5237,2026-05-28T01:55:00+00:00,0.0,1.0
5238,2026-05-28T02:00:00+00:00,0.0,1.0
5239,2026-05-28T02:05:00+00:00,0.0,1.0
5240,2026-05-28T02:10:00+00:00,0.0,1.0
5241,2026-05-28T02:15:00+00:00,0.0,1.0
5242,2026-05-28T02:20:00+00:00,0.0,1.0
5243,2026-05-28T02:25:00+00:00,0.0,1.0
5244,2026-05-28T02:30:00+00:00,0.0,1.0
5245,2026-05-28T02:35:00+00:00,0.0,1.0
5246,2026-05-28T02:40:00+00:00,0.0,1.0
5247,2026-05-28T02:45:00+00:00,0.0,1.0
5248,2026-05-28T02:50:00+00:00,0.0,1.0
5249,2026-05-28T02:55:00+00:00,0.0,1.0
5250,2026-05-28T03:00:00+00:00,0.0,1.0
5251,2026-05-28T03:05:00+00:00,0.0,1.0
5252,2026-05-28T03:10:00+00:00,0.0,1.0
5253,2026-05-28T03:15:00+00:00,0.0,1.0
5254,2026-05-28T03:20:00+00:00,0.0,1.0
5255,2026-05-28T03:25:00+00:00,0.0,1.0
5256,2026-05-28T03:30:00+00:00,0.0,1.0
5257,2026-05-28T03:35:00+00:00,0.0,1.0
5258,2026-05-28T03:40:00+00:00,0.0,1.0
5259,2026-05-28T03:45:00+00:00,0.0,1.0
5260,2026-05-28T03:50:00+00:00,0.0,1.0
5261,2026-05-28T03:55:00+00:00,0.0,1.0
5262,2026-05-28T04:00:00+00:00,0.0,1.0
5263,2026-05-28T04:05:00+00:00,0.0,1.0
5264,2026-05-28T04:10:00+00:00,0.0,1.0
5265,2026-05-28T04:15:00+00:00,0.0,1.0
5266,2026-05-28T04:20:00+00:00,0.0,1.0
5267,2026-05-28T04:25:00+00:00,0.0,1.0
5268,2026-05-28T04:30:00+00:00,0.0,1.0
5269,2026-05-28T04:35:00+00:00,0.0,1.0
5270,2026-05-28T04:40:00+00:00,0.0,1.0
5271,2026-05-28T04:45:00+00:00,0.0,1.0
5272,2026-05-28T04:50:00+00:00,0.0,1.0
5273,2026-05-28T04:55:00+00:00,0.0,1.0
5274,2026-05-28T05:00:00+00:00,0.0,1.0
5275,2026-05-28T05:05:00+00:00,0.0,1.0
5276,2026-05-28T05:10:00+00:00,0.0,1.0
5277,2026-05-28T05:15:00+00:00,0.0,1.0
5278,2026-05-28T05:20:00+00:00,0.0,1.0
5279,2026-05-28T05:25:00+00:00,0.0,1.0
5280,2026-05-28T05:30:00+00:00,0.0,1.0
5281,2026-05-28T05:35:00+00:00,0.0,1.0
5282,2026-05-28T05:40:00+00:00,0.0,1.0
5283,2026-05-28T05:45:00+00:00,0.0,1.0
5284,2026-05-28T05:50:00+00:00,0.0,1.0
5285,2026-05-28T05:55:00+00:00,0.0,1.0
5286,2026-05-28T06:00:00+00:00,0.0,1.0
5287,2026-05-28T06:05:00+00:00,0.0,1.0
5288,2026-05-28T06:10:00+00:00,0.0,1.0
5289,2026-05-28T06:15:00+00:00,0.0,1.0
5290,2026-05-28T06:20:00+00:00,0.0,1.0
5291,2026-05-28T06:25:00+00:00,0.0,1.0
5292,2026-05-28T06:30:00+00:00,0.0,1.0
5293,2026-05-28T06:35:00+00:00,0.0,1.0
5294,2026-05-28T06:40:00+00:00,0.0,1.0
5295,2026-05-28T06:45:00+00:00,0.0,1.0
5296,2026-05-28T06:50:00+00:00,0.0,1.0
5297,2026-05-28T06:55:00+00:00,0.0,1.0
5298,2026-05-28T07:00:00+00:00,0.0,1.0
5299,2026-05-28T07:05:00+00:00,0.0,1.0
5300,2026-05-28T07:10:00+00:00,0.0,1.0
5301,2026-05-28T07:15:00+00:00,0.0,1.0
5302,2026-05-28T07:20:00+00:00,0.0,1.0
5303,2026-05-28T07:25:00+00:00,0.0,1.0
5304,2026-05-28T07:30:00+00:00,0.0,1.0
5305,2026-05-28T07:35:00+00:00,0.0,1.0
5306,2026-05-28T07:40:00+00:00,0.0,1.0
5307,2026-05-28T07:45:00+00:00,0.0,1.0
5308,2026-05-28T07:50:00+00:00,0.0,1.0
5309,2026-05-28T07:55:00+00:00,0.0,1.0
5310,2026-05-28T08:00:00+00:00,0.0,1.0
5311,2026-05-28T08:05:00+00:00,0.0,1.0
5312,2026-05-28T08:10:00+00:00,0.0,1.0
5313,2026-05-28T08:15:00+00:00,0.0,1.0
5314,2026-05-28T08:20:00+00:00,0.0,1.0
5315,2026-05-28T08:25:00+00:00,0.0,1.0
5316,2026-05-28T08:30:00+00:00,0.0,1.0
5317,2026-05-28T08:35:00+00:00,0.0,1.0
5318,2026-05-28T08:40:00+00:00,0.0,1.0
5319,2026-05-28T08:45:00+00:00,0.0,1.0
5320,2026-05-28T08:50:00+00:00,0.0,1.0
5321,2026-05-28T08:55:00+00:00,0.0,1.0
5322,2026-05-28T09:00:00+00:00,0.0,1.0
5323,2026-05-28T09:05:00+00:00,0.0,1.0
5324,2026-05-28T09:10:00+00:00,0.0,1.0
5325,2026-05-28T09:15:00+00:00,0.0,1.0
5326,2026-05-28T09:20:00+00:00,0.0,1.0
5327,2026-05-28T09:25:00+00:00,0.0,1.0
5328,2026-05-28T09:30:00+00:00,0.0,1.0
5329,2026-05-28T09:35:00+00:00,0.0,1.0
5330,2026-05-28T09:40:00+00:00,0.0,1.0
5331,2026-05-28T09:45:00+00:00,0.0,1.0
5332,2026-05-28T09:50:00+00:00,0.0,1.0
5333,2026-05-28T09:55:00+00:00,0.0,1.0
5334,2026-05-28T10:00:00+00:00,0.0,1.0
5335,2026-05-28T10:05:00+00:00,0.0,1.0
5336,2026-05-28T10:10:00+00:00,0.0,1.0
5337,2026-05-28T10:15:00+00:00,0.0,1.0
5338,2026-05-28T10:20:00+00:00,0.0,1.0
5339,2026-05-28T10:25:00+00:00,0.0,1.0
5340,2026-05-28T10:30:00+00:00,0.0,1.0
5341,2026-05-28T10:35:00+00:00,0.0,1.0
5342,2026-05-28T10:40:00+00:00,0.0,1.0
5343,2026-05-28T10:45:00+00:00,0.0,1.0
5344,2026-05-28T10:50:00+00:00,0.0,1.0
5345,2026-05-28T10:55:00+00:00,0.0,1.0
5346,2026-05-28T11:00:00+00:00,0.0,1.0
5347,2026-05-28T11:05:00+00:00,0.0,1.0
5348,2026-05-28T11:10:00+00:00,0.0,1.0
5349,2026-05-28T11:15:00+00:00,0.0,1.0
5350,2026-05-28T11:20:00+00:00,0.0,1.0
5351,2026-05-28T11:25:00+00:00,0.0,1.0
5352,2026-05-28T11:30:00+00:00,0.0,1.0
5353,2026-05-28T11:35:00+00:00,0.0,1.0
5354,2026-05-28T11:40:00+00:00,0.0,1.0
5355,2026-05-28T11:45:00+00:00,0.0,1.0
5356,2026-05-28T11:50:00+00:00,0.0,1.0
5357,2026-05-28T11:55:00+00:00,0.0,1.0
5358,2026-05-28T12:00:00+00:00,0.0,1.0
5359,2026-05-28T12:05:00+00:00,0.0,1.0
5360,2026-05-28T12:10:00+00:00,0.0,1.0
5361,2026-05-28T12:15:00+00:00,0.0,1.0
5362,2026-05-28T12:20:00+00:00,0.0,1.0
5363,2026-05-28T12:25:00+00:00,0.0,1.0
5364,2026-05-28T12:30:00+00:00,0.0,1.0
5365,2026-05-28T12:35:00+00:00,0.0,1.0
5366,2026-05-28T12:40:00+00:00,0.0,1.0
5367,2026-05-28T12:45:00+00:00,0.0,1.0
5368,2026-05-28T12:50:00+00:00,0.0,1.0
5369,2026-05-28T12:55:00+00:00,0.0,1.0
5370,2026-05-28T13:00:00+00:00,0.0,1.0
5371,2026-05-28T13:05:00+00:00,0.0,1.0
5372,2026-05-28T13:10:00+00:00,0.0,1.0
5373,2026-05-28T13:15:00+00:00,0.0,1.0
5374,2026-05-28T13:20:00+00:00,0.0,1.0
5375,2026-05-28T13:25:00+00:00,0.0,1.0
5376,2026-05-28T13:30:00+00:00,0.0,1.0
5377,2026-05-28T13:35:00+00:00,0.0,1.0
5378,2026-05-28T13:40:00+00:00,0.0,1.0
5379,2026-05-28T13:45:00+00:00,0.0,1.0
5380,2026-05-28T13:50:00+00:00,0.0,1.0
5381,2026-05-28T13:55:00+00:00,0.0,1.0
5382,2026-05-28T14:00:00+00:00,0.0,1.0
5383,2026-05-28T14:05:00+00:00,0.0,1.0
5384,2026-05-28T14:10:00+00:00,0.0,1.0
5385,2026-05-28T14:15:00+00:00,0.0,1.0
5386,2026-05-28T14:20:00+00:00,0.0,1.0
5387,2026-05-28T14:25:00+00:00,0.0,1.0
5388,2026-05-28T14:30:00+00:00,0.0,1.0
5389,2026-05-28T14:35:00+00:00,0.0,1.0
5390,2026-05-28T14:40:00+00:00,0.0,1.0
5391,2026-05-28T14:45:00+00:00,0.0,1.0
5392,2026-05-28T14:50:00+00:00,0.0,1.0
5393,2026-05-28T14:55:00+00:00,0.0,1.0
5394,2026-05-28T15:00:00+00:00,0.0,1.0
5395,2026-05-28T15:05:00+00:00,0.0,1.0
5396,2026-05-28T15:10:00+00:00,0.0,1.0
5397,2026-05-28T15:15:00+00:00,0.0,1.0
5398,2026-05-28T15:20:00+00:00,0.0,1.0
5399,2026-05-28T15:25:00+00:00,0.0,1.0
5400,2026-05-28T15:30:00+00:00,0.0,1.0
5401,2026-05-28T15:35:00+00:00,0.0,1.0
5402,2026-05-28T15:40:00+00:00,0.0,1.0
5403,2026-05-28T15:45:00+00:00,0.0,1.0
5404,2026-05-28T15:50:00+00:00,0.0,1.0
5405,2026-05-28T15:55:00+00:00,0.0,1.0
5406,2026-05-28T16:00:00+00:00,0.0,1.0
5407,2026-05-28T16:05:00+00:00,0.0,1.0
5408,2026-05-28T16:10:00+00:00,0.0,1.0
5409,2026-05-28T16:15:00+00:00,0.0,1.0
5410,2026-05-28T16:20:00+00:00,0.0,1.0
5411,2026-05-28T16:25:00+00:00,0.0,1.0
5412,2026-05-28T16:30:00+00:00,0.0,1.0
5413,2026-05-28T16:35:00+00:00,0.0,1.0
5414,2026-05-28T16:40:00+00:00,0.0,1.0
5415,2026-05-28T16:45:00+00:00,0.0,1.0
5416,2026-05-28T16:50:00+00:00,0.0,1.0
5417,2026-05-28T16:55:00+00:00,0.0,1.0
5418,2026-05-28T17:00:00+00:00,0.0,1.0
5419,2026-05-28T17:05:00+00:00,0.0,1.0
5420,2026-05-28T17:10:00+00:00,0.0,1.0
5421,2026-05-28T17:15:00+00:00,0.0,1.0
5422,2026-05-28T17:20:00+00:00,0.0,1.0
5423,2026-05-28T17:25:00+00:00,0.0,1.0
5424,2026-05-28T17:30:00+00:00,0.0,1.0
5425,2026-05-28T17:35:00+00:00,0.0,1.0
5426,2026-05-28T17:40:00+00:00,0.0,1.0
5427,2026-05-28T17:45:00+00:00,0.0,1.0
5428,2026-05-28T17:50:00+00:00,0.0,1.0
5429,2026-05-28T17:55:00+00:00,0.0,1.0
5430,2026-05-28T18:00:00+00:00,0.0,1.0
5431,2026-05-28T18:05:00+00:00,0.0,1.0
5432,2026-05-28T18:10:00+00:00,0.0,1.0
5433,2026-05-28T18:15:00+00:00,0.0,1.0
5434,2026-05-28T18:20:00+00:00,0.0,1.0
5435,2026-05-28T18:25:00+00:00,0.0,1.0
5436,2026-05-28T18:30:00+00:00,0.0,1.0
5437,2026-05-28T18:35:00+00:00,0.0,1.0
5438,2026-05-28T18:40:00+00:00,0.0,1.0
5439,2026-05-28T18:45:00+00:00,0.0,1.0
5440,2026-05-28T18:50:00+00:00,0.0,1.0
5441,2026-05-28T18:55:00+00:00,0.0,1.0
5442,2026-05-28T19:00:00+00:00,0.0,1.0
5443,2026-05-28T19:05:00+00:00,0.0,1.0
5444,2026-05-28T19:10:00+00:00,0.0,1.0
5445,2026-05-28T19:15:00+00:00,0.0,1.0
5446,2026-05-28T19:20:00+00:00,0.0,1.0
5447,2026-05-28T19:25:00+00:00,0.0,1.0
5448,2026-05-28T19:30:00+00:00,0.0,1.0
5449,2026-05-28T19:35:00+00:00,0.0,1.0
5450,2026-05-28T19:40:00+00:00,0.0,1.0
5451,2026-05-28T19:45:00+00:00,0.0,1.0
5452,2026-05-28T19:50:00+00:00,0.0,1.0
5453,2026-05-28T19:55:00+00:00,0.0,1.0
5454,2026-05-28T20:00:00+00:00,0.0,1.0
5455,2026-05-28T20:05:00+00:00,0.0,1.0
5456,2026-05-28T20:10:00+00:00,0.0,1.0
5457,2026-05-28T20:15:00+00:00,0.0,1.0
5458,2026-05-28T20:20:00+00:00,0.0,1.0
5459,2026-05-28T20:25:00+00:00,0.0,1.0
5460,2026-05-28T20:30:00+00:00,0.0,1.0
5461,2026-05-28T20:35:00+00:00,0.0,1.0
5462,2026-05-28T20:40:00+00:00,0.0,1.0
5463,2026-05-28T20:45:00+00:00,0.0,1.0
5464,2026-05-28T20:50:00+00:00,0.0,1.0
5465,2026-05-28T20:55:00+00:00,0.0,1.0
5466,2026-05-28T22:00:00+00:00,0.0,1.0
5467,2026-05-28T22:05:00+00:00,0.0,1.0
5468,2026-05-28T22:10:00+00:00,0.0,1.0
5469,2026-05-28T22:15:00+00:00,0.0,1.0
5470,2026-05-28T22:20:00+00:00,0.0,1.0
5471,2026-05-28T22:25:00+00:00,0.0,1.0
5472,2026-05-28T22:30:00+00:00,0.0,1.0
5473,2026-05-28T22:35:00+00:00,0.0,1.0
5474,2026-05-28T22:40:00+00:00,0.0,1.0
5475,2026-05-28T22:45:00+00:00,0.0,1.0
5476,2026-05-28T22:50:00+00:00,0.0,1.0
5477,2026-05-28T22:55:00+00:00,0.0,1.0
5478,2026-05-28T23:00:00+00:00,0.0,1.0
5479,2026-05-28T23:05:00+00:00,0.0,1.0
5480,2026-05-28T23:10:00+00:00,0.0,1.0
5481,2026-05-28T23:15:00+00:00,0.0,1.0
5482,2026-05-28T23:20:00+00:00,0.0,1.0
5483,2026-05-28T23:25:00+00:00,0.0,1.0
5484,2026-05-28T23:30:00+00:00,0.0,1.0
5485,2026-05-28T23:35:00+00:00,0.0,1.0
5486,2026-05-28T23:40:00+00:00,0.0,1.0
5487,2026-05-28T23:45:00+00:00,0.0,1.0
5488,2026-05-28T23:50:00+00:00,0.0,1.0
5489,2026-05-28T23:55:00+00:00,0.0,1.0
5490,2026-05-29T00:00:00+00:00,0.0,1.0
5491,2026-05-29T00:05:00+00:00,0.0,1.0
5492,2026-05-29T00:10:00+00:00,0.0,1.0
5493,2026-05-29T00:15:00+00:00,0.0,1.0
5494,2026-05-29T00:20:00+00:00,0.0,1.0
5495,2026-05-29T00:25:00+00:00,0.0,1.0
5496,2026-05-29T00:30:00+00:00,0.0,1.0
5497,2026-05-29T00:35:00+00:00,0.0,1.0
5498,2026-05-29T00:40:00+00:00,0.0,1.0
5499,2026-05-29T00:45:00+00:00,0.0,1.0
5500,2026-05-29T00:50:00+00:00,0.0,1.0
5501,2026-05-29T00:55:00+00:00,0.0,1.0
5502,2026-05-29T01:00:00+00:00,0.0,1.0
5503,2026-05-29T01:05:00+00:00,0.0,1.0
5504,2026-05-29T01:10:00+00:00,0.0,1.0
5505,2026-05-29T01:15:00+00:00,0.0,1.0
5506,2026-05-29T01:20:00+00:00,0.0,1.0
5507,2026-05-29T01:25:00+00:00,0.0,1.0
5508,2026-05-29T01:30:00+00:00,0.0,1.0
5509,2026-05-29T01:35:00+00:00,0.0,1.0
5510,2026-05-29T01:40:00+00:00,0.0,1.0
5511,2026-05-29T01:45:00+00:00,0.0,1.0
5512,2026-05-29T01:50:00+00:00,0.0,1.0
5513,2026-05-29T01:55:00+00:00,0.0,1.0
5514,2026-05-29T02:00:00+00:00,0.0,1.0
5515,2026-05-29T02:05:00+00:00,0.0,1.0
5516,2026-05-29T02:10:00+00:00,0.0,1.0
5517,2026-05-29T02:15:00+00:00,0.0,1.0
5518,2026-05-29T02:20:00+00:00,0.0,1.0
5519,2026-05-29T02:25:00+00:00,0.0,1.0
5520,2026-05-29T02:30:00+00:00,0.0,1.0
5521,2026-05-29T02:35:00+00:00,0.0,1.0
5522,2026-05-29T02:40:00+00:00,0.0,1.0
5523,2026-05-29T02:45:00+00:00,0.0,1.0
5524,2026-05-29T02:50:00+00:00,0.0,1.0
5525,2026-05-29T02:55:00+00:00,0.0,1.0
5526,2026-05-29T03:00:00+00:00,0.0,1.0
5527,2026-05-29T03:05:00+00:00,0.0,1.0
5528,2026-05-29T03:10:00+00:00,0.0,1.0
5529,2026-05-29T03:15:00+00:00,0.0,1.0
5530,2026-05-29T03:20:00+00:00,0.0,1.0
5531,2026-05-29T03:25:00+00:00,0.0,1.0
5532,2026-05-29T03:30:00+00:00,0.0,1.0
5533,2026-05-29T03:35:00+00:00,0.0,1.0
5534,2026-05-29T03:40:00+00:00,0.0,1.0
5535,2026-05-29T03:45:00+00:00,0.0,1.0
5536,2026-05-29T03:50:00+00:00,0.0,1.0
5537,2026-05-29T03:55:00+00:00,0.0,1.0
5538,2026-05-29T04:00:00+00:00,0.0,1.0
5539,2026-05-29T04:05:00+00:00,0.0,1.0
5540,2026-05-29T04:10:00+00:00,0.0,1.0
5541,2026-05-29T04:15:00+00:00,0.0,1.0
5542,2026-05-29T04:20:00+00:00,0.0,1.0
5543,2026-05-29T04:25:00+00:00,0.0,1.0
5544,2026-05-29T04:30:00+00:00,0.0,1.0
5545,2026-05-29T04:35:00+00:00,0.0,1.0
5546,2026-05-29T04:40:00+00:00,0.0,1.0
5547,2026-05-29T04:45:00+00:00,0.0,1.0
5548,2026-05-29T04:50:00+00:00,0.0,1.0
5549,2026-05-29T04:55:00+00:00,0.0,1.0
5550,2026-05-29T05:00:00+00:00,0.0,1.0
5551,2026-05-29T05:05:00+00:00,0.0,1.0
5552,2026-05-29T05:10:00+00:00,0.0,1.0
5553,2026-05-29T05:15:00+00:00,0.0,1.0
5554,2026-05-29T05:20:00+00:00,0.0,1.0
5555,2026-05-29T05:25:00+00:00,0.0,1.0
5556,2026-05-29T05:30:00+00:00,0.0,1.0
5557,2026-05-29T05:35:00+00:00,0.0,1.0
5558,2026-05-29T05:40:00+00:00,0.0,1.0
5559,2026-05-29T05:45:00+00:00,0.0,1.0
5560,2026-05-29T05:50:00+00:00,0.0,1.0
5561,2026-05-29T05:55:00+00:00,0.0,1.0
5562,2026-05-29T06:00:00+00:00,0.0,1.0
5563,2026-05-29T06:05:00+00:00,0.0,1.0
5564,2026-05-29T06:10:00+00:00,0.0,1.0
5565,2026-05-29T06:15:00+00:00,0.0,1.0
5566,2026-05-29T06:20:00+00:00,0.0,1.0
5567,2026-05-29T06:25:00+00:00,0.0,1.0
5568,2026-05-29T06:30:00+00:00,0.0,1.0
5569,2026-05-29T06:35:00+00:00,0.0,1.0
5570,2026-05-29T06:40:00+00:00,0.0,1.0
5571,2026-05-29T06:45:00+00:00,0.0,1.0
5572,2026-05-29T06:50:00+00:00,0.0,1.0
5573,2026-05-29T06:55:00+00:00,0.0,1.0
5574,2026-05-29T07:00:00+00:00,0.0,1.0
5575,2026-05-29T07:05:00+00:00,0.0,1.0
5576,2026-05-29T07:10:00+00:00,0.0,1.0
5577,2026-05-29T07:15:00+00:00,0.0,1.0
5578,2026-05-29T07:20:00+00:00,0.0,1.0
5579,2026-05-29T07:25:00+00:00,0.0,1.0
5580,2026-05-29T07:30:00+00:00,0.0,1.0
5581,2026-05-29T07:35:00+00:00,0.0,1.0
5582,2026-05-29T07:40:00+00:00,0.0,1.0
5583,2026-05-29T07:45:00+00:00,0.0,1.0
5584,2026-05-29T07:50:00+00:00,0.0,1.0
5585,2026-05-29T07:55:00+00:00,0.0,1.0
5586,2026-05-29T08:00:00+00:00,0.0,1.0
5587,2026-05-29T08:05:00+00:00,0.0,1.0
5588,2026-05-29T08:10:00+00:00,0.0,1.0
5589,2026-05-29T08:15:00+00:00,0.0,1.0
5590,2026-05-29T08:20:00+00:00,0.0,1.0
5591,2026-05-29T08:25:00+00:00,0.0,1.0
5592,2026-05-29T08:30:00+00:00,0.0,1.0
5593,2026-05-29T08:35:00+00:00,0.0,1.0
5594,2026-05-29T08:40:00+00:00,0.0,1.0
5595,2026-05-29T08:45:00+00:00,0.0,1.0
5596,2026-05-29T08:50:00+00:00,0.0,1.0
5597,2026-05-29T08:55:00+00:00,0.0,1.0
5598,2026-05-29T09:00:00+00:00,0.0,1.0
5599,2026-05-29T09:05:00+00:00,0.0,1.0
5600,2026-05-29T09:10:00+00:00,0.0,1.0
5601,2026-05-29T09:15:00+00:00,0.0,1.0
5602,2026-05-29T09:20:00+00:00,0.0,1.0
5603,2026-05-29T09:25:00+00:00,0.0,1.0
5604,2026-05-29T09:30:00+00:00,0.0,1.0
5605,2026-05-29T09:35:00+00:00,0.0,1.0
5606,2026-05-29T09:40:00+00:00,0.0,1.0
5607,2026-05-29T09:45:00+00:00,0.0,1.0
5608,2026-05-29T09:50:00+00:00,0.0,1.0
5609,2026-05-29T09:55:00+00:00,0.0,1.0
5610,2026-05-29T10:00:00+00:00,0.0,1.0
5611,2026-05-29T10:05:00+00:00,0.0,1.0
5612,2026-05-29T10:10:00+00:00,0.0,1.0
5613,2026-05-29T10:15:00+00:00,0.0,1.0
5614,2026-05-29T10:20:00+00:00,0.0,1.0
5615,2026-05-29T10:25:00+00:00,0.0,1.0
5616,2026-05-29T10:30:00+00:00,-1.0,2.0
5617,2026-05-29T10:35:00+00:00,-1.0,2.0
5618,2026-05-29T10:40:00+00:00,-1.0,2.0
5619,2026-05-29T10:45:00+00:00,-1.0,2.0
5620,2026-05-29T10:50:00+00:00,-1.0,2.0
5621,2026-05-29T10:55:00+00:00,-1.0,2.0
5622,2026-05-29T11:00:00+00:00,-1.0,2.0
5623,2026-05-29T11:05:00+00:00,-1.0,2.0
5624,2026-05-29T11:10:00+00:00,-1.0,2.0
5625,2026-05-29T11:15:00+00:00,-1.0,2.0
5626,2026-05-29T11:20:00+00:00,-1.0,2.0
5627,2026-05-29T11:25:00+00:00,-1.0,2.0
5628,2026-05-29T11:30:00+00:00,-1.0,2.0
5629,2026-05-29T11:35:00+00:00,-1.0,2.0
5630,2026-05-29T11:40:00+00:00,-1.0,2.0
5631,2026-05-29T11:45:00+00:00,-1.0,2.0
5632,2026-05-29T11:50:00+00:00,-1.0,2.0
5633,2026-05-29T11:55:00+00:00,-1.0,2.0
5634,2026-05-29T12:00:00+00:00,-1.0,2.0
5635,2026-05-29T12:05:00+00:00,-1.0,2.0
5636,2026-05-29T12:10:00+00:00,-1.0,2.0
5637,2026-05-29T12:15:00+00:00,-1.0,2.0
5638,2026-05-29T12:20:00+00:00,-1.0,2.0
5639,2026-05-29T12:25:00+00:00,-1.0,2.0
5640,2026-05-29T12:30:00+00:00,-1.0,2.0
5641,2026-05-29T12:35:00+00:00,-1.0,2.0
5642,2026-05-29T12:40:00+00:00,-1.0,2.0
5643,2026-05-29T12:45:00+00:00,-1.0,2.0
5644,2026-05-29T12:50:00+00:00,-1.0,2.0
5645,2026-05-29T12:55:00+00:00,-1.0,2.0
5646,2026-05-29T13:00:00+00:00,-1.0,2.0
5647,2026-05-29T13:05:00+00:00,-1.0,2.0
5648,2026-05-29T13:10:00+00:00,-1.0,2.0
5649,2026-05-29T13:15:00+00:00,-1.0,2.0
5650,2026-05-29T13:20:00+00:00,-1.0,2.0
5651,2026-05-29T13:25:00+00:00,-1.0,2.0
5652,2026-05-29T13:30:00+00:00,-1.0,2.0
5653,2026-05-29T13:35:00+00:00,-1.0,2.0
5654,2026-05-29T13:40:00+00:00,-1.0,2.0
5655,2026-05-29T13:45:00+00:00,-1.0,2.0
5656,2026-05-29T13:50:00+00:00,-1.0,2.0
5657,2026-05-29T13:55:00+00:00,-1.0,2.0
5658,2026-05-29T14:00:00+00:00,-1.0,2.0
5659,2026-05-29T14:05:00+00:00,-1.0,2.0
5660,2026-05-29T14:10:00+00:00,-1.0,2.0
5661,2026-05-29T14:15:00+00:00,-1.0,2.0
5662,2026-05-29T14:20:00+00:00,-1.0,2.0
5663,2026-05-29T14:25:00+00:00,-1.0,2.0
5664,2026-05-29T14:30:00+00:00,-1.0,2.0
5665,2026-05-29T14:35:00+00:00,-1.0,2.0
5666,2026-05-29T14:40:00+00:00,-1.0,2.0
5667,2026-05-29T14:45:00+00:00,-1.0,2.0
5668,2026-05-29T14:50:00+00:00,-1.0,2.0
5669,2026-05-29T14:55:00+00:00,-1.0,2.0
5670,2026-05-29T15:00:00+00:00,-1.0,2.0
5671,2026-05-29T15:05:00+00:00,-1.0,2.0
5672,2026-05-29T15:10:00+00:00,-1.0,2.0
5673,2026-05-29T15:15:00+00:00,-1.0,2.0
5674,2026-05-29T15:20:00+00:00,-1.0,2.0
5675,2026-05-29T15:25:00+00:00,-1.0,2.0
5676,2026-05-29T15:30:00+00:00,-1.0,2.0
5677,2026-05-29T15:35:00+00:00,-1.0,2.0
5678,2026-05-29T15:40:00+00:00,-1.0,2.0
5679,2026-05-29T15:45:00+00:00,-1.0,2.0
5680,2026-05-29T15:50:00+00:00,-1.0,2.0
5681,2026-05-29T15:55:00+00:00,-1.0,2.0
5682,2026-05-29T16:00:00+00:00,-1.0,2.0
5683,2026-05-29T16:05:00+00:00,-1.0,2.0
5684,2026-05-29T16:10:00+00:00,-1.0,2.0
5685,2026-05-29T16:15:00+00:00,-1.0,2.0
5686,2026-05-29T16:20:00+00:00,-1.0,2.0
5687,2026-05-29T16:25:00+00:00,-1.0,2.0
5688,2026-05-29T16:30:00+00:00,-1.0,2.0
5689,2026-05-29T16:35:00+00:00,-1.0,2.0
5690,2026-05-29T16:40:00+00:00,-1.0,2.0
5691,2026-05-29T16:45:00+00:00,-1.0,2.0
5692,2026-05-29T16:50:00+00:00,-1.0,2.0
5693,2026-05-29T16:55:00+00:00,-1.0,2.0
5694,2026-05-29T17:00:00+00:00,-1.0,2.0
5695,2026-05-29T17:05:00+00:00,-1.0,2.0
5696,2026-05-29T17:10:00+00:00,-1.0,2.0
5697,2026-05-29T17:15:00+00:00,-1.0,2.0
5698,2026-05-29T17:20:00+00:00,-1.0,2.0
5699,2026-05-29T17:25:00+00:00,-1.0,2.0
5700,2026-05-29T17:30:00+00:00,-1.0,2.0
5701,2026-05-29T17:35:00+00:00,-1.0,2.0
5702,2026-05-29T17:40:00+00:00,-1.0,2.0
5703,2026-05-29T17:45:00+00:00,-1.0,2.0
5704,2026-05-29T17:50:00+00:00,-1.0,2.0
5705,2026-05-29T17:55:00+00:00,-1.0,2.0
5706,2026-05-29T18:00:00+00:00,-1.0,2.0
5707,2026-05-29T18:05:00+00:00,-1.0,2.0
5708,2026-05-29T18:10:00+00:00,-1.0,2.0
5709,2026-05-29T18:15:00+00:00,-1.0,2.0
5710,2026-05-29T18:20:00+00:00,-1.0,2.0
5711,2026-05-29T18:25:00+00:00,-1.0,2.0
5712,2026-05-29T18:30:00+00:00,-1.0,2.0
5713,2026-05-29T18:35:00+00:00,-1.0,2.0
5714,2026-05-29T18:40:00+00:00,-1.0,2.0
5715,2026-05-29T18:45:00+00:00,-1.0,2.0
5716,2026-05-29T18:50:00+00:00,-1.0,2.0
5717,2026-05-29T18:55:00+00:00,-1.0,2.0
5718,2026-05-29T19:00:00+00:00,-1.0,2.0
5719,2026-05-29T19:05:00+00:00,-1.0,2.0
5720,2026-05-29T19:10:00+00:00,-1.0,2.0
5721,2026-05-29T19:15:00+00:00,-1.0,2.0
5722,2026-05-29T19:20:00+00:00,-1.0,2.0
5723,2026-05-29T19:25:00+00:00,-1.0,2.0
5724,2026-05-29T19:30:00+00:00,-1.0,2.0
5725,2026-05-29T19:35:00+00:00,-1.0,2.0
5726,2026-05-29T19:40:00+00:00,-1.0,2.0
5727,2026-05-29T19:45:00+00:00,-1.0,2.0
5728,2026-05-29T19:50:00+00:00,-1.0,2.0
5729,2026-05-29T19:55:00+00:00,-1.0,2.0
5730,2026-05-29T20:00:00+00:00,-1.0,2.0
5731,2026-05-29T20:05:00+00:00,-1.0,2.0
5732,2026-05-29T20:10:00+00:00,-1.0,2.0
5733,2026-05-29T20:15:00+00:00,-1.0,2.0
5734,2026-05-29T20:20:00+00:00,-1.0,2.0
5735,2026-05-29T20:25:00+00:00,-1.0,2.0
5736,2026-05-29T20:30:00+00:00,-1.0,2.0
5737,2026-05-29T20:35:00+00:00,-1.0,2.0
5738,2026-05-29T20:40:00+00:00,-1.0,2.0
5739,2026-05-29T20:45:00+00:00,-1.0,2.0
5740,2026-05-29T20:50:00+00:00,-1.0,2.0
5741,2026-05-29T20:55:00+00:00,-1.0,2.0
5742,2026-05-31T22:00:00+00:00,-1.0,2.0
5743,2026-05-31T22:05:00+00:00,-1.0,2.0
5744,2026-05-31T22:10:00+00:00,-1.0,2.0
5745,2026-05-31T22:15:00+00:00,-1.0,2.0
5746,2026-05-31T22:20:00+00:00,-1.0,2.0
5747,2026-05-31T22:25:00+00:00,-1.0,2.0
5748,2026-05-31T22:30:00+00:00,-1.0,2.0
5749,2026-05-31T22:35:00+00:00,-1.0,2.0
5750,2026-05-31T22:40:00+00:00,-1.0,2.0
5751,2026-05-31T22:45:00+00:00,-1.0,2.0
5752,2026-05-31T22:50:00+00:00,-1.0,2.0
5753,2026-05-31T22:55:00+00:00,-1.0,2.0
5754,2026-05-31T23:00:00+00:00,-1.0,2.0
5755,2026-05-31T23:05:00+00:00,-1.0,2.0
5756,2026-05-31T23:10:00+00:00,-1.0,2.0
5757,2026-05-31T23:15:00+00:00,-1.0,2.0
5758,2026-05-31T23:20:00+00:00,-1.0,2.0
5759,2026-05-31T23:25:00+00:00,-1.0,2.0
5760,2026-05-31T23:30:00+00:00,-1.0,2.0
5761,2026-05-31T23:35:00+00:00,-1.0,2.0
5762,2026-05-31T23:40:00+00:00,-1.0,2.0
5763,2026-05-31T23:45:00+00:00,-1.0,2.0
5764,2026-05-31T23:50:00+00:00,-1.0,2.0
5765,2026-05-31T23:55:00+00:00,-1.0,2.0
5766,2026-06-01T00:00:00+00:00,-1.0,2.0
5767,2026-06-01T00:05:00+00:00,-1.0,2.0
5768,2026-06-01T00:10:00+00:00,-1.0,2.0
5769,2026-06-01T00:15:00+00:00,-1.0,2.0
5770,2026-06-01T00:20:00+00:00,-1.0,2.0
5771,2026-06-01T00:25:00+00:00,-1.0,2.0
5772,2026-06-01T00:30:00+00:00,-1.0,2.0
5773,2026-06-01T00:35:00+00:00,-1.0,2.0
5774,2026-06-01T00:40:00+00:00,-1.0,2.0
5775,2026-06-01T00:45:00+00:00,-1.0,2.0
5776,2026-06-01T00:50:00+00:00,-1.0,2.0
5777,2026-06-01T00:55:00+00:00,-1.0,2.0
5778,2026-06-01T01:00:00+00:00,-1.0,2.0
5779,2026-06-01T01:05:00+00:00,-1.0,2.0
5780,2026-06-01T01:10:00+00:00,-1.0,2.0
5781,2026-06-01T01:15:00+00:00,-1.0,2.0
5782,2026-06-01T01:20:00+00:00,-1.0,2.0
5783,2026-06-01T01:25:00+00:00,-1.0,2.0
5784,2026-06-01T01:30:00+00:00,-1.0,2.0
5785,2026-06-01T01:35:00+00:00,-1.0,2.0
5786,2026-06-01T01:40:00+00:00,-1.0,2.0
5787,2026-06-01T01:45:00+00:00,-1.0,2.0
5788,2026-06-01T01:50:00+00:00,-1.0,2.0
5789,2026-06-01T01:55:00+00:00,-1.0,2.0
5790,2026-06-01T02:00:00+00:00,-1.0,2.0
5791,2026-06-01T02:05:00+00:00,-1.0,2.0
5792,2026-06-01T02:10:00+00:00,-1.0,2.0
5793,2026-06-01T02:15:00+00:00,-1.0,2.0
5794,2026-06-01T02:20:00+00:00,-1.0,2.0
5795,2026-06-01T02:25:00+00:00,-1.0,2.0
5796,2026-06-01T02:30:00+00:00,-1.0,2.0
5797,2026-06-01T02:35:00+00:00,-1.0,2.0
5798,2026-06-01T02:40:00+00:00,-1.0,2.0
5799,2026-06-01T02:45:00+00:00,-1.0,2.0
5800,2026-06-01T02:50:00+00:00,-1.0,2.0
5801,2026-06-01T02:55:00+00:00,-1.0,2.0
5802,2026-06-01T03:00:00+00:00,-1.0,2.0
5803,2026-06-01T03:05:00+00:00,-1.0,2.0
5804,2026-06-01T03:10:00+00:00,-1.0,2.0
5805,2026-06-01T03:15:00+00:00,-1.0,2.0
5806,2026-06-01T03:20:00+00:00,-1.0,2.0
5807,2026-06-01T03:25:00+00:00,-1.0,2.0
5808,2026-06-01T03:30:00+00:00,-1.0,2.0
5809,2026-06-01T03:35:00+00:00,-1.0,2.0
5810,2026-06-01T03:40:00+00:00,-1.0,2.0
5811,2026-06-01T03:45:00+00:00,-1.0,2.0
5812,2026-06-01T03:50:00+00:00,-1.0,2.0
5813,2026-06-01T03:55:00+00:00,-1.0,2.0
5814,2026-06-01T04:00:00+00:00,-1.0,2.0
5815,2026-06-01T04:05:00+00:00,-1.0,2.0
5816,2026-06-01T04:10:00+00:00,-1.0,2.0
5817,2026-06-01T04:15:00+00:00,-1.0,2.0
5818,2026-06-01T04:20:00+00:00,-1.0,2.0
5819,2026-06-01T04:25:00+00:00,-1.0,2.0
5820,2026-06-01T04:30:00+00:00,-1.0,2.0
5821,2026-06-01T04:35:00+00:00,-1.0,2.0
5822,2026-06-01T04:40:00+00:00,-1.0,2.0
5823,2026-06-01T04:45:00+00:00,-1.0,2.0
5824,2026-06-01T04:50:00+00:00,-1.0,2.0
5825,2026-06-01T04:55:00+00:00,-1.0,2.0
5826,2026-06-01T05:00:00+00:00,-1.0,2.0
5827,2026-06-01T05:05:00+00:00,-1.0,2.0
5828,2026-06-01T05:10:00+00:00,-1.0,2.0
5829,2026-06-01T05:15:00+00:00,-1.0,2.0
5830,2026-06-01T05:20:00+00:00,-1.0,2.0
5831,2026-06-01T05:25:00+00:00,-1.0,2.0
5832,2026-06-01T05:30:00+00:00,-1.0,2.0
5833,2026-06-01T05:35:00+00:00,-1.0,2.0
5834,2026-06-01T05:40:00+00:00,-1.0,2.0
5835,2026-06-01T05:45:00+00:00,-1.0,2.0
5836,2026-06-01T05:50:00+00:00,-1.0,2.0
5837,2026-06-01T05:55:00+00:00,-1.0,2.0
5838,2026-06-01T06:00:00+00:00,-1.0,2.0
5839,2026-06-01T06:05:00+00:00,-1.0,2.0
5840,2026-06-01T06:10:00+00:00,-1.0,2.0
5841,2026-06-01T06:15:00+00:00,-1.0,2.0
5842,2026-06-01T06:20:00+00:00,-1.0,2.0
5843,2026-06-01T06:25:00+00:00,-1.0,2.0
5844,2026-06-01T06:30:00+00:00,-1.0,2.0
5845,2026-06-01T06:35:00+00:00,-1.0,2.0
5846,2026-06-01T06:40:00+00:00,-1.0,2.0
5847,2026-06-01T06:45:00+00:00,-1.0,2.0
5848,2026-06-01T06:50:00+00:00,-1.0,2.0
5849,2026-06-01T06:55:00+00:00,-1.0,2.0
5850,2026-06-01T07:00:00+00:00,-1.0,2.0
5851,2026-06-01T07:05:00+00:00,-1.0,2.0
5852,2026-06-01T07:10:00+00:00,-1.0,2.0
5853,2026-06-01T07:15:00+00:00,-1.0,2.0
5854,2026-06-01T07:20:00+00:00,-1.0,2.0
5855,2026-06-01T07:25:00+00:00,-1.0,2.0
5856,2026-06-01T07:30:00+00:00,-1.0,2.0
5857,2026-06-01T07:35:00+00:00,-1.0,2.0
5858,2026-06-01T07:40:00+00:00,-1.0,2.0
5859,2026-06-01T07:45:00+00:00,-1.0,2.0
5860,2026-06-01T07:50:00+00:00,-1.0,2.0
5861,2026-06-01T07:55:00+00:00,-1.0,2.0
5862,2026-06-01T08:00:00+00:00,-1.0,2.0
5863,2026-06-01T08:05:00+00:00,-1.0,2.0
5864,2026-06-01T08:10:00+00:00,-1.0,2.0
5865,2026-06-01T08:15:00+00:00,-1.0,2.0
5866,2026-06-01T08:20:00+00:00,-1.0,2.0
5867,2026-06-01T08:25:00+00:00,-1.0,2.0
5868,2026-06-01T08:30:00+00:00,-1.0,2.0
5869,2026-06-01T08:35:00+00:00,-1.0,2.0
5870,2026-06-01T08:40:00+00:00,-1.0,2.0
5871,2026-06-01T08:45:00+00:00,-1.0,2.0
5872,2026-06-01T08:50:00+00:00,-1.0,2.0
5873,2026-06-01T08:55:00+00:00,-1.0,2.0
5874,2026-06-01T09:00:00+00:00,-1.0,2.0
5875,2026-06-01T09:05:00+00:00,-1.0,2.0
5876,2026-06-01T09:10:00+00:00,-1.0,2.0
5877,2026-06-01T09:15:00+00:00,-1.0,2.0
5878,2026-06-01T09:20:00+00:00,-1.0,2.0
5879,2026-06-01T09:25:00+00:00,-1.0,2.0
5880,2026-06-01T09:30:00+00:00,-1.0,2.0
5881,2026-06-01T09:35:00+00:00,-1.0,2.0
5882,2026-06-01T09:40:00+00:00,-1.0,2.0
5883,2026-06-01T09:45:00+00:00,-1.0,2.0
5884,2026-06-01T09:50:00+00:00,-1.0,2.0
5885,2026-06-01T09:55:00+00:00,-1.0,2.0
5886,2026-06-01T10:00:00+00:00,-1.0,2.0
5887,2026-06-01T10:05:00+00:00,-1.0,2.0
5888,2026-06-01T10:10:00+00:00,-1.0,2.0
5889,2026-06-01T10:15:00+00:00,-1.0,2.0
5890,2026-06-01T10:20:00+00:00,-1.0,2.0
5891,2026-06-01T10:25:00+00:00,-1.0,2.0
5892,2026-06-01T10:30:00+00:00,-1.0,2.0
5893,2026-06-01T10:35:00+00:00,-1.0,2.0
5894,2026-06-01T10:40:00+00:00,-1.0,2.0
5895,2026-06-01T10:45:00+00:00,-1.0,2.0
5896,2026-06-01T10:50:00+00:00,-1.0,2.0
5897,2026-06-01T10:55:00+00:00,-1.0,2.0
5898,2026-06-01T11:00:00+00:00,-1.0,2.0
5899,2026-06-01T11:05:00+00:00,-1.0,2.0
5900,2026-06-01T11:10:00+00:00,-1.0,2.0
5901,2026-06-01T11:15:00+00:00,-1.0,2.0
5902,2026-06-01T11:20:00+00:00,-1.0,2.0
5903,2026-06-01T11:25:00+00:00,-1.0,2.0
5904,2026-06-01T11:30:00+00:00,-1.0,2.0
5905,2026-06-01T11:35:00+00:00,-1.0,2.0
5906,2026-06-01T11:40:00+00:00,-1.0,2.0
5907,2026-06-01T11:45:00+00:00,-1.0,2.0
5908,2026-06-01T11:50:00+00:00,-1.0,2.0
5909,2026-06-01T11:55:00+00:00,-1.0,2.0
5910,2026-06-01T12:00:00+00:00,-1.0,2.0
5911,2026-06-01T12:05:00+00:00,-1.0,2.0
5912,2026-06-01T12:10:00+00:00,-1.0,2.0
5913,2026-06-01T12:15:00+00:00,-1.0,2.0
5914,2026-06-01T12:20:00+00:00,-1.0,2.0
5915,2026-06-01T12:25:00+00:00,-1.0,2.0
5916,2026-06-01T12:30:00+00:00,-1.0,2.0
5917,2026-06-01T12:35:00+00:00,-1.0,2.0
5918,2026-06-01T12:40:00+00:00,-1.0,2.0
5919,2026-06-01T12:45:00+00:00,-1.0,2.0
5920,2026-06-01T12:50:00+00:00,-1.0,2.0
5921,2026-06-01T12:55:00+00:00,-1.0,2.0
5922,2026-06-01T13:00:00+00:00,-1.0,2.0
5923,2026-06-01T13:05:00+00:00,-1.0,2.0
5924,2026-06-01T13:10:00+00:00,-1.0,2.0
5925,2026-06-01T13:15:00+00:00,-1.0,2.0
5926,2026-06-01T13:20:00+00:00,-1.0,2.0
5927,2026-06-01T13:25:00+00:00,-1.0,2.0
5928,2026-06-01T13:30:00+00:00,-1.0,2.0
5929,2026-06-01T13:35:00+00:00,-1.0,2.0
5930,2026-06-01T13:40:00+00:00,-1.0,2.0
5931,2026-06-01T13:45:00+00:00,-1.0,2.0
5932,2026-06-01T13:50:00+00:00,-1.0,2.0
5933,2026-06-01T13:55:00+00:00,-1.0,2.0
5934,2026-06-01T14:00:00+00:00,-1.0,2.0
5935,2026-06-01T14:05:00+00:00,-1.0,2.0
5936,2026-06-01T14:10:00+00:00,-1.0,2.0
5937,2026-06-01T14:15:00+00:00,-1.0,2.0
5938,2026-06-01T14:20:00+00:00,-1.0,2.0
5939,2026-06-01T14:25:00+00:00,-1.0,2.0
5940,2026-06-01T14:30:00+00:00,-1.0,2.0
5941,2026-06-01T14:35:00+00:00,-1.0,2.0
5942,2026-06-01T14:40:00+00:00,-1.0,2.0
5943,2026-06-01T14:45:00+00:00,-1.0,2.0
5944,2026-06-01T14:50:00+00:00,-1.0,2.0
5945,2026-06-01T14:55:00+00:00,-1.0,2.0
5946,2026-06-01T15:00:00+00:00,-1.0,2.0
5947,2026-06-01T15:05:00+00:00,-1.0,2.0
5948,2026-06-01T15:10:00+00:00,-1.0,2.0
5949,2026-06-01T15:15:00+00:00,-1.0,2.0
5950,2026-06-01T15:20:00+00:00,-1.0,2.0
5951,2026-06-01T15:25:00+00:00,-1.0,2.0
5952,2026-06-01T15:30:00+00:00,-1.0,2.0
5953,2026-06-01T15:35:00+00:00,-1.0,2.0
5954,2026-06-01T15:40:00+00:00,-1.0,2.0
5955,2026-06-01T15:45:00+00:00,-1.0,2.0
5956,2026-06-01T15:50:00+00:00,-1.0,2.0
5957,2026-06-01T15:55:00+00:00,-1.0,2.0
5958,2026-06-01T16:00:00+00:00,-1.0,2.0
5959,2026-06-01T16:05:00+00:00,-1.0,2.0
5960,2026-06-01T16:10:00+00:00,-1.0,2.0
5961,2026-06-01T16:15:00+00:00,-1.0,2.0
5962,2026-06-01T16:20:00+00:00,-1.0,2.0
5963,2026-06-01T16:25:00+00:00,-1.0,2.0
5964,2026-06-01T16:30:00+00:00,-1.0,2.0
5965,2026-06-01T16:35:00+00:00,-1.0,2.0
5966,2026-06-01T16:40:00+00:00,-1.0,2.0
5967,2026-06-01T16:45:00+00:00,-1.0,2.0
5968,2026-06-01T16:50:00+00:00,-1.0,2.0
5969,2026-06-01T16:55:00+00:00,-1.0,2.0
5970,2026-06-01T17:00:00+00:00,-1.0,2.0
5971,2026-06-01T17:05:00+00:00,-1.0,2.0
5972,2026-06-01T17:10:00+00:00,-1.0,2.0
5973,2026-06-01T17:15:00+00:00,-1.0,2.0
5974,2026-06-01T17:20:00+00:00,-1.0,2.0
5975,2026-06-01T17:25:00+00:00,-1.0,2.0
5976,2026-06-01T17:30:00+00:00,-1.0,2.0
5977,2026-06-01T17:35:00+00:00,-1.0,2.0
5978,2026-06-01T17:40:00+00:00,-1.0,2.0
5979,2026-06-01T17:45:00+00:00,-1.0,2.0
5980,2026-06-01T17:50:00+00:00,-1.0,2.0
5981,2026-06-01T17:55:00+00:00,-1.0,2.0
5982,2026-06-01T18:00:00+00:00,-1.0,2.0
5983,2026-06-01T18:05:00+00:00,-1.0,2.0
5984,2026-06-01T18:10:00+00:00,-1.0,2.0
5985,2026-06-01T18:15:00+00:00,-1.0,2.0
5986,2026-06-01T18:20:00+00:00,-1.0,2.0
5987,2026-06-01T18:25:00+00:00,-1.0,2.0
5988,2026-06-01T18:30:00+00:00,-1.0,2.0
5989,2026-06-01T18:35:00+00:00,-1.0,2.0
5990,2026-06-01T18:40:00+00:00,-1.0,2.0
5991,2026-06-01T18:45:00+00:00,-1.0,2.0
5992,2026-06-01T18:50:00+00:00,-1.0,2.0
5993,2026-06-01T18:55:00+00:00,-1.0,2.0
5994,2026-06-01T19:00:00+00:00,-1.0,2.0
5995,2026-06-01T19:05:00+00:00,-1.0,2.0
5996,2026-06-01T19:10:00+00:00,-1.0,2.0
5997,2026-06-01T19:15:00+00:00,-1.0,2.0
5998,2026-06-01T19:20:00+00:00,-1.0,2.0
5999,2026-06-01T19:25:00+00:00,-1.0,2.0
6000,2026-06-01T19:30:00+00:00,-1.0,2.0
6001,2026-06-01T19:35:00+00:00,-1.0,2.0
6002,2026-06-01T19:40:00+00:00,-1.0,2.0
6003,2026-06-01T19:45:00+00:00,-1.0,2.0
6004,2026-06-01T19:50:00+00:00,-1.0,2.0
6005,2026-06-01T19:55:00+00:00,-1.0,2.0
6006,2026-06-01T20:00:00+00:00,-1.0,2.0
6007,2026-06-01T20:05:00+00:00,-1.0,2.0
6008,2026-06-01T20:10:00+00:00,-1.0,2.0
6009,2026-06-01T20:15:00+00:00,-1.0,2.0
6010,2026-06-01T20:20:00+00:00,-1.0,2.0
6011,2026-06-01T20:25:00+00:00,-1.0,2.0
6012,2026-06-01T20:30:00+00:00,-1.0,2.0
6013,2026-06-01T20:35:00+00:00,-1.0,2.0
6014,2026-06-01T20:40:00+00:00,-1.0,2.0
6015,2026-06-01T20:45:00+00:00,-1.0,2.0
6016,2026-06-01T20:50:00+00:00,-1.0,2.0
6017,2026-06-01T20:55:00+00:00,-1.0,2.0
6018,2026-06-01T22:00:00+00:00,-1.0,2.0
6019,2026-06-01T22:05:00+00:00,-1.0,2.0
6020,2026-06-01T22:10:00+00:00,-1.0,2.0
6021,2026-06-01T22:15:00+00:00,-1.0,2.0
6022,2026-06-01T22:20:00+00:00,-1.0,2.0
6023,2026-06-01T22:25:00+00:00,-1.0,2.0
6024,2026-06-01T22:30:00+00:00,-1.0,2.0
6025,2026-06-01T22:35:00+00:00,-1.0,2.0
6026,2026-06-01T22:40:00+00:00,-1.0,2.0
6027,2026-06-01T22:45:00+00:00,-1.0,2.0
6028,2026-06-01T22:50:00+00:00,-1.0,2.0
6029,2026-06-01T22:55:00+00:00,-1.0,2.0
6030,2026-06-01T23:00:00+00:00,-1.0,2.0
6031,2026-06-01T23:05:00+00:00,-1.0,2.0
6032,2026-06-01T23:10:00+00:00,-1.0,2.0
6033,2026-06-01T23:15:00+00:00,-1.0,2.0
6034,2026-06-01T23:20:00+00:00,-1.0,2.0
6035,2026-06-01T23:25:00+00:00,-1.0,2.0
6036,2026-06-01T23:30:00+00:00,-1.0,2.0
6037,2026-06-01T23:35:00+00:00,-1.0,2.0
6038,2026-06-01T23:40:00+00:00,-1.0,2.0
6039,2026-06-01T23:45:00+00:00,-1.0,2.0
6040,2026-06-01T23:50:00+00:00,-1.0,2.0
6041,2026-06-01T23:55:00+00:00,-1.0,2.0
6042,2026-06-02T00:00:00+00:00,-1.0,2.0
6043,2026-06-02T00:05:00+00:00,-1.0,2.0
6044,2026-06-02T00:10:00+00:00,-1.0,2.0
6045,2026-06-02T00:15:00+00:00,-1.0,2.0
6046,2026-06-02T00:20:00+00:00,-1.0,2.0
6047,2026-06-02T00:25:00+00:00,-1.0,2.0
6048,2026-06-02T00:30:00+00:00,-1.0,2.0
6049,2026-06-02T00:35:00+00:00,-1.0,2.0
6050,2026-06-02T00:40:00+00:00,-1.0,2.0
6051,2026-06-02T00:45:00+00:00,-1.0,2.0
6052,2026-06-02T00:50:00+00:00,-1.0,2.0
6053,2026-06-02T00:55:00+00:00,-1.0,2.0
6054,2026-06-02T01:00:00+00:00,-1.0,2.0
6055,2026-06-02T01:05:00+00:00,-1.0,2.0
6056,2026-06-02T01:10:00+00:00,-1.0,2.0
6057,2026-06-02T01:15:00+00:00,-1.0,2.0
6058,2026-06-02T01:20:00+00:00,-1.0,2.0
6059,2026-06-02T01:25:00+00:00,-1.0,2.0
6060,2026-06-02T01:30:00+00:00,-1.0,2.0
6061,2026-06-02T01:35:00+00:00,-1.0,2.0
6062,2026-06-02T01:40:00+00:00,-1.0,2.0
6063,2026-06-02T01:45:00+00:00,-1.0,2.0
6064,2026-06-02T01:50:00+00:00,-1.0,2.0
6065,2026-06-02T01:55:00+00:00,-1.0,2.0
6066,2026-06-02T02:00:00+00:00,-1.0,2.0
6067,2026-06-02T02:05:00+00:00,-1.0,2.0
6068,2026-06-02T02:10:00+00:00,-1.0,2.0
6069,2026-06-02T02:15:00+00:00,-1.0,2.0
6070,2026-06-02T02:20:00+00:00,-1.0,2.0
6071,2026-06-02T02:25:00+00:00,-1.0,2.0
6072,2026-06-02T02:30:00+00:00,-1.0,2.0
6073,2026-06-02T02:35:00+00:00,-1.0,2.0
6074,2026-06-02T02:40:00+00:00,-1.0,2.0
6075,2026-06-02T02:45:00+00:00,-1.0,2.0
6076,2026-06-02T02:50:00+00:00,-1.0,2.0
6077,2026-06-02T02:55:00+00:00,-1.0,2.0
6078,2026-06-02T03:00:00+00:00,-1.0,2.0
6079,2026-06-02T03:05:00+00:00,-1.0,2.0
6080,2026-06-02T03:10:00+00:00,-1.0,2.0
6081,2026-06-02T03:15:00+00:00,-1.0,2.0
6082,2026-06-02T03:20:00+00:00,-1.0,2.0
6083,2026-06-02T03:25:00+00:00,-1.0,2.0
6084,2026-06-02T03:30:00+00:00,-1.0,2.0
6085,2026-06-02T03:35:00+00:00,-1.0,2.0
6086,2026-06-02T03:40:00+00:00,-1.0,2.0
6087,2026-06-02T03:45:00+00:00,-1.0,2.0
6088,2026-06-02T03:50:00+00:00,-1.0,2.0
6089,2026-06-02T03:55:00+00:00,-1.0,2.0
6090,2026-06-02T04:00:00+00:00,-1.0,2.0
6091,2026-06-02T04:05:00+00:00,-1.0,2.0
6092,2026-06-02T04:10:00+00:00,-1.0,2.0
6093,2026-06-02T04:15:00+00:00,-1.0,2.0
6094,2026-06-02T04:20:00+00:00,-1.0,2.0
6095,2026-06-02T04:25:00+00:00,-1.0,2.0
6096,2026-06-02T04:30:00+00:00,-1.0,2.0
6097,2026-06-02T04:35:00+00:00,-1.0,2.0
6098,2026-06-02T04:40:00+00:00,-1.0,2.0
6099,2026-06-02T04:45:00+00:00,-1.0,2.0
6100,2026-06-02T04:50:00+00:00,-1.0,2.0
6101,2026-06-02T04:55:00+00:00,-1.0,2.0
6102,2026-06-02T05:00:00+00:00,-1.0,2.0
6103,2026-06-02T05:05:00+00:00,-1.0,2.0
6104,2026-06-02T05:10:00+00:00,-1.0,2.0
6105,2026-06-02T05:15:00+00:00,-1.0,2.0
6106,2026-06-02T05:20:00+00:00,-1.0,2.0
6107,2026-06-02T05:25:00+00:00,-1.0,2.0
6108,2026-06-02T05:30:00+00:00,-1.0,2.0
6109,2026-06-02T05:35:00+00:00,-1.0,2.0
6110,2026-06-02T05:40:00+00:00,-1.0,2.0
6111,2026-06-02T05:45:00+00:00,-1.0,2.0
6112,2026-06-02T05:50:00+00:00,-1.0,2.0
6113,2026-06-02T05:55:00+00:00,-1.0,2.0
6114,2026-06-02T06:00:00+00:00,-1.0,2.0
6115,2026-06-02T06:05:00+00:00,-1.0,2.0
6116,2026-06-02T06:10:00+00:00,-1.0,2.0
6117,2026-06-02T06:15:00+00:00,-1.0,2.0
6118,2026-06-02T06:20:00+00:00,-1.0,2.0
6119,2026-06-02T06:25:00+00:00,-1.0,2.0
6120,2026-06-02T06:30:00+00:00,-1.0,2.0
6121,2026-06-02T06:35:00+00:00,-1.0,2.0
6122,2026-06-02T06:40:00+00:00,-1.0,2.0
6123,2026-06-02T06:45:00+00:00,-1.0,2.0
6124,2026-06-02T06:50:00+00:00,-1.0,2.0
6125,2026-06-02T06:55:00+00:00,-1.0,2.0
6126,2026-06-02T07:00:00+00:00,-1.0,2.0
6127,2026-06-02T07:05:00+00:00,-1.0,2.0
6128,2026-06-02T07:10:00+00:00,-1.0,2.0
6129,2026-06-02T07:15:00+00:00,-1.0,2.0
6130,2026-06-02T07:20:00+00:00,-1.0,2.0
6131,2026-06-02T07:25:00+00:00,-1.0,2.0
6132,2026-06-02T07:30:00+00:00,1.0,0.0
6133,2026-06-02T07:35:00+00:00,1.0,0.0
6134,2026-06-02T07:40:00+00:00,1.0,0.0
6135,2026-06-02T07:45:00+00:00,1.0,0.0
6136,2026-06-02T07:50:00+00:00,1.0,0.0
6137,2026-06-02T07:55:00+00:00,1.0,0.0
6138,2026-06-02T08:00:00+00:00,1.0,0.0
6139,2026-06-02T08:05:00+00:00,1.0,0.0
6140,2026-06-02T08:10:00+00:00,1.0,0.0
6141,2026-06-02T08:15:00+00:00,1.0,0.0
6142,2026-06-02T08:20:00+00:00,1.0,0.0
6143,2026-06-02T08:25:00+00:00,1.0,0.0
6144,2026-06-02T08:30:00+00:00,1.0,0.0
6145,2026-06-02T08:35:00+00:00,1.0,0.0
6146,2026-06-02T08:40:00+00:00,1.0,0.0
6147,2026-06-02T08:45:00+00:00,1.0,0.0
6148,2026-06-02T08:50:00+00:00,1.0,0.0
6149,2026-06-02T08:55:00+00:00,1.0,0.0
6150,2026-06-02T09:00:00+00:00,1.0,0.0
6151,2026-06-02T09:05:00+00:00,1.0,0.0
6152,2026-06-02T09:10:00+00:00,1.0,0.0
6153,2026-06-02T09:15:00+00:00,1.0,0.0
6154,2026-06-02T09:20:00+00:00,1.0,0.0
6155,2026-06-02T09:25:00+00:00,1.0,0.0
6156,2026-06-02T09:30:00+00:00,1.0,0.0
6157,2026-06-02T09:35:00+00:00,1.0,0.0
6158,2026-06-02T09:40:00+00:00,1.0,0.0
6159,2026-06-02T09:45:00+00:00,1.0,0.0
6160,2026-06-02T09:50:00+00:00,1.0,0.0
6161,2026-06-02T09:55:00+00:00,1.0,0.0
6162,2026-06-02T10:00:00+00:00,1.0,0.0
6163,2026-06-02T10:05:00+00:00,1.0,0.0
6164,2026-06-02T10:10:00+00:00,1.0,0.0
6165,2026-06-02T10:15:00+00:00,1.0,0.0
6166,2026-06-02T10:20:00+00:00,1.0,0.0
6167,2026-06-02T10:25:00+00:00,1.0,0.0
6168,2026-06-02T10:30:00+00:00,1.0,0.0
6169,2026-06-02T10:35:00+00:00,1.0,0.0
6170,2026-06-02T10:40:00+00:00,1.0,0.0
6171,2026-06-02T10:45:00+00:00,1.0,0.0
6172,2026-06-02T10:50:00+00:00,1.0,0.0
6173,2026-06-02T10:55:00+00:00,1.0,0.0
6174,2026-06-02T11:00:00+00:00,1.0,0.0
6175,2026-06-02T11:05:00+00:00,1.0,0.0
6176,2026-06-02T11:10:00+00:00,1.0,0.0
6177,2026-06-02T11:15:00+00:00,1.0,0.0
6178,2026-06-02T11:20:00+00:00,1.0,0.0
6179,2026-06-02T11:25:00+00:00,1.0,0.0
6180,2026-06-02T11:30:00+00:00,1.0,0.0
6181,2026-06-02T11:35:00+00:00,1.0,0.0
6182,2026-06-02T11:40:00+00:00,1.0,0.0
6183,2026-06-02T11:45:00+00:00,1.0,0.0
6184,2026-06-02T11:50:00+00:00,1.0,0.0
6185,2026-06-02T11:55:00+00:00,1.0,0.0
6186,2026-06-02T12:00:00+00:00,1.0,0.0
6187,2026-06-02T12:05:00+00:00,1.0,0.0
6188,2026-06-02T12:10:00+00:00,1.0,0.0
6189,2026-06-02T12:15:00+00:00,1.0,0.0
6190,2026-06-02T12:20:00+00:00,1.0,0.0
6191,2026-06-02T12:25:00+00:00,1.0,0.0
6192,2026-06-02T12:30:00+00:00,1.0,0.0
6193,2026-06-02T12:35:00+00:00,1.0,0.0
6194,2026-06-02T12:40:00+00:00,1.0,0.0
6195,2026-06-02T12:45:00+00:00,1.0,0.0
6196,2026-06-02T12:50:00+00:00,1.0,0.0
6197,2026-06-02T12:55:00+00:00,1.0,0.0
6198,2026-06-02T13:00:00+00:00,1.0,0.0
6199,2026-06-02T13:05:00+00:00,1.0,0.0
6200,2026-06-02T13:10:00+00:00,1.0,0.0
6201,2026-06-02T13:15:00+00:00,1.0,0.0
6202,2026-06-02T13:20:00+00:00,1.0,0.0
6203,2026-06-02T13:25:00+00:00,1.0,0.0
6204,2026-06-02T13:30:00+00:00,1.0,0.0
6205,2026-06-02T13:35:00+00:00,1.0,0.0
6206,2026-06-02T13:40:00+00:00,1.0,0.0
6207,2026-06-02T13:45:00+00:00,1.0,0.0
6208,2026-06-02T13:50:00+00:00,1.0,0.0
6209,2026-06-02T13:55:00+00:00,1.0,0.0
6210,2026-06-02T14:00:00+00:00,1.0,0.0
6211,2026-06-02T14:05:00+00:00,1.0,0.0
6212,2026-06-02T14:10:00+00:00,1.0,0.0
6213,2026-06-02T14:15:00+00:00,1.0,0.0
6214,2026-06-02T14:20:00+00:00,1.0,0.0
6215,2026-06-02T14:25:00+00:00,1.0,0.0
6216,2026-06-02T14:30:00+00:00,1.0,0.0
6217,2026-06-02T14:35:00+00:00,1.0,0.0
6218,2026-06-02T14:40:00+00:00,1.0,0.0
6219,2026-06-02T14:45:00+00:00,1.0,0.0
6220,2026-06-02T14:50:00+00:00,1.0,0.0
6221,2026-06-02T14:55:00+00:00,1.0,0.0
6222,2026-06-02T15:00:00+00:00,1.0,0.0
6223,2026-06-02T15:05:00+00:00,1.0,0.0
6224,2026-06-02T15:10:00+00:00,1.0,0.0
6225,2026-06-02T15:15:00+00:00,1.0,0.0
6226,2026-06-02T15:20:00+00:00,1.0,0.0
6227,2026-06-02T15:25:00+00:00,1.0,0.0
6228,2026-06-02T15:30:00+00:00,1.0,0.0
6229,2026-06-02T15:35:00+00:00,1.0,0.0
6230,2026-06-02T15:40:00+00:00,1.0,0.0
6231,2026-06-02T15:45:00+00:00,1.0,0.0
6232,2026-06-02T15:50:00+00:00,1.0,0.0
6233,2026-06-02T15:55:00+00:00,1.0,0.0
6234,2026-06-02T16:00:00+00:00,1.0,0.0
6235,2026-06-02T16:05:00+00:00,1.0,0.0
6236,2026-06-02T16:10:00+00:00,1.0,0.0
6237,2026-06-02T16:15:00+00:00,1.0,0.0
6238,2026-06-02T16:20:00+00:00,1.0,0.0
6239,2026-06-02T16:25:00+00:00,1.0,0.0
6240,2026-06-02T16:30:00+00:00,1.0,0.0
6241,2026-06-02T16:35:00+00:00,1.0,0.0
6242,2026-06-02T16:40:00+00:00,1.0,0.0
6243,2026-06-02T16:45:00+00:00,1.0,0.0
6244,2026-06-02T16:50:00+00:00,1.0,0.0
6245,2026-06-02T16:55:00+00:00,1.0,0.0
6246,2026-06-02T17:00:00+00:00,1.0,0.0
6247,2026-06-02T17:05:00+00:00,1.0,0.0
6248,2026-06-02T17:10:00+00:00,1.0,0.0
6249,2026-06-02T17:15:00+00:00,1.0,0.0
6250,2026-06-02T17:20:00+00:00,1.0,0.0
6251,2026-06-02T17:25:00+00:00,1.0,0.0
6252,2026-06-02T17:30:00+00:00,1.0,0.0
6253,2026-06-02T17:35:00+00:00,1.0,0.0
6254,2026-06-02T17:40:00+00:00,1.0,0.0
6255,2026-06-02T17:45:00+00:00,1.0,0.0
6256,2026-06-02T17:50:00+00:00,1.0,0.0
6257,2026-06-02T17:55:00+00:00,1.0,0.0
6258,2026-06-02T18:00:00+00:00,1.0,0.0
6259,2026-06-02T18:05:00+00:00,1.0,0.0
6260,2026-06-02T18:10:00+00:00,1.0,0.0
6261,2026-06-02T18:15:00+00:00,1.0,0.0
6262,2026-06-02T18:20:00+00:00,1.0,0.0
6263,2026-06-02T18:25:00+00:00,1.0,0.0
6264,2026-06-02T18:30:00+00:00,1.0,0.0
6265,2026-06-02T18:35:00+00:00,1.0,0.0
6266,2026-06-02T18:40:00+00:00,1.0,0.0
6267,2026-06-02T18:45:00+00:00,1.0,0.0
6268,2026-06-02T18:50:00+00:00,1.0,0.0
6269,2026-06-02T18:55:00+00:00,1.0,0.0
6270,2026-06-02T19:00:00+00:00,1.0,0.0
6271,2026-06-02T19:05:00+00:00,1.0,0.0
6272,2026-06-02T19:10:00+00:00,1.0,0.0
6273,2026-06-02T19:15:00+00:00,1.0,0.0
6274,2026-06-02T19:20:00+00:00,1.0,0.0
6275,2026-06-02T19:25:00+00:00,1.0,0.0
6276,2026-06-02T19:30:00+00:00,1.0,0.0
6277,2026-06-02T19:35:00+00:00,1.0,0.0
6278,2026-06-02T19:40:00+00:00,1.0,0.0
6279,2026-06-02T19:45:00+00:00,1.0,0.0
6280,2026-06-02T19:50:00+00:00,1.0,0.0
6281,2026-06-02T19:55:00+00:00,1.0,0.0
6282,2026-06-02T20:00:00+00:00,1.0,0.0
6283,2026-06-02T20:05:00+00:00,1.0,0.0
6284,2026-06-02T20:10:00+00:00,1.0,0.0
6285,2026-06-02T20:15:00+00:00,1.0,0.0
6286,2026-06-02T20:20:00+00:00,1.0,0.0
6287,2026-06-02T20:25:00+00:00,1.0,0.0
6288,2026-06-02T20:30:00+00:00,1.0,0.0
6289,2026-06-02T20:35:00+00:00,1.0,0.0
6290,2026-06-02T20:40:00+00:00,1.0,0.0
6291,2026-06-02T20:45:00+00:00,1.0,0.0
6292,2026-06-02T20:50:00+00:00,1.0,0.0
6293,2026-06-02T20:55:00+00:00,1.0,0.0
6294,2026-06-02T22:00:00+00:00,1.0,0.0
6295,2026-06-02T22:05:00+00:00,1.0,0.0
6296,2026-06-02T22:10:00+00:00,1.0,0.0
6297,2026-06-02T22:15:00+00:00,1.0,0.0
6298,2026-06-02T22:20:00+00:00,1.0,0.0
6299,2026-06-02T22:25:00+00:00,1.0,0.0
6300,2026-06-02T22:30:00+00:00,1.0,0.0
6301,2026-06-02T22:35:00+00:00,1.0,0.0
6302,2026-06-02T22:40:00+00:00,1.0,0.0
6303,2026-06-02T22:45:00+00:00,1.0,0.0
6304,2026-06-02T22:50:00+00:00,1.0,0.0
6305,2026-06-02T22:55:00+00:00,1.0,0.0
6306,2026-06-02T23:00:00+00:00,1.0,0.0
6307,2026-06-02T23:05:00+00:00,1.0,0.0
6308,2026-06-02T23:10:00+00:00,1.0,0.0
6309,2026-06-02T23:15:00+00:00,1.0,0.0
6310,2026-06-02T23:20:00+00:00,1.0,0.0
6311,2026-06-02T23:25:00+00:00,1.0,0.0
6312,2026-06-02T23:30:00+00:00,1.0,0.0
6313,2026-06-02T23:35:00+00:00,1.0,0.0
6314,2026-06-02T23:40:00+00:00,1.0,0.0
6315,2026-06-02T23:45:00+00:00,1.0,0.0
6316,2026-06-02T23:50:00+00:00,1.0,0.0
6317,2026-06-02T23:55:00+00:00,1.0,0.0
6318,2026-06-03T00:00:00+00:00,1.0,0.0
6319,2026-06-03T00:05:00+00:00,1.0,0.0
6320,2026-06-03T00:10:00+00:00,1.0,0.0
6321,2026-06-03T00:15:00+00:00,1.0,0.0
6322,2026-06-03T00:20:00+00:00,1.0,0.0
6323,2026-06-03T00:25:00+00:00,1.0,0.0
6324,2026-06-03T00:30:00+00:00,1.0,0.0
6325,2026-06-03T00:35:00+00:00,1.0,0.0
6326,2026-06-03T00:40:00+00:00,1.0,0.0
6327,2026-06-03T00:45:00+00:00,1.0,0.0
6328,2026-06-03T00:50:00+00:00,1.0,0.0
6329,2026-06-03T00:55:00+00:00,1.0,0.0
6330,2026-06-03T01:00:00+00:00,1.0,0.0
6331,2026-06-03T01:05:00+00:00,1.0,0.0
6332,2026-06-03T01:10:00+00:00,1.0,0.0
6333,2026-06-03T01:15:00+00:00,1.0,0.0
6334,2026-06-03T01:20:00+00:00,1.0,0.0
6335,2026-06-03T01:25:00+00:00,1.0,0.0
6336,2026-06-03T01:30:00+00:00,1.0,0.0
6337,2026-06-03T01:35:00+00:00,1.0,0.0
6338,2026-06-03T01:40:00+00:00,1.0,0.0
6339,2026-06-03T01:45:00+00:00,1.0,0.0
6340,2026-06-03T01:50:00+00:00,1.0,0.0
6341,2026-06-03T01:55:00+00:00,1.0,0.0
6342,2026-06-03T02:00:00+00:00,1.0,0.0
6343,2026-06-03T02:05:00+00:00,1.0,0.0
6344,2026-06-03T02:10:00+00:00,1.0,0.0
6345,2026-06-03T02:15:00+00:00,1.0,0.0
6346,2026-06-03T02:20:00+00:00,1.0,0.0
6347,2026-06-03T02:25:00+00:00,1.0,0.0
6348,2026-06-03T02:30:00+00:00,1.0,0.0
6349,2026-06-03T02:35:00+00:00,1.0,0.0
6350,2026-06-03T02:40:00+00:00,1.0,0.0
6351,2026-06-03T02:45:00+00:00,1.0,0.0
6352,2026-06-03T02:50:00+00:00,1.0,0.0
6353,2026-06-03T02:55:00+00:00,1.0,0.0
6354,2026-06-03T03:00:00+00:00,1.0,0.0
6355,2026-06-03T03:05:00+00:00,1.0,0.0
6356,2026-06-03T03:10:00+00:00,1.0,0.0
6357,2026-06-03T03:15:00+00:00,1.0,0.0
6358,2026-06-03T03:20:00+00:00,1.0,0.0
6359,2026-06-03T03:25:00+00:00,1.0,0.0
6360,2026-06-03T03:30:00+00:00,1.0,0.0
6361,2026-06-03T03:35:00+00:00,1.0,0.0
6362,2026-06-03T03:40:00+00:00,1.0,0.0
6363,2026-06-03T03:45:00+00:00,1.0,0.0
6364,2026-06-03T03:50:00+00:00,1.0,0.0
6365,2026-06-03T03:55:00+00:00,1.0,0.0
6366,2026-06-03T04:00:00+00:00,1.0,0.0
6367,2026-06-03T04:05:00+00:00,1.0,0.0
6368,2026-06-03T04:10:00+00:00,1.0,0.0
6369,2026-06-03T04:15:00+00:00,1.0,0.0
6370,2026-06-03T04:20:00+00:00,1.0,0.0
6371,2026-06-03T04:25:00+00:00,1.0,0.0
6372,2026-06-03T04:30:00+00:00,1.0,0.0
6373,2026-06-03T04:35:00+00:00,1.0,0.0
6374,2026-06-03T04:40:00+00:00,1.0,0.0
6375,2026-06-03T04:45:00+00:00,1.0,0.0
6376,2026-06-03T04:50:00+00:00,1.0,0.0
6377,2026-06-03T04:55:00+00:00,1.0,0.0
6378,2026-06-03T05:00:00+00:00,1.0,0.0
6379,2026-06-03T05:05:00+00:00,1.0,0.0
6380,2026-06-03T05:10:00+00:00,1.0,0.0
6381,2026-06-03T05:15:00+00:00,1.0,0.0
6382,2026-06-03T05:20:00+00:00,1.0,0.0
6383,2026-06-03T05:25:00+00:00,1.0,0.0
6384,2026-06-03T05:30:00+00:00,1.0,0.0
6385,2026-06-03T05:35:00+00:00,1.0,0.0
6386,2026-06-03T05:40:00+00:00,1.0,0.0
6387,2026-06-03T05:45:00+00:00,1.0,0.0
6388,2026-06-03T05:50:00+00:00,1.0,0.0
6389,2026-06-03T05:55:00+00:00,1.0,0.0
6390,2026-06-03T06:00:00+00:00,1.0,0.0
6391,2026-06-03T06:05:00+00:00,1.0,0.0
6392,2026-06-03T06:10:00+00:00,1.0,0.0
6393,2026-06-03T06:15:00+00:00,1.0,0.0
6394,2026-06-03T06:20:00+00:00,1.0,0.0
6395,2026-06-03T06:25:00+00:00,1.0,0.0
6396,2026-06-03T06:30:00+00:00,1.0,0.0
6397,2026-06-03T06:35:00+00:00,1.0,0.0
6398,2026-06-03T06:40:00+00:00,1.0,0.0
6399,2026-06-03T06:45:00+00:00,1.0,0.0
6400,2026-06-03T06:50:00+00:00,1.0,0.0
6401,2026-06-03T06:55:00+00:00,1.0,0.0
6402,2026-06-03T07:00:00+00:00,1.0,0.0
6403,2026-06-03T07:05:00+00:00,1.0,0.0
6404,2026-06-03T07:10:00+00:00,1.0,0.0
6405,2026-06-03T07:15:00+00:00,1.0,0.0
6406,2026-06-03T07:20:00+00:00,1.0,0.0
6407,2026-06-03T07:25:00+00:00,1.0,0.0
6408,2026-06-03T07:30:00+00:00,1.0,0.0
6409,2026-06-03T07:35:00+00:00,1.0,0.0
6410,2026-06-03T07:40:00+00:00,1.0,0.0
6411,2026-06-03T07:45:00+00:00,1.0,0.0
6412,2026-06-03T07:50:00+00:00,1.0,0.0
6413,2026-06-03T07:55:00+00:00,1.0,0.0
6414,2026-06-03T08:00:00+00:00,1.0,0.0
6415,2026-06-03T08:05:00+00:00,1.0,0.0
6416,2026-06-03T08:10:00+00:00,1.0,0.0
6417,2026-06-03T08:15:00+00:00,1.0,0.0
6418,2026-06-03T08:20:00+00:00,1.0,0.0
6419,2026-06-03T08:25:00+00:00,1.0,0.0
6420,2026-06-03T08:30:00+00:00,1.0,0.0
6421,2026-06-03T08:35:00+00:00,1.0,0.0
6422,2026-06-03T08:40:00+00:00,1.0,0.0
6423,2026-06-03T08:45:00+00:00,1.0,0.0
6424,2026-06-03T08:50:00+00:00,1.0,0.0
6425,2026-06-03T08:55:00+00:00,1.0,0.0
6426,2026-06-03T09:00:00+00:00,1.0,0.0
6427,2026-06-03T09:05:00+00:00,1.0,0.0
6428,2026-06-03T09:10:00+00:00,1.0,0.0
6429,2026-06-03T09:15:00+00:00,1.0,0.0
6430,2026-06-03T09:20:00+00:00,1.0,0.0
6431,2026-06-03T09:25:00+00:00,1.0,0.0
6432,2026-06-03T09:30:00+00:00,1.0,0.0
6433,2026-06-03T09:35:00+00:00,1.0,0.0
6434,2026-06-03T09:40:00+00:00,1.0,0.0
6435,2026-06-03T09:45:00+00:00,1.0,0.0
6436,2026-06-03T09:50:00+00:00,1.0,0.0
6437,2026-06-03T09:55:00+00:00,1.0,0.0
6438,2026-06-03T10:00:00+00:00,1.0,0.0
6439,2026-06-03T10:05:00+00:00,1.0,0.0
6440,2026-06-03T10:10:00+00:00,1.0,0.0
6441,2026-06-03T10:15:00+00:00,1.0,0.0
6442,2026-06-03T10:20:00+00:00,1.0,0.0
6443,2026-06-03T10:25:00+00:00,1.0,0.0
6444,2026-06-03T10:30:00+00:00,1.0,0.0
6445,2026-06-03T10:35:00+00:00,1.0,0.0
6446,2026-06-03T10:40:00+00:00,1.0,0.0
6447,2026-06-03T10:45:00+00:00,1.0,0.0
6448,2026-06-03T10:50:00+00:00,1.0,0.0
6449,2026-06-03T10:55:00+00:00,1.0,0.0
6450,2026-06-03T11:00:00+00:00,1.0,0.0
6451,2026-06-03T11:05:00+00:00,1.0,0.0
6452,2026-06-03T11:10:00+00:00,1.0,0.0
6453,2026-06-03T11:15:00+00:00,1.0,0.0
6454,2026-06-03T11:20:00+00:00,1.0,0.0
6455,2026-06-03T11:25:00+00:00,1.0,0.0
6456,2026-06-03T11:30:00+00:00,1.0,0.0
6457,2026-06-03T11:35:00+00:00,1.0,0.0
6458,2026-06-03T11:40:00+00:00,1.0,0.0
6459,2026-06-03T11:45:00+00:00,1.0,0.0
6460,2026-06-03T11:50:00+00:00,1.0,0.0
6461,2026-06-03T11:55:00+00:00,1.0,0.0
6462,2026-06-03T12:00:00+00:00,1.0,0.0
6463,2026-06-03T12:05:00+00:00,1.0,0.0
6464,2026-06-03T12:10:00+00:00,1.0,0.0
6465,2026-06-03T12:15:00+00:00,1.0,0.0
6466,2026-06-03T12:20:00+00:00,1.0,0.0
6467,2026-06-03T12:25:00+00:00,1.0,0.0
6468,2026-06-03T12:30:00+00:00,1.0,0.0
6469,2026-06-03T12:35:00+00:00,1.0,0.0
6470,2026-06-03T12:40:00+00:00,1.0,0.0
6471,2026-06-03T12:45:00+00:00,1.0,0.0
6472,2026-06-03T12:50:00+00:00,1.0,0.0
6473,2026-06-03T12:55:00+00:00,1.0,0.0
6474,2026-06-03T13:00:00+00:00,1.0,0.0
6475,2026-06-03T13:05:00+00:00,1.0,0.0
6476,2026-06-03T13:10:00+00:00,1.0,0.0
6477,2026-06-03T13:15:00+00:00,1.0,0.0
6478,2026-06-03T13:20:00+00:00,1.0,0.0
6479,2026-06-03T13:25:00+00:00,1.0,0.0
6480,2026-06-03T13:30:00+00:00,1.0,0.0
6481,2026-06-03T13:35:00+00:00,1.0,0.0
6482,2026-06-03T13:40:00+00:00,1.0,0.0
6483,2026-06-03T13:45:00+00:00,1.0,0.0
6484,2026-06-03T13:50:00+00:00,1.0,0.0
6485,2026-06-03T13:55:00+00:00,1.0,0.0
6486,2026-06-03T14:00:00+00:00,1.0,0.0
6487,2026-06-03T14:05:00+00:00,1.0,0.0
6488,2026-06-03T14:10:00+00:00,1.0,0.0
6489,2026-06-03T14:15:00+00:00,1.0,0.0
6490,2026-06-03T14:20:00+00:00,1.0,0.0
6491,2026-06-03T14:25:00+00:00,1.0,0.0
6492,2026-06-03T14:30:00+00:00,1.0,0.0
6493,2026-06-03T14:35:00+00:00,1.0,0.0
6494,2026-06-03T14:40:00+00:00,1.0,0.0
6495,2026-06-03T14:45:00+00:00,1.0,0.0
6496,2026-06-03T14:50:00+00:00,1.0,0.0
6497,2026-06-03T14:55:00+00:00,1.0,0.0
6498,2026-06-03T15:00:00+00:00,1.0,0.0
6499,2026-06-03T15:05:00+00:00,1.0,0.0
6500,2026-06-03T15:10:00+00:00,1.0,0.0
6501,2026-06-03T15:15:00+00:00,1.0,0.0
6502,2026-06-03T15:20:00+00:00,1.0,0.0
6503,2026-06-03T15:25:00+00:00,1.0,0.0
6504,2026-06-03T15:30:00+00:00,1.0,0.0
6505,2026-06-03T15:35:00+00:00,1.0,0.0
6506,2026-06-03T15:40:00+00:00,1.0,0.0
6507,2026-06-03T15:45:00+00:00,1.0,0.0
6508,2026-06-03T15:50:00+00:00,1.0,0.0
6509,2026-06-03T15:55:00+00:00,1.0,0.0
6510,2026-06-03T16:00:00+00:00,1.0,0.0
6511,2026-06-03T16:05:00+00:00,1.0,0.0
6512,2026-06-03T16:10:00+00:00,1.0,0.0
6513,2026-06-03T16:15:00+00:00,1.0,0.0
6514,2026-06-03T16:20:00+00:00,1.0,0.0
6515,2026-06-03T16:25:00+00:00,1.0,0.0
6516,2026-06-03T16:30:00+00:00,1.0,0.0
6517,2026-06-03T16:35:00+00:00,1.0,0.0
6518,2026-06-03T16:40:00+00:00,1.0,0.0
6519,2026-06-03T16:45:00+00:00,1.0,0.0
6520,2026-06-03T16:50:00+00:00,1.0,0.0
6521,2026-06-03T16:55:00+00:00,1.0,0.0
6522,2026-06-03T17:00:00+00:00,1.0,0.0
6523,2026-06-03T17:05:00+00:00,1.0,0.0
6524,2026-06-03T17:10:00+00:00,1.0,0.0
6525,2026-06-03T17:15:00+00:00,1.0,0.0
6526,2026-06-03T17:20:00+00:00,1.0,0.0
6527,2026-06-03T17:25:00+00:00,1.0,0.0
6528,2026-06-03T17:30:00+00:00,1.0,0.0
6529,2026-06-03T17:35:00+00:00,1.0,0.0
6530,2026-06-03T17:40:00+00:00,1.0,0.0
6531,2026-06-03T17:45:00+00:00,1.0,0.0
6532,2026-06-03T17:50:00+00:00,1.0,0.0
6533,2026-06-03T17:55:00+00:00,1.0,0.0
6534,2026-06-03T18:00:00+00:00,1.0,0.0
6535,2026-06-03T18:05:00+00:00,1.0,0.0
6536,2026-06-03T18:10:00+00:00,1.0,0.0
6537,2026-06-03T18:15:00+00:00,1.0,0.0
6538,2026-06-03T18:20:00+00:00,1.0,0.0
6539,2026-06-03T18:25:00+00:00,1.0,0.0
6540,2026-06-03T18:30:00+00:00,1.0,0.0
6541,2026-06-03T18:35:00+00:00,1.0,0.0
6542,2026-06-03T18:40:00+00:00,1.0,0.0
6543,2026-06-03T18:45:00+00:00,1.0,0.0
6544,2026-06-03T18:50:00+00:00,1.0,0.0
6545,2026-06-03T18:55:00+00:00,1.0,0.0
6546,2026-06-03T19:00:00+00:00,1.0,0.0
6547,2026-06-03T19:05:00+00:00,1.0,0.0
6548,2026-06-03T19:10:00+00:00,1.0,0.0
6549,2026-06-03T19:15:00+00:00,1.0,0.0
6550,2026-06-03T19:20:00+00:00,1.0,0.0
6551,2026-06-03T19:25:00+00:00,1.0,0.0
6552,2026-06-03T19:30:00+00:00,1.0,0.0
6553,2026-06-03T19:35:00+00:00,1.0,0.0
6554,2026-06-03T19:40:00+00:00,1.0,0.0
6555,2026-06-03T19:45:00+00:00,1.0,0.0
6556,2026-06-03T19:50:00+00:00,1.0,0.0
6557,2026-06-03T19:55:00+00:00,1.0,0.0
6558,2026-06-03T20:00:00+00:00,1.0,0.0
6559,2026-06-03T20:05:00+00:00,1.0,0.0
6560,2026-06-03T20:10:00+00:00,1.0,0.0
6561,2026-06-03T20:15:00+00:00,1.0,0.0
6562,2026-06-03T20:20:00+00:00,1.0,0.0
6563,2026-06-03T20:25:00+00:00,1.0,0.0
6564,2026-06-03T20:30:00+00:00,1.0,0.0
6565,2026-06-03T20:35:00+00:00,1.0,0.0
6566,2026-06-03T20:40:00+00:00,1.0,0.0
6567,2026-06-03T20:45:00+00:00,1.0,0.0
6568,2026-06-03T20:50:00+00:00,1.0,0.0
6569,2026-06-03T20:55:00+00:00,1.0,0.0
6570,2026-06-03T22:00:00+00:00,1.0,0.0
6571,2026-06-03T22:05:00+00:00,1.0,0.0
6572,2026-06-03T22:10:00+00:00,1.0,0.0
6573,2026-06-03T22:15:00+00:00,1.0,0.0
6574,2026-06-03T22:20:00+00:00,1.0,0.0
6575,2026-06-03T22:25:00+00:00,1.0,0.0
6576,2026-06-03T22:30:00+00:00,1.0,0.0
6577,2026-06-03T22:35:00+00:00,1.0,0.0
6578,2026-06-03T22:40:00+00:00,1.0,0.0
6579,2026-06-03T22:45:00+00:00,1.0,0.0
6580,2026-06-03T22:50:00+00:00,1.0,0.0
6581,2026-06-03T22:55:00+00:00,1.0,0.0
6582,2026-06-03T23:00:00+00:00,1.0,0.0
6583,2026-06-03T23:05:00+00:00,1.0,0.0
6584,2026-06-03T23:10:00+00:00,1.0,0.0
6585,2026-06-03T23:15:00+00:00,1.0,0.0
6586,2026-06-03T23:20:00+00:00,1.0,0.0
6587,2026-06-03T23:25:00+00:00,1.0,0.0
6588,2026-06-03T23:30:00+00:00,1.0,0.0
6589,2026-06-03T23:35:00+00:00,1.0,0.0
6590,2026-06-03T23:40:00+00:00,1.0,0.0
6591,2026-06-03T23:45:00+00:00,1.0,0.0
6592,2026-06-03T23:50:00+00:00,1.0,0.0
6593,2026-06-03T23:55:00+00:00,1.0,0.0
6594,2026-06-04T00:00:00+00:00,1.0,0.0
6595,2026-06-04T00:05:00+00:00,1.0,0.0
6596,2026-06-04T00:10:00+00:00,1.0,0.0
6597,2026-06-04T00:15:00+00:00,1.0,0.0
6598,2026-06-04T00:20:00+00:00,1.0,0.0
6599,2026-06-04T00:25:00+00:00,1.0,0.0
6600,2026-06-04T00:30:00+00:00,1.0,0.0
6601,2026-06-04T00:35:00+00:00,1.0,0.0
6602,2026-06-04T00:40:00+00:00,1.0,0.0
6603,2026-06-04T00:45:00+00:00,1.0,0.0
6604,2026-06-04T00:50:00+00:00,1.0,0.0
6605,2026-06-04T00:55:00+00:00,1.0,0.0
6606,2026-06-04T01:00:00+00:00,1.0,0.0
6607,2026-06-04T01:05:00+00:00,1.0,0.0
6608,2026-06-04T01:10:00+00:00,1.0,0.0
6609,2026-06-04T01:15:00+00:00,1.0,0.0
6610,2026-06-04T01:20:00+00:00,1.0,0.0
6611,2026-06-04T01:25:00+00:00,1.0,0.0
6612,2026-06-04T01:30:00+00:00,1.0,0.0
6613,2026-06-04T01:35:00+00:00,1.0,0.0
6614,2026-06-04T01:40:00+00:00,1.0,0.0
6615,2026-06-04T01:45:00+00:00,1.0,0.0
6616,2026-06-04T01:50:00+00:00,1.0,0.0
6617,2026-06-04T01:55:00+00:00,1.0,0.0
6618,2026-06-04T02:00:00+00:00,1.0,0.0
6619,2026-06-04T02:05:00+00:00,1.0,0.0
6620,2026-06-04T02:10:00+00:00,1.0,0.0
6621,2026-06-04T02:15:00+00:00,1.0,0.0
6622,2026-06-04T02:20:00+00:00,1.0,0.0
6623,2026-06-04T02:25:00+00:00,1.0,0.0
6624,2026-06-04T02:30:00+00:00,1.0,0.0
6625,2026-06-04T02:35:00+00:00,1.0,0.0
6626,2026-06-04T02:40:00+00:00,1.0,0.0
6627,2026-06-04T02:45:00+00:00,1.0,0.0
6628,2026-06-04T02:50:00+00:00,1.0,0.0
6629,2026-06-04T02:55:00+00:00,1.0,0.0
6630,2026-06-04T03:00:00+00:00,1.0,0.0
6631,2026-06-04T03:05:00+00:00,1.0,0.0
6632,2026-06-04T03:10:00+00:00,1.0,0.0
6633,2026-06-04T03:15:00+00:00,1.0,0.0
6634,2026-06-04T03:20:00+00:00,1.0,0.0
6635,2026-06-04T03:25:00+00:00,1.0,0.0
6636,2026-06-04T03:30:00+00:00,1.0,0.0
6637,2026-06-04T03:35:00+00:00,1.0,0.0
6638,2026-06-04T03:40:00+00:00,1.0,0.0
6639,2026-06-04T03:45:00+00:00,1.0,0.0
6640,2026-06-04T03:50:00+00:00,1.0,0.0
6641,2026-06-04T03:55:00+00:00,1.0,0.0
6642,2026-06-04T04:00:00+00:00,1.0,0.0
6643,2026-06-04T04:05:00+00:00,1.0,0.0
6644,2026-06-04T04:10:00+00:00,1.0,0.0
6645,2026-06-04T04:15:00+00:00,1.0,0.0
6646,2026-06-04T04:20:00+00:00,1.0,0.0
6647,2026-06-04T04:25:00+00:00,1.0,0.0
6648,2026-06-04T04:30:00+00:00,1.0,0.0
6649,2026-06-04T04:35:00+00:00,1.0,0.0
6650,2026-06-04T04:40:00+00:00,1.0,0.0
6651,2026-06-04T04:45:00+00:00,1.0,0.0
6652,2026-06-04T04:50:00+00:00,1.0,0.0
6653,2026-06-04T04:55:00+00:00,1.0,0.0
6654,2026-06-04T05:00:00+00:00,1.0,0.0
6655,2026-06-04T05:05:00+00:00,1.0,0.0
6656,2026-06-04T05:10:00+00:00,1.0,0.0
6657,2026-06-04T05:15:00+00:00,1.0,0.0
6658,2026-06-04T05:20:00+00:00,1.0,0.0
6659,2026-06-04T05:25:00+00:00,1.0,0.0
6660,2026-06-04T05:30:00+00:00,1.0,0.0
6661,2026-06-04T05:35:00+00:00,1.0,0.0
6662,2026-06-04T05:40:00+00:00,1.0,0.0
6663,2026-06-04T05:45:00+00:00,1.0,0.0
6664,2026-06-04T05:50:00+00:00,1.0,0.0
6665,2026-06-04T05:55:00+00:00,1.0,0.0
6666,2026-06-04T06:00:00+00:00,1.0,0.0
6667,2026-06-04T06:05:00+00:00,1.0,0.0
6668,2026-06-04T06:10:00+00:00,1.0,0.0
6669,2026-06-04T06:15:00+00:00,1.0,0.0
6670,2026-06-04T06:20:00+00:00,1.0,0.0
6671,2026-06-04T06:25:00+00:00,1.0,0.0
6672,2026-06-04T06:30:00+00:00,1.0,0.0
6673,2026-06-04T06:35:00+00:00,1.0,0.0
6674,2026-06-04T06:40:00+00:00,1.0,0.0
6675,2026-06-04T06:45:00+00:00,1.0,0.0
6676,2026-06-04T06:50:00+00:00,1.0,0.0
6677,2026-06-04T06:55:00+00:00,1.0,0.0
6678,2026-06-04T07:00:00+00:00,1.0,0.0
6679,2026-06-04T07:05:00+00:00,1.0,0.0
6680,2026-06-04T07:10:00+00:00,1.0,0.0
6681,2026-06-04T07:15:00+00:00,1.0,0.0
6682,2026-06-04T07:20:00+00:00,1.0,0.0
6683,2026-06-04T07:25:00+00:00,1.0,0.0
6684,2026-06-04T07:30:00+00:00,1.0,0.0
6685,2026-06-04T07:35:00+00:00,1.0,0.0
6686,2026-06-04T07:40:00+00:00,1.0,0.0
6687,2026-06-04T07:45:00+00:00,1.0,0.0
6688,2026-06-04T07:50:00+00:00,1.0,0.0
6689,2026-06-04T07:55:00+00:00,1.0,0.0
6690,2026-06-04T08:00:00+00:00,1.0,0.0
6691,2026-06-04T08:05:00+00:00,1.0,0.0
6692,2026-06-04T08:10:00+00:00,1.0,0.0
6693,2026-06-04T08:15:00+00:00,1.0,0.0
6694,2026-06-04T08:20:00+00:00,1.0,0.0
6695,2026-06-04T08:25:00+00:00,1.0,0.0
6696,2026-06-04T08:30:00+00:00,1.0,0.0
6697,2026-06-04T08:35:00+00:00,1.0,0.0
6698,2026-06-04T08:40:00+00:00,1.0,0.0
6699,2026-06-04T08:45:00+00:00,1.0,0.0
6700,2026-06-04T08:50:00+00:00,1.0,0.0
6701,2026-06-04T08:55:00+00:00,1.0,0.0
6702,2026-06-04T09:00:00+00:00,1.0,0.0
6703,2026-06-04T09:05:00+00:00,1.0,0.0
6704,2026-06-04T09:10:00+00:00,1.0,0.0
6705,2026-06-04T09:15:00+00:00,1.0,0.0
6706,2026-06-04T09:20:00+00:00,1.0,0.0
6707,2026-06-04T09:25:00+00:00,1.0,0.0
6708,2026-06-04T09:30:00+00:00,1.0,0.0
6709,2026-06-04T09:35:00+00:00,1.0,0.0
6710,2026-06-04T09:40:00+00:00,1.0,0.0
6711,2026-06-04T09:45:00+00:00,1.0,0.0
6712,2026-06-04T09:50:00+00:00,1.0,0.0
6713,2026-06-04T09:55:00+00:00,1.0,0.0
6714,2026-06-04T10:00:00+00:00,1.0,0.0
6715,2026-06-04T10:05:00+00:00,1.0,0.0
6716,2026-06-04T10:10:00+00:00,1.0,0.0
6717,2026-06-04T10:15:00+00:00,1.0,0.0
6718,2026-06-04T10:20:00+00:00,1.0,0.0
6719,2026-06-04T10:25:00+00:00,1.0,0.0
6720,2026-06-04T10:30:00+00:00,1.0,0.0
6721,2026-06-04T10:35:00+00:00,1.0,0.0
6722,2026-06-04T10:40:00+00:00,1.0,0.0
6723,2026-06-04T10:45:00+00:00,1.0,0.0
6724,2026-06-04T10:50:00+00:00,1.0,0.0
6725,2026-06-04T10:55:00+00:00,1.0,0.0
6726,2026-06-04T11:00:00+00:00,1.0,0.0
6727,2026-06-04T11:05:00+00:00,1.0,0.0
6728,2026-06-04T11:10:00+00:00,1.0,0.0
6729,2026-06-04T11:15:00+00:00,1.0,0.0
6730,2026-06-04T11:20:00+00:00,1.0,0.0
6731,2026-06-04T11:25:00+00:00,1.0,0.0
6732,2026-06-04T11:30:00+00:00,1.0,0.0
6733,2026-06-04T11:35:00+00:00,1.0,0.0
6734,2026-06-04T11:40:00+00:00,1.0,0.0
6735,2026-06-04T11:45:00+00:00,1.0,0.0
6736,2026-06-04T11:50:00+00:00,1.0,0.0
6737,2026-06-04T11:55:00+00:00,1.0,0.0
6738,2026-06-04T12:00:00+00:00,1.0,0.0
6739,2026-06-04T12:05:00+00:00,1.0,0.0
6740,2026-06-04T12:10:00+00:00,1.0,0.0
6741,2026-06-04T12:15:00+00:00,1.0,0.0
6742,2026-06-04T12:20:00+00:00,1.0,0.0
6743,2026-06-04T12:25:00+00:00,1.0,0.0
6744,2026-06-04T12:30:00+00:00,1.0,0.0
6745,2026-06-04T12:35:00+00:00,1.0,0.0
6746,2026-06-04T12:40:00+00:00,1.0,0.0
6747,2026-06-04T12:45:00+00:00,1.0,0.0
6748,2026-06-04T12:50:00+00:00,1.0,0.0
6749,2026-06-04T12:55:00+00:00,1.0,0.0
6750,2026-06-04T13:00:00+00:00,1.0,0.0
6751,2026-06-04T13:05:00+00:00,1.0,0.0
6752,2026-06-04T13:10:00+00:00,1.0,0.0
6753,2026-06-04T13:15:00+00:00,1.0,0.0
6754,2026-06-04T13:20:00+00:00,1.0,0.0
6755,2026-06-04T13:25:00+00:00,1.0,0.0
6756,2026-06-04T13:30:00+00:00,1.0,0.0
6757,2026-06-04T13:35:00+00:00,1.0,0.0
6758,2026-06-04T13:40:00+00:00,1.0,0.0
6759,2026-06-04T13:45:00+00:00,1.0,0.0
6760,2026-06-04T13:50:00+00:00,1.0,0.0
6761,2026-06-04T13:55:00+00:00,1.0,0.0
6762,2026-06-04T14:00:00+00:00,1.0,0.0
6763,2026-06-04T14:05:00+00:00,1.0,0.0
6764,2026-06-04T14:10:00+00:00,1.0,0.0
6765,2026-06-04T14:15:00+00:00,1.0,0.0
6766,2026-06-04T14:20:00+00:00,1.0,0.0
6767,2026-06-04T14:25:00+00:00,1.0,0.0
6768,2026-06-04T14:30:00+00:00,1.0,0.0
6769,2026-06-04T14:35:00+00:00,1.0,0.0
6770,2026-06-04T14:40:00+00:00,1.0,0.0
6771,2026-06-04T14:45:00+00:00,1.0,0.0
6772,2026-06-04T14:50:00+00:00,1.0,0.0
6773,2026-06-04T14:55:00+00:00,1.0,0.0
6774,2026-06-04T15:00:00+00:00,1.0,0.0
6775,2026-06-04T15:05:00+00:00,1.0,0.0
6776,2026-06-04T15:10:00+00:00,1.0,0.0
6777,2026-06-04T15:15:00+00:00,1.0,0.0
6778,2026-06-04T15:20:00+00:00,1.0,0.0
6779,2026-06-04T15:25:00+00:00,1.0,0.0
6780,2026-06-04T15:30:00+00:00,1.0,0.0
6781,2026-06-04T15:35:00+00:00,1.0,0.0
6782,2026-06-04T15:40:00+00:00,1.0,0.0
6783,2026-06-04T15:45:00+00:00,1.0,0.0
6784,2026-06-04T15:50:00+00:00,1.0,0.0
6785,2026-06-04T15:55:00+00:00,1.0,0.0
6786,2026-06-04T16:00:00+00:00,1.0,0.0
6787,2026-06-04T16:05:00+00:00,1.0,0.0
6788,2026-06-04T16:10:00+00:00,1.0,0.0
6789,2026-06-04T16:15:00+00:00,1.0,0.0
6790,2026-06-04T16:20:00+00:00,1.0,0.0
6791,2026-06-04T16:25:00+00:00,1.0,0.0
6792,2026-06-04T16:30:00+00:00,1.0,0.0
6793,2026-06-04T16:35:00+00:00,1.0,0.0
6794,2026-06-04T16:40:00+00:00,1.0,0.0
6795,2026-06-04T16:45:00+00:00,1.0,0.0
6796,2026-06-04T16:50:00+00:00,1.0,0.0
6797,2026-06-04T16:55:00+00:00,1.0,0.0
6798,2026-06-04T17:00:00+00:00,1.0,0.0
6799,2026-06-04T17:05:00+00:00,1.0,0.0
6800,2026-06-04T17:10:00+00:00,1.0,0.0
6801,2026-06-04T17:15:00+00:00,1.0,0.0
6802,2026-06-04T17:20:00+00:00,1.0,0.0
6803,2026-06-04T17:25:00+00:00,1.0,0.0
6804,2026-06-04T17:30:00+00:00,1.0,0.0
6805,2026-06-04T17:35:00+00:00,1.0,0.0
6806,2026-06-04T17:40:00+00:00,1.0,0.0
6807,2026-06-04T17:45:00+00:00,1.0,0.0
6808,2026-06-04T17:50:00+00:00,1.0,0.0
6809,2026-06-04T17:55:00+00:00,1.0,0.0
6810,2026-06-04T18:00:00+00:00,1.0,0.0
6811,2026-06-04T18:05:00+00:00,1.0,0.0
6812,2026-06-04T18:10:00+00:00,1.0,0.0
6813,2026-06-04T18:15:00+00:00,1.0,0.0
6814,2026-06-04T18:20:00+00:00,1.0,0.0
6815,2026-06-04T18:25:00+00:00,1.0,0.0
6816,2026-06-04T18:30:00+00:00,1.0,0.0
6817,2026-06-04T18:35:00+00:00,1.0,0.0
6818,2026-06-04T18:40:00+00:00,1.0,0.0
6819,2026-06-04T18:45:00+00:00,1.0,0.0
6820,2026-06-04T18:50:00+00:00,1.0,0.0
6821,2026-06-04T18:55:00+00:00,1.0,0.0
6822,2026-06-04T19:00:00+00:00,1.0,0.0
6823,2026-06-04T19:05:00+00:00,1.0,0.0
6824,2026-06-04T19:10:00+00:00,1.0,0.0
6825,2026-06-04T19:15:00+00:00,1.0,0.0
6826,2026-06-04T19:20:00+00:00,1.0,0.0
6827,2026-06-04T19:25:00+00:00,1.0,0.0
6828,2026-06-04T19:30:00+00:00,1.0,0.0
6829,2026-06-04T19:35:00+00:00,1.0,0.0
6830,2026-06-04T19:40:00+00:00,1.0,0.0
6831,2026-06-04T19:45:00+00:00,1.0,0.0
6832,2026-06-04T19:50:00+00:00,1.0,0.0
6833,2026-06-04T19:55:00+00:00,1.0,0.0
6834,2026-06-04T20:00:00+00:00,1.0,0.0
6835,2026-06-04T20:05:00+00:00,1.0,0.0
6836,2026-06-04T20:10:00+00:00,1.0,0.0
6837,2026-06-04T20:15:00+00:00,1.0,0.0
6838,2026-06-04T20:20:00+00:00,1.0,0.0
6839,2026-06-04T20:25:00+00:00,1.0,0.0
6840,2026-06-04T20:30:00+00:00,1.0,0.0
6841,2026-06-04T20:35:00+00:00,1.0,0.0
6842,2026-06-04T20:40:00+00:00,1.0,0.0
6843,2026-06-04T20:45:00+00:00,1.0,0.0
6844,2026-06-04T20:50:00+00:00,1.0,0.0
6845,2026-06-04T20:55:00+00:00,1.0,0.0
6846,2026-06-04T22:00:00+00:00,1.0,0.0
6847,2026-06-04T22:05:00+00:00,1.0,0.0
6848,2026-06-04T22:10:00+00:00,1.0,0.0
6849,2026-06-04T22:15:00+00:00,1.0,0.0
6850,2026-06-04T22:20:00+00:00,1.0,0.0
6851,2026-06-04T22:25:00+00:00,1.0,0.0
6852,2026-06-04T22:30:00+00:00,1.0,0.0
6853,2026-06-04T22:35:00+00:00,1.0,0.0
6854,2026-06-04T22:40:00+00:00,1.0,0.0
6855,2026-06-04T22:45:00+00:00,1.0,0.0
6856,2026-06-04T22:50:00+00:00,1.0,0.0
6857,2026-06-04T22:55:00+00:00,1.0,0.0
6858,2026-06-04T23:00:00+00:00,1.0,0.0
6859,2026-06-04T23:05:00+00:00,1.0,0.0
6860,2026-06-04T23:10:00+00:00,1.0,0.0
6861,2026-06-04T23:15:00+00:00,1.0,0.0
6862,2026-06-04T23:20:00+00:00,1.0,0.0
6863,2026-06-04T23:25:00+00:00,1.0,0.0
6864,2026-06-04T23:30:00+00:00,1.0,0.0
6865,2026-06-04T23:35:00+00:00,1.0,0.0
6866,2026-06-04T23:40:00+00:00,1.0,0.0
6867,2026-06-04T23:45:00+00:00,1.0,0.0
6868,2026-06-04T23:50:00+00:00,1.0,0.0
6869,2026-06-04T23:55:00+00:00,1.0,0.0
6870,2026-06-05T00:00:00+00:00,1.0,0.0
6871,2026-06-05T00:05:00+00:00,1.0,0.0
6872,2026-06-05T00:10:00+00:00,1.0,0.0
6873,2026-06-05T00:15:00+00:00,1.0,0.0
6874,2026-06-05T00:20:00+00:00,1.0,0.0
6875,2026-06-05T00:25:00+00:00,1.0,0.0
6876,2026-06-05T00:30:00+00:00,1.0,0.0
6877,2026-06-05T00:35:00+00:00,1.0,0.0
6878,2026-06-05T00:40:00+00:00,1.0,0.0
6879,2026-06-05T00:45:00+00:00,1.0,0.0
6880,2026-06-05T00:50:00+00:00,1.0,0.0
6881,2026-06-05T00:55:00+00:00,1.0,0.0
6882,2026-06-05T01:00:00+00:00,1.0,0.0
6883,2026-06-05T01:05:00+00:00,1.0,0.0
6884,2026-06-05T01:10:00+00:00,1.0,0.0
6885,2026-06-05T01:15:00+00:00,1.0,0.0
6886,2026-06-05T01:20:00+00:00,1.0,0.0
6887,2026-06-05T01:25:00+00:00,1.0,0.0
6888,2026-06-05T01:30:00+00:00,1.0,0.0
6889,2026-06-05T01:35:00+00:00,1.0,0.0
6890,2026-06-05T01:40:00+00:00,1.0,0.0
6891,2026-06-05T01:45:00+00:00,1.0,0.0
6892,2026-06-05T01:50:00+00:00,1.0,0.0
6893,2026-06-05T01:55:00+00:00,1.0,0.0
6894,2026-06-05T02:00:00+00:00,1.0,0.0
6895,2026-06-05T02:05:00+00:00,1.0,0.0
6896,2026-06-05T02:10:00+00:00,1.0,0.0
6897,2026-06-05T02:15:00+00:00,1.0,0.0
6898,2026-06-05T02:20:00+00:00,1.0,0.0
6899,2026-06-05T02:25:00+00:00,1.0,0.0
6900,2026-06-05T02:30:00+00:00,1.0,0.0
6901,2026-06-05T02:35:00+00:00,1.0,0.0
6902,2026-06-05T02:40:00+00:00,1.0,0.0
6903,2026-06-05T02:45:00+00:00,1.0,0.0
6904,2026-06-05T02:50:00+00:00,1.0,0.0
6905,2026-06-05T02:55:00+00:00,1.0,0.0
6906,2026-06-05T03:00:00+00:00,1.0,0.0
6907,2026-06-05T03:05:00+00:00,1.0,0.0
6908,2026-06-05T03:10:00+00:00,1.0,0.0
6909,2026-06-05T03:15:00+00:00,1.0,0.0
6910,2026-06-05T03:20:00+00:00,1.0,0.0
6911,2026-06-05T03:25:00+00:00,1.0,0.0
6912,2026-06-05T03:30:00+00:00,1.0,0.0
6913,2026-06-05T03:35:00+00:00,1.0,0.0
6914,2026-06-05T03:40:00+00:00,1.0,0.0
6915,2026-06-05T03:45:00+00:00,1.0,0.0
6916,2026-06-05T03:50:00+00:00,1.0,0.0
6917,2026-06-05T03:55:00+00:00,1.0,0.0
6918,2026-06-05T04:00:00+00:00,1.0,0.0
6919,2026-06-05T04:05:00+00:00,1.0,0.0
6920,2026-06-05T04:10:00+00:00,1.0,0.0
6921,2026-06-05T04:15:00+00:00,1.0,0.0
6922,2026-06-05T04:20:00+00:00,1.0,0.0
6923,2026-06-05T04:25:00+00:00,1.0,0.0
6924,2026-06-05T04:30:00+00:00,1.0,0.0
6925,2026-06-05T04:35:00+00:00,1.0,0.0
6926,2026-06-05T04:40:00+00:00,1.0,0.0
6927,2026-06-05T04:45:00+00:00,1.0,0.0
6928,2026-06-05T04:50:00+00:00,1.0,0.0
6929,2026-06-05T04:55:00+00:00,1.0,0.0
6930,2026-06-05T05:00:00+00:00,1.0,0.0
6931,2026-06-05T05:05:00+00:00,1.0,0.0
6932,2026-06-05T05:10:00+00:00,1.0,0.0
6933,2026-06-05T05:15:00+00:00,1.0,0.0
6934,2026-06-05T05:20:00+00:00,1.0,0.0
6935,2026-06-05T05:25:00+00:00,1.0,0.0
6936,2026-06-05T05:30:00+00:00,1.0,0.0
6937,2026-06-05T05:35:00+00:00,1.0,0.0
6938,2026-06-05T05:40:00+00:00,1.0,0.0
6939,2026-06-05T05:45:00+00:00,1.0,0.0
6940,2026-06-05T05:50:00+00:00,1.0,0.0
6941,2026-06-05T05:55:00+00:00,1.0,0.0
6942,2026-06-05T06:00:00+00:00,1.0,0.0
6943,2026-06-05T06:05:00+00:00,1.0,0.0
6944,2026-06-05T06:10:00+00:00,1.0,0.0
6945,2026-06-05T06:15:00+00:00,1.0,0.0
6946,2026-06-05T06:20:00+00:00,1.0,0.0
6947,2026-06-05T06:25:00+00:00,1.0,0.0
6948,2026-06-05T06:30:00+00:00,1.0,0.0
6949,2026-06-05T06:35:00+00:00,1.0,0.0
6950,2026-06-05T06:40:00+00:00,1.0,0.0
6951,2026-06-05T06:45:00+00:00,1.0,0.0
6952,2026-06-05T06:50:00+00:00,1.0,0.0
6953,2026-06-05T06:55:00+00:00,1.0,0.0
6954,2026-06-05T07:00:00+00:00,1.0,0.0
6955,2026-06-05T07:05:00+00:00,1.0,0.0
6956,2026-06-05T07:10:00+00:00,1.0,0.0
6957,2026-06-05T07:15:00+00:00,1.0,0.0
6958,2026-06-05T07:20:00+00:00,1.0,0.0
6959,2026-06-05T07:25:00+00:00,1.0,0.0
6960,2026-06-05T07:30:00+00:00,1.0,0.0
6961,2026-06-05T07:35:00+00:00,1.0,0.0
6962,2026-06-05T07:40:00+00:00,1.0,0.0
6963,2026-06-05T07:45:00+00:00,1.0,0.0
6964,2026-06-05T07:50:00+00:00,1.0,0.0
6965,2026-06-05T07:55:00+00:00,1.0,0.0
6966,2026-06-05T08:00:00+00:00,1.0,0.0
6967,2026-06-05T08:05:00+00:00,1.0,0.0
6968,2026-06-05T08:10:00+00:00,1.0,0.0
6969,2026-06-05T08:15:00+00:00,1.0,0.0
6970,2026-06-05T08:20:00+00:00,1.0,0.0
6971,2026-06-05T08:25:00+00:00,1.0,0.0
6972,2026-06-05T08:30:00+00:00,1.0,0.0
6973,2026-06-05T08:35:00+00:00,1.0,0.0
6974,2026-06-05T08:40:00+00:00,1.0,0.0
6975,2026-06-05T08:45:00+00:00,1.0,0.0
6976,2026-06-05T08:50:00+00:00,1.0,0.0
6977,2026-06-05T08:55:00+00:00,1.0,0.0
6978,2026-06-05T09:00:00+00:00,1.0,0.0
6979,2026-06-05T09:05:00+00:00,1.0,0.0
6980,2026-06-05T09:10:00+00:00,1.0,0.0
6981,2026-06-05T09:15:00+00:00,1.0,0.0
6982,2026-06-05T09:20:00+00:00,1.0,0.0
6983,2026-06-05T09:25:00+00:00,1.0,0.0
6984,2026-06-05T09:30:00+00:00,1.0,0.0
6985,2026-06-05T09:35:00+00:00,1.0,0.0
6986,2026-06-05T09:40:00+00:00,1.0,0.0
6987,2026-06-05T09:45:00+00:00,1.0,0.0
6988,2026-06-05T09:50:00+00:00,1.0,0.0
6989,2026-06-05T09:55:00+00:00,1.0,0.0
6990,2026-06-05T10:00:00+00:00,1.0,0.0
6991,2026-06-05T10:05:00+00:00,1.0,0.0
6992,2026-06-05T10:10:00+00:00,1.0,0.0
6993,2026-06-05T10:15:00+00:00,1.0,0.0
6994,2026-06-05T10:20:00+00:00,1.0,0.0
6995,2026-06-05T10:25:00+00:00,1.0,0.0
6996,2026-06-05T10:30:00+00:00,1.0,0.0
6997,2026-06-05T10:35:00+00:00,1.0,0.0
6998,2026-06-05T10:40:00+00:00,1.0,0.0
6999,2026-06-05T10:45:00+00:00,1.0,0.0
7000,2026-06-05T10:50:00+00:00,1.0,0.0
7001,2026-06-05T10:55:00+00:00,1.0,0.0
7002,2026-06-05T11:00:00+00:00,1.0,0.0
7003,2026-06-05T11:05:00+00:00,1.0,0.0
7004,2026-06-05T11:10:00+00:00,1.0,0.0
7005,2026-06-05T11:15:00+00:00,1.0,0.0
7006,2026-06-05T11:20:00+00:00,1.0,0.0
7007,2026-06-05T11:25:00+00:00,1.0,0.0
7008,2026-06-05T11:30:00+00:00,1.0,0.0
7009,2026-06-05T11:35:00+00:00,1.0,0.0
7010,2026-06-05T11:40:00+00:00,1.0,0.0
7011,2026-06-05T11:45:00+00:00,1.0,0.0
7012,2026-06-05T11:50:00+00:00,0.0,1.0
7013,2026-06-05T11:55:00+00:00,0.0,1.0
7014,2026-06-05T12:00:00+00:00,0.0,1.0
7015,2026-06-05T12:05:00+00:00,0.0,1.0
7016,2026-06-05T12:10:00+00:00,0.0,1.0
7017,2026-06-05T12:15:00+00:00,0.0,1.0
7018,2026-06-05T12:20:00+00:00,0.0,1.0
7019,2026-06-05T12:25:00+00:00,0.0,1.0
7020,2026-06-05T12:30:00+00:00,0.0,1.0
7021,2026-06-05T12:35:00+00:00,0.0,1.0
7022,2026-06-05T12:40:00+00:00,0.0,1.0
7023,2026-06-05T12:45:00+00:00,0.0,1.0
7024,2026-06-05T12:50:00+00:00,0.0,1.0
7025,2026-06-05T12:55:00+00:00,0.0,1.0
7026,2026-06-05T13:00:00+00:00,0.0,1.0
7027,2026-06-05T13:05:00+00:00,0.0,1.0
7028,2026-06-05T13:10:00+00:00,0.0,1.0
7029,2026-06-05T13:15:00+00:00,0.0,1.0
7030,2026-06-05T13:20:00+00:00,0.0,1.0
7031,2026-06-05T13:25:00+00:00,0.0,1.0
7032,2026-06-05T13:30:00+00:00,0.0,1.0
7033,2026-06-05T13:35:00+00:00,0.0,1.0
7034,2026-06-05T13:40:00+00:00,0.0,1.0
7035,2026-06-05T13:45:00+00:00,0.0,1.0
7036,2026-06-05T13:50:00+00:00,0.0,1.0
7037,2026-06-05T13:55:00+00:00,0.0,1.0
7038,2026-06-05T14:00:00+00:00,0.0,1.0
7039,2026-06-05T14:05:00+00:00,0.0,1.0
7040,2026-06-05T14:10:00+00:00,0.0,1.0
7041,2026-06-05T14:15:00+00:00,0.0,1.0
7042,2026-06-05T14:20:00+00:00,0.0,1.0
7043,2026-06-05T14:25:00+00:00,0.0,1.0
7044,2026-06-05T14:30:00+00:00,0.0,1.0
7045,2026-06-05T14:35:00+00:00,0.0,1.0
7046,2026-06-05T14:40:00+00:00,0.0,1.0
7047,2026-06-05T14:45:00+00:00,0.0,1.0
7048,2026-06-05T14:50:00+00:00,0.0,1.0
7049,2026-06-05T14:55:00+00:00,0.0,1.0
7050,2026-06-05T15:00:00+00:00,0.0,1.0
7051,2026-06-05T15:05:00+00:00,0.0,1.0
7052,2026-06-05T15:10:00+00:00,0.0,1.0
7053,2026-06-05T15:15:00+00:00,0.0,1.0
7054,2026-06-05T15:20:00+00:00,0.0,1.0
7055,2026-06-05T15:25:00+00:00,0.0,1.0
7056,2026-06-05T15:30:00+00:00,0.0,1.0
7057,2026-06-05T15:35:00+00:00,0.0,1.0
7058,2026-06-05T15:40:00+00:00,0.0,1.0
7059,2026-06-05T15:45:00+00:00,0.0,1.0
7060,2026-06-05T15:50:00+00:00,0.0,1.0
7061,2026-06-05T15:55:00+00:00,0.0,1.0
7062,2026-06-05T16:00:00+00:00,0.0,1.0
7063,2026-06-05T16:05:00+00:00,0.0,1.0
7064,2026-06-05T16:10:00+00:00,0.0,1.0
7065,2026-06-05T16:15:00+00:00,0.0,1.0
7066,2026-06-05T16:20:00+00:00,0.0,1.0
7067,2026-06-05T16:25:00+00:00,0.0,1.0
7068,2026-06-05T16:30:00+00:00,0.0,1.0
7069,2026-06-05T16:35:00+00:00,0.0,1.0
7070,2026-06-05T16:40:00+00:00,0.0,1.0
7071,2026-06-05T16:45:00+00:00,0.0,1.0
7072,2026-06-05T16:50:00+00:00,0.0,1.0
7073,2026-06-05T16:55:00+00:00,0.0,1.0
7074,2026-06-05T17:00:00+00:00,0.0,1.0
7075,2026-06-05T17:05:00+00:00,0.0,1.0
7076,2026-06-05T17:10:00+00:00,0.0,1.0
7077,2026-06-05T17:15:00+00:00,0.0,1.0
7078,2026-06-05T17:20:00+00:00,0.0,1.0
7079,2026-06-05T17:25:00+00:00,0.0,1.0
7080,2026-06-05T17:30:00+00:00,0.0,1.0
7081,2026-06-05T17:35:00+00:00,0.0,1.0
7082,2026-06-05T17:40:00+00:00,0.0,1.0
7083,2026-06-05T17:45:00+00:00,0.0,1.0
7084,2026-06-05T17:50:00+00:00,0.0,1.0
7085,2026-06-05T17:55:00+00:00,0.0,1.0
7086,2026-06-05T18:00:00+00:00,0.0,1.0
7087,2026-06-05T18:05:00+00:00,0.0,1.0
7088,2026-06-05T18:10:00+00:00,0.0,1.0
7089,2026-06-05T18:15:00+00:00,0.0,1.0
7090,2026-06-05T18:20:00+00:00,0.0,1.0
7091,2026-06-05T18:25:00+00:00,0.0,1.0
7092,2026-06-05T18:30:00+00:00,0.0,1.0
7093,2026-06-05T18:35:00+00:00,0.0,1.0
7094,2026-06-05T18:40:00+00:00,0.0,1.0
7095,2026-06-05T18:45:00+00:00,0.0,1.0
7096,2026-06-05T18:50:00+00:00,0.0,1.0
7097,2026-06-05T18:55:00+00:00,0.0,1.0
7098,2026-06-05T19:00:00+00:00,0.0,1.0
7099,2026-06-05T19:05:00+00:00,0.0,1.0
7100,2026-06-05T19:10:00+00:00,0.0,1.0
7101,2026-06-05T19:15:00+00:00,0.0,1.0
7102,2026-06-05T19:20:00+00:00,0.0,1.0
7103,2026-06-05T19:25:00+00:00,0.0,1.0
7104,2026-06-05T19:30:00+00:00,0.0,1.0
7105,2026-06-05T19:35:00+00:00,0.0,1.0
7106,2026-06-05T19:40:00+00:00,0.0,1.0
7107,2026-06-05T19:45:00+00:00,0.0,1.0
7108,2026-06-05T19:50:00+00:00,0.0,1.0
7109,2026-06-05T19:55:00+00:00,0.0,1.0
7110,2026-06-05T20:00:00+00:00,0.0,1.0
7111,2026-06-05T20:05:00+00:00,0.0,1.0
7112,2026-06-05T20:10:00+00:00,0.0,1.0
7113,2026-06-05T20:15:00+00:00,0.0,1.0
7114,2026-06-05T20:20:00+00:00,0.0,1.0
7115,2026-06-05T20:25:00+00:00,0.0,1.0
7116,2026-06-05T20:30:00+00:00,0.0,1.0
7117,2026-06-05T20:35:00+00:00,0.0,1.0
7118,2026-06-05T20:40:00+00:00,0.0,1.0
7119,2026-06-05T20:45:00+00:00,0.0,1.0
7120,2026-06-05T20:50:00+00:00,0.0,1.0
7121,2026-06-05T20:55:00+00:00,0.0,1.0
7122,2026-06-07T22:00:00+00:00,0.0,1.0
7123,2026-06-07T22:05:00+00:00,0.0,1.0
7124,2026-06-07T22:10:00+00:00,0.0,1.0
7125,2026-06-07T22:15:00+00:00,0.0,1.0
7126,2026-06-07T22:20:00+00:00,0.0,1.0
7127,2026-06-07T22:25:00+00:00,0.0,1.0
7128,2026-06-07T22:30:00+00:00,0.0,1.0
7129,2026-06-07T22:35:00+00:00,0.0,1.0
7130,2026-06-07T22:40:00+00:00,0.0,1.0
7131,2026-06-07T22:45:00+00:00,0.0,1.0
7132,2026-06-07T22:50:00+00:00,0.0,1.0
7133,2026-06-07T22:55:00+00:00,0.0,1.0
7134,2026-06-07T23:00:00+00:00,0.0,1.0
7135,2026-06-07T23:05:00+00:00,0.0,1.0
7136,2026-06-07T23:10:00+00:00,0.0,1.0
7137,2026-06-07T23:15:00+00:00,0.0,1.0
7138,2026-06-07T23:20:00+00:00,0.0,1.0
7139,2026-06-07T23:25:00+00:00,0.0,1.0
7140,2026-06-07T23:30:00+00:00,0.0,1.0
7141,2026-06-07T23:35:00+00:00,0.0,1.0
7142,2026-06-07T23:40:00+00:00,0.0,1.0
7143,2026-06-07T23:45:00+00:00,0.0,1.0
7144,2026-06-07T23:50:00+00:00,0.0,1.0
7145,2026-06-07T23:55:00+00:00,0.0,1.0
7146,2026-06-08T00:00:00+00:00,0.0,1.0
7147,2026-06-08T00:05:00+00:00,0.0,1.0
7148,2026-06-08T00:10:00+00:00,0.0,1.0
7149,2026-06-08T00:15:00+00:00,0.0,1.0
7150,2026-06-08T00:20:00+00:00,0.0,1.0
7151,2026-06-08T00:25:00+00:00,0.0,1.0
7152,2026-06-08T00:30:00+00:00,0.0,1.0
7153,2026-06-08T00:35:00+00:00,0.0,1.0
7154,2026-06-08T00:40:00+00:00,0.0,1.0
7155,2026-06-08T00:45:00+00:00,0.0,1.0
7156,2026-06-08T00:50:00+00:00,0.0,1.0
7157,2026-06-08T00:55:00+00:00,0.0,1.0
7158,2026-06-08T01:00:00+00:00,0.0,1.0
7159,2026-06-08T01:05:00+00:00,0.0,1.0
7160,2026-06-08T01:10:00+00:00,0.0,1.0
7161,2026-06-08T01:15:00+00:00,0.0,1.0
7162,2026-06-08T01:20:00+00:00,0.0,1.0
7163,2026-06-08T01:25:00+00:00,0.0,1.0
7164,2026-06-08T01:30:00+00:00,0.0,1.0
7165,2026-06-08T01:35:00+00:00,0.0,1.0
7166,2026-06-08T01:40:00+00:00,0.0,1.0
7167,2026-06-08T01:45:00+00:00,0.0,1.0
7168,2026-06-08T01:50:00+00:00,0.0,1.0
7169,2026-06-08T01:55:00+00:00,0.0,1.0
7170,2026-06-08T02:00:00+00:00,0.0,1.0
7171,2026-06-08T02:05:00+00:00,0.0,1.0
7172,2026-06-08T02:10:00+00:00,0.0,1.0
7173,2026-06-08T02:15:00+00:00,0.0,1.0
7174,2026-06-08T02:20:00+00:00,0.0,1.0
7175,2026-06-08T02:25:00+00:00,0.0,1.0
7176,2026-06-08T02:30:00+00:00,0.0,1.0
7177,2026-06-08T02:35:00+00:00,0.0,1.0
7178,2026-06-08T02:40:00+00:00,0.0,1.0
7179,2026-06-08T02:45:00+00:00,0.0,1.0
7180,2026-06-08T02:50:00+00:00,0.0,1.0
7181,2026-06-08T02:55:00+00:00,0.0,1.0
7182,2026-06-08T03:00:00+00:00,0.0,1.0
7183,2026-06-08T03:05:00+00:00,0.0,1.0
7184,2026-06-08T03:10:00+00:00,0.0,1.0
7185,2026-06-08T03:15:00+00:00,0.0,1.0
7186,2026-06-08T03:20:00+00:00,0.0,1.0
7187,2026-06-08T03:25:00+00:00,0.0,1.0
7188,2026-06-08T03:30:00+00:00,0.0,1.0
7189,2026-06-08T03:35:00+00:00,0.0,1.0
7190,2026-06-08T03:40:00+00:00,0.0,1.0
7191,2026-06-08T03:45:00+00:00,0.0,1.0
7192,2026-06-08T03:50:00+00:00,0.0,1.0
7193,2026-06-08T03:55:00+00:00,0.0,1.0
7194,2026-06-08T04:00:00+00:00,0.0,1.0
7195,2026-06-08T04:05:00+00:00,0.0,1.0
7196,2026-06-08T04:10:00+00:00,0.0,1.0
7197,2026-06-08T04:15:00+00:00,0.0,1.0
7198,2026-06-08T04:20:00+00:00,0.0,1.0
7199,2026-06-08T04:25:00+00:00,0.0,1.0
7200,2026-06-08T04:30:00+00:00,0.0,1.0
7201,2026-06-08T04:35:00+00:00,0.0,1.0
7202,2026-06-08T04:40:00+00:00,0.0,1.0
7203,2026-06-08T04:45:00+00:00,0.0,1.0
7204,2026-06-08T04:50:00+00:00,0.0,1.0
7205,2026-06-08T04:55:00+00:00,0.0,1.0
7206,2026-06-08T05:00:00+00:00,0.0,1.0
7207,2026-06-08T05:05:00+00:00,0.0,1.0
7208,2026-06-08T05:10:00+00:00,0.0,1.0
7209,2026-06-08T05:15:00+00:00,0.0,1.0
7210,2026-06-08T05:20:00+00:00,0.0,1.0
7211,2026-06-08T05:25:00+00:00,0.0,1.0
7212,2026-06-08T05:30:00+00:00,0.0,1.0
7213,2026-06-08T05:35:00+00:00,0.0,1.0
7214,2026-06-08T05:40:00+00:00,0.0,1.0
7215,2026-06-08T05:45:00+00:00,0.0,1.0
7216,2026-06-08T05:50:00+00:00,0.0,1.0
7217,2026-06-08T05:55:00+00:00,0.0,1.0
7218,2026-06-08T06:00:00+00:00,0.0,1.0
7219,2026-06-08T06:05:00+00:00,0.0,1.0
7220,2026-06-08T06:10:00+00:00,0.0,1.0
7221,2026-06-08T06:15:00+00:00,0.0,1.0
7222,2026-06-08T06:20:00+00:00,0.0,1.0
7223,2026-06-08T06:25:00+00:00,0.0,1.0
7224,2026-06-08T06:30:00+00:00,0.0,1.0
7225,2026-06-08T06:35:00+00:00,0.0,1.0
7226,2026-06-08T06:40:00+00:00,0.0,1.0
7227,2026-06-08T06:45:00+00:00,0.0,1.0
7228,2026-06-08T06:50:00+00:00,0.0,1.0
7229,2026-06-08T06:55:00+00:00,0.0,1.0
7230,2026-06-08T07:00:00+00:00,0.0,1.0
7231,2026-06-08T07:05:00+00:00,0.0,1.0
7232,2026-06-08T07:10:00+00:00,0.0,1.0
7233,2026-06-08T07:15:00+00:00,0.0,1.0
7234,2026-06-08T07:20:00+00:00,0.0,1.0
7235,2026-06-08T07:25:00+00:00,0.0,1.0
7236,2026-06-08T07:30:00+00:00,0.0,1.0
7237,2026-06-08T07:35:00+00:00,0.0,1.0
7238,2026-06-08T07:40:00+00:00,0.0,1.0
7239,2026-06-08T07:45:00+00:00,0.0,1.0
7240,2026-06-08T07:50:00+00:00,0.0,1.0
7241,2026-06-08T07:55:00+00:00,0.0,1.0
7242,2026-06-08T08:00:00+00:00,0.0,1.0
7243,2026-06-08T08:05:00+00:00,0.0,1.0
7244,2026-06-08T08:10:00+00:00,0.0,1.0
7245,2026-06-08T08:15:00+00:00,0.0,1.0
7246,2026-06-08T08:20:00+00:00,0.0,1.0
7247,2026-06-08T08:25:00+00:00,0.0,1.0
7248,2026-06-08T08:30:00+00:00,0.0,1.0
7249,2026-06-08T08:35:00+00:00,0.0,1.0
7250,2026-06-08T08:40:00+00:00,0.0,1.0
7251,2026-06-08T08:45:00+00:00,0.0,1.0
7252,2026-06-08T08:50:00+00:00,0.0,1.0
7253,2026-06-08T08:55:00+00:00,0.0,1.0
7254,2026-06-08T09:00:00+00:00,0.0,1.0
7255,2026-06-08T09:05:00+00:00,0.0,1.0
7256,2026-06-08T09:10:00+00:00,0.0,1.0
7257,2026-06-08T09:15:00+00:00,0.0,1.0
7258,2026-06-08T09:20:00+00:00,0.0,1.0
7259,2026-06-08T09:25:00+00:00,0.0,1.0
7260,2026-06-08T09:30:00+00:00,0.0,1.0
7261,2026-06-08T09:35:00+00:00,0.0,1.0
7262,2026-06-08T09:40:00+00:00,0.0,1.0
7263,2026-06-08T09:45:00+00:00,0.0,1.0
7264,2026-06-08T09:50:00+00:00,0.0,1.0
7265,2026-06-08T09:55:00+00:00,0.0,1.0
7266,2026-06-08T10:00:00+00:00,0.0,1.0
7267,2026-06-08T10:05:00+00:00,0.0,1.0
7268,2026-06-08T10:10:00+00:00,0.0,1.0
7269,2026-06-08T10:15:00+00:00,0.0,1.0
7270,2026-06-08T10:20:00+00:00,0.0,1.0
7271,2026-06-08T10:25:00+00:00,0.0,1.0
7272,2026-06-08T10:30:00+00:00,0.0,1.0
7273,2026-06-08T10:35:00+00:00,0.0,1.0
7274,2026-06-08T10:40:00+00:00,0.0,1.0
7275,2026-06-08T10:45:00+00:00,0.0,1.0
7276,2026-06-08T10:50:00+00:00,0.0,1.0
7277,2026-06-08T10:55:00+00:00,0.0,1.0
7278,2026-06-08T11:00:00+00:00,0.0,1.0
7279,2026-06-08T11:05:00+00:00,0.0,1.0
7280,2026-06-08T11:10:00+00:00,0.0,1.0
7281,2026-06-08T11:15:00+00:00,0.0,1.0
7282,2026-06-08T11:20:00+00:00,0.0,1.0
7283,2026-06-08T11:25:00+00:00,0.0,1.0
7284,2026-06-08T11:30:00+00:00,0.0,1.0
7285,2026-06-08T11:35:00+00:00,0.0,1.0
7286,2026-06-08T11:40:00+00:00,0.0,1.0
7287,2026-06-08T11:45:00+00:00,0.0,1.0
7288,2026-06-08T11:50:00+00:00,0.0,1.0
7289,2026-06-08T11:55:00+00:00,0.0,1.0
7290,2026-06-08T12:00:00+00:00,0.0,1.0
7291,2026-06-08T12:05:00+00:00,0.0,1.0
7292,2026-06-08T12:10:00+00:00,0.0,1.0
7293,2026-06-08T12:15:00+00:00,0.0,1.0
7294,2026-06-08T12:20:00+00:00,0.0,1.0
7295,2026-06-08T12:25:00+00:00,0.0,1.0
7296,2026-06-08T12:30:00+00:00,0.0,1.0
7297,2026-06-08T12:35:00+00:00,0.0,1.0
7298,2026-06-08T12:40:00+00:00,0.0,1.0
7299,2026-06-08T12:45:00+00:00,0.0,1.0
7300,2026-06-08T12:50:00+00:00,0.0,1.0
7301,2026-06-08T12:55:00+00:00,0.0,1.0
7302,2026-06-08T13:00:00+00:00,0.0,1.0
7303,2026-06-08T13:05:00+00:00,0.0,1.0
7304,2026-06-08T13:10:00+00:00,0.0,1.0
7305,2026-06-08T13:15:00+00:00,0.0,1.0
7306,2026-06-08T13:20:00+00:00,0.0,1.0
7307,2026-06-08T13:25:00+00:00,0.0,1.0
7308,2026-06-08T13:30:00+00:00,0.0,1.0
7309,2026-06-08T13:35:00+00:00,0.0,1.0
7310,2026-06-08T13:40:00+00:00,0.0,1.0
7311,2026-06-08T13:45:00+00:00,0.0,1.0
7312,2026-06-08T13:50:00+00:00,0.0,1.0
7313,2026-06-08T13:55:00+00:00,0.0,1.0
7314,2026-06-08T14:00:00+00:00,0.0,1.0
7315,2026-06-08T14:05:00+00:00,0.0,1.0
7316,2026-06-08T14:10:00+00:00,0.0,1.0
7317,2026-06-08T14:15:00+00:00,0.0,1.0
7318,2026-06-08T14:20:00+00:00,0.0,1.0
7319,2026-06-08T14:25:00+00:00,0.0,1.0
7320,2026-06-08T14:30:00+00:00,0.0,1.0
7321,2026-06-08T14:35:00+00:00,0.0,1.0
7322,2026-06-08T14:40:00+00:00,0.0,1.0
7323,2026-06-08T14:45:00+00:00,0.0,1.0
7324,2026-06-08T14:50:00+00:00,0.0,1.0
7325,2026-06-08T14:55:00+00:00,0.0,1.0
7326,2026-06-08T15:00:00+00:00,0.0,1.0
7327,2026-06-08T15:05:00+00:00,0.0,1.0
7328,2026-06-08T15:10:00+00:00,0.0,1.0
7329,2026-06-08T15:15:00+00:00,0.0,1.0
7330,2026-06-08T15:20:00+00:00,0.0,1.0
7331,2026-06-08T15:25:00+00:00,0.0,1.0
7332,2026-06-08T15:30:00+00:00,0.0,1.0
7333,2026-06-08T15:35:00+00:00,0.0,1.0
7334,2026-06-08T15:40:00+00:00,0.0,1.0
7335,2026-06-08T15:45:00+00:00,0.0,1.0
7336,2026-06-08T15:50:00+00:00,0.0,1.0
7337,2026-06-08T15:55:00+00:00,0.0,1.0
7338,2026-06-08T16:00:00+00:00,0.0,1.0
7339,2026-06-08T16:05:00+00:00,0.0,1.0
7340,2026-06-08T16:10:00+00:00,0.0,1.0
7341,2026-06-08T16:15:00+00:00,0.0,1.0
7342,2026-06-08T16:20:00+00:00,0.0,1.0
7343,2026-06-08T16:25:00+00:00,0.0,1.0
7344,2026-06-08T16:30:00+00:00,0.0,1.0
7345,2026-06-08T16:35:00+00:00,0.0,1.0
7346,2026-06-08T16:40:00+00:00,0.0,1.0
7347,2026-06-08T16:45:00+00:00,0.0,1.0
7348,2026-06-08T16:50:00+00:00,0.0,1.0
7349,2026-06-08T16:55:00+00:00,0.0,1.0
7350,2026-06-08T17:00:00+00:00,0.0,1.0
7351,2026-06-08T17:05:00+00:00,0.0,1.0
7352,2026-06-08T17:10:00+00:00,0.0,1.0
7353,2026-06-08T17:15:00+00:00,0.0,1.0
7354,2026-06-08T17:20:00+00:00,0.0,1.0
7355,2026-06-08T17:25:00+00:00,0.0,1.0
7356,2026-06-08T17:30:00+00:00,0.0,1.0
7357,2026-06-08T17:35:00+00:00,0.0,1.0
7358,2026-06-08T17:40:00+00:00,0.0,1.0
7359,2026-06-08T17:45:00+00:00,0.0,1.0
7360,2026-06-08T17:50:00+00:00,0.0,1.0
7361,2026-06-08T17:55:00+00:00,0.0,1.0
7362,2026-06-08T18:00:00+00:00,0.0,1.0
7363,2026-06-08T18:05:00+00:00,0.0,1.0
7364,2026-06-08T18:10:00+00:00,0.0,1.0
7365,2026-06-08T18:15:00+00:00,0.0,1.0
7366,2026-06-08T18:20:00+00:00,0.0,1.0
7367,2026-06-08T18:25:00+00:00,0.0,1.0
7368,2026-06-08T18:30:00+00:00,0.0,1.0
7369,2026-06-08T18:35:00+00:00,0.0,1.0
7370,2026-06-08T18:40:00+00:00,0.0,1.0
7371,2026-06-08T18:45:00+00:00,0.0,1.0
7372,2026-06-08T18:50:00+00:00,0.0,1.0
7373,2026-06-08T18:55:00+00:00,0.0,1.0
7374,2026-06-08T19:00:00+00:00,0.0,1.0
7375,2026-06-08T19:05:00+00:00,0.0,1.0
7376,2026-06-08T19:10:00+00:00,0.0,1.0
7377,2026-06-08T19:15:00+00:00,0.0,1.0
7378,2026-06-08T19:20:00+00:00,0.0,1.0
7379,2026-06-08T19:25:00+00:00,0.0,1.0
7380,2026-06-08T19:30:00+00:00,0.0,1.0
7381,2026-06-08T19:35:00+00:00,0.0,1.0
7382,2026-06-08T19:40:00+00:00,0.0,1.0
7383,2026-06-08T19:45:00+00:00,0.0,1.0
7384,2026-06-08T19:50:00+00:00,0.0,1.0
7385,2026-06-08T19:55:00+00:00,0.0,1.0
7386,2026-06-08T20:00:00+00:00,0.0,1.0
7387,2026-06-08T20:05:00+00:00,0.0,1.0
7388,2026-06-08T20:10:00+00:00,0.0,1.0
7389,2026-06-08T20:15:00+00:00,0.0,1.0
7390,2026-06-08T20:20:00+00:00,0.0,1.0
7391,2026-06-08T20:25:00+00:00,0.0,1.0
7392,2026-06-08T20:30:00+00:00,0.0,1.0
7393,2026-06-08T20:35:00+00:00,0.0,1.0
7394,2026-06-08T20:40:00+00:00,0.0,1.0
7395,2026-06-08T20:45:00+00:00,0.0,1.0
7396,2026-06-08T20:50:00+00:00,0.0,1.0
7397,2026-06-08T20:55:00+00:00,0.0,1.0
7398,2026-06-08T22:00:00+00:00,0.0,1.0
7399,2026-06-08T22:05:00+00:00,0.0,1.0
7400,2026-06-08T22:10:00+00:00,0.0,1.0
7401,2026-06-08T22:15:00+00:00,0.0,1.0
7402,2026-06-08T22:20:00+00:00,0.0,1.0
7403,2026-06-08T22:25:00+00:00,0.0,1.0
7404,2026-06-08T22:30:00+00:00,0.0,1.0
7405,2026-06-08T22:35:00+00:00,0.0,1.0
7406,2026-06-08T22:40:00+00:00,0.0,1.0
7407,2026-06-08T22:45:00+00:00,0.0,1.0
7408,2026-06-08T22:50:00+00:00,0.0,1.0
7409,2026-06-08T22:55:00+00:00,0.0,1.0
7410,2026-06-08T23:00:00+00:00,0.0,1.0
7411,2026-06-08T23:05:00+00:00,0.0,1.0
7412,2026-06-08T23:10:00+00:00,0.0,1.0
7413,2026-06-08T23:15:00+00:00,0.0,1.0
7414,2026-06-08T23:20:00+00:00,0.0,1.0
7415,2026-06-08T23:25:00+00:00,0.0,1.0
7416,2026-06-08T23:30:00+00:00,0.0,1.0
7417,2026-06-08T23:35:00+00:00,0.0,1.0
7418,2026-06-08T23:40:00+00:00,0.0,1.0
7419,2026-06-08T23:45:00+00:00,-1.0,2.0
7420,2026-06-08T23:50:00+00:00,-1.0,2.0
7421,2026-06-08T23:55:00+00:00,-1.0,2.0
7422,2026-06-09T00:00:00+00:00,-1.0,2.0
7423,2026-06-09T00:05:00+00:00,-1.0,2.0
7424,2026-06-09T00:10:00+00:00,-1.0,2.0
7425,2026-06-09T00:15:00+00:00,-1.0,2.0
7426,2026-06-09T00:20:00+00:00,-1.0,2.0
7427,2026-06-09T00:25:00+00:00,-1.0,2.0
7428,2026-06-09T00:30:00+00:00,-1.0,2.0
7429,2026-06-09T00:35:00+00:00,-1.0,2.0
7430,2026-06-09T00:40:00+00:00,-1.0,2.0
7431,2026-06-09T00:45:00+00:00,-1.0,2.0
7432,2026-06-09T00:50:00+00:00,-1.0,2.0
7433,2026-06-09T00:55:00+00:00,-1.0,2.0
7434,2026-06-09T01:00:00+00:00,-1.0,2.0
7435,2026-06-09T01:05:00+00:00,-1.0,2.0
7436,2026-06-09T01:10:00+00:00,-1.0,2.0
7437,2026-06-09T01:15:00+00:00,-1.0,2.0
7438,2026-06-09T01:20:00+00:00,-1.0,2.0
7439,2026-06-09T01:25:00+00:00,-1.0,2.0
7440,2026-06-09T01:30:00+00:00,-1.0,2.0
7441,2026-06-09T01:35:00+00:00,-1.0,2.0
7442,2026-06-09T01:40:00+00:00,-1.0,2.0
7443,2026-06-09T01:45:00+00:00,-1.0,2.0
7444,2026-06-09T01:50:00+00:00,-1.0,2.0
7445,2026-06-09T01:55:00+00:00,-1.0,2.0
7446,2026-06-09T02:00:00+00:00,-1.0,2.0
7447,2026-06-09T02:05:00+00:00,-1.0,2.0
7448,2026-06-09T02:10:00+00:00,-1.0,2.0
7449,2026-06-09T02:15:00+00:00,-1.0,2.0
7450,2026-06-09T02:20:00+00:00,-1.0,2.0
7451,2026-06-09T02:25:00+00:00,-1.0,2.0
7452,2026-06-09T02:30:00+00:00,-1.0,2.0
7453,2026-06-09T02:35:00+00:00,-1.0,2.0
7454,2026-06-09T02:40:00+00:00,-1.0,2.0
7455,2026-06-09T02:45:00+00:00,-1.0,2.0
7456,2026-06-09T02:50:00+00:00,-1.0,2.0
7457,2026-06-09T02:55:00+00:00,-1.0,2.0
7458,2026-06-09T03:00:00+00:00,-1.0,2.0
7459,2026-06-09T03:05:00+00:00,-1.0,2.0
7460,2026-06-09T03:10:00+00:00,-1.0,2.0
7461,2026-06-09T03:15:00+00:00,-1.0,2.0
7462,2026-06-09T03:20:00+00:00,-1.0,2.0
7463,2026-06-09T03:25:00+00:00,-1.0,2.0
7464,2026-06-09T03:30:00+00:00,-1.0,2.0
7465,2026-06-09T03:35:00+00:00,-1.0,2.0
7466,2026-06-09T03:40:00+00:00,-1.0,2.0
7467,2026-06-09T03:45:00+00:00,-1.0,2.0
7468,2026-06-09T03:50:00+00:00,-1.0,2.0
7469,2026-06-09T03:55:00+00:00,-1.0,2.0
7470,2026-06-09T04:00:00+00:00,-1.0,2.0
7471,2026-06-09T04:05:00+00:00,-1.0,2.0
7472,2026-06-09T04:10:00+00:00,-1.0,2.0
7473,2026-06-09T04:15:00+00:00,-1.0,2.0
7474,2026-06-09T04:20:00+00:00,-1.0,2.0
7475,2026-06-09T04:25:00+00:00,-1.0,2.0
7476,2026-06-09T04:30:00+00:00,-1.0,2.0
7477,2026-06-09T04:35:00+00:00,-1.0,2.0
7478,2026-06-09T04:40:00+00:00,-1.0,2.0
7479,2026-06-09T04:45:00+00:00,-1.0,2.0
7480,2026-06-09T04:50:00+00:00,-1.0,2.0
7481,2026-06-09T04:55:00+00:00,-1.0,2.0
7482,2026-06-09T05:00:00+00:00,-1.0,2.0
7483,2026-06-09T05:05:00+00:00,-1.0,2.0
7484,2026-06-09T05:10:00+00:00,-1.0,2.0
7485,2026-06-09T05:15:00+00:00,-1.0,2.0
7486,2026-06-09T05:20:00+00:00,-1.0,2.0
7487,2026-06-09T05:25:00+00:00,-1.0,2.0
7488,2026-06-09T05:30:00+00:00,-1.0,2.0
7489,2026-06-09T05:35:00+00:00,-1.0,2.0
7490,2026-06-09T05:40:00+00:00,-1.0,2.0
7491,2026-06-09T05:45:00+00:00,-1.0,2.0
7492,2026-06-09T05:50:00+00:00,-1.0,2.0
7493,2026-06-09T05:55:00+00:00,-1.0,2.0
7494,2026-06-09T06:00:00+00:00,-1.0,2.0
7495,2026-06-09T06:05:00+00:00,-1.0,2.0
7496,2026-06-09T06:10:00+00:00,-1.0,2.0
7497,2026-06-09T06:15:00+00:00,-1.0,2.0
7498,2026-06-09T06:20:00+00:00,-1.0,2.0
7499,2026-06-09T06:25:00+00:00,-1.0,2.0
7500,2026-06-09T06:30:00+00:00,-1.0,2.0
7501,2026-06-09T06:35:00+00:00,-1.0,2.0
7502,2026-06-09T06:40:00+00:00,-1.0,2.0
7503,2026-06-09T06:45:00+00:00,-1.0,2.0
7504,2026-06-09T06:50:00+00:00,-1.0,2.0
7505,2026-06-09T06:55:00+00:00,-1.0,2.0
7506,2026-06-09T07:00:00+00:00,-1.0,2.0
7507,2026-06-09T07:05:00+00:00,-1.0,2.0
7508,2026-06-09T07:10:00+00:00,-1.0,2.0
7509,2026-06-09T07:15:00+00:00,-1.0,2.0
7510,2026-06-09T07:20:00+00:00,-1.0,2.0
7511,2026-06-09T07:25:00+00:00,-1.0,2.0
7512,2026-06-09T07:30:00+00:00,-1.0,2.0
7513,2026-06-09T07:35:00+00:00,-1.0,2.0
7514,2026-06-09T07:40:00+00:00,-1.0,2.0
7515,2026-06-09T07:45:00+00:00,-1.0,2.0
7516,2026-06-09T07:50:00+00:00,-1.0,2.0
7517,2026-06-09T07:55:00+00:00,-1.0,2.0
7518,2026-06-09T08:00:00+00:00,-1.0,2.0
7519,2026-06-09T08:05:00+00:00,-1.0,2.0
7520,2026-06-09T08:10:00+00:00,-1.0,2.0
7521,2026-06-09T08:15:00+00:00,-1.0,2.0
7522,2026-06-09T08:20:00+00:00,-1.0,2.0
7523,2026-06-09T08:25:00+00:00,-1.0,2.0
7524,2026-06-09T08:30:00+00:00,-1.0,2.0
7525,2026-06-09T08:35:00+00:00,-1.0,2.0
7526,2026-06-09T08:40:00+00:00,-1.0,2.0
7527,2026-06-09T08:45:00+00:00,-1.0,2.0
7528,2026-06-09T08:50:00+00:00,-1.0,2.0
7529,2026-06-09T08:55:00+00:00,-1.0,2.0
7530,2026-06-09T09:00:00+00:00,-1.0,2.0
7531,2026-06-09T09:05:00+00:00,-1.0,2.0
7532,2026-06-09T09:10:00+00:00,-1.0,2.0
7533,2026-06-09T09:15:00+00:00,-1.0,2.0
7534,2026-06-09T09:20:00+00:00,-1.0,2.0
7535,2026-06-09T09:25:00+00:00,-1.0,2.0
7536,2026-06-09T09:30:00+00:00,-1.0,2.0
7537,2026-06-09T09:35:00+00:00,-1.0,2.0
7538,2026-06-09T09:40:00+00:00,-1.0,2.0
7539,2026-06-09T09:45:00+00:00,-1.0,2.0
7540,2026-06-09T09:50:00+00:00,-1.0,2.0
7541,2026-06-09T09:55:00+00:00,-1.0,2.0
7542,2026-06-09T10:00:00+00:00,-1.0,2.0
7543,2026-06-09T10:05:00+00:00,-1.0,2.0
7544,2026-06-09T10:10:00+00:00,-1.0,2.0
7545,2026-06-09T10:15:00+00:00,-1.0,2.0
7546,2026-06-09T10:20:00+00:00,-1.0,2.0
7547,2026-06-09T10:25:00+00:00,-1.0,2.0
7548,2026-06-09T10:30:00+00:00,-1.0,2.0
7549,2026-06-09T10:35:00+00:00,-1.0,2.0
7550,2026-06-09T10:40:00+00:00,-1.0,2.0
7551,2026-06-09T10:45:00+00:00,-1.0,2.0
7552,2026-06-09T10:50:00+00:00,-1.0,2.0
7553,2026-06-09T10:55:00+00:00,-1.0,2.0
7554,2026-06-09T11:00:00+00:00,-1.0,2.0
7555,2026-06-09T11:05:00+00:00,-1.0,2.0
7556,2026-06-09T11:10:00+00:00,-1.0,2.0
7557,2026-06-09T11:15:00+00:00,-1.0,2.0
7558,2026-06-09T11:20:00+00:00,-1.0,2.0
7559,2026-06-09T11:25:00+00:00,-1.0,2.0
7560,2026-06-09T11:30:00+00:00,-1.0,2.0
7561,2026-06-09T11:35:00+00:00,-1.0,2.0
7562,2026-06-09T11:40:00+00:00,-1.0,2.0
7563,2026-06-09T11:45:00+00:00,-1.0,2.0
7564,2026-06-09T11:50:00+00:00,-1.0,2.0
7565,2026-06-09T11:55:00+00:00,-1.0,2.0
7566,2026-06-09T12:00:00+00:00,-1.0,2.0
7567,2026-06-09T12:05:00+00:00,-1.0,2.0
7568,2026-06-09T12:10:00+00:00,-1.0,2.0
7569,2026-06-09T12:15:00+00:00,-1.0,2.0
7570,2026-06-09T12:20:00+00:00,-1.0,2.0
7571,2026-06-09T12:25:00+00:00,-1.0,2.0
7572,2026-06-09T12:30:00+00:00,-1.0,2.0
7573,2026-06-09T12:35:00+00:00,-1.0,2.0
7574,2026-06-09T12:40:00+00:00,-1.0,2.0
7575,2026-06-09T12:45:00+00:00,-1.0,2.0
7576,2026-06-09T12:50:00+00:00,-1.0,2.0
7577,2026-06-09T12:55:00+00:00,-1.0,2.0
7578,2026-06-09T13:00:00+00:00,-1.0,2.0
7579,2026-06-09T13:05:00+00:00,-1.0,2.0
7580,2026-06-09T13:10:00+00:00,-1.0,2.0
7581,2026-06-09T13:15:00+00:00,-1.0,2.0
7582,2026-06-09T13:20:00+00:00,-1.0,2.0
7583,2026-06-09T13:25:00+00:00,-1.0,2.0
7584,2026-06-09T13:30:00+00:00,-1.0,2.0
7585,2026-06-09T13:35:00+00:00,-1.0,2.0
7586,2026-06-09T13:40:00+00:00,-1.0,2.0
7587,2026-06-09T13:45:00+00:00,-1.0,2.0
7588,2026-06-09T13:50:00+00:00,-1.0,2.0
7589,2026-06-09T13:55:00+00:00,-1.0,2.0
7590,2026-06-09T14:00:00+00:00,-1.0,2.0
7591,2026-06-09T14:05:00+00:00,-1.0,2.0
7592,2026-06-09T14:10:00+00:00,-1.0,2.0
7593,2026-06-09T14:15:00+00:00,-1.0,2.0
7594,2026-06-09T14:20:00+00:00,-1.0,2.0
7595,2026-06-09T14:25:00+00:00,-1.0,2.0
7596,2026-06-09T14:30:00+00:00,-1.0,2.0
7597,2026-06-09T14:35:00+00:00,-1.0,2.0
7598,2026-06-09T14:40:00+00:00,-1.0,2.0
7599,2026-06-09T14:45:00+00:00,-1.0,2.0
7600,2026-06-09T14:50:00+00:00,-1.0,2.0
7601,2026-06-09T14:55:00+00:00,-1.0,2.0
7602,2026-06-09T15:00:00+00:00,-1.0,2.0
7603,2026-06-09T15:05:00+00:00,-1.0,2.0
7604,2026-06-09T15:10:00+00:00,-1.0,2.0
7605,2026-06-09T15:15:00+00:00,-1.0,2.0
7606,2026-06-09T15:20:00+00:00,-1.0,2.0
7607,2026-06-09T15:25:00+00:00,-1.0,2.0
7608,2026-06-09T15:30:00+00:00,-1.0,2.0
7609,2026-06-09T15:35:00+00:00,-1.0,2.0
7610,2026-06-09T15:40:00+00:00,-1.0,2.0
7611,2026-06-09T15:45:00+00:00,-1.0,2.0
7612,2026-06-09T15:50:00+00:00,-1.0,2.0
7613,2026-06-09T15:55:00+00:00,-1.0,2.0
7614,2026-06-09T16:00:00+00:00,-1.0,2.0
7615,2026-06-09T16:05:00+00:00,-1.0,2.0
7616,2026-06-09T16:10:00+00:00,-1.0,2.0
7617,2026-06-09T16:15:00+00:00,-1.0,2.0
7618,2026-06-09T16:20:00+00:00,-1.0,2.0
7619,2026-06-09T16:25:00+00:00,-1.0,2.0
7620,2026-06-09T16:30:00+00:00,-1.0,2.0
7621,2026-06-09T16:35:00+00:00,-1.0,2.0
7622,2026-06-09T16:40:00+00:00,-1.0,2.0
7623,2026-06-09T16:45:00+00:00,-1.0,2.0
7624,2026-06-09T16:50:00+00:00,-1.0,2.0
7625,2026-06-09T16:55:00+00:00,-1.0,2.0
7626,2026-06-09T17:00:00+00:00,-1.0,2.0
7627,2026-06-09T17:05:00+00:00,-1.0,2.0
7628,2026-06-09T17:10:00+00:00,-1.0,2.0
7629,2026-06-09T17:15:00+00:00,-1.0,2.0
7630,2026-06-09T17:20:00+00:00,-1.0,2.0
7631,2026-06-09T17:25:00+00:00,-1.0,2.0
7632,2026-06-09T17:30:00+00:00,-1.0,2.0
7633,2026-06-09T17:35:00+00:00,-1.0,2.0
7634,2026-06-09T17:40:00+00:00,-1.0,2.0
7635,2026-06-09T17:45:00+00:00,-1.0,2.0
7636,2026-06-09T17:50:00+00:00,-1.0,2.0
7637,2026-06-09T17:55:00+00:00,-1.0,2.0
7638,2026-06-09T18:00:00+00:00,-1.0,2.0
7639,2026-06-09T18:05:00+00:00,-1.0,2.0
7640,2026-06-09T18:10:00+00:00,-1.0,2.0
7641,2026-06-09T18:15:00+00:00,-1.0,2.0
7642,2026-06-09T18:20:00+00:00,-1.0,2.0
7643,2026-06-09T18:25:00+00:00,-1.0,2.0
7644,2026-06-09T18:30:00+00:00,-1.0,2.0
7645,2026-06-09T18:35:00+00:00,-1.0,2.0
7646,2026-06-09T18:40:00+00:00,-1.0,2.0
7647,2026-06-09T18:45:00+00:00,-1.0,2.0
7648,2026-06-09T18:50:00+00:00,-1.0,2.0
7649,2026-06-09T18:55:00+00:00,-1.0,2.0
7650,2026-06-09T19:00:00+00:00,-1.0,2.0
7651,2026-06-09T19:05:00+00:00,-1.0,2.0
7652,2026-06-09T19:10:00+00:00,-1.0,2.0
7653,2026-06-09T19:15:00+00:00,-1.0,2.0
7654,2026-06-09T19:20:00+00:00,-1.0,2.0
7655,2026-06-09T19:25:00+00:00,-1.0,2.0
7656,2026-06-09T19:30:00+00:00,-1.0,2.0
7657,2026-06-09T19:35:00+00:00,-1.0,2.0
7658,2026-06-09T19:40:00+00:00,-1.0,2.0
7659,2026-06-09T19:45:00+00:00,-1.0,2.0
7660,2026-06-09T19:50:00+00:00,-1.0,2.0
7661,2026-06-09T19:55:00+00:00,-1.0,2.0
7662,2026-06-09T20:00:00+00:00,-1.0,2.0
7663,2026-06-09T20:05:00+00:00,-1.0,2.0
7664,2026-06-09T20:10:00+00:00,-1.0,2.0
7665,2026-06-09T20:15:00+00:00,-1.0,2.0
7666,2026-06-09T20:20:00+00:00,-1.0,2.0
7667,2026-06-09T20:25:00+00:00,-1.0,2.0
7668,2026-06-09T20:30:00+00:00,-1.0,2.0
7669,2026-06-09T20:35:00+00:00,-1.0,2.0
7670,2026-06-09T20:40:00+00:00,-1.0,2.0
7671,2026-06-09T20:45:00+00:00,-1.0,2.0
7672,2026-06-09T20:50:00+00:00,-1.0,2.0
7673,2026-06-09T20:55:00+00:00,-1.0,2.0
7674,2026-06-09T22:00:00+00:00,-1.0,2.0
7675,2026-06-09T22:05:00+00:00,-1.0,2.0
7676,2026-06-09T22:10:00+00:00,-1.0,2.0
7677,2026-06-09T22:15:00+00:00,-1.0,2.0
7678,2026-06-09T22:20:00+00:00,-1.0,2.0
7679,2026-06-09T22:25:00+00:00,-1.0,2.0
7680,2026-06-09T22:30:00+00:00,-1.0,2.0
7681,2026-06-09T22:35:00+00:00,-1.0,2.0
7682,2026-06-09T22:40:00+00:00,-1.0,2.0
7683,2026-06-09T22:45:00+00:00,-1.0,2.0
7684,2026-06-09T22:50:00+00:00,-1.0,2.0
7685,2026-06-09T22:55:00+00:00,-1.0,2.0
7686,2026-06-09T23:00:00+00:00,-1.0,2.0
7687,2026-06-09T23:05:00+00:00,-1.0,2.0
7688,2026-06-09T23:10:00+00:00,-1.0,2.0
7689,2026-06-09T23:15:00+00:00,-1.0,2.0
7690,2026-06-09T23:20:00+00:00,-1.0,2.0
7691,2026-06-09T23:25:00+00:00,-1.0,2.0
7692,2026-06-09T23:30:00+00:00,-1.0,2.0
7693,2026-06-09T23:35:00+00:00,-1.0,2.0
7694,2026-06-09T23:40:00+00:00,-1.0,2.0
7695,2026-06-09T23:45:00+00:00,-1.0,2.0
7696,2026-06-09T23:50:00+00:00,-1.0,2.0
7697,2026-06-09T23:55:00+00:00,-1.0,2.0
7698,2026-06-10T00:00:00+00:00,-1.0,2.0
7699,2026-06-10T00:05:00+00:00,-1.0,2.0
7700,2026-06-10T00:10:00+00:00,-1.0,2.0
7701,2026-06-10T00:15:00+00:00,-1.0,2.0
7702,2026-06-10T00:20:00+00:00,-1.0,2.0
7703,2026-06-10T00:25:00+00:00,-1.0,2.0
7704,2026-06-10T00:30:00+00:00,-1.0,2.0
7705,2026-06-10T00:35:00+00:00,-1.0,2.0
7706,2026-06-10T00:40:00+00:00,-1.0,2.0
7707,2026-06-10T00:45:00+00:00,-1.0,2.0
7708,2026-06-10T00:50:00+00:00,-1.0,2.0
7709,2026-06-10T00:55:00+00:00,-1.0,2.0
7710,2026-06-10T01:00:00+00:00,-1.0,2.0
7711,2026-06-10T01:05:00+00:00,-1.0,2.0
7712,2026-06-10T01:10:00+00:00,-1.0,2.0
7713,2026-06-10T01:15:00+00:00,-1.0,2.0
7714,2026-06-10T01:20:00+00:00,-1.0,2.0
7715,2026-06-10T01:25:00+00:00,-1.0,2.0
7716,2026-06-10T01:30:00+00:00,-1.0,2.0
7717,2026-06-10T01:35:00+00:00,-1.0,2.0
7718,2026-06-10T01:40:00+00:00,-1.0,2.0
7719,2026-06-10T01:45:00+00:00,-1.0,2.0
7720,2026-06-10T01:50:00+00:00,-1.0,2.0
7721,2026-06-10T01:55:00+00:00,-1.0,2.0
7722,2026-06-10T02:00:00+00:00,-1.0,2.0
7723,2026-06-10T02:05:00+00:00,-1.0,2.0
7724,2026-06-10T02:10:00+00:00,-1.0,2.0
7725,2026-06-10T02:15:00+00:00,-1.0,2.0
7726,2026-06-10T02:20:00+00:00,-1.0,2.0
7727,2026-06-10T02:25:00+00:00,-1.0,2.0
7728,2026-06-10T02:30:00+00:00,-1.0,2.0
7729,2026-06-10T02:35:00+00:00,-1.0,2.0
7730,2026-06-10T02:40:00+00:00,-1.0,2.0
7731,2026-06-10T02:45:00+00:00,-1.0,2.0
7732,2026-06-10T02:50:00+00:00,-1.0,2.0
7733,2026-06-10T02:55:00+00:00,-1.0,2.0
7734,2026-06-10T03:00:00+00:00,-1.0,2.0
7735,2026-06-10T03:05:00+00:00,-1.0,2.0
7736,2026-06-10T03:10:00+00:00,-1.0,2.0
7737,2026-06-10T03:15:00+00:00,-1.0,2.0
7738,2026-06-10T03:20:00+00:00,-1.0,2.0
7739,2026-06-10T03:25:00+00:00,-1.0,2.0
7740,2026-06-10T03:30:00+00:00,-1.0,2.0
7741,2026-06-10T03:35:00+00:00,-1.0,2.0
7742,2026-06-10T03:40:00+00:00,-1.0,2.0
7743,2026-06-10T03:45:00+00:00,-1.0,2.0
7744,2026-06-10T03:50:00+00:00,-1.0,2.0
7745,2026-06-10T03:55:00+00:00,-1.0,2.0
7746,2026-06-10T04:00:00+00:00,-1.0,2.0
7747,2026-06-10T04:05:00+00:00,-1.0,2.0
7748,2026-06-10T04:10:00+00:00,-1.0,2.0
7749,2026-06-10T04:15:00+00:00,-1.0,2.0
7750,2026-06-10T04:20:00+00:00,-1.0,2.0
7751,2026-06-10T04:25:00+00:00,-1.0,2.0
7752,2026-06-10T04:30:00+00:00,-1.0,2.0
7753,2026-06-10T04:35:00+00:00,-1.0,2.0
7754,2026-06-10T04:40:00+00:00,-1.0,2.0
7755,2026-06-10T04:45:00+00:00,-1.0,2.0
7756,2026-06-10T04:50:00+00:00,-1.0,2.0
7757,2026-06-10T04:55:00+00:00,-1.0,2.0
7758,2026-06-10T05:00:00+00:00,-1.0,2.0
7759,2026-06-10T05:05:00+00:00,-1.0,2.0
7760,2026-06-10T05:10:00+00:00,-1.0,2.0
7761,2026-06-10T05:15:00+00:00,-1.0,2.0
7762,2026-06-10T05:20:00+00:00,-1.0,2.0
7763,2026-06-10T05:25:00+00:00,-1.0,2.0
7764,2026-06-10T05:30:00+00:00,-1.0,2.0
7765,2026-06-10T05:35:00+00:00,-1.0,2.0
7766,2026-06-10T05:40:00+00:00,-1.0,2.0
7767,2026-06-10T05:45:00+00:00,-1.0,2.0
7768,2026-06-10T05:50:00+00:00,-1.0,2.0
7769,2026-06-10T05:55:00+00:00,-1.0,2.0
7770,2026-06-10T06:00:00+00:00,-1.0,2.0
7771,2026-06-10T06:05:00+00:00,-1.0,2.0
7772,2026-06-10T06:10:00+00:00,-1.0,2.0
7773,2026-06-10T06:15:00+00:00,-1.0,2.0
7774,2026-06-10T06:20:00+00:00,-1.0,2.0
7775,2026-06-10T06:25:00+00:00,-1.0,2.0
7776,2026-06-10T06:30:00+00:00,-1.0,2.0
7777,2026-06-10T06:35:00+00:00,-1.0,2.0
7778,2026-06-10T06:40:00+00:00,-1.0,2.0
7779,2026-06-10T06:45:00+00:00,-1.0,2.0
7780,2026-06-10T06:50:00+00:00,-1.0,2.0
7781,2026-06-10T06:55:00+00:00,-1.0,2.0
7782,2026-06-10T07:00:00+00:00,-1.0,2.0
7783,2026-06-10T07:05:00+00:00,-1.0,2.0
7784,2026-06-10T07:10:00+00:00,-1.0,2.0
7785,2026-06-10T07:15:00+00:00,-1.0,2.0
7786,2026-06-10T07:20:00+00:00,-1.0,2.0
7787,2026-06-10T07:25:00+00:00,-1.0,2.0
7788,2026-06-10T07:30:00+00:00,-1.0,2.0
7789,2026-06-10T07:35:00+00:00,-1.0,2.0
7790,2026-06-10T07:40:00+00:00,-1.0,2.0
7791,2026-06-10T07:45:00+00:00,-1.0,2.0
7792,2026-06-10T07:50:00+00:00,-1.0,2.0
7793,2026-06-10T07:55:00+00:00,-1.0,2.0
7794,2026-06-10T08:00:00+00:00,-1.0,2.0
7795,2026-06-10T08:05:00+00:00,-1.0,2.0
7796,2026-06-10T08:10:00+00:00,-1.0,2.0
7797,2026-06-10T08:15:00+00:00,-1.0,2.0
7798,2026-06-10T08:20:00+00:00,-1.0,2.0
7799,2026-06-10T08:25:00+00:00,-1.0,2.0
7800,2026-06-10T08:30:00+00:00,-1.0,2.0
7801,2026-06-10T08:35:00+00:00,-1.0,2.0
7802,2026-06-10T08:40:00+00:00,-1.0,2.0
7803,2026-06-10T08:45:00+00:00,-1.0,2.0
7804,2026-06-10T08:50:00+00:00,-1.0,2.0
7805,2026-06-10T08:55:00+00:00,-1.0,2.0
7806,2026-06-10T09:00:00+00:00,-1.0,2.0
7807,2026-06-10T09:05:00+00:00,-1.0,2.0
7808,2026-06-10T09:10:00+00:00,-1.0,2.0
7809,2026-06-10T09:15:00+00:00,-1.0,2.0
7810,2026-06-10T09:20:00+00:00,-1.0,2.0
7811,2026-06-10T09:25:00+00:00,-1.0,2.0
7812,2026-06-10T09:30:00+00:00,-1.0,2.0
7813,2026-06-10T09:35:00+00:00,-1.0,2.0
7814,2026-06-10T09:40:00+00:00,-1.0,2.0
7815,2026-06-10T09:45:00+00:00,-1.0,2.0
7816,2026-06-10T09:50:00+00:00,-1.0,2.0
7817,2026-06-10T09:55:00+00:00,-1.0,2.0
7818,2026-06-10T10:00:00+00:00,-1.0,2.0
7819,2026-06-10T10:05:00+00:00,-1.0,2.0
7820,2026-06-10T10:10:00+00:00,-1.0,2.0
7821,2026-06-10T10:15:00+00:00,-1.0,2.0
7822,2026-06-10T10:20:00+00:00,-1.0,2.0
7823,2026-06-10T10:25:00+00:00,-1.0,2.0
7824,2026-06-10T10:30:00+00:00,-1.0,2.0
7825,2026-06-10T10:35:00+00:00,-1.0,2.0
7826,2026-06-10T10:40:00+00:00,-1.0,2.0
7827,2026-06-10T10:45:00+00:00,-1.0,2.0
7828,2026-06-10T10:50:00+00:00,-1.0,2.0
7829,2026-06-10T10:55:00+00:00,-1.0,2.0
7830,2026-06-10T11:00:00+00:00,-1.0,2.0
7831,2026-06-10T11:05:00+00:00,-1.0,2.0
7832,2026-06-10T11:10:00+00:00,-1.0,2.0
7833,2026-06-10T11:15:00+00:00,-1.0,2.0
7834,2026-06-10T11:20:00+00:00,-1.0,2.0
7835,2026-06-10T11:25:00+00:00,-1.0,2.0
7836,2026-06-10T11:30:00+00:00,-1.0,2.0
7837,2026-06-10T11:35:00+00:00,-1.0,2.0
7838,2026-06-10T11:40:00+00:00,-1.0,2.0
7839,2026-06-10T11:45:00+00:00,-1.0,2.0
7840,2026-06-10T11:50:00+00:00,-1.0,2.0
7841,2026-06-10T11:55:00+00:00,-1.0,2.0
7842,2026-06-10T12:00:00+00:00,-1.0,2.0
7843,2026-06-10T12:05:00+00:00,-1.0,2.0
7844,2026-06-10T12:10:00+00:00,-1.0,2.0
7845,2026-06-10T12:15:00+00:00,-1.0,2.0
7846,2026-06-10T12:20:00+00:00,-1.0,2.0
7847,2026-06-10T12:25:00+00:00,-1.0,2.0
7848,2026-06-10T12:30:00+00:00,-1.0,2.0
7849,2026-06-10T12:35:00+00:00,-1.0,2.0
7850,2026-06-10T12:40:00+00:00,-1.0,2.0
7851,2026-06-10T12:45:00+00:00,-1.0,2.0
7852,2026-06-10T12:50:00+00:00,-1.0,2.0
7853,2026-06-10T12:55:00+00:00,-1.0,2.0
7854,2026-06-10T13:00:00+00:00,-1.0,2.0
7855,2026-06-10T13:05:00+00:00,-1.0,2.0
7856,2026-06-10T13:10:00+00:00,-1.0,2.0
7857,2026-06-10T13:15:00+00:00,-1.0,2.0
7858,2026-06-10T13:20:00+00:00,-1.0,2.0
7859,2026-06-10T13:25:00+00:00,-1.0,2.0
7860,2026-06-10T13:30:00+00:00,-1.0,2.0
7861,2026-06-10T13:35:00+00:00,-1.0,2.0
7862,2026-06-10T13:40:00+00:00,-1.0,2.0
7863,2026-06-10T13:45:00+00:00,-1.0,2.0
7864,2026-06-10T13:50:00+00:00,-1.0,2.0
7865,2026-06-10T13:55:00+00:00,-1.0,2.0
7866,2026-06-10T14:00:00+00:00,-1.0,2.0
7867,2026-06-10T14:05:00+00:00,-1.0,2.0
7868,2026-06-10T14:10:00+00:00,-1.0,2.0
7869,2026-06-10T14:15:00+00:00,-1.0,2.0
7870,2026-06-10T14:20:00+00:00,-1.0,2.0
7871,2026-06-10T14:25:00+00:00,-1.0,2.0
7872,2026-06-10T14:30:00+00:00,-1.0,2.0
7873,2026-06-10T14:35:00+00:00,-1.0,2.0
7874,2026-06-10T14:40:00+00:00,-1.0,2.0
7875,2026-06-10T14:45:00+00:00,-1.0,2.0
7876,2026-06-10T14:50:00+00:00,-1.0,2.0
7877,2026-06-10T14:55:00+00:00,-1.0,2.0
7878,2026-06-10T15:00:00+00:00,-1.0,2.0
7879,2026-06-10T15:05:00+00:00,-1.0,2.0
7880,2026-06-10T15:10:00+00:00,-1.0,2.0
7881,2026-06-10T15:15:00+00:00,-1.0,2.0
7882,2026-06-10T15:20:00+00:00,-1.0,2.0
7883,2026-06-10T15:25:00+00:00,-1.0,2.0
7884,2026-06-10T15:30:00+00:00,-1.0,2.0
7885,2026-06-10T15:35:00+00:00,-1.0,2.0
7886,2026-06-10T15:40:00+00:00,-1.0,2.0
7887,2026-06-10T15:45:00+00:00,-1.0,2.0
7888,2026-06-10T15:50:00+00:00,-1.0,2.0
7889,2026-06-10T15:55:00+00:00,-1.0,2.0
7890,2026-06-10T16:00:00+00:00,-1.0,2.0
7891,2026-06-10T16:05:00+00:00,-1.0,2.0
7892,2026-06-10T16:10:00+00:00,-1.0,2.0
7893,2026-06-10T16:15:00+00:00,-1.0,2.0
7894,2026-06-10T16:20:00+00:00,-1.0,2.0
7895,2026-06-10T16:25:00+00:00,-1.0,2.0
7896,2026-06-10T16:30:00+00:00,-1.0,2.0
7897,2026-06-10T16:35:00+00:00,-1.0,2.0
7898,2026-06-10T16:40:00+00:00,-1.0,2.0
7899,2026-06-10T16:45:00+00:00,-1.0,2.0
7900,2026-06-10T16:50:00+00:00,-1.0,2.0
7901,2026-06-10T16:55:00+00:00,-1.0,2.0
7902,2026-06-10T17:00:00+00:00,-1.0,2.0
7903,2026-06-10T17:05:00+00:00,-1.0,2.0
7904,2026-06-10T17:10:00+00:00,-1.0,2.0
7905,2026-06-10T17:15:00+00:00,-1.0,2.0
7906,2026-06-10T17:20:00+00:00,-1.0,2.0
7907,2026-06-10T17:25:00+00:00,-1.0,2.0
7908,2026-06-10T17:30:00+00:00,-1.0,2.0
7909,2026-06-10T17:35:00+00:00,-1.0,2.0
7910,2026-06-10T17:40:00+00:00,-1.0,2.0
7911,2026-06-10T17:45:00+00:00,-1.0,2.0
7912,2026-06-10T17:50:00+00:00,-1.0,2.0
7913,2026-06-10T17:55:00+00:00,-1.0,2.0
7914,2026-06-10T18:00:00+00:00,-1.0,2.0
7915,2026-06-10T18:05:00+00:00,-1.0,2.0
7916,2026-06-10T18:10:00+00:00,-1.0,2.0
7917,2026-06-10T18:15:00+00:00,-1.0,2.0
7918,2026-06-10T18:20:00+00:00,-1.0,2.0
7919,2026-06-10T18:25:00+00:00,-1.0,2.0
7920,2026-06-10T18:30:00+00:00,-1.0,2.0
7921,2026-06-10T18:35:00+00:00,-1.0,2.0
7922,2026-06-10T18:40:00+00:00,-1.0,2.0
7923,2026-06-10T18:45:00+00:00,-1.0,2.0
7924,2026-06-10T18:50:00+00:00,-1.0,2.0
7925,2026-06-10T18:55:00+00:00,-1.0,2.0
7926,2026-06-10T19:00:00+00:00,-1.0,2.0
7927,2026-06-10T19:05:00+00:00,-1.0,2.0
7928,2026-06-10T19:10:00+00:00,-1.0,2.0
7929,2026-06-10T19:15:00+00:00,-1.0,2.0
7930,2026-06-10T19:20:00+00:00,-1.0,2.0
7931,2026-06-10T19:25:00+00:00,-1.0,2.0
7932,2026-06-10T19:30:00+00:00,-1.0,2.0
7933,2026-06-10T19:35:00+00:00,-1.0,2.0
7934,2026-06-10T19:40:00+00:00,-1.0,2.0
7935,2026-06-10T19:45:00+00:00,-1.0,2.0
7936,2026-06-10T19:50:00+00:00,-1.0,2.0
7937,2026-06-10T19:55:00+00:00,-1.0,2.0
7938,2026-06-10T20:00:00+00:00,-1.0,2.0
7939,2026-06-10T20:05:00+00:00,-1.0,2.0
7940,2026-06-10T20:10:00+00:00,-1.0,2.0
7941,2026-06-10T20:15:00+00:00,-1.0,2.0
7942,2026-06-10T20:20:00+00:00,-1.0,2.0
7943,2026-06-10T20:25:00+00:00,-1.0,2.0
7944,2026-06-10T20:30:00+00:00,-1.0,2.0
7945,2026-06-10T20:35:00+00:00,-1.0,2.0
7946,2026-06-10T20:40:00+00:00,-1.0,2.0
7947,2026-06-10T20:45:00+00:00,-1.0,2.0
7948,2026-06-10T20:50:00+00:00,-1.0,2.0
7949,2026-06-10T20:55:00+00:00,-1.0,2.0
7950,2026-06-10T22:00:00+00:00,-1.0,2.0
7951,2026-06-10T22:05:00+00:00,-1.0,2.0
7952,2026-06-10T22:10:00+00:00,-1.0,2.0
7953,2026-06-10T22:15:00+00:00,-1.0,2.0
7954,2026-06-10T22:20:00+00:00,-1.0,2.0
7955,2026-06-10T22:25:00+00:00,-1.0,2.0
7956,2026-06-10T22:30:00+00:00,-1.0,2.0
7957,2026-06-10T22:35:00+00:00,-1.0,2.0
7958,2026-06-10T22:40:00+00:00,-1.0,2.0
7959,2026-06-10T22:45:00+00:00,-1.0,2.0
7960,2026-06-10T22:50:00+00:00,-1.0,2.0
7961,2026-06-10T22:55:00+00:00,-1.0,2.0
7962,2026-06-10T23:00:00+00:00,-1.0,2.0
7963,2026-06-10T23:05:00+00:00,-1.0,2.0
7964,2026-06-10T23:10:00+00:00,-1.0,2.0
7965,2026-06-10T23:15:00+00:00,-1.0,2.0
7966,2026-06-10T23:20:00+00:00,-1.0,2.0
7967,2026-06-10T23:25:00+00:00,-1.0,2.0
7968,2026-06-10T23:30:00+00:00,-1.0,2.0
7969,2026-06-10T23:35:00+00:00,-1.0,2.0
7970,2026-06-10T23:40:00+00:00,-1.0,2.0
7971,2026-06-10T23:45:00+00:00,-1.0,2.0
7972,2026-06-10T23:50:00+00:00,-1.0,2.0
7973,2026-06-10T23:55:00+00:00,-1.0,2.0
7974,2026-06-11T00:00:00+00:00,-1.0,2.0
7975,2026-06-11T00:05:00+00:00,-1.0,2.0
7976,2026-06-11T00:10:00+00:00,-1.0,2.0
7977,2026-06-11T00:15:00+00:00,-1.0,2.0
7978,2026-06-11T00:20:00+00:00,-1.0,2.0
7979,2026-06-11T00:25:00+00:00,-1.0,2.0
7980,2026-06-11T00:30:00+00:00,-1.0,2.0
7981,2026-06-11T00:35:00+00:00,-1.0,2.0
7982,2026-06-11T00:40:00+00:00,-1.0,2.0
7983,2026-06-11T00:45:00+00:00,-1.0,2.0
7984,2026-06-11T00:50:00+00:00,-1.0,2.0
7985,2026-06-11T00:55:00+00:00,-1.0,2.0
7986,2026-06-11T01:00:00+00:00,-1.0,2.0
7987,2026-06-11T01:05:00+00:00,-1.0,2.0
7988,2026-06-11T01:10:00+00:00,-1.0,2.0
7989,2026-06-11T01:15:00+00:00,-1.0,2.0
7990,2026-06-11T01:20:00+00:00,-1.0,2.0
7991,2026-06-11T01:25:00+00:00,-1.0,2.0
7992,2026-06-11T01:30:00+00:00,-1.0,2.0
7993,2026-06-11T01:35:00+00:00,-1.0,2.0
7994,2026-06-11T01:40:00+00:00,-1.0,2.0
7995,2026-06-11T01:45:00+00:00,-1.0,2.0
7996,2026-06-11T01:50:00+00:00,-1.0,2.0
7997,2026-06-11T01:55:00+00:00,-1.0,2.0
7998,2026-06-11T02:00:00+00:00,-1.0,2.0
7999,2026-06-11T02:05:00+00:00,-1.0,2.0
8000,2026-06-11T02:10:00+00:00,-1.0,2.0
8001,2026-06-11T02:15:00+00:00,-1.0,2.0
8002,2026-06-11T02:20:00+00:00,-1.0,2.0
8003,2026-06-11T02:25:00+00:00,-1.0,2.0
8004,2026-06-11T02:30:00+00:00,-1.0,2.0
8005,2026-06-11T02:35:00+00:00,-1.0,2.0
8006,2026-06-11T02:40:00+00:00,-1.0,2.0
8007,2026-06-11T02:45:00+00:00,-1.0,2.0
8008,2026-06-11T02:50:00+00:00,-1.0,2.0
8009,2026-06-11T02:55:00+00:00,-1.0,2.0
8010,2026-06-11T03:00:00+00:00,-1.0,2.0
8011,2026-06-11T03:05:00+00:00,-1.0,2.0
8012,2026-06-11T03:10:00+00:00,-1.0,2.0
8013,2026-06-11T03:15:00+00:00,-1.0,2.0
8014,2026-06-11T03:20:00+00:00,-1.0,2.0
8015,2026-06-11T03:25:00+00:00,-1.0,2.0
8016,2026-06-11T03:30:00+00:00,-1.0,2.0
8017,2026-06-11T03:35:00+00:00,-1.0,2.0
8018,2026-06-11T03:40:00+00:00,-1.0,2.0
8019,2026-06-11T03:45:00+00:00,-1.0,2.0
8020,2026-06-11T03:50:00+00:00,-1.0,2.0
8021,2026-06-11T03:55:00+00:00,-1.0,2.0
8022,2026-06-11T04:00:00+00:00,-1.0,2.0
8023,2026-06-11T04:05:00+00:00,-1.0,2.0
8024,2026-06-11T04:10:00+00:00,-1.0,2.0
8025,2026-06-11T04:15:00+00:00,-1.0,2.0
8026,2026-06-11T04:20:00+00:00,-1.0,2.0
8027,2026-06-11T04:25:00+00:00,-1.0,2.0
8028,2026-06-11T04:30:00+00:00,-1.0,2.0
8029,2026-06-11T04:35:00+00:00,-1.0,2.0
8030,2026-06-11T04:40:00+00:00,-1.0,2.0
8031,2026-06-11T04:45:00+00:00,-1.0,2.0
8032,2026-06-11T04:50:00+00:00,-1.0,2.0
8033,2026-06-11T04:55:00+00:00,-1.0,2.0
8034,2026-06-11T05:00:00+00:00,-1.0,2.0
8035,2026-06-11T05:05:00+00:00,-1.0,2.0
8036,2026-06-11T05:10:00+00:00,-1.0,2.0
8037,2026-06-11T05:15:00+00:00,-1.0,2.0
8038,2026-06-11T05:20:00+00:00,-1.0,2.0
8039,2026-06-11T05:25:00+00:00,-1.0,2.0
8040,2026-06-11T05:30:00+00:00,-1.0,2.0
8041,2026-06-11T05:35:00+00:00,-1.0,2.0
8042,2026-06-11T05:40:00+00:00,-1.0,2.0
8043,2026-06-11T05:45:00+00:00,-1.0,2.0
8044,2026-06-11T05:50:00+00:00,-1.0,2.0
8045,2026-06-11T05:55:00+00:00,-1.0,2.0
8046,2026-06-11T06:00:00+00:00,-1.0,2.0
8047,2026-06-11T06:05:00+00:00,-1.0,2.0
8048,2026-06-11T06:10:00+00:00,-1.0,2.0
8049,2026-06-11T06:15:00+00:00,-1.0,2.0
8050,2026-06-11T06:20:00+00:00,-1.0,2.0
8051,2026-06-11T06:25:00+00:00,-1.0,2.0
8052,2026-06-11T06:30:00+00:00,-1.0,2.0
8053,2026-06-11T06:35:00+00:00,-1.0,2.0
8054,2026-06-11T06:40:00+00:00,-1.0,2.0
8055,2026-06-11T06:45:00+00:00,-1.0,2.0
8056,2026-06-11T06:50:00+00:00,-1.0,2.0
8057,2026-06-11T06:55:00+00:00,-1.0,2.0
8058,2026-06-11T07:00:00+00:00,-1.0,2.0
8059,2026-06-11T07:05:00+00:00,-1.0,2.0
8060,2026-06-11T07:10:00+00:00,-1.0,2.0
8061,2026-06-11T07:15:00+00:00,-1.0,2.0
8062,2026-06-11T07:20:00+00:00,-1.0,2.0
8063,2026-06-11T07:25:00+00:00,-1.0,2.0
8064,2026-06-11T07:30:00+00:00,-1.0,2.0
8065,2026-06-11T07:35:00+00:00,-1.0,2.0
8066,2026-06-11T07:40:00+00:00,-1.0,2.0
8067,2026-06-11T07:45:00+00:00,-1.0,2.0
8068,2026-06-11T07:50:00+00:00,-1.0,2.0
8069,2026-06-11T07:55:00+00:00,-1.0,2.0
8070,2026-06-11T08:00:00+00:00,-1.0,2.0
8071,2026-06-11T08:05:00+00:00,-1.0,2.0
8072,2026-06-11T08:10:00+00:00,-1.0,2.0
8073,2026-06-11T08:15:00+00:00,-1.0,2.0
8074,2026-06-11T08:20:00+00:00,-1.0,2.0
8075,2026-06-11T08:25:00+00:00,-1.0,2.0
8076,2026-06-11T08:30:00+00:00,-1.0,2.0
8077,2026-06-11T08:35:00+00:00,-1.0,2.0
8078,2026-06-11T08:40:00+00:00,-1.0,2.0
8079,2026-06-11T08:45:00+00:00,-1.0,2.0
8080,2026-06-11T08:50:00+00:00,-1.0,2.0
8081,2026-06-11T08:55:00+00:00,-1.0,2.0
8082,2026-06-11T09:00:00+00:00,-1.0,2.0
8083,2026-06-11T09:05:00+00:00,-1.0,2.0
8084,2026-06-11T09:10:00+00:00,-1.0,2.0
8085,2026-06-11T09:15:00+00:00,-1.0,2.0
8086,2026-06-11T09:20:00+00:00,-1.0,2.0
8087,2026-06-11T09:25:00+00:00,-1.0,2.0
8088,2026-06-11T09:30:00+00:00,-1.0,2.0
8089,2026-06-11T09:35:00+00:00,-1.0,2.0
8090,2026-06-11T09:40:00+00:00,-1.0,2.0
8091,2026-06-11T09:45:00+00:00,-1.0,2.0
8092,2026-06-11T09:50:00+00:00,-1.0,2.0
8093,2026-06-11T09:55:00+00:00,-1.0,2.0
8094,2026-06-11T10:00:00+00:00,-1.0,2.0
8095,2026-06-11T10:05:00+00:00,-1.0,2.0
8096,2026-06-11T10:10:00+00:00,-1.0,2.0
8097,2026-06-11T10:15:00+00:00,-1.0,2.0
8098,2026-06-11T10:20:00+00:00,-1.0,2.0
8099,2026-06-11T10:25:00+00:00,-1.0,2.0
8100,2026-06-11T10:30:00+00:00,-1.0,2.0
8101,2026-06-11T10:35:00+00:00,-1.0,2.0
8102,2026-06-11T10:40:00+00:00,-1.0,2.0
8103,2026-06-11T10:45:00+00:00,-1.0,2.0
8104,2026-06-11T10:50:00+00:00,-1.0,2.0
8105,2026-06-11T10:55:00+00:00,-1.0,2.0
8106,2026-06-11T11:00:00+00:00,-1.0,2.0
8107,2026-06-11T11:05:00+00:00,-1.0,2.0
8108,2026-06-11T11:10:00+00:00,-1.0,2.0
8109,2026-06-11T11:15:00+00:00,-1.0,2.0
8110,2026-06-11T11:20:00+00:00,-1.0,2.0
8111,2026-06-11T11:25:00+00:00,-1.0,2.0
8112,2026-06-11T11:30:00+00:00,-1.0,2.0
8113,2026-06-11T11:35:00+00:00,-1.0,2.0
8114,2026-06-11T11:40:00+00:00,-1.0,2.0
8115,2026-06-11T11:45:00+00:00,-1.0,2.0
8116,2026-06-11T11:50:00+00:00,-1.0,2.0
8117,2026-06-11T11:55:00+00:00,-1.0,2.0
8118,2026-06-11T12:00:00+00:00,-1.0,2.0
8119,2026-06-11T12:05:00+00:00,-1.0,2.0
8120,2026-06-11T12:10:00+00:00,-1.0,2.0
8121,2026-06-11T12:15:00+00:00,-1.0,2.0
8122,2026-06-11T12:20:00+00:00,1.0,0.0
8123,2026-06-11T12:25:00+00:00,1.0,0.0
8124,2026-06-11T12:30:00+00:00,1.0,0.0
8125,2026-06-11T12:35:00+00:00,1.0,0.0
8126,2026-06-11T12:40:00+00:00,1.0,0.0
8127,2026-06-11T12:45:00+00:00,1.0,0.0
8128,2026-06-11T12:50:00+00:00,1.0,0.0
8129,2026-06-11T12:55:00+00:00,1.0,0.0
8130,2026-06-11T13:00:00+00:00,1.0,0.0
8131,2026-06-11T13:05:00+00:00,1.0,0.0
8132,2026-06-11T13:10:00+00:00,1.0,0.0
8133,2026-06-11T13:15:00+00:00,1.0,0.0
8134,2026-06-11T13:20:00+00:00,1.0,0.0
8135,2026-06-11T13:25:00+00:00,1.0,0.0
8136,2026-06-11T13:30:00+00:00,1.0,0.0
8137,2026-06-11T13:35:00+00:00,1.0,0.0
8138,2026-06-11T13:40:00+00:00,1.0,0.0
8139,2026-06-11T13:45:00+00:00,1.0,0.0
8140,2026-06-11T13:50:00+00:00,1.0,0.0
8141,2026-06-11T13:55:00+00:00,1.0,0.0
8142,2026-06-11T14:00:00+00:00,1.0,0.0
8143,2026-06-11T14:05:00+00:00,1.0,0.0
8144,2026-06-11T14:10:00+00:00,1.0,0.0
8145,2026-06-11T14:15:00+00:00,1.0,0.0
8146,2026-06-11T14:20:00+00:00,1.0,0.0
8147,2026-06-11T14:25:00+00:00,1.0,0.0
8148,2026-06-11T14:30:00+00:00,1.0,0.0
8149,2026-06-11T14:35:00+00:00,1.0,0.0
8150,2026-06-11T14:40:00+00:00,1.0,0.0
8151,2026-06-11T14:45:00+00:00,1.0,0.0
8152,2026-06-11T14:50:00+00:00,1.0,0.0
8153,2026-06-11T14:55:00+00:00,1.0,0.0
8154,2026-06-11T15:00:00+00:00,1.0,0.0
8155,2026-06-11T15:05:00+00:00,1.0,0.0
8156,2026-06-11T15:10:00+00:00,1.0,0.0
8157,2026-06-11T15:15:00+00:00,1.0,0.0
8158,2026-06-11T15:20:00+00:00,1.0,0.0
8159,2026-06-11T15:25:00+00:00,1.0,0.0
8160,2026-06-11T15:30:00+00:00,1.0,0.0
8161,2026-06-11T15:35:00+00:00,1.0,0.0
8162,2026-06-11T15:40:00+00:00,1.0,0.0
8163,2026-06-11T15:45:00+00:00,1.0,0.0
8164,2026-06-11T15:50:00+00:00,1.0,0.0
8165,2026-06-11T15:55:00+00:00,1.0,0.0
8166,2026-06-11T16:00:00+00:00,1.0,0.0
8167,2026-06-11T16:05:00+00:00,1.0,0.0
8168,2026-06-11T16:10:00+00:00,1.0,0.0
8169,2026-06-11T16:15:00+00:00,1.0,0.0
8170,2026-06-11T16:20:00+00:00,1.0,0.0
8171,2026-06-11T16:25:00+00:00,1.0,0.0
8172,2026-06-11T16:30:00+00:00,1.0,0.0
8173,2026-06-11T16:35:00+00:00,1.0,0.0
8174,2026-06-11T16:40:00+00:00,1.0,0.0
8175,2026-06-11T16:45:00+00:00,1.0,0.0
8176,2026-06-11T16:50:00+00:00,1.0,0.0
8177,2026-06-11T16:55:00+00:00,1.0,0.0
8178,2026-06-11T17:00:00+00:00,1.0,0.0
8179,2026-06-11T17:05:00+00:00,1.0,0.0
8180,2026-06-11T17:10:00+00:00,1.0,0.0
8181,2026-06-11T17:15:00+00:00,1.0,0.0
8182,2026-06-11T17:20:00+00:00,1.0,0.0
8183,2026-06-11T17:25:00+00:00,1.0,0.0
8184,2026-06-11T17:30:00+00:00,1.0,0.0
8185,2026-06-11T17:35:00+00:00,1.0,0.0
8186,2026-06-11T17:40:00+00:00,1.0,0.0
8187,2026-06-11T17:45:00+00:00,1.0,0.0
8188,2026-06-11T17:50:00+00:00,1.0,0.0
8189,2026-06-11T17:55:00+00:00,1.0,0.0
8190,2026-06-11T18:00:00+00:00,1.0,0.0
8191,2026-06-11T18:05:00+00:00,1.0,0.0
8192,2026-06-11T18:10:00+00:00,1.0,0.0
8193,2026-06-11T18:15:00+00:00,1.0,0.0
8194,2026-06-11T18:20:00+00:00,1.0,0.0
8195,2026-06-11T18:25:00+00:00,1.0,0.0
8196,2026-06-11T18:30:00+00:00,1.0,0.0
8197,2026-06-11T18:35:00+00:00,1.0,0.0
8198,2026-06-11T18:40:00+00:00,1.0,0.0
8199,2026-06-11T18:45:00+00:00,1.0,0.0
8200,2026-06-11T18:50:00+00:00,1.0,0.0
8201,2026-06-11T18:55:00+00:00,1.0,0.0
8202,2026-06-11T19:00:00+00:00,1.0,0.0
8203,2026-06-11T19:05:00+00:00,1.0,0.0
8204,2026-06-11T19:10:00+00:00,1.0,0.0
8205,2026-06-11T19:15:00+00:00,1.0,0.0
8206,2026-06-11T19:20:00+00:00,1.0,0.0
8207,2026-06-11T19:25:00+00:00,1.0,0.0
8208,2026-06-11T19:30:00+00:00,1.0,0.0
8209,2026-06-11T19:35:00+00:00,1.0,0.0
8210,2026-06-11T19:40:00+00:00,1.0,0.0
8211,2026-06-11T19:45:00+00:00,1.0,0.0
8212,2026-06-11T19:50:00+00:00,1.0,0.0
8213,2026-06-11T19:55:00+00:00,1.0,0.0
8214,2026-06-11T20:00:00+00:00,1.0,0.0
8215,2026-06-11T20:05:00+00:00,1.0,0.0
8216,2026-06-11T20:10:00+00:00,1.0,0.0
8217,2026-06-11T20:15:00+00:00,1.0,0.0
8218,2026-06-11T20:20:00+00:00,1.0,0.0
8219,2026-06-11T20:25:00+00:00,1.0,0.0
8220,2026-06-11T20:30:00+00:00,1.0,0.0
8221,2026-06-11T20:35:00+00:00,1.0,0.0
8222,2026-06-11T20:40:00+00:00,1.0,0.0
8223,2026-06-11T20:45:00+00:00,1.0,0.0
8224,2026-06-11T20:50:00+00:00,1.0,0.0
8225,2026-06-11T20:55:00+00:00,1.0,0.0
8226,2026-06-11T22:00:00+00:00,1.0,0.0
8227,2026-06-11T22:05:00+00:00,1.0,0.0
8228,2026-06-11T22:10:00+00:00,1.0,0.0
8229,2026-06-11T22:15:00+00:00,1.0,0.0
8230,2026-06-11T22:20:00+00:00,1.0,0.0
8231,2026-06-11T22:25:00+00:00,1.0,0.0
8232,2026-06-11T22:30:00+00:00,1.0,0.0
8233,2026-06-11T22:35:00+00:00,1.0,0.0
8234,2026-06-11T22:40:00+00:00,1.0,0.0
8235,2026-06-11T22:45:00+00:00,1.0,0.0
8236,2026-06-11T22:50:00+00:00,1.0,0.0
8237,2026-06-11T22:55:00+00:00,1.0,0.0
8238,2026-06-11T23:00:00+00:00,1.0,0.0
8239,2026-06-11T23:05:00+00:00,1.0,0.0
8240,2026-06-11T23:10:00+00:00,1.0,0.0
8241,2026-06-11T23:15:00+00:00,1.0,0.0
8242,2026-06-11T23:20:00+00:00,1.0,0.0
8243,2026-06-11T23:25:00+00:00,1.0,0.0
8244,2026-06-11T23:30:00+00:00,1.0,0.0
8245,2026-06-11T23:35:00+00:00,1.0,0.0
8246,2026-06-11T23:40:00+00:00,1.0,0.0
8247,2026-06-11T23:45:00+00:00,1.0,0.0
8248,2026-06-11T23:50:00+00:00,1.0,0.0
8249,2026-06-11T23:55:00+00:00,1.0,0.0
8250,2026-06-12T00:00:00+00:00,1.0,0.0
8251,2026-06-12T00:05:00+00:00,1.0,0.0
8252,2026-06-12T00:10:00+00:00,1.0,0.0
8253,2026-06-12T00:15:00+00:00,1.0,0.0
8254,2026-06-12T00:20:00+00:00,1.0,0.0
8255,2026-06-12T00:25:00+00:00,1.0,0.0
8256,2026-06-12T00:30:00+00:00,1.0,0.0
8257,2026-06-12T00:35:00+00:00,1.0,0.0
8258,2026-06-12T00:40:00+00:00,1.0,0.0
8259,2026-06-12T00:45:00+00:00,1.0,0.0
8260,2026-06-12T00:50:00+00:00,1.0,0.0
8261,2026-06-12T00:55:00+00:00,1.0,0.0
8262,2026-06-12T01:00:00+00:00,1.0,0.0
8263,2026-06-12T01:05:00+00:00,1.0,0.0
8264,2026-06-12T01:10:00+00:00,1.0,0.0
8265,2026-06-12T01:15:00+00:00,1.0,0.0
8266,2026-06-12T01:20:00+00:00,1.0,0.0
8267,2026-06-12T01:25:00+00:00,1.0,0.0
8268,2026-06-12T01:30:00+00:00,1.0,0.0
8269,2026-06-12T01:35:00+00:00,1.0,0.0
8270,2026-06-12T01:40:00+00:00,1.0,0.0
8271,2026-06-12T01:45:00+00:00,1.0,0.0
8272,2026-06-12T01:50:00+00:00,1.0,0.0
8273,2026-06-12T01:55:00+00:00,1.0,0.0
8274,2026-06-12T02:00:00+00:00,1.0,0.0
8275,2026-06-12T02:05:00+00:00,1.0,0.0
8276,2026-06-12T02:10:00+00:00,1.0,0.0
8277,2026-06-12T02:15:00+00:00,1.0,0.0
8278,2026-06-12T02:20:00+00:00,1.0,0.0
8279,2026-06-12T02:25:00+00:00,1.0,0.0
8280,2026-06-12T02:30:00+00:00,1.0,0.0
8281,2026-06-12T02:35:00+00:00,1.0,0.0
8282,2026-06-12T02:40:00+00:00,1.0,0.0
8283,2026-06-12T02:45:00+00:00,1.0,0.0
8284,2026-06-12T02:50:00+00:00,1.0,0.0
8285,2026-06-12T02:55:00+00:00,1.0,0.0
8286,2026-06-12T03:00:00+00:00,1.0,0.0
8287,2026-06-12T03:05:00+00:00,1.0,0.0
8288,2026-06-12T03:10:00+00:00,1.0,0.0
8289,2026-06-12T03:15:00+00:00,1.0,0.0
8290,2026-06-12T03:20:00+00:00,1.0,0.0
8291,2026-06-12T03:25:00+00:00,1.0,0.0
8292,2026-06-12T03:30:00+00:00,1.0,0.0
8293,2026-06-12T03:35:00+00:00,1.0,0.0
8294,2026-06-12T03:40:00+00:00,1.0,0.0
8295,2026-06-12T03:45:00+00:00,1.0,0.0
8296,2026-06-12T03:50:00+00:00,1.0,0.0
8297,2026-06-12T03:55:00+00:00,1.0,0.0
8298,2026-06-12T04:00:00+00:00,1.0,0.0
8299,2026-06-12T04:05:00+00:00,1.0,0.0
8300,2026-06-12T04:10:00+00:00,1.0,0.0
8301,2026-06-12T04:15:00+00:00,1.0,0.0
8302,2026-06-12T04:20:00+00:00,1.0,0.0
8303,2026-06-12T04:25:00+00:00,1.0,0.0
8304,2026-06-12T04:30:00+00:00,1.0,0.0
8305,2026-06-12T04:35:00+00:00,1.0,0.0
8306,2026-06-12T04:40:00+00:00,1.0,0.0
8307,2026-06-12T04:45:00+00:00,1.0,0.0
8308,2026-06-12T04:50:00+00:00,1.0,0.0
8309,2026-06-12T04:55:00+00:00,1.0,0.0
8310,2026-06-12T05:00:00+00:00,1.0,0.0
8311,2026-06-12T05:05:00+00:00,1.0,0.0
8312,2026-06-12T05:10:00+00:00,1.0,0.0
8313,2026-06-12T05:15:00+00:00,1.0,0.0
8314,2026-06-12T05:20:00+00:00,1.0,0.0
8315,2026-06-12T05:25:00+00:00,1.0,0.0
8316,2026-06-12T05:30:00+00:00,1.0,0.0
8317,2026-06-12T05:35:00+00:00,1.0,0.0
8318,2026-06-12T05:40:00+00:00,1.0,0.0
8319,2026-06-12T05:45:00+00:00,1.0,0.0
8320,2026-06-12T05:50:00+00:00,1.0,0.0
8321,2026-06-12T05:55:00+00:00,1.0,0.0
8322,2026-06-12T06:00:00+00:00,1.0,0.0
8323,2026-06-12T06:05:00+00:00,1.0,0.0
8324,2026-06-12T06:10:00+00:00,1.0,0.0
8325,2026-06-12T06:15:00+00:00,1.0,0.0
8326,2026-06-12T06:20:00+00:00,1.0,0.0
8327,2026-06-12T06:25:00+00:00,1.0,0.0
8328,2026-06-12T06:30:00+00:00,1.0,0.0
8329,2026-06-12T06:35:00+00:00,1.0,0.0
8330,2026-06-12T06:40:00+00:00,1.0,0.0
8331,2026-06-12T06:45:00+00:00,1.0,0.0
8332,2026-06-12T06:50:00+00:00,1.0,0.0
8333,2026-06-12T06:55:00+00:00,1.0,0.0
8334,2026-06-12T07:00:00+00:00,1.0,0.0
8335,2026-06-12T07:05:00+00:00,1.0,0.0
8336,2026-06-12T07:10:00+00:00,1.0,0.0
8337,2026-06-12T07:15:00+00:00,1.0,0.0
8338,2026-06-12T07:20:00+00:00,1.0,0.0
8339,2026-06-12T07:25:00+00:00,1.0,0.0
8340,2026-06-12T07:30:00+00:00,1.0,0.0
8341,2026-06-12T07:35:00+00:00,1.0,0.0
8342,2026-06-12T07:40:00+00:00,1.0,0.0
8343,2026-06-12T07:45:00+00:00,1.0,0.0
8344,2026-06-12T07:50:00+00:00,1.0,0.0
8345,2026-06-12T07:55:00+00:00,1.0,0.0
8346,2026-06-12T08:00:00+00:00,1.0,0.0
8347,2026-06-12T08:05:00+00:00,1.0,0.0
8348,2026-06-12T08:10:00+00:00,1.0,0.0
8349,2026-06-12T08:15:00+00:00,1.0,0.0
8350,2026-06-12T08:20:00+00:00,1.0,0.0
8351,2026-06-12T08:25:00+00:00,1.0,0.0
8352,2026-06-12T08:30:00+00:00,1.0,0.0
8353,2026-06-12T08:35:00+00:00,1.0,0.0
8354,2026-06-12T08:40:00+00:00,1.0,0.0
8355,2026-06-12T08:45:00+00:00,1.0,0.0
8356,2026-06-12T08:50:00+00:00,1.0,0.0
8357,2026-06-12T08:55:00+00:00,1.0,0.0
8358,2026-06-12T09:00:00+00:00,1.0,0.0
8359,2026-06-12T09:05:00+00:00,1.0,0.0
8360,2026-06-12T09:10:00+00:00,1.0,0.0
8361,2026-06-12T09:15:00+00:00,1.0,0.0
8362,2026-06-12T09:20:00+00:00,1.0,0.0
8363,2026-06-12T09:25:00+00:00,1.0,0.0
8364,2026-06-12T09:30:00+00:00,1.0,0.0
8365,2026-06-12T09:35:00+00:00,1.0,0.0
8366,2026-06-12T09:40:00+00:00,1.0,0.0
8367,2026-06-12T09:45:00+00:00,1.0,0.0
8368,2026-06-12T09:50:00+00:00,1.0,0.0
8369,2026-06-12T09:55:00+00:00,1.0,0.0
8370,2026-06-12T10:00:00+00:00,1.0,0.0
8371,2026-06-12T10:05:00+00:00,1.0,0.0
8372,2026-06-12T10:10:00+00:00,1.0,0.0
8373,2026-06-12T10:15:00+00:00,1.0,0.0
8374,2026-06-12T10:20:00+00:00,1.0,0.0
8375,2026-06-12T10:25:00+00:00,1.0,0.0
8376,2026-06-12T10:30:00+00:00,1.0,0.0
8377,2026-06-12T10:35:00+00:00,1.0,0.0
8378,2026-06-12T10:40:00+00:00,1.0,0.0
8379,2026-06-12T10:45:00+00:00,1.0,0.0
8380,2026-06-12T10:50:00+00:00,1.0,0.0
8381,2026-06-12T10:55:00+00:00,1.0,0.0
8382,2026-06-12T11:00:00+00:00,1.0,0.0
8383,2026-06-12T11:05:00+00:00,1.0,0.0
8384,2026-06-12T11:10:00+00:00,1.0,0.0
8385,2026-06-12T11:15:00+00:00,1.0,0.0
8386,2026-06-12T11:20:00+00:00,1.0,0.0
8387,2026-06-12T11:25:00+00:00,1.0,0.0
8388,2026-06-12T11:30:00+00:00,1.0,0.0
8389,2026-06-12T11:35:00+00:00,1.0,0.0
8390,2026-06-12T11:40:00+00:00,1.0,0.0
8391,2026-06-12T11:45:00+00:00,1.0,0.0
8392,2026-06-12T11:50:00+00:00,1.0,0.0
8393,2026-06-12T11:55:00+00:00,1.0,0.0
8394,2026-06-12T12:00:00+00:00,1.0,0.0
8395,2026-06-12T12:05:00+00:00,1.0,0.0
8396,2026-06-12T12:10:00+00:00,1.0,0.0
8397,2026-06-12T12:15:00+00:00,1.0,0.0
8398,2026-06-12T12:20:00+00:00,1.0,0.0
8399,2026-06-12T12:25:00+00:00,1.0,0.0
8400,2026-06-12T12:30:00+00:00,1.0,0.0
8401,2026-06-12T12:35:00+00:00,1.0,0.0
8402,2026-06-12T12:40:00+00:00,1.0,0.0
8403,2026-06-12T12:45:00+00:00,1.0,0.0
8404,2026-06-12T12:50:00+00:00,1.0,0.0
8405,2026-06-12T12:55:00+00:00,1.0,0.0
8406,2026-06-12T13:00:00+00:00,1.0,0.0
8407,2026-06-12T13:05:00+00:00,1.0,0.0
8408,2026-06-12T13:10:00+00:00,1.0,0.0
8409,2026-06-12T13:15:00+00:00,1.0,0.0
8410,2026-06-12T13:20:00+00:00,1.0,0.0
8411,2026-06-12T13:25:00+00:00,1.0,0.0
8412,2026-06-12T13:30:00+00:00,1.0,0.0
8413,2026-06-12T13:35:00+00:00,1.0,0.0
8414,2026-06-12T13:40:00+00:00,1.0,0.0
8415,2026-06-12T13:45:00+00:00,1.0,0.0
8416,2026-06-12T13:50:00+00:00,1.0,0.0
8417,2026-06-12T13:55:00+00:00,1.0,0.0
8418,2026-06-12T14:00:00+00:00,1.0,0.0
8419,2026-06-12T14:05:00+00:00,1.0,0.0
8420,2026-06-12T14:10:00+00:00,1.0,0.0
8421,2026-06-12T14:15:00+00:00,1.0,0.0
8422,2026-06-12T14:20:00+00:00,1.0,0.0
8423,2026-06-12T14:25:00+00:00,1.0,0.0
8424,2026-06-12T14:30:00+00:00,1.0,0.0
8425,2026-06-12T14:35:00+00:00,1.0,0.0
8426,2026-06-12T14:40:00+00:00,1.0,0.0
8427,2026-06-12T14:45:00+00:00,1.0,0.0
8428,2026-06-12T14:50:00+00:00,1.0,0.0
8429,2026-06-12T14:55:00+00:00,1.0,0.0
8430,2026-06-12T15:00:00+00:00,1.0,0.0
8431,2026-06-12T15:05:00+00:00,1.0,0.0
8432,2026-06-12T15:10:00+00:00,1.0,0.0
8433,2026-06-12T15:15:00+00:00,1.0,0.0
8434,2026-06-12T15:20:00+00:00,1.0,0.0
8435,2026-06-12T15:25:00+00:00,1.0,0.0
8436,2026-06-12T15:30:00+00:00,1.0,0.0
8437,2026-06-12T15:35:00+00:00,1.0,0.0
8438,2026-06-12T15:40:00+00:00,1.0,0.0
8439,2026-06-12T15:45:00+00:00,1.0,0.0
8440,2026-06-12T15:50:00+00:00,1.0,0.0
8441,2026-06-12T15:55:00+00:00,1.0,0.0
8442,2026-06-12T16:00:00+00:00,1.0,0.0
8443,2026-06-12T16:05:00+00:00,1.0,0.0
8444,2026-06-12T16:10:00+00:00,1.0,0.0
8445,2026-06-12T16:15:00+00:00,1.0,0.0
8446,2026-06-12T16:20:00+00:00,1.0,0.0
8447,2026-06-12T16:25:00+00:00,1.0,0.0
8448,2026-06-12T16:30:00+00:00,1.0,0.0
8449,2026-06-12T16:35:00+00:00,1.0,0.0
8450,2026-06-12T16:40:00+00:00,1.0,0.0
8451,2026-06-12T16:45:00+00:00,1.0,0.0
8452,2026-06-12T16:50:00+00:00,1.0,0.0
8453,2026-06-12T16:55:00+00:00,1.0,0.0
8454,2026-06-12T17:00:00+00:00,1.0,0.0
8455,2026-06-12T17:05:00+00:00,1.0,0.0
8456,2026-06-12T17:10:00+00:00,1.0,0.0
8457,2026-06-12T17:15:00+00:00,1.0,0.0
8458,2026-06-12T17:20:00+00:00,1.0,0.0
8459,2026-06-12T17:25:00+00:00,1.0,0.0
8460,2026-06-12T17:30:00+00:00,1.0,0.0
8461,2026-06-12T17:35:00+00:00,1.0,0.0
8462,2026-06-12T17:40:00+00:00,1.0,0.0
8463,2026-06-12T17:45:00+00:00,1.0,0.0
8464,2026-06-12T17:50:00+00:00,1.0,0.0
8465,2026-06-12T17:55:00+00:00,1.0,0.0
8466,2026-06-12T18:00:00+00:00,1.0,0.0
8467,2026-06-12T18:05:00+00:00,1.0,0.0
8468,2026-06-12T18:10:00+00:00,1.0,0.0
8469,2026-06-12T18:15:00+00:00,1.0,0.0
8470,2026-06-12T18:20:00+00:00,1.0,0.0
8471,2026-06-12T18:25:00+00:00,1.0,0.0
8472,2026-06-12T18:30:00+00:00,1.0,0.0
8473,2026-06-12T18:35:00+00:00,1.0,0.0
8474,2026-06-12T18:40:00+00:00,1.0,0.0
8475,2026-06-12T18:45:00+00:00,1.0,0.0
8476,2026-06-12T18:50:00+00:00,1.0,0.0
8477,2026-06-12T18:55:00+00:00,1.0,0.0
8478,2026-06-12T19:00:00+00:00,1.0,0.0
8479,2026-06-12T19:05:00+00:00,1.0,0.0
8480,2026-06-12T19:10:00+00:00,1.0,0.0
8481,2026-06-12T19:15:00+00:00,1.0,0.0
8482,2026-06-12T19:20:00+00:00,1.0,0.0
8483,2026-06-12T19:25:00+00:00,1.0,0.0
8484,2026-06-12T19:30:00+00:00,1.0,0.0
8485,2026-06-12T19:35:00+00:00,1.0,0.0
8486,2026-06-12T19:40:00+00:00,1.0,0.0
8487,2026-06-12T19:45:00+00:00,1.0,0.0
8488,2026-06-12T19:50:00+00:00,1.0,0.0
8489,2026-06-12T19:55:00+00:00,1.0,0.0
8490,2026-06-12T20:00:00+00:00,1.0,0.0
8491,2026-06-12T20:05:00+00:00,1.0,0.0
8492,2026-06-12T20:10:00+00:00,1.0,0.0
8493,2026-06-12T20:15:00+00:00,1.0,0.0
8494,2026-06-12T20:20:00+00:00,1.0,0.0
8495,2026-06-12T20:25:00+00:00,1.0,0.0
8496,2026-06-12T20:30:00+00:00,1.0,0.0
8497,2026-06-12T20:35:00+00:00,1.0,0.0
8498,2026-06-12T20:40:00+00:00,1.0,0.0
8499,2026-06-12T20:45:00+00:00,1.0,0.0
8500,2026-06-12T20:50:00+00:00,1.0,0.0
8501,2026-06-12T20:55:00+00:00,1.0,0.0
8502,2026-06-14T22:00:00+00:00,1.0,0.0
8503,2026-06-14T22:05:00+00:00,1.0,0.0
8504,2026-06-14T22:10:00+00:00,1.0,0.0
8505,2026-06-14T22:15:00+00:00,1.0,0.0
8506,2026-06-14T22:20:00+00:00,1.0,0.0
8507,2026-06-14T22:25:00+00:00,1.0,0.0
8508,2026-06-14T22:30:00+00:00,1.0,0.0
8509,2026-06-14T22:35:00+00:00,1.0,0.0
8510,2026-06-14T22:40:00+00:00,1.0,0.0
8511,2026-06-14T22:45:00+00:00,1.0,0.0
8512,2026-06-14T22:50:00+00:00,1.0,0.0
8513,2026-06-14T22:55:00+00:00,1.0,0.0
8514,2026-06-14T23:00:00+00:00,1.0,0.0
8515,2026-06-14T23:05:00+00:00,1.0,0.0
8516,2026-06-14T23:10:00+00:00,1.0,0.0
8517,2026-06-14T23:15:00+00:00,1.0,0.0
8518,2026-06-14T23:20:00+00:00,1.0,0.0
8519,2026-06-14T23:25:00+00:00,1.0,0.0
8520,2026-06-14T23:30:00+00:00,1.0,0.0
8521,2026-06-14T23:35:00+00:00,1.0,0.0
8522,2026-06-14T23:40:00+00:00,1.0,0.0
8523,2026-06-14T23:45:00+00:00,1.0,0.0
8524,2026-06-14T23:50:00+00:00,1.0,0.0
8525,2026-06-14T23:55:00+00:00,1.0,0.0
8526,2026-06-15T00:00:00+00:00,1.0,0.0
8527,2026-06-15T00:05:00+00:00,1.0,0.0
8528,2026-06-15T00:10:00+00:00,1.0,0.0
8529,2026-06-15T00:15:00+00:00,1.0,0.0
8530,2026-06-15T00:20:00+00:00,1.0,0.0
8531,2026-06-15T00:25:00+00:00,1.0,0.0
8532,2026-06-15T00:30:00+00:00,1.0,0.0
8533,2026-06-15T00:35:00+00:00,1.0,0.0
8534,2026-06-15T00:40:00+00:00,1.0,0.0
8535,2026-06-15T00:45:00+00:00,1.0,0.0
8536,2026-06-15T00:50:00+00:00,1.0,0.0
8537,2026-06-15T00:55:00+00:00,1.0,0.0
8538,2026-06-15T01:00:00+00:00,1.0,0.0
8539,2026-06-15T01:05:00+00:00,1.0,0.0
8540,2026-06-15T01:10:00+00:00,1.0,0.0
8541,2026-06-15T01:15:00+00:00,1.0,0.0
8542,2026-06-15T01:20:00+00:00,1.0,0.0
8543,2026-06-15T01:25:00+00:00,1.0,0.0
8544,2026-06-15T01:30:00+00:00,1.0,0.0
8545,2026-06-15T01:35:00+00:00,1.0,0.0
8546,2026-06-15T01:40:00+00:00,1.0,0.0
8547,2026-06-15T01:45:00+00:00,1.0,0.0
8548,2026-06-15T01:50:00+00:00,1.0,0.0
8549,2026-06-15T01:55:00+00:00,1.0,0.0
8550,2026-06-15T02:00:00+00:00,1.0,0.0
8551,2026-06-15T02:05:00+00:00,1.0,0.0
8552,2026-06-15T02:10:00+00:00,1.0,0.0
8553,2026-06-15T02:15:00+00:00,1.0,0.0
8554,2026-06-15T02:20:00+00:00,1.0,0.0
8555,2026-06-15T02:25:00+00:00,1.0,0.0
8556,2026-06-15T02:30:00+00:00,1.0,0.0
8557,2026-06-15T02:35:00+00:00,1.0,0.0
8558,2026-06-15T02:40:00+00:00,1.0,0.0
8559,2026-06-15T02:45:00+00:00,1.0,0.0
8560,2026-06-15T02:50:00+00:00,1.0,0.0
8561,2026-06-15T02:55:00+00:00,1.0,0.0
8562,2026-06-15T03:00:00+00:00,1.0,0.0
8563,2026-06-15T03:05:00+00:00,1.0,0.0
8564,2026-06-15T03:10:00+00:00,1.0,0.0
8565,2026-06-15T03:15:00+00:00,1.0,0.0
8566,2026-06-15T03:20:00+00:00,1.0,0.0
8567,2026-06-15T03:25:00+00:00,1.0,0.0
8568,2026-06-15T03:30:00+00:00,1.0,0.0
8569,2026-06-15T03:35:00+00:00,1.0,0.0
8570,2026-06-15T03:40:00+00:00,1.0,0.0
8571,2026-06-15T03:45:00+00:00,1.0,0.0
8572,2026-06-15T03:50:00+00:00,1.0,0.0
8573,2026-06-15T03:55:00+00:00,1.0,0.0
8574,2026-06-15T04:00:00+00:00,1.0,0.0
8575,2026-06-15T04:05:00+00:00,1.0,0.0
8576,2026-06-15T04:10:00+00:00,1.0,0.0
8577,2026-06-15T04:15:00+00:00,1.0,0.0
8578,2026-06-15T04:20:00+00:00,1.0,0.0
8579,2026-06-15T04:25:00+00:00,1.0,0.0
8580,2026-06-15T04:30:00+00:00,1.0,0.0
8581,2026-06-15T04:35:00+00:00,1.0,0.0
8582,2026-06-15T04:40:00+00:00,1.0,0.0
8583,2026-06-15T04:45:00+00:00,1.0,0.0
8584,2026-06-15T04:50:00+00:00,1.0,0.0
8585,2026-06-15T04:55:00+00:00,1.0,0.0
8586,2026-06-15T05:00:00+00:00,1.0,0.0
8587,2026-06-15T05:05:00+00:00,1.0,0.0
8588,2026-06-15T05:10:00+00:00,1.0,0.0
8589,2026-06-15T05:15:00+00:00,1.0,0.0
8590,2026-06-15T05:20:00+00:00,1.0,0.0
8591,2026-06-15T05:25:00+00:00,1.0,0.0
8592,2026-06-15T05:30:00+00:00,1.0,0.0
8593,2026-06-15T05:35:00+00:00,1.0,0.0
8594,2026-06-15T05:40:00+00:00,1.0,0.0
8595,2026-06-15T05:45:00+00:00,1.0,0.0
8596,2026-06-15T05:50:00+00:00,1.0,0.0
8597,2026-06-15T05:55:00+00:00,1.0,0.0
8598,2026-06-15T06:00:00+00:00,1.0,0.0
8599,2026-06-15T06:05:00+00:00,1.0,0.0
8600,2026-06-15T06:10:00+00:00,1.0,0.0
8601,2026-06-15T06:15:00+00:00,1.0,0.0
8602,2026-06-15T06:20:00+00:00,1.0,0.0
8603,2026-06-15T06:25:00+00:00,1.0,0.0
8604,2026-06-15T06:30:00+00:00,1.0,0.0
8605,2026-06-15T06:35:00+00:00,1.0,0.0
8606,2026-06-15T06:40:00+00:00,1.0,0.0
8607,2026-06-15T06:45:00+00:00,1.0,0.0
8608,2026-06-15T06:50:00+00:00,1.0,0.0
8609,2026-06-15T06:55:00+00:00,1.0,0.0
8610,2026-06-15T07:00:00+00:00,1.0,0.0
8611,2026-06-15T07:05:00+00:00,1.0,0.0
8612,2026-06-15T07:10:00+00:00,1.0,0.0
8613,2026-06-15T07:15:00+00:00,1.0,0.0
8614,2026-06-15T07:20:00+00:00,1.0,0.0
8615,2026-06-15T07:25:00+00:00,1.0,0.0
8616,2026-06-15T07:30:00+00:00,1.0,0.0
8617,2026-06-15T07:35:00+00:00,1.0,0.0
8618,2026-06-15T07:40:00+00:00,1.0,0.0
8619,2026-06-15T07:45:00+00:00,1.0,0.0
8620,2026-06-15T07:50:00+00:00,1.0,0.0
8621,2026-06-15T07:55:00+00:00,1.0,0.0
8622,2026-06-15T08:00:00+00:00,1.0,0.0
8623,2026-06-15T08:05:00+00:00,1.0,0.0
8624,2026-06-15T08:10:00+00:00,1.0,0.0
8625,2026-06-15T08:15:00+00:00,1.0,0.0
8626,2026-06-15T08:20:00+00:00,1.0,0.0
8627,2026-06-15T08:25:00+00:00,1.0,0.0
8628,2026-06-15T08:30:00+00:00,1.0,0.0
8629,2026-06-15T08:35:00+00:00,1.0,0.0
8630,2026-06-15T08:40:00+00:00,1.0,0.0
8631,2026-06-15T08:45:00+00:00,1.0,0.0
8632,2026-06-15T08:50:00+00:00,1.0,0.0
8633,2026-06-15T08:55:00+00:00,1.0,0.0
8634,2026-06-15T09:00:00+00:00,1.0,0.0
8635,2026-06-15T09:05:00+00:00,1.0,0.0
8636,2026-06-15T09:10:00+00:00,1.0,0.0
8637,2026-06-15T09:15:00+00:00,1.0,0.0
8638,2026-06-15T09:20:00+00:00,1.0,0.0
8639,2026-06-15T09:25:00+00:00,1.0,0.0
8640,2026-06-15T09:30:00+00:00,1.0,0.0
8641,2026-06-15T09:35:00+00:00,1.0,0.0
8642,2026-06-15T09:40:00+00:00,1.0,0.0
8643,2026-06-15T09:45:00+00:00,1.0,0.0
8644,2026-06-15T09:50:00+00:00,1.0,0.0
8645,2026-06-15T09:55:00+00:00,1.0,0.0
8646,2026-06-15T10:00:00+00:00,1.0,0.0
8647,2026-06-15T10:05:00+00:00,1.0,0.0
8648,2026-06-15T10:10:00+00:00,1.0,0.0
8649,2026-06-15T10:15:00+00:00,1.0,0.0
8650,2026-06-15T10:20:00+00:00,1.0,0.0
8651,2026-06-15T10:25:00+00:00,1.0,0.0
8652,2026-06-15T10:30:00+00:00,1.0,0.0
8653,2026-06-15T10:35:00+00:00,1.0,0.0
8654,2026-06-15T10:40:00+00:00,1.0,0.0
8655,2026-06-15T10:45:00+00:00,1.0,0.0
8656,2026-06-15T10:50:00+00:00,1.0,0.0
8657,2026-06-15T10:55:00+00:00,1.0,0.0
8658,2026-06-15T11:00:00+00:00,1.0,0.0
8659,2026-06-15T11:05:00+00:00,1.0,0.0
8660,2026-06-15T11:10:00+00:00,1.0,0.0
8661,2026-06-15T11:15:00+00:00,1.0,0.0
8662,2026-06-15T11:20:00+00:00,1.0,0.0
8663,2026-06-15T11:25:00+00:00,1.0,0.0
8664,2026-06-15T11:30:00+00:00,1.0,0.0
8665,2026-06-15T11:35:00+00:00,1.0,0.0
8666,2026-06-15T11:40:00+00:00,1.0,0.0
8667,2026-06-15T11:45:00+00:00,1.0,0.0
8668,2026-06-15T11:50:00+00:00,1.0,0.0
8669,2026-06-15T11:55:00+00:00,1.0,0.0
8670,2026-06-15T12:00:00+00:00,1.0,0.0
8671,2026-06-15T12:05:00+00:00,1.0,0.0
8672,2026-06-15T12:10:00+00:00,1.0,0.0
8673,2026-06-15T12:15:00+00:00,1.0,0.0
8674,2026-06-15T12:20:00+00:00,1.0,0.0
8675,2026-06-15T12:25:00+00:00,1.0,0.0
8676,2026-06-15T12:30:00+00:00,1.0,0.0
8677,2026-06-15T12:35:00+00:00,1.0,0.0
8678,2026-06-15T12:40:00+00:00,1.0,0.0
8679,2026-06-15T12:45:00+00:00,1.0,0.0
8680,2026-06-15T12:50:00+00:00,1.0,0.0
8681,2026-06-15T12:55:00+00:00,1.0,0.0
8682,2026-06-15T13:00:00+00:00,1.0,0.0
8683,2026-06-15T13:05:00+00:00,1.0,0.0
8684,2026-06-15T13:10:00+00:00,1.0,0.0
8685,2026-06-15T13:15:00+00:00,1.0,0.0
8686,2026-06-15T13:20:00+00:00,1.0,0.0
8687,2026-06-15T13:25:00+00:00,1.0,0.0
8688,2026-06-15T13:30:00+00:00,1.0,0.0
8689,2026-06-15T13:35:00+00:00,1.0,0.0
8690,2026-06-15T13:40:00+00:00,1.0,0.0
8691,2026-06-15T13:45:00+00:00,1.0,0.0
8692,2026-06-15T13:50:00+00:00,1.0,0.0
8693,2026-06-15T13:55:00+00:00,1.0,0.0
8694,2026-06-15T14:00:00+00:00,1.0,0.0
8695,2026-06-15T14:05:00+00:00,1.0,0.0
8696,2026-06-15T14:10:00+00:00,1.0,0.0
8697,2026-06-15T14:15:00+00:00,1.0,0.0
8698,2026-06-15T14:20:00+00:00,1.0,0.0
8699,2026-06-15T14:25:00+00:00,1.0,0.0
8700,2026-06-15T14:30:00+00:00,1.0,0.0
8701,2026-06-15T14:35:00+00:00,1.0,0.0
8702,2026-06-15T14:40:00+00:00,1.0,0.0
8703,2026-06-15T14:45:00+00:00,1.0,0.0
8704,2026-06-15T14:50:00+00:00,1.0,0.0
8705,2026-06-15T14:55:00+00:00,1.0,0.0
8706,2026-06-15T15:00:00+00:00,1.0,0.0
8707,2026-06-15T15:05:00+00:00,1.0,0.0
8708,2026-06-15T15:10:00+00:00,1.0,0.0
8709,2026-06-15T15:15:00+00:00,1.0,0.0
8710,2026-06-15T15:20:00+00:00,1.0,0.0
8711,2026-06-15T15:25:00+00:00,1.0,0.0
8712,2026-06-15T15:30:00+00:00,1.0,0.0
8713,2026-06-15T15:35:00+00:00,1.0,0.0
8714,2026-06-15T15:40:00+00:00,1.0,0.0
8715,2026-06-15T15:45:00+00:00,1.0,0.0
8716,2026-06-15T15:50:00+00:00,1.0,0.0
8717,2026-06-15T15:55:00+00:00,1.0,0.0
8718,2026-06-15T16:00:00+00:00,1.0,0.0
8719,2026-06-15T16:05:00+00:00,1.0,0.0
8720,2026-06-15T16:10:00+00:00,1.0,0.0
8721,2026-06-15T16:15:00+00:00,1.0,0.0
8722,2026-06-15T16:20:00+00:00,1.0,0.0
8723,2026-06-15T16:25:00+00:00,1.0,0.0
8724,2026-06-15T16:30:00+00:00,1.0,0.0
8725,2026-06-15T16:35:00+00:00,1.0,0.0
8726,2026-06-15T16:40:00+00:00,1.0,0.0
8727,2026-06-15T16:45:00+00:00,1.0,0.0
8728,2026-06-15T16:50:00+00:00,1.0,0.0
8729,2026-06-15T16:55:00+00:00,1.0,0.0
8730,2026-06-15T17:00:00+00:00,1.0,0.0
8731,2026-06-15T17:05:00+00:00,1.0,0.0
8732,2026-06-15T17:10:00+00:00,1.0,0.0
8733,2026-06-15T17:15:00+00:00,1.0,0.0
8734,2026-06-15T17:20:00+00:00,1.0,0.0
8735,2026-06-15T17:25:00+00:00,1.0,0.0
8736,2026-06-15T17:30:00+00:00,1.0,0.0
8737,2026-06-15T17:35:00+00:00,1.0,0.0
8738,2026-06-15T17:40:00+00:00,1.0,0.0
8739,2026-06-15T17:45:00+00:00,1.0,0.0
8740,2026-06-15T17:50:00+00:00,1.0,0.0
8741,2026-06-15T17:55:00+00:00,1.0,0.0
8742,2026-06-15T18:00:00+00:00,1.0,0.0
8743,2026-06-15T18:05:00+00:00,1.0,0.0
8744,2026-06-15T18:10:00+00:00,1.0,0.0
8745,2026-06-15T18:15:00+00:00,1.0,0.0
8746,2026-06-15T18:20:00+00:00,1.0,0.0
8747,2026-06-15T18:25:00+00:00,1.0,0.0
8748,2026-06-15T18:30:00+00:00,1.0,0.0
8749,2026-06-15T18:35:00+00:00,1.0,0.0
8750,2026-06-15T18:40:00+00:00,1.0,0.0
8751,2026-06-15T18:45:00+00:00,1.0,0.0
8752,2026-06-15T18:50:00+00:00,1.0,0.0
8753,2026-06-15T18:55:00+00:00,1.0,0.0
8754,2026-06-15T19:00:00+00:00,1.0,0.0
8755,2026-06-15T19:05:00+00:00,1.0,0.0
8756,2026-06-15T19:10:00+00:00,1.0,0.0
8757,2026-06-15T19:15:00+00:00,1.0,0.0
8758,2026-06-15T19:20:00+00:00,1.0,0.0
8759,2026-06-15T19:25:00+00:00,1.0,0.0
8760,2026-06-15T19:30:00+00:00,1.0,0.0
8761,2026-06-15T19:35:00+00:00,1.0,0.0
8762,2026-06-15T19:40:00+00:00,1.0,0.0
8763,2026-06-15T19:45:00+00:00,1.0,0.0
8764,2026-06-15T19:50:00+00:00,1.0,0.0
8765,2026-06-15T19:55:00+00:00,1.0,0.0
8766,2026-06-15T20:00:00+00:00,1.0,0.0
8767,2026-06-15T20:05:00+00:00,1.0,0.0
8768,2026-06-15T20:10:00+00:00,1.0,0.0
8769,2026-06-15T20:15:00+00:00,1.0,0.0
8770,2026-06-15T20:20:00+00:00,1.0,0.0
8771,2026-06-15T20:25:00+00:00,1.0,0.0
8772,2026-06-15T20:30:00+00:00,1.0,0.0
8773,2026-06-15T20:35:00+00:00,1.0,0.0
8774,2026-06-15T20:40:00+00:00,1.0,0.0
8775,2026-06-15T20:45:00+00:00,1.0,0.0
8776,2026-06-15T20:50:00+00:00,1.0,0.0
8777,2026-06-15T20:55:00+00:00,1.0,0.0
8778,2026-06-15T22:00:00+00:00,1.0,0.0
8779,2026-06-15T22:05:00+00:00,1.0,0.0
8780,2026-06-15T22:10:00+00:00,1.0,0.0
8781,2026-06-15T22:15:00+00:00,1.0,0.0
8782,2026-06-15T22:20:00+00:00,1.0,0.0
8783,2026-06-15T22:25:00+00:00,1.0,0.0
8784,2026-06-15T22:30:00+00:00,1.0,0.0
8785,2026-06-15T22:35:00+00:00,1.0,0.0
8786,2026-06-15T22:40:00+00:00,1.0,0.0
8787,2026-06-15T22:45:00+00:00,1.0,0.0
8788,2026-06-15T22:50:00+00:00,1.0,0.0
8789,2026-06-15T22:55:00+00:00,1.0,0.0
8790,2026-06-15T23:00:00+00:00,1.0,0.0
8791,2026-06-15T23:05:00+00:00,1.0,0.0
8792,2026-06-15T23:10:00+00:00,1.0,0.0
8793,2026-06-15T23:15:00+00:00,1.0,0.0
8794,2026-06-15T23:20:00+00:00,1.0,0.0
8795,2026-06-15T23:25:00+00:00,1.0,0.0
8796,2026-06-15T23:30:00+00:00,1.0,0.0
8797,2026-06-15T23:35:00+00:00,1.0,0.0
8798,2026-06-15T23:40:00+00:00,1.0,0.0
8799,2026-06-15T23:45:00+00:00,1.0,0.0
8800,2026-06-15T23:50:00+00:00,1.0,0.0
8801,2026-06-15T23:55:00+00:00,1.0,0.0
8802,2026-06-16T00:00:00+00:00,1.0,0.0
8803,2026-06-16T00:05:00+00:00,1.0,0.0
8804,2026-06-16T00:10:00+00:00,1.0,0.0
8805,2026-06-16T00:15:00+00:00,1.0,0.0
8806,2026-06-16T00:20:00+00:00,1.0,0.0
8807,2026-06-16T00:25:00+00:00,1.0,0.0
8808,2026-06-16T00:30:00+00:00,1.0,0.0
8809,2026-06-16T00:35:00+00:00,1.0,0.0
8810,2026-06-16T00:40:00+00:00,1.0,0.0
8811,2026-06-16T00:45:00+00:00,1.0,0.0
8812,2026-06-16T00:50:00+00:00,1.0,0.0
8813,2026-06-16T00:55:00+00:00,1.0,0.0
8814,2026-06-16T01:00:00+00:00,1.0,0.0
8815,2026-06-16T01:05:00+00:00,1.0,0.0
8816,2026-06-16T01:10:00+00:00,1.0,0.0
8817,2026-06-16T01:15:00+00:00,1.0,0.0
8818,2026-06-16T01:20:00+00:00,1.0,0.0
8819,2026-06-16T01:25:00+00:00,1.0,0.0
8820,2026-06-16T01:30:00+00:00,1.0,0.0
8821,2026-06-16T01:35:00+00:00,1.0,0.0
8822,2026-06-16T01:40:00+00:00,1.0,0.0
8823,2026-06-16T01:45:00+00:00,1.0,0.0
8824,2026-06-16T01:50:00+00:00,1.0,0.0
8825,2026-06-16T01:55:00+00:00,1.0,0.0
8826,2026-06-16T02:00:00+00:00,1.0,0.0
8827,2026-06-16T02:05:00+00:00,1.0,0.0
8828,2026-06-16T02:10:00+00:00,1.0,0.0
8829,2026-06-16T02:15:00+00:00,1.0,0.0
8830,2026-06-16T02:20:00+00:00,1.0,0.0
8831,2026-06-16T02:25:00+00:00,1.0,0.0
8832,2026-06-16T02:30:00+00:00,1.0,0.0
8833,2026-06-16T02:35:00+00:00,1.0,0.0
8834,2026-06-16T02:40:00+00:00,1.0,0.0
8835,2026-06-16T02:45:00+00:00,1.0,0.0
8836,2026-06-16T02:50:00+00:00,1.0,0.0
8837,2026-06-16T02:55:00+00:00,0.0,1.0
8838,2026-06-16T03:00:00+00:00,0.0,1.0
8839,2026-06-16T03:05:00+00:00,0.0,1.0
8840,2026-06-16T03:10:00+00:00,0.0,1.0
8841,2026-06-16T03:15:00+00:00,0.0,1.0
8842,2026-06-16T03:20:00+00:00,0.0,1.0
8843,2026-06-16T03:25:00+00:00,0.0,1.0
8844,2026-06-16T03:30:00+00:00,0.0,1.0
8845,2026-06-16T03:35:00+00:00,0.0,1.0
8846,2026-06-16T03:40:00+00:00,0.0,1.0
8847,2026-06-16T03:45:00+00:00,0.0,1.0
8848,2026-06-16T03:50:00+00:00,0.0,1.0
8849,2026-06-16T03:55:00+00:00,0.0,1.0
8850,2026-06-16T04:00:00+00:00,0.0,1.0
8851,2026-06-16T04:05:00+00:00,0.0,1.0
8852,2026-06-16T04:10:00+00:00,0.0,1.0
8853,2026-06-16T04:15:00+00:00,0.0,1.0
8854,2026-06-16T04:20:00+00:00,0.0,1.0
8855,2026-06-16T04:25:00+00:00,0.0,1.0
8856,2026-06-16T04:30:00+00:00,0.0,1.0
8857,2026-06-16T04:35:00+00:00,0.0,1.0
8858,2026-06-16T04:40:00+00:00,0.0,1.0
8859,2026-06-16T04:45:00+00:00,0.0,1.0
8860,2026-06-16T04:50:00+00:00,0.0,1.0
8861,2026-06-16T04:55:00+00:00,0.0,1.0
8862,2026-06-16T05:00:00+00:00,0.0,1.0
8863,2026-06-16T05:05:00+00:00,0.0,1.0
8864,2026-06-16T05:10:00+00:00,0.0,1.0
8865,2026-06-16T05:15:00+00:00,0.0,1.0
8866,2026-06-16T05:20:00+00:00,0.0,1.0
8867,2026-06-16T05:25:00+00:00,0.0,1.0
8868,2026-06-16T05:30:00+00:00,0.0,1.0
8869,2026-06-16T05:35:00+00:00,0.0,1.0
8870,2026-06-16T05:40:00+00:00,0.0,1.0
8871,2026-06-16T05:45:00+00:00,0.0,1.0
8872,2026-06-16T05:50:00+00:00,0.0,1.0
8873,2026-06-16T05:55:00+00:00,-1.0,2.0
8874,2026-06-16T06:00:00+00:00,-1.0,2.0
8875,2026-06-16T06:05:00+00:00,-1.0,2.0
8876,2026-06-16T06:10:00+00:00,-1.0,2.0
8877,2026-06-16T06:15:00+00:00,-1.0,2.0
8878,2026-06-16T06:20:00+00:00,-1.0,2.0
8879,2026-06-16T06:25:00+00:00,-1.0,2.0
8880,2026-06-16T06:30:00+00:00,-1.0,2.0
8881,2026-06-16T06:35:00+00:00,-1.0,2.0
8882,2026-06-16T06:40:00+00:00,-1.0,2.0
8883,2026-06-16T06:45:00+00:00,-1.0,2.0
8884,2026-06-16T06:50:00+00:00,-1.0,2.0
8885,2026-06-16T06:55:00+00:00,-1.0,2.0
8886,2026-06-16T07:00:00+00:00,-1.0,2.0
8887,2026-06-16T07:05:00+00:00,-1.0,2.0
8888,2026-06-16T07:10:00+00:00,-1.0,2.0
8889,2026-06-16T07:15:00+00:00,-1.0,2.0
8890,2026-06-16T07:20:00+00:00,-1.0,2.0
8891,2026-06-16T07:25:00+00:00,-1.0,2.0
8892,2026-06-16T07:30:00+00:00,-1.0,2.0
8893,2026-06-16T07:35:00+00:00,-1.0,2.0
8894,2026-06-16T07:40:00+00:00,-1.0,2.0
8895,2026-06-16T07:45:00+00:00,-1.0,2.0
8896,2026-06-16T07:50:00+00:00,-1.0,2.0
8897,2026-06-16T07:55:00+00:00,-1.0,2.0
8898,2026-06-16T08:00:00+00:00,-1.0,2.0
8899,2026-06-16T08:05:00+00:00,-1.0,2.0
8900,2026-06-16T08:10:00+00:00,-1.0,2.0
8901,2026-06-16T08:15:00+00:00,-1.0,2.0
8902,2026-06-16T08:20:00+00:00,-1.0,2.0
8903,2026-06-16T08:25:00+00:00,-1.0,2.0
8904,2026-06-16T08:30:00+00:00,-1.0,2.0
8905,2026-06-16T08:35:00+00:00,-1.0,2.0
8906,2026-06-16T08:40:00+00:00,-1.0,2.0
8907,2026-06-16T08:45:00+00:00,-1.0,2.0
8908,2026-06-16T08:50:00+00:00,-1.0,2.0
8909,2026-06-16T08:55:00+00:00,-1.0,2.0
8910,2026-06-16T09:00:00+00:00,-1.0,2.0
8911,2026-06-16T09:05:00+00:00,-1.0,2.0
8912,2026-06-16T09:10:00+00:00,-1.0,2.0
8913,2026-06-16T09:15:00+00:00,-1.0,2.0
8914,2026-06-16T09:20:00+00:00,-1.0,2.0
8915,2026-06-16T09:25:00+00:00,-1.0,2.0
8916,2026-06-16T09:30:00+00:00,-1.0,2.0
8917,2026-06-16T09:35:00+00:00,-1.0,2.0
8918,2026-06-16T09:40:00+00:00,-1.0,2.0
8919,2026-06-16T09:45:00+00:00,-1.0,2.0
8920,2026-06-16T09:50:00+00:00,-1.0,2.0
8921,2026-06-16T09:55:00+00:00,-1.0,2.0
8922,2026-06-16T10:00:00+00:00,-1.0,2.0
8923,2026-06-16T10:05:00+00:00,-1.0,2.0
8924,2026-06-16T10:10:00+00:00,-1.0,2.0
8925,2026-06-16T10:15:00+00:00,-1.0,2.0
8926,2026-06-16T10:20:00+00:00,-1.0,2.0
8927,2026-06-16T10:25:00+00:00,-1.0,2.0
8928,2026-06-16T10:30:00+00:00,-1.0,2.0
8929,2026-06-16T10:35:00+00:00,-1.0,2.0
8930,2026-06-16T10:40:00+00:00,-1.0,2.0
8931,2026-06-16T10:45:00+00:00,-1.0,2.0
8932,2026-06-16T10:50:00+00:00,-1.0,2.0
8933,2026-06-16T10:55:00+00:00,-1.0,2.0
8934,2026-06-16T11:00:00+00:00,-1.0,2.0
8935,2026-06-16T11:05:00+00:00,-1.0,2.0
8936,2026-06-16T11:10:00+00:00,-1.0,2.0
8937,2026-06-16T11:15:00+00:00,-1.0,2.0
8938,2026-06-16T11:20:00+00:00,-1.0,2.0
8939,2026-06-16T11:25:00+00:00,-1.0,2.0
8940,2026-06-16T11:30:00+00:00,-1.0,2.0
8941,2026-06-16T11:35:00+00:00,-1.0,2.0
8942,2026-06-16T11:40:00+00:00,-1.0,2.0
8943,2026-06-16T11:45:00+00:00,-1.0,2.0
8944,2026-06-16T11:50:00+00:00,-1.0,2.0
8945,2026-06-16T11:55:00+00:00,-1.0,2.0
8946,2026-06-16T12:00:00+00:00,-1.0,2.0
8947,2026-06-16T12:05:00+00:00,-1.0,2.0
8948,2026-06-16T12:10:00+00:00,-1.0,2.0
8949,2026-06-16T12:15:00+00:00,-1.0,2.0
8950,2026-06-16T12:20:00+00:00,-1.0,2.0
8951,2026-06-16T12:25:00+00:00,-1.0,2.0
8952,2026-06-16T12:30:00+00:00,-1.0,2.0
8953,2026-06-16T12:35:00+00:00,-1.0,2.0
8954,2026-06-16T12:40:00+00:00,-1.0,2.0
8955,2026-06-16T12:45:00+00:00,-1.0,2.0
8956,2026-06-16T12:50:00+00:00,-1.0,2.0
8957,2026-06-16T12:55:00+00:00,-1.0,2.0
8958,2026-06-16T13:00:00+00:00,-1.0,2.0
8959,2026-06-16T13:05:00+00:00,-1.0,2.0
8960,2026-06-16T13:10:00+00:00,-1.0,2.0
8961,2026-06-16T13:15:00+00:00,-1.0,2.0
8962,2026-06-16T13:20:00+00:00,-1.0,2.0
8963,2026-06-16T13:25:00+00:00,-1.0,2.0
8964,2026-06-16T13:30:00+00:00,-1.0,2.0
8965,2026-06-16T13:35:00+00:00,-1.0,2.0
8966,2026-06-16T13:40:00+00:00,-1.0,2.0
8967,2026-06-16T13:45:00+00:00,-1.0,2.0
8968,2026-06-16T13:50:00+00:00,-1.0,2.0
8969,2026-06-16T13:55:00+00:00,-1.0,2.0
8970,2026-06-16T14:00:00+00:00,-1.0,2.0
8971,2026-06-16T14:05:00+00:00,-1.0,2.0
8972,2026-06-16T14:10:00+00:00,-1.0,2.0
8973,2026-06-16T14:15:00+00:00,-1.0,2.0
8974,2026-06-16T14:20:00+00:00,-1.0,2.0
8975,2026-06-16T14:25:00+00:00,-1.0,2.0
8976,2026-06-16T14:30:00+00:00,-1.0,2.0
8977,2026-06-16T14:35:00+00:00,-1.0,2.0
8978,2026-06-16T14:40:00+00:00,-1.0,2.0
8979,2026-06-16T14:45:00+00:00,-1.0,2.0
8980,2026-06-16T14:50:00+00:00,-1.0,2.0
8981,2026-06-16T14:55:00+00:00,-1.0,2.0
8982,2026-06-16T15:00:00+00:00,-1.0,2.0
8983,2026-06-16T15:05:00+00:00,-1.0,2.0
8984,2026-06-16T15:10:00+00:00,-1.0,2.0
8985,2026-06-16T15:15:00+00:00,-1.0,2.0
8986,2026-06-16T15:20:00+00:00,-1.0,2.0
8987,2026-06-16T15:25:00+00:00,-1.0,2.0
8988,2026-06-16T15:30:00+00:00,-1.0,2.0
8989,2026-06-16T15:35:00+00:00,-1.0,2.0
8990,2026-06-16T15:40:00+00:00,-1.0,2.0
8991,2026-06-16T15:45:00+00:00,-1.0,2.0
8992,2026-06-16T15:50:00+00:00,-1.0,2.0
8993,2026-06-16T15:55:00+00:00,-1.0,2.0
8994,2026-06-16T16:00:00+00:00,-1.0,2.0
8995,2026-06-16T16:05:00+00:00,-1.0,2.0
8996,2026-06-16T16:10:00+00:00,-1.0,2.0
8997,2026-06-16T16:15:00+00:00,-1.0,2.0
8998,2026-06-16T16:20:00+00:00,-1.0,2.0
8999,2026-06-16T16:25:00+00:00,-1.0,2.0
9000,2026-06-16T16:30:00+00:00,-1.0,2.0
9001,2026-06-16T16:35:00+00:00,-1.0,2.0
9002,2026-06-16T16:40:00+00:00,-1.0,2.0
9003,2026-06-16T16:45:00+00:00,-1.0,2.0
9004,2026-06-16T16:50:00+00:00,-1.0,2.0
9005,2026-06-16T16:55:00+00:00,-1.0,2.0
9006,2026-06-16T17:00:00+00:00,-1.0,2.0
9007,2026-06-16T17:05:00+00:00,-1.0,2.0
9008,2026-06-16T17:10:00+00:00,-1.0,2.0
9009,2026-06-16T17:15:00+00:00,-1.0,2.0
9010,2026-06-16T17:20:00+00:00,-1.0,2.0
9011,2026-06-16T17:25:00+00:00,-1.0,2.0
9012,2026-06-16T17:30:00+00:00,-1.0,2.0
9013,2026-06-16T17:35:00+00:00,-1.0,2.0
9014,2026-06-16T17:40:00+00:00,-1.0,2.0
9015,2026-06-16T17:45:00+00:00,-1.0,2.0
9016,2026-06-16T17:50:00+00:00,-1.0,2.0
9017,2026-06-16T17:55:00+00:00,-1.0,2.0
9018,2026-06-16T18:00:00+00:00,-1.0,2.0
9019,2026-06-16T18:05:00+00:00,-1.0,2.0
9020,2026-06-16T18:10:00+00:00,-1.0,2.0
9021,2026-06-16T18:15:00+00:00,-1.0,2.0
9022,2026-06-16T18:20:00+00:00,-1.0,2.0
9023,2026-06-16T18:25:00+00:00,-1.0,2.0
9024,2026-06-16T18:30:00+00:00,-1.0,2.0
9025,2026-06-16T18:35:00+00:00,-1.0,2.0
9026,2026-06-16T18:40:00+00:00,-1.0,2.0
9027,2026-06-16T18:45:00+00:00,-1.0,2.0
9028,2026-06-16T18:50:00+00:00,-1.0,2.0
9029,2026-06-16T18:55:00+00:00,-1.0,2.0
9030,2026-06-16T19:00:00+00:00,-1.0,2.0
9031,2026-06-16T19:05:00+00:00,-2.0,3.0
9032,2026-06-16T19:10:00+00:00,-2.0,3.0
9033,2026-06-16T19:15:00+00:00,-2.0,3.0
9034,2026-06-16T19:20:00+00:00,-2.0,3.0
9035,2026-06-16T19:25:00+00:00,-2.0,3.0
9036,2026-06-16T19:30:00+00:00,-2.0,3.0
9037,2026-06-16T19:35:00+00:00,-2.0,3.0
9038,2026-06-16T19:40:00+00:00,-2.0,3.0
9039,2026-06-16T19:45:00+00:00,-2.0,3.0
9040,2026-06-16T19:50:00+00:00,-2.0,3.0
9041,2026-06-16T19:55:00+00:00,-2.0,3.0
9042,2026-06-16T20:00:00+00:00,-2.0,3.0
9043,2026-06-16T20:05:00+00:00,-2.0,3.0
9044,2026-06-16T20:10:00+00:00,-2.0,3.0
9045,2026-06-16T20:15:00+00:00,-2.0,3.0
9046,2026-06-16T20:20:00+00:00,-2.0,3.0
9047,2026-06-16T20:25:00+00:00,-2.0,3.0
9048,2026-06-16T20:30:00+00:00,-2.0,3.0
9049,2026-06-16T20:35:00+00:00,-2.0,3.0
9050,2026-06-16T20:40:00+00:00,-2.0,3.0
9051,2026-06-16T20:45:00+00:00,-2.0,3.0
9052,2026-06-16T20:50:00+00:00,-2.0,3.0
9053,2026-06-16T20:55:00+00:00,-2.0,3.0
9054,2026-06-16T22:00:00+00:00,-2.0,3.0
9055,2026-06-16T22:05:00+00:00,-2.0,3.0
9056,2026-06-16T22:10:00+00:00,-2.0,3.0
9057,2026-06-16T22:15:00+00:00,-2.0,3.0
9058,2026-06-16T22:20:00+00:00,-2.0,3.0
9059,2026-06-16T22:25:00+00:00,-2.0,3.0
9060,2026-06-16T22:30:00+00:00,-2.0,3.0
9061,2026-06-16T22:35:00+00:00,-2.0,3.0
9062,2026-06-16T22:40:00+00:00,-2.0,3.0
9063,2026-06-16T22:45:00+00:00,-2.0,3.0
9064,2026-06-16T22:50:00+00:00,-2.0,3.0
9065,2026-06-16T22:55:00+00:00,-2.0,3.0
9066,2026-06-16T23:00:00+00:00,-2.0,3.0
9067,2026-06-16T23:05:00+00:00,-2.0,3.0
9068,2026-06-16T23:10:00+00:00,-2.0,3.0
9069,2026-06-16T23:15:00+00:00,-2.0,3.0
9070,2026-06-16T23:20:00+00:00,-2.0,3.0
9071,2026-06-16T23:25:00+00:00,-2.0,3.0
9072,2026-06-16T23:30:00+00:00,-2.0,3.0
9073,2026-06-16T23:35:00+00:00,-2.0,3.0
9074,2026-06-16T23:40:00+00:00,-2.0,3.0
9075,2026-06-16T23:45:00+00:00,-2.0,3.0
9076,2026-06-16T23:50:00+00:00,-2.0,3.0
9077,2026-06-16T23:55:00+00:00,-2.0,3.0
9078,2026-06-17T00:00:00+00:00,0.0,1.0
9079,2026-06-17T00:05:00+00:00,0.0,1.0
9080,2026-06-17T00:10:00+00:00,0.0,1.0
9081,2026-06-17T00:15:00+00:00,0.0,1.0
9082,2026-06-17T00:20:00+00:00,0.0,1.0
9083,2026-06-17T00:25:00+00:00,0.0,1.0
9084,2026-06-17T00:30:00+00:00,0.0,1.0
9085,2026-06-17T00:35:00+00:00,0.0,1.0
9086,2026-06-17T00:40:00+00:00,0.0,1.0
9087,2026-06-17T00:45:00+00:00,0.0,1.0
9088,2026-06-17T00:50:00+00:00,0.0,1.0
9089,2026-06-17T00:55:00+00:00,0.0,1.0
9090,2026-06-17T01:00:00+00:00,0.0,1.0
9091,2026-06-17T01:05:00+00:00,0.0,1.0
9092,2026-06-17T01:10:00+00:00,0.0,1.0
9093,2026-06-17T01:15:00+00:00,0.0,1.0
9094,2026-06-17T01:20:00+00:00,0.0,1.0
9095,2026-06-17T01:25:00+00:00,0.0,1.0
9096,2026-06-17T01:30:00+00:00,0.0,1.0
9097,2026-06-17T01:35:00+00:00,0.0,1.0
9098,2026-06-17T01:40:00+00:00,0.0,1.0
9099,2026-06-17T01:45:00+00:00,0.0,1.0
9100,2026-06-17T01:50:00+00:00,0.0,1.0
9101,2026-06-17T01:55:00+00:00,0.0,1.0
9102,2026-06-17T02:00:00+00:00,0.0,1.0
9103,2026-06-17T02:05:00+00:00,0.0,1.0
9104,2026-06-17T02:10:00+00:00,0.0,1.0
9105,2026-06-17T02:15:00+00:00,0.0,1.0
9106,2026-06-17T02:20:00+00:00,0.0,1.0
9107,2026-06-17T02:25:00+00:00,0.0,1.0
9108,2026-06-17T02:30:00+00:00,0.0,1.0
9109,2026-06-17T02:35:00+00:00,0.0,1.0
9110,2026-06-17T02:40:00+00:00,0.0,1.0
9111,2026-06-17T02:45:00+00:00,0.0,1.0
9112,2026-06-17T02:50:00+00:00,0.0,1.0
9113,2026-06-17T02:55:00+00:00,0.0,1.0
9114,2026-06-17T03:00:00+00:00,0.0,1.0
9115,2026-06-17T03:05:00+00:00,0.0,1.0
9116,2026-06-17T03:10:00+00:00,0.0,1.0
9117,2026-06-17T03:15:00+00:00,0.0,1.0
9118,2026-06-17T03:20:00+00:00,0.0,1.0
9119,2026-06-17T03:25:00+00:00,0.0,1.0
9120,2026-06-17T03:30:00+00:00,0.0,1.0
9121,2026-06-17T03:35:00+00:00,0.0,1.0
9122,2026-06-17T03:40:00+00:00,0.0,1.0
9123,2026-06-17T03:45:00+00:00,0.0,1.0
9124,2026-06-17T03:50:00+00:00,0.0,1.0
9125,2026-06-17T03:55:00+00:00,0.0,1.0
9126,2026-06-17T04:00:00+00:00,0.0,1.0
9127,2026-06-17T04:05:00+00:00,0.0,1.0
9128,2026-06-17T04:10:00+00:00,0.0,1.0
9129,2026-06-17T04:15:00+00:00,0.0,1.0
9130,2026-06-17T04:20:00+00:00,0.0,1.0
9131,2026-06-17T04:25:00+00:00,0.0,1.0
9132,2026-06-17T04:30:00+00:00,0.0,1.0
9133,2026-06-17T04:35:00+00:00,0.0,1.0
9134,2026-06-17T04:40:00+00:00,0.0,1.0
9135,2026-06-17T04:45:00+00:00,0.0,1.0
9136,2026-06-17T04:50:00+00:00,0.0,1.0
9137,2026-06-17T04:55:00+00:00,0.0,1.0
9138,2026-06-17T05:00:00+00:00,0.0,1.0
9139,2026-06-17T05:05:00+00:00,0.0,1.0
9140,2026-06-17T05:10:00+00:00,0.0,1.0
9141,2026-06-17T05:15:00+00:00,0.0,1.0
9142,2026-06-17T05:20:00+00:00,0.0,1.0
9143,2026-06-17T05:25:00+00:00,0.0,1.0
9144,2026-06-17T05:30:00+00:00,0.0,1.0
9145,2026-06-17T05:35:00+00:00,0.0,1.0
9146,2026-06-17T05:40:00+00:00,0.0,1.0
9147,2026-06-17T05:45:00+00:00,0.0,1.0
9148,2026-06-17T05:50:00+00:00,0.0,1.0
9149,2026-06-17T05:55:00+00:00,0.0,1.0
9150,2026-06-17T06:00:00+00:00,0.0,1.0
9151,2026-06-17T06:05:00+00:00,0.0,1.0
9152,2026-06-17T06:10:00+00:00,0.0,1.0
9153,2026-06-17T06:15:00+00:00,0.0,1.0
9154,2026-06-17T06:20:00+00:00,0.0,1.0
9155,2026-06-17T06:25:00+00:00,0.0,1.0
9156,2026-06-17T06:30:00+00:00,0.0,1.0
9157,2026-06-17T06:35:00+00:00,0.0,1.0
9158,2026-06-17T06:40:00+00:00,0.0,1.0
9159,2026-06-17T06:45:00+00:00,0.0,1.0
9160,2026-06-17T06:50:00+00:00,0.0,1.0
9161,2026-06-17T06:55:00+00:00,0.0,1.0
9162,2026-06-17T07:00:00+00:00,0.0,1.0
9163,2026-06-17T07:05:00+00:00,0.0,1.0
9164,2026-06-17T07:10:00+00:00,0.0,1.0
9165,2026-06-17T07:15:00+00:00,0.0,1.0
9166,2026-06-17T07:20:00+00:00,0.0,1.0
9167,2026-06-17T07:25:00+00:00,0.0,1.0
9168,2026-06-17T07:30:00+00:00,0.0,1.0
9169,2026-06-17T07:35:00+00:00,0.0,1.0
9170,2026-06-17T07:40:00+00:00,0.0,1.0
9171,2026-06-17T07:45:00+00:00,0.0,1.0
9172,2026-06-17T07:50:00+00:00,0.0,1.0
9173,2026-06-17T07:55:00+00:00,0.0,1.0
9174,2026-06-17T08:00:00+00:00,0.0,1.0
9175,2026-06-17T08:05:00+00:00,0.0,1.0
9176,2026-06-17T08:10:00+00:00,0.0,1.0
9177,2026-06-17T08:15:00+00:00,0.0,1.0
9178,2026-06-17T08:20:00+00:00,0.0,1.0
9179,2026-06-17T08:25:00+00:00,0.0,1.0
9180,2026-06-17T08:30:00+00:00,0.0,1.0
9181,2026-06-17T08:35:00+00:00,0.0,1.0
9182,2026-06-17T08:40:00+00:00,0.0,1.0
9183,2026-06-17T08:45:00+00:00,0.0,1.0
9184,2026-06-17T08:50:00+00:00,0.0,1.0
9185,2026-06-17T08:55:00+00:00,0.0,1.0
9186,2026-06-17T09:00:00+00:00,0.0,1.0
9187,2026-06-17T09:05:00+00:00,0.0,1.0
9188,2026-06-17T09:10:00+00:00,0.0,1.0
9189,2026-06-17T09:15:00+00:00,0.0,1.0
9190,2026-06-17T09:20:00+00:00,0.0,1.0
9191,2026-06-17T09:25:00+00:00,0.0,1.0
9192,2026-06-17T09:30:00+00:00,0.0,1.0
9193,2026-06-17T09:35:00+00:00,0.0,1.0
9194,2026-06-17T09:40:00+00:00,0.0,1.0
9195,2026-06-17T09:45:00+00:00,0.0,1.0
9196,2026-06-17T09:50:00+00:00,0.0,1.0
9197,2026-06-17T09:55:00+00:00,0.0,1.0
9198,2026-06-17T10:00:00+00:00,0.0,1.0
9199,2026-06-17T10:05:00+00:00,0.0,1.0
9200,2026-06-17T10:10:00+00:00,0.0,1.0
9201,2026-06-17T10:15:00+00:00,0.0,1.0
9202,2026-06-17T10:20:00+00:00,0.0,1.0
9203,2026-06-17T10:25:00+00:00,0.0,1.0
9204,2026-06-17T10:30:00+00:00,0.0,1.0
9205,2026-06-17T10:35:00+00:00,0.0,1.0
9206,2026-06-17T10:40:00+00:00,0.0,1.0
9207,2026-06-17T10:45:00+00:00,0.0,1.0
9208,2026-06-17T10:50:00+00:00,0.0,1.0
9209,2026-06-17T10:55:00+00:00,0.0,1.0
9210,2026-06-17T11:00:00+00:00,0.0,1.0
9211,2026-06-17T11:05:00+00:00,0.0,1.0
9212,2026-06-17T11:10:00+00:00,0.0,1.0
9213,2026-06-17T11:15:00+00:00,0.0,1.0
9214,2026-06-17T11:20:00+00:00,0.0,1.0
9215,2026-06-17T11:25:00+00:00,0.0,1.0
9216,2026-06-17T11:30:00+00:00,0.0,1.0
9217,2026-06-17T11:35:00+00:00,0.0,1.0
9218,2026-06-17T11:40:00+00:00,0.0,1.0
9219,2026-06-17T11:45:00+00:00,0.0,1.0
9220,2026-06-17T11:50:00+00:00,0.0,1.0
9221,2026-06-17T11:55:00+00:00,0.0,1.0
9222,2026-06-17T12:00:00+00:00,0.0,1.0
9223,2026-06-17T12:05:00+00:00,0.0,1.0
9224,2026-06-17T12:10:00+00:00,0.0,1.0
9225,2026-06-17T12:15:00+00:00,0.0,1.0
9226,2026-06-17T12:20:00+00:00,0.0,1.0
9227,2026-06-17T12:25:00+00:00,0.0,1.0
9228,2026-06-17T12:30:00+00:00,0.0,1.0
9229,2026-06-17T12:35:00+00:00,0.0,1.0
9230,2026-06-17T12:40:00+00:00,0.0,1.0
9231,2026-06-17T12:45:00+00:00,0.0,1.0
9232,2026-06-17T12:50:00+00:00,0.0,1.0
9233,2026-06-17T12:55:00+00:00,0.0,1.0
9234,2026-06-17T13:00:00+00:00,0.0,1.0
9235,2026-06-17T13:05:00+00:00,0.0,1.0
9236,2026-06-17T13:10:00+00:00,0.0,1.0
9237,2026-06-17T13:15:00+00:00,0.0,1.0
9238,2026-06-17T13:20:00+00:00,-1.0,2.0
9239,2026-06-17T13:25:00+00:00,-1.0,2.0
9240,2026-06-17T13:30:00+00:00,-1.0,2.0
9241,2026-06-17T13:35:00+00:00,-1.0,2.0
9242,2026-06-17T13:40:00+00:00,-1.0,2.0
9243,2026-06-17T13:45:00+00:00,-1.0,2.0
9244,2026-06-17T13:50:00+00:00,-1.0,2.0
9245,2026-06-17T13:55:00+00:00,-1.0,2.0
9246,2026-06-17T14:00:00+00:00,-1.0,2.0
9247,2026-06-17T14:05:00+00:00,-1.0,2.0
9248,2026-06-17T14:10:00+00:00,-1.0,2.0
9249,2026-06-17T14:15:00+00:00,-1.0,2.0
9250,2026-06-17T14:20:00+00:00,-1.0,2.0
9251,2026-06-17T14:25:00+00:00,-1.0,2.0
9252,2026-06-17T14:30:00+00:00,-1.0,2.0
9253,2026-06-17T14:35:00+00:00,-1.0,2.0
9254,2026-06-17T14:40:00+00:00,-1.0,2.0
9255,2026-06-17T14:45:00+00:00,-1.0,2.0
9256,2026-06-17T14:50:00+00:00,-1.0,2.0
9257,2026-06-17T14:55:00+00:00,-1.0,2.0
9258,2026-06-17T15:00:00+00:00,-1.0,2.0
9259,2026-06-17T15:05:00+00:00,-1.0,2.0
9260,2026-06-17T15:10:00+00:00,-1.0,2.0
9261,2026-06-17T15:15:00+00:00,-1.0,2.0
9262,2026-06-17T15:20:00+00:00,-1.0,2.0
9263,2026-06-17T15:25:00+00:00,-1.0,2.0
9264,2026-06-17T15:30:00+00:00,-1.0,2.0
9265,2026-06-17T15:35:00+00:00,-1.0,2.0
9266,2026-06-17T15:40:00+00:00,-1.0,2.0
9267,2026-06-17T15:45:00+00:00,-1.0,2.0
9268,2026-06-17T15:50:00+00:00,-1.0,2.0
9269,2026-06-17T15:55:00+00:00,-1.0,2.0
9270,2026-06-17T16:00:00+00:00,-1.0,2.0
9271,2026-06-17T16:05:00+00:00,-1.0,2.0
9272,2026-06-17T16:10:00+00:00,-1.0,2.0
9273,2026-06-17T16:15:00+00:00,-1.0,2.0
9274,2026-06-17T16:20:00+00:00,-1.0,2.0
9275,2026-06-17T16:25:00+00:00,-1.0,2.0
9276,2026-06-17T16:30:00+00:00,-1.0,2.0
9277,2026-06-17T16:35:00+00:00,-1.0,2.0
9278,2026-06-17T16:40:00+00:00,-1.0,2.0
9279,2026-06-17T16:45:00+00:00,-1.0,2.0
9280,2026-06-17T16:50:00+00:00,-1.0,2.0
9281,2026-06-17T16:55:00+00:00,-1.0,2.0
9282,2026-06-17T17:00:00+00:00,-1.0,2.0
9283,2026-06-17T17:05:00+00:00,-1.0,2.0
9284,2026-06-17T17:10:00+00:00,-1.0,2.0
9285,2026-06-17T17:15:00+00:00,-1.0,2.0
9286,2026-06-17T17:20:00+00:00,-1.0,2.0
9287,2026-06-17T17:25:00+00:00,-1.0,2.0
9288,2026-06-17T17:30:00+00:00,-1.0,2.0
9289,2026-06-17T17:35:00+00:00,-1.0,2.0
9290,2026-06-17T17:40:00+00:00,-1.0,2.0
9291,2026-06-17T17:45:00+00:00,-1.0,2.0
9292,2026-06-17T17:50:00+00:00,-1.0,2.0
9293,2026-06-17T17:55:00+00:00,-1.0,2.0
9294,2026-06-17T18:00:00+00:00,-1.0,2.0
9295,2026-06-17T18:05:00+00:00,-1.0,2.0
9296,2026-06-17T18:10:00+00:00,-1.0,2.0
9297,2026-06-17T18:15:00+00:00,-1.0,2.0
9298,2026-06-17T18:20:00+00:00,-1.0,2.0
9299,2026-06-17T18:25:00+00:00,-1.0,2.0
9300,2026-06-17T18:30:00+00:00,-1.0,2.0
9301,2026-06-17T18:35:00+00:00,-1.0,2.0
9302,2026-06-17T18:40:00+00:00,-1.0,2.0
9303,2026-06-17T18:45:00+00:00,-1.0,2.0
9304,2026-06-17T18:50:00+00:00,-1.0,2.0
9305,2026-06-17T18:55:00+00:00,-1.0,2.0
9306,2026-06-17T19:00:00+00:00,-1.0,2.0
9307,2026-06-17T19:05:00+00:00,-1.0,2.0
9308,2026-06-17T19:10:00+00:00,-1.0,2.0
9309,2026-06-17T19:15:00+00:00,-1.0,2.0
9310,2026-06-17T19:20:00+00:00,-1.0,2.0
9311,2026-06-17T19:25:00+00:00,-1.0,2.0
9312,2026-06-17T19:30:00+00:00,-1.0,2.0
9313,2026-06-17T19:35:00+00:00,-1.0,2.0
9314,2026-06-17T19:40:00+00:00,-1.0,2.0
9315,2026-06-17T19:45:00+00:00,-1.0,2.0
9316,2026-06-17T19:50:00+00:00,-1.0,2.0
9317,2026-06-17T19:55:00+00:00,-1.0,2.0
9318,2026-06-17T20:00:00+00:00,-1.0,2.0
9319,2026-06-17T20:05:00+00:00,-1.0,2.0
9320,2026-06-17T20:10:00+00:00,-1.0,2.0
9321,2026-06-17T20:15:00+00:00,-1.0,2.0
9322,2026-06-17T20:20:00+00:00,-1.0,2.0
9323,2026-06-17T20:25:00+00:00,-1.0,2.0
9324,2026-06-17T20:30:00+00:00,-1.0,2.0
9325,2026-06-17T20:35:00+00:00,-1.0,2.0
9326,2026-06-17T20:40:00+00:00,-1.0,2.0
9327,2026-06-17T20:45:00+00:00,-1.0,2.0
9328,2026-06-17T20:50:00+00:00,-1.0,2.0
9329,2026-06-17T20:55:00+00:00,-1.0,2.0
9330,2026-06-17T22:00:00+00:00,-1.0,2.0
9331,2026-06-17T22:05:00+00:00,-1.0,2.0
9332,2026-06-17T22:10:00+00:00,-1.0,2.0
9333,2026-06-17T22:15:00+00:00,-1.0,2.0
9334,2026-06-17T22:20:00+00:00,-1.0,2.0
9335,2026-06-17T22:25:00+00:00,-1.0,2.0
9336,2026-06-17T22:30:00+00:00,-1.0,2.0
9337,2026-06-17T22:35:00+00:00,-1.0,2.0
9338,2026-06-17T22:40:00+00:00,-1.0,2.0
9339,2026-06-17T22:45:00+00:00,-1.0,2.0
9340,2026-06-17T22:50:00+00:00,-1.0,2.0
9341,2026-06-17T22:55:00+00:00,-1.0,2.0
9342,2026-06-17T23:00:00+00:00,-1.0,2.0
9343,2026-06-17T23:05:00+00:00,-1.0,2.0
9344,2026-06-17T23:10:00+00:00,-1.0,2.0
9345,2026-06-17T23:15:00+00:00,-1.0,2.0
9346,2026-06-17T23:20:00+00:00,-1.0,2.0
9347,2026-06-17T23:25:00+00:00,-1.0,2.0
9348,2026-06-17T23:30:00+00:00,-1.0,2.0
9349,2026-06-17T23:35:00+00:00,-1.0,2.0
9350,2026-06-17T23:40:00+00:00,-1.0,2.0
9351,2026-06-17T23:45:00+00:00,-1.0,2.0
9352,2026-06-17T23:50:00+00:00,-1.0,2.0
9353,2026-06-17T23:55:00+00:00,-1.0,2.0
9354,2026-06-18T00:00:00+00:00,-1.0,2.0
9355,2026-06-18T00:05:00+00:00,-1.0,2.0
9356,2026-06-18T00:10:00+00:00,-1.0,2.0
9357,2026-06-18T00:15:00+00:00,-1.0,2.0
9358,2026-06-18T00:20:00+00:00,-1.0,2.0
9359,2026-06-18T00:25:00+00:00,-1.0,2.0
9360,2026-06-18T00:30:00+00:00,-1.0,2.0
9361,2026-06-18T00:35:00+00:00,-1.0,2.0
9362,2026-06-18T00:40:00+00:00,-1.0,2.0
9363,2026-06-18T00:45:00+00:00,-1.0,2.0
9364,2026-06-18T00:50:00+00:00,-1.0,2.0
9365,2026-06-18T00:55:00+00:00,-1.0,2.0
9366,2026-06-18T01:00:00+00:00,-1.0,2.0
9367,2026-06-18T01:05:00+00:00,-1.0,2.0
9368,2026-06-18T01:10:00+00:00,-1.0,2.0
9369,2026-06-18T01:15:00+00:00,-1.0,2.0
9370,2026-06-18T01:20:00+00:00,-1.0,2.0
9371,2026-06-18T01:25:00+00:00,-1.0,2.0
9372,2026-06-18T01:30:00+00:00,-1.0,2.0
9373,2026-06-18T01:35:00+00:00,-1.0,2.0
9374,2026-06-18T01:40:00+00:00,-1.0,2.0
9375,2026-06-18T01:45:00+00:00,-1.0,2.0
9376,2026-06-18T01:50:00+00:00,-1.0,2.0
9377,2026-06-18T01:55:00+00:00,-1.0,2.0
9378,2026-06-18T02:00:00+00:00,-1.0,2.0
9379,2026-06-18T02:05:00+00:00,-1.0,2.0
9380,2026-06-18T02:10:00+00:00,-1.0,2.0
9381,2026-06-18T02:15:00+00:00,-1.0,2.0
9382,2026-06-18T02:20:00+00:00,-1.0,2.0
9383,2026-06-18T02:25:00+00:00,-1.0,2.0
9384,2026-06-18T02:30:00+00:00,-1.0,2.0
9385,2026-06-18T02:35:00+00:00,-1.0,2.0
9386,2026-06-18T02:40:00+00:00,-1.0,2.0
9387,2026-06-18T02:45:00+00:00,-1.0,2.0
9388,2026-06-18T02:50:00+00:00,-1.0,2.0
9389,2026-06-18T02:55:00+00:00,-1.0,2.0
9390,2026-06-18T03:00:00+00:00,-1.0,2.0
9391,2026-06-18T03:05:00+00:00,-1.0,2.0
9392,2026-06-18T03:10:00+00:00,-1.0,2.0
9393,2026-06-18T03:15:00+00:00,-1.0,2.0
9394,2026-06-18T03:20:00+00:00,-1.0,2.0
9395,2026-06-18T03:25:00+00:00,-1.0,2.0
9396,2026-06-18T03:30:00+00:00,-1.0,2.0
9397,2026-06-18T03:35:00+00:00,-1.0,2.0
9398,2026-06-18T03:40:00+00:00,-1.0,2.0
9399,2026-06-18T03:45:00+00:00,-1.0,2.0
9400,2026-06-18T03:50:00+00:00,-1.0,2.0
9401,2026-06-18T03:55:00+00:00,-1.0,2.0
9402,2026-06-18T04:00:00+00:00,-1.0,2.0
9403,2026-06-18T04:05:00+00:00,-1.0,2.0
9404,2026-06-18T04:10:00+00:00,-1.0,2.0
9405,2026-06-18T04:15:00+00:00,-1.0,2.0
9406,2026-06-18T04:20:00+00:00,-1.0,2.0
9407,2026-06-18T04:25:00+00:00,-1.0,2.0
9408,2026-06-18T04:30:00+00:00,-1.0,2.0
9409,2026-06-18T04:35:00+00:00,-1.0,2.0
9410,2026-06-18T04:40:00+00:00,-1.0,2.0
9411,2026-06-18T04:45:00+00:00,-1.0,2.0
9412,2026-06-18T04:50:00+00:00,-1.0,2.0
9413,2026-06-18T04:55:00+00:00,-1.0,2.0
9414,2026-06-18T05:00:00+00:00,-1.0,2.0
9415,2026-06-18T05:05:00+00:00,-1.0,2.0
9416,2026-06-18T05:10:00+00:00,-1.0,2.0
9417,2026-06-18T05:15:00+00:00,-1.0,2.0
9418,2026-06-18T05:20:00+00:00,-1.0,2.0
9419,2026-06-18T05:25:00+00:00,-1.0,2.0
9420,2026-06-18T05:30:00+00:00,-1.0,2.0
9421,2026-06-18T05:35:00+00:00,-1.0,2.0
9422,2026-06-18T05:40:00+00:00,-1.0,2.0
9423,2026-06-18T05:45:00+00:00,-1.0,2.0
9424,2026-06-18T05:50:00+00:00,-1.0,2.0
9425,2026-06-18T05:55:00+00:00,-1.0,2.0
9426,2026-06-18T06:00:00+00:00,-1.0,2.0
9427,2026-06-18T06:05:00+00:00,-1.0,2.0
9428,2026-06-18T06:10:00+00:00,-1.0,2.0
9429,2026-06-18T06:15:00+00:00,-1.0,2.0
9430,2026-06-18T06:20:00+00:00,-1.0,2.0
9431,2026-06-18T06:25:00+00:00,-1.0,2.0
9432,2026-06-18T06:30:00+00:00,-1.0,2.0
9433,2026-06-18T06:35:00+00:00,-1.0,2.0
9434,2026-06-18T06:40:00+00:00,-1.0,2.0
9435,2026-06-18T06:45:00+00:00,-1.0,2.0
9436,2026-06-18T06:50:00+00:00,-1.0,2.0
9437,2026-06-18T06:55:00+00:00,-1.0,2.0
9438,2026-06-18T07:00:00+00:00,-1.0,2.0
9439,2026-06-18T07:05:00+00:00,-1.0,2.0
9440,2026-06-18T07:10:00+00:00,-1.0,2.0
9441,2026-06-18T07:15:00+00:00,-1.0,2.0
9442,2026-06-18T07:20:00+00:00,-1.0,2.0
9443,2026-06-18T07:25:00+00:00,-1.0,2.0
9444,2026-06-18T07:30:00+00:00,-1.0,2.0
9445,2026-06-18T07:35:00+00:00,-1.0,2.0
9446,2026-06-18T07:40:00+00:00,-1.0,2.0
9447,2026-06-18T07:45:00+00:00,-1.0,2.0
9448,2026-06-18T07:50:00+00:00,-1.0,2.0
9449,2026-06-18T07:55:00+00:00,-1.0,2.0
9450,2026-06-18T08:00:00+00:00,-1.0,2.0
9451,2026-06-18T08:05:00+00:00,-1.0,2.0
9452,2026-06-18T08:10:00+00:00,-1.0,2.0
9453,2026-06-18T08:15:00+00:00,-1.0,2.0
9454,2026-06-18T08:20:00+00:00,-1.0,2.0
9455,2026-06-18T08:25:00+00:00,-1.0,2.0
9456,2026-06-18T08:30:00+00:00,-1.0,2.0
9457,2026-06-18T08:35:00+00:00,-1.0,2.0
9458,2026-06-18T08:40:00+00:00,-1.0,2.0
9459,2026-06-18T08:45:00+00:00,-1.0,2.0
9460,2026-06-18T08:50:00+00:00,-1.0,2.0
9461,2026-06-18T08:55:00+00:00,-1.0,2.0
9462,2026-06-18T09:00:00+00:00,-1.0,2.0
9463,2026-06-18T09:05:00+00:00,-1.0,2.0
9464,2026-06-18T09:10:00+00:00,-1.0,2.0
9465,2026-06-18T09:15:00+00:00,-1.0,2.0
9466,2026-06-18T09:20:00+00:00,-1.0,2.0
9467,2026-06-18T09:25:00+00:00,-1.0,2.0
9468,2026-06-18T09:30:00+00:00,-1.0,2.0
9469,2026-06-18T09:35:00+00:00,-1.0,2.0
9470,2026-06-18T09:40:00+00:00,-1.0,2.0
9471,2026-06-18T09:45:00+00:00,-1.0,2.0
9472,2026-06-18T09:50:00+00:00,-1.0,2.0
9473,2026-06-18T09:55:00+00:00,-1.0,2.0
9474,2026-06-18T10:00:00+00:00,-1.0,2.0
9475,2026-06-18T10:05:00+00:00,-1.0,2.0
9476,2026-06-18T10:10:00+00:00,-1.0,2.0
9477,2026-06-18T10:15:00+00:00,-1.0,2.0
9478,2026-06-18T10:20:00+00:00,-1.0,2.0
9479,2026-06-18T10:25:00+00:00,-1.0,2.0
9480,2026-06-18T10:30:00+00:00,-1.0,2.0
9481,2026-06-18T10:35:00+00:00,-1.0,2.0
9482,2026-06-18T10:40:00+00:00,-1.0,2.0
9483,2026-06-18T10:45:00+00:00,-1.0,2.0
9484,2026-06-18T10:50:00+00:00,-1.0,2.0
9485,2026-06-18T10:55:00+00:00,-1.0,2.0
9486,2026-06-18T11:00:00+00:00,-1.0,2.0
9487,2026-06-18T11:05:00+00:00,-1.0,2.0
9488,2026-06-18T11:10:00+00:00,-1.0,2.0
9489,2026-06-18T11:15:00+00:00,-1.0,2.0
9490,2026-06-18T11:20:00+00:00,-1.0,2.0
9491,2026-06-18T11:25:00+00:00,-1.0,2.0
9492,2026-06-18T11:30:00+00:00,-1.0,2.0
9493,2026-06-18T11:35:00+00:00,-1.0,2.0
9494,2026-06-18T11:40:00+00:00,-1.0,2.0
9495,2026-06-18T11:45:00+00:00,-1.0,2.0
9496,2026-06-18T11:50:00+00:00,-1.0,2.0
9497,2026-06-18T11:55:00+00:00,-1.0,2.0
9498,2026-06-18T12:00:00+00:00,-1.0,2.0
9499,2026-06-18T12:05:00+00:00,-1.0,2.0
9500,2026-06-18T12:10:00+00:00,-1.0,2.0
9501,2026-06-18T12:15:00+00:00,-1.0,2.0
9502,2026-06-18T12:20:00+00:00,-1.0,2.0
9503,2026-06-18T12:25:00+00:00,-1.0,2.0
9504,2026-06-18T12:30:00+00:00,-1.0,2.0
9505,2026-06-18T12:35:00+00:00,-1.0,2.0
9506,2026-06-18T12:40:00+00:00,-1.0,2.0
9507,2026-06-18T12:45:00+00:00,-1.0,2.0
9508,2026-06-18T12:50:00+00:00,-1.0,2.0
9509,2026-06-18T12:55:00+00:00,-1.0,2.0
9510,2026-06-18T13:00:00+00:00,-1.0,2.0
9511,2026-06-18T13:05:00+00:00,-1.0,2.0
9512,2026-06-18T13:10:00+00:00,-1.0,2.0
9513,2026-06-18T13:15:00+00:00,-1.0,2.0
9514,2026-06-18T13:20:00+00:00,-1.0,2.0
9515,2026-06-18T13:25:00+00:00,-1.0,2.0
9516,2026-06-18T13:30:00+00:00,-1.0,2.0
9517,2026-06-18T13:35:00+00:00,-1.0,2.0
9518,2026-06-18T13:40:00+00:00,-1.0,2.0
9519,2026-06-18T13:45:00+00:00,-1.0,2.0
9520,2026-06-18T13:50:00+00:00,-1.0,2.0
9521,2026-06-18T13:55:00+00:00,-1.0,2.0
9522,2026-06-18T14:00:00+00:00,-1.0,2.0
9523,2026-06-18T14:05:00+00:00,-1.0,2.0
9524,2026-06-18T14:10:00+00:00,-1.0,2.0
9525,2026-06-18T14:15:00+00:00,-1.0,2.0
9526,2026-06-18T14:20:00+00:00,-1.0,2.0
9527,2026-06-18T14:25:00+00:00,-1.0,2.0
9528,2026-06-18T14:30:00+00:00,-1.0,2.0
9529,2026-06-18T14:35:00+00:00,-1.0,2.0
9530,2026-06-18T14:40:00+00:00,-1.0,2.0
9531,2026-06-18T14:45:00+00:00,-1.0,2.0
9532,2026-06-18T14:50:00+00:00,-1.0,2.0
9533,2026-06-18T14:55:00+00:00,-1.0,2.0
9534,2026-06-18T15:00:00+00:00,-1.0,2.0
9535,2026-06-18T15:05:00+00:00,-1.0,2.0
9536,2026-06-18T15:10:00+00:00,-1.0,2.0
9537,2026-06-18T15:15:00+00:00,-1.0,2.0
9538,2026-06-18T15:20:00+00:00,-1.0,2.0
9539,2026-06-18T15:25:00+00:00,-1.0,2.0
9540,2026-06-18T15:30:00+00:00,-1.0,2.0
9541,2026-06-18T15:35:00+00:00,-1.0,2.0
9542,2026-06-18T15:40:00+00:00,-1.0,2.0
9543,2026-06-18T15:45:00+00:00,-1.0,2.0
9544,2026-06-18T15:50:00+00:00,-1.0,2.0
9545,2026-06-18T15:55:00+00:00,-1.0,2.0
9546,2026-06-18T16:00:00+00:00,-1.0,2.0
9547,2026-06-18T16:05:00+00:00,-1.0,2.0
9548,2026-06-18T16:10:00+00:00,-1.0,2.0
9549,2026-06-18T16:15:00+00:00,-1.0,2.0
9550,2026-06-18T16:20:00+00:00,-1.0,2.0
9551,2026-06-18T16:25:00+00:00,-1.0,2.0
9552,2026-06-18T16:30:00+00:00,-1.0,2.0
9553,2026-06-18T16:35:00+00:00,-1.0,2.0
9554,2026-06-18T16:40:00+00:00,-1.0,2.0
9555,2026-06-18T16:45:00+00:00,-1.0,2.0
9556,2026-06-18T16:50:00+00:00,-1.0,2.0
9557,2026-06-18T16:55:00+00:00,-1.0,2.0
9558,2026-06-18T17:00:00+00:00,-1.0,2.0
9559,2026-06-18T17:05:00+00:00,-1.0,2.0
9560,2026-06-18T17:10:00+00:00,-1.0,2.0
9561,2026-06-18T17:15:00+00:00,-1.0,2.0
9562,2026-06-18T17:20:00+00:00,-1.0,2.0
9563,2026-06-18T17:25:00+00:00,-1.0,2.0
9564,2026-06-18T17:30:00+00:00,-1.0,2.0
9565,2026-06-18T17:35:00+00:00,-1.0,2.0
9566,2026-06-18T17:40:00+00:00,-1.0,2.0
9567,2026-06-18T17:45:00+00:00,-1.0,2.0
9568,2026-06-18T17:50:00+00:00,-1.0,2.0
9569,2026-06-18T17:55:00+00:00,-1.0,2.0
9570,2026-06-18T18:00:00+00:00,-1.0,2.0
9571,2026-06-18T18:05:00+00:00,-1.0,2.0
9572,2026-06-18T18:10:00+00:00,-1.0,2.0
9573,2026-06-18T18:15:00+00:00,-1.0,2.0
9574,2026-06-18T18:20:00+00:00,-1.0,2.0
9575,2026-06-18T18:25:00+00:00,-1.0,2.0
9576,2026-06-18T18:30:00+00:00,-1.0,2.0
9577,2026-06-18T18:35:00+00:00,-1.0,2.0
9578,2026-06-18T18:40:00+00:00,-1.0,2.0
9579,2026-06-18T18:45:00+00:00,-1.0,2.0
9580,2026-06-18T18:50:00+00:00,-1.0,2.0
9581,2026-06-18T18:55:00+00:00,-1.0,2.0
9582,2026-06-18T19:00:00+00:00,-1.0,2.0
9583,2026-06-18T19:05:00+00:00,-1.0,2.0
9584,2026-06-18T19:10:00+00:00,-1.0,2.0
9585,2026-06-18T19:15:00+00:00,-1.0,2.0
9586,2026-06-18T19:20:00+00:00,-1.0,2.0
9587,2026-06-18T19:25:00+00:00,-1.0,2.0
9588,2026-06-18T19:30:00+00:00,-1.0,2.0
9589,2026-06-18T19:35:00+00:00,-1.0,2.0
9590,2026-06-18T19:40:00+00:00,-1.0,2.0
9591,2026-06-18T19:45:00+00:00,-1.0,2.0
9592,2026-06-18T19:50:00+00:00,-1.0,2.0
9593,2026-06-18T19:55:00+00:00,-1.0,2.0
9594,2026-06-18T20:00:00+00:00,-1.0,2.0
9595,2026-06-18T20:05:00+00:00,-1.0,2.0
9596,2026-06-18T20:10:00+00:00,-1.0,2.0
9597,2026-06-18T20:15:00+00:00,-1.0,2.0
9598,2026-06-18T20:20:00+00:00,-1.0,2.0
9599,2026-06-18T20:25:00+00:00,-1.0,2.0
9600,2026-06-18T20:30:00+00:00,-1.0,2.0
9601,2026-06-18T20:35:00+00:00,-1.0,2.0
9602,2026-06-18T20:40:00+00:00,-1.0,2.0
9603,2026-06-18T20:45:00+00:00,-1.0,2.0
9604,2026-06-18T20:50:00+00:00,-1.0,2.0
9605,2026-06-18T20:55:00+00:00,-1.0,2.0
9606,2026-06-18T22:00:00+00:00,-1.0,2.0
9607,2026-06-18T22:05:00+00:00,-1.0,2.0
9608,2026-06-18T22:10:00+00:00,-1.0,2.0
9609,2026-06-18T22:15:00+00:00,-1.0,2.0
9610,2026-06-18T22:20:00+00:00,-1.0,2.0
9611,2026-06-18T22:25:00+00:00,-1.0,2.0
9612,2026-06-18T22:30:00+00:00,-1.0,2.0
9613,2026-06-18T22:35:00+00:00,-1.0,2.0
9614,2026-06-18T22:40:00+00:00,-1.0,2.0
9615,2026-06-18T22:45:00+00:00,-1.0,2.0
9616,2026-06-18T22:50:00+00:00,-1.0,2.0
9617,2026-06-18T22:55:00+00:00,-1.0,2.0
9618,2026-06-18T23:00:00+00:00,-1.0,2.0
9619,2026-06-18T23:05:00+00:00,-1.0,2.0
9620,2026-06-18T23:10:00+00:00,-1.0,2.0
9621,2026-06-18T23:15:00+00:00,-1.0,2.0
9622,2026-06-18T23:20:00+00:00,-1.0,2.0
9623,2026-06-18T23:25:00+00:00,-1.0,2.0
9624,2026-06-18T23:30:00+00:00,-1.0,2.0
9625,2026-06-18T23:35:00+00:00,-1.0,2.0
9626,2026-06-18T23:40:00+00:00,-1.0,2.0
9627,2026-06-18T23:45:00+00:00,-1.0,2.0
9628,2026-06-18T23:50:00+00:00,-1.0,2.0
9629,2026-06-18T23:55:00+00:00,-1.0,2.0
9630,2026-06-19T00:00:00+00:00,-1.0,2.0
9631,2026-06-19T00:05:00+00:00,-1.0,2.0
9632,2026-06-19T00:10:00+00:00,-1.0,2.0
9633,2026-06-19T00:15:00+00:00,-1.0,2.0
9634,2026-06-19T00:20:00+00:00,-1.0,2.0
9635,2026-06-19T00:25:00+00:00,-1.0,2.0
9636,2026-06-19T00:30:00+00:00,-1.0,2.0
9637,2026-06-19T00:35:00+00:00,-1.0,2.0
9638,2026-06-19T00:40:00+00:00,-1.0,2.0
9639,2026-06-19T00:45:00+00:00,-1.0,2.0
9640,2026-06-19T00:50:00+00:00,-1.0,2.0
9641,2026-06-19T00:55:00+00:00,-1.0,2.0
9642,2026-06-19T01:00:00+00:00,-1.0,2.0
9643,2026-06-19T01:05:00+00:00,-1.0,2.0
9644,2026-06-19T01:10:00+00:00,-1.0,2.0
9645,2026-06-19T01:15:00+00:00,-1.0,2.0
9646,2026-06-19T01:20:00+00:00,-1.0,2.0
9647,2026-06-19T01:25:00+00:00,-1.0,2.0
9648,2026-06-19T01:30:00+00:00,-1.0,2.0
9649,2026-06-19T01:35:00+00:00,-1.0,2.0
9650,2026-06-19T01:40:00+00:00,-1.0,2.0
9651,2026-06-19T01:45:00+00:00,-1.0,2.0
9652,2026-06-19T01:50:00+00:00,-1.0,2.0
9653,2026-06-19T01:55:00+00:00,-1.0,2.0
9654,2026-06-19T02:00:00+00:00,-1.0,2.0
9655,2026-06-19T02:05:00+00:00,-1.0,2.0
9656,2026-06-19T02:10:00+00:00,-1.0,2.0
9657,2026-06-19T02:15:00+00:00,-1.0,2.0
9658,2026-06-19T02:20:00+00:00,-1.0,2.0
9659,2026-06-19T02:25:00+00:00,-1.0,2.0
9660,2026-06-19T02:30:00+00:00,-1.0,2.0
9661,2026-06-19T02:35:00+00:00,-1.0,2.0
9662,2026-06-19T02:40:00+00:00,-1.0,2.0
9663,2026-06-19T02:45:00+00:00,-1.0,2.0
9664,2026-06-19T02:50:00+00:00,-1.0,2.0
9665,2026-06-19T02:55:00+00:00,-1.0,2.0
9666,2026-06-19T03:00:00+00:00,-2.0,3.0
9667,2026-06-19T03:05:00+00:00,-2.0,3.0
9668,2026-06-19T03:10:00+00:00,-2.0,3.0
9669,2026-06-19T03:15:00+00:00,-2.0,3.0
9670,2026-06-19T03:20:00+00:00,-2.0,3.0
9671,2026-06-19T03:25:00+00:00,-2.0,3.0
9672,2026-06-19T03:30:00+00:00,-2.0,3.0
9673,2026-06-19T03:35:00+00:00,-2.0,3.0
9674,2026-06-19T03:40:00+00:00,-2.0,3.0
9675,2026-06-19T03:45:00+00:00,-2.0,3.0
9676,2026-06-19T03:50:00+00:00,-2.0,3.0
9677,2026-06-19T03:55:00+00:00,-2.0,3.0
9678,2026-06-19T04:00:00+00:00,-2.0,3.0
9679,2026-06-19T04:05:00+00:00,-2.0,3.0
9680,2026-06-19T04:10:00+00:00,-2.0,3.0
9681,2026-06-19T04:15:00+00:00,-2.0,3.0
9682,2026-06-19T04:20:00+00:00,-2.0,3.0
9683,2026-06-19T04:25:00+00:00,-2.0,3.0
9684,2026-06-19T04:30:00+00:00,-2.0,3.0
9685,2026-06-19T04:35:00+00:00,-2.0,3.0
9686,2026-06-19T04:40:00+00:00,-2.0,3.0
9687,2026-06-19T04:45:00+00:00,-2.0,3.0
9688,2026-06-19T04:50:00+00:00,-2.0,3.0
9689,2026-06-19T04:55:00+00:00,-2.0,3.0
9690,2026-06-19T05:00:00+00:00,-2.0,3.0
9691,2026-06-19T05:05:00+00:00,-2.0,3.0
9692,2026-06-19T05:10:00+00:00,-2.0,3.0
9693,2026-06-19T05:15:00+00:00,-2.0,3.0
9694,2026-06-19T05:20:00+00:00,-2.0,3.0
9695,2026-06-19T05:25:00+00:00,-2.0,3.0
9696,2026-06-19T05:30:00+00:00,-2.0,3.0
9697,2026-06-19T05:35:00+00:00,-2.0,3.0
9698,2026-06-19T05:40:00+00:00,-2.0,3.0
9699,2026-06-19T05:45:00+00:00,-2.0,3.0
9700,2026-06-19T05:50:00+00:00,-2.0,3.0
9701,2026-06-19T05:55:00+00:00,-2.0,3.0
9702,2026-06-19T06:00:00+00:00,-2.0,3.0
9703,2026-06-19T06:05:00+00:00,-2.0,3.0
9704,2026-06-19T06:10:00+00:00,-2.0,3.0
9705,2026-06-19T06:15:00+00:00,-2.0,3.0
9706,2026-06-19T06:20:00+00:00,-2.0,3.0
9707,2026-06-19T06:25:00+00:00,-2.0,3.0
9708,2026-06-19T06:30:00+00:00,-2.0,3.0
9709,2026-06-19T06:35:00+00:00,-2.0,3.0
9710,2026-06-19T06:40:00+00:00,-2.0,3.0
9711,2026-06-19T06:45:00+00:00,-2.0,3.0
9712,2026-06-19T06:50:00+00:00,-2.0,3.0
9713,2026-06-19T06:55:00+00:00,-2.0,3.0
9714,2026-06-19T07:00:00+00:00,-2.0,3.0
9715,2026-06-19T07:05:00+00:00,-2.0,3.0
9716,2026-06-19T07:10:00+00:00,-2.0,3.0
9717,2026-06-19T07:15:00+00:00,-2.0,3.0
9718,2026-06-19T07:20:00+00:00,-2.0,3.0
9719,2026-06-19T07:25:00+00:00,-2.0,3.0
9720,2026-06-19T07:30:00+00:00,-2.0,3.0
9721,2026-06-19T07:35:00+00:00,-2.0,3.0
9722,2026-06-19T07:40:00+00:00,-2.0,3.0
9723,2026-06-19T07:45:00+00:00,-2.0,3.0
9724,2026-06-19T07:50:00+00:00,-2.0,3.0
9725,2026-06-19T07:55:00+00:00,-2.0,3.0
9726,2026-06-19T08:00:00+00:00,-2.0,3.0
9727,2026-06-19T08:05:00+00:00,-2.0,3.0
9728,2026-06-19T08:10:00+00:00,-2.0,3.0
9729,2026-06-19T08:15:00+00:00,-2.0,3.0
9730,2026-06-19T08:20:00+00:00,-2.0,3.0
9731,2026-06-19T08:25:00+00:00,-2.0,3.0
9732,2026-06-19T08:30:00+00:00,-2.0,3.0
9733,2026-06-19T08:35:00+00:00,-2.0,3.0
9734,2026-06-19T08:40:00+00:00,-2.0,3.0
9735,2026-06-19T08:45:00+00:00,-2.0,3.0
9736,2026-06-19T08:50:00+00:00,-2.0,3.0
9737,2026-06-19T08:55:00+00:00,-2.0,3.0
9738,2026-06-19T09:00:00+00:00,-2.0,3.0
9739,2026-06-19T09:05:00+00:00,-2.0,3.0
9740,2026-06-19T09:10:00+00:00,-2.0,3.0
9741,2026-06-19T09:15:00+00:00,-2.0,3.0
9742,2026-06-19T09:20:00+00:00,-2.0,3.0
9743,2026-06-19T09:25:00+00:00,-2.0,3.0
9744,2026-06-19T09:30:00+00:00,-2.0,3.0
9745,2026-06-19T09:35:00+00:00,-2.0,3.0
9746,2026-06-19T09:40:00+00:00,-2.0,3.0
9747,2026-06-19T09:45:00+00:00,-2.0,3.0
9748,2026-06-19T09:50:00+00:00,-2.0,3.0
9749,2026-06-19T09:55:00+00:00,-2.0,3.0
9750,2026-06-19T10:00:00+00:00,-2.0,3.0
9751,2026-06-19T10:05:00+00:00,-2.0,3.0
9752,2026-06-19T10:10:00+00:00,-2.0,3.0
9753,2026-06-19T10:15:00+00:00,-2.0,3.0
9754,2026-06-19T10:20:00+00:00,-2.0,3.0
9755,2026-06-19T10:25:00+00:00,-2.0,3.0
9756,2026-06-19T10:30:00+00:00,-2.0,3.0
9757,2026-06-19T10:35:00+00:00,-2.0,3.0
9758,2026-06-19T10:40:00+00:00,-2.0,3.0
9759,2026-06-19T10:45:00+00:00,-2.0,3.0
9760,2026-06-19T10:50:00+00:00,-2.0,3.0
9761,2026-06-19T10:55:00+00:00,-2.0,3.0
9762,2026-06-19T11:00:00+00:00,-2.0,3.0
9763,2026-06-19T11:05:00+00:00,-2.0,3.0
9764,2026-06-19T11:10:00+00:00,-2.0,3.0
9765,2026-06-19T11:15:00+00:00,-2.0,3.0
9766,2026-06-19T11:20:00+00:00,-2.0,3.0
9767,2026-06-19T11:25:00+00:00,-2.0,3.0
9768,2026-06-19T11:30:00+00:00,-2.0,3.0
9769,2026-06-19T11:35:00+00:00,-2.0,3.0
9770,2026-06-19T11:40:00+00:00,-2.0,3.0
9771,2026-06-19T11:45:00+00:00,-2.0,3.0
9772,2026-06-19T11:50:00+00:00,-2.0,3.0
9773,2026-06-19T11:55:00+00:00,-2.0,3.0
9774,2026-06-19T12:00:00+00:00,-2.0,3.0
9775,2026-06-19T12:05:00+00:00,-2.0,3.0
9776,2026-06-19T12:10:00+00:00,-2.0,3.0
9777,2026-06-19T12:15:00+00:00,-2.0,3.0
9778,2026-06-19T12:20:00+00:00,-2.0,3.0
9779,2026-06-19T12:25:00+00:00,-2.0,3.0
9780,2026-06-19T12:30:00+00:00,-2.0,3.0
9781,2026-06-19T12:35:00+00:00,-2.0,3.0
9782,2026-06-19T12:40:00+00:00,-2.0,3.0
9783,2026-06-19T12:45:00+00:00,-2.0,3.0
9784,2026-06-19T12:50:00+00:00,-2.0,3.0
9785,2026-06-19T12:55:00+00:00,-2.0,3.0
9786,2026-06-19T13:00:00+00:00,-2.0,3.0
9787,2026-06-19T13:05:00+00:00,-2.0,3.0
9788,2026-06-19T13:10:00+00:00,-2.0,3.0
9789,2026-06-19T13:15:00+00:00,-2.0,3.0
9790,2026-06-19T13:20:00+00:00,-2.0,3.0
9791,2026-06-19T13:25:00+00:00,-2.0,3.0
9792,2026-06-19T13:30:00+00:00,-2.0,3.0
9793,2026-06-19T13:35:00+00:00,-2.0,3.0
9794,2026-06-19T13:40:00+00:00,-2.0,3.0
9795,2026-06-19T13:45:00+00:00,-2.0,3.0
9796,2026-06-19T13:50:00+00:00,-2.0,3.0
9797,2026-06-19T13:55:00+00:00,-2.0,3.0
9798,2026-06-19T14:00:00+00:00,-2.0,3.0
9799,2026-06-19T14:05:00+00:00,-2.0,3.0
9800,2026-06-19T14:10:00+00:00,-2.0,3.0
9801,2026-06-19T14:15:00+00:00,-2.0,3.0
9802,2026-06-19T14:20:00+00:00,-2.0,3.0
9803,2026-06-19T14:25:00+00:00,-2.0,3.0
9804,2026-06-19T14:30:00+00:00,-2.0,3.0
9805,2026-06-19T14:35:00+00:00,-2.0,3.0
9806,2026-06-19T14:40:00+00:00,-2.0,3.0
9807,2026-06-19T14:45:00+00:00,-2.0,3.0
9808,2026-06-19T14:50:00+00:00,-2.0,3.0
9809,2026-06-19T14:55:00+00:00,-2.0,3.0
9810,2026-06-19T15:00:00+00:00,-2.0,3.0
9811,2026-06-19T15:05:00+00:00,-2.0,3.0
9812,2026-06-19T15:10:00+00:00,-2.0,3.0
9813,2026-06-19T15:15:00+00:00,-2.0,3.0
9814,2026-06-19T15:20:00+00:00,-2.0,3.0
9815,2026-06-19T15:25:00+00:00,-2.0,3.0
9816,2026-06-19T15:30:00+00:00,-2.0,3.0
9817,2026-06-19T15:35:00+00:00,-2.0,3.0
9818,2026-06-19T15:40:00+00:00,-2.0,3.0
9819,2026-06-19T15:45:00+00:00,-2.0,3.0
9820,2026-06-19T15:50:00+00:00,-2.0,3.0
9821,2026-06-19T15:55:00+00:00,-2.0,3.0
9822,2026-06-19T16:00:00+00:00,-2.0,3.0
9823,2026-06-19T16:05:00+00:00,-2.0,3.0
9824,2026-06-19T16:10:00+00:00,-2.0,3.0
9825,2026-06-19T16:15:00+00:00,-2.0,3.0
9826,2026-06-19T16:20:00+00:00,-2.0,3.0
9827,2026-06-19T16:25:00+00:00,-2.0,3.0
9828,2026-06-19T16:30:00+00:00,-2.0,3.0
9829,2026-06-19T16:35:00+00:00,-2.0,3.0
9830,2026-06-19T16:40:00+00:00,-2.0,3.0
9831,2026-06-19T16:45:00+00:00,-2.0,3.0
9832,2026-06-19T16:50:00+00:00,-2.0,3.0
9833,2026-06-19T16:55:00+00:00,-2.0,3.0
9834,2026-06-21T22:00:00+00:00,-2.0,3.0
9835,2026-06-21T22:05:00+00:00,-2.0,3.0
9836,2026-06-21T22:10:00+00:00,-2.0,3.0
9837,2026-06-21T22:15:00+00:00,-2.0,3.0
9838,2026-06-21T22:20:00+00:00,-2.0,3.0
9839,2026-06-21T22:25:00+00:00,-2.0,3.0
9840,2026-06-21T22:30:00+00:00,-2.0,3.0
9841,2026-06-21T22:35:00+00:00,-2.0,3.0
9842,2026-06-21T22:40:00+00:00,-2.0,3.0
9843,2026-06-21T22:45:00+00:00,-2.0,3.0
9844,2026-06-21T22:50:00+00:00,-2.0,3.0
9845,2026-06-21T22:55:00+00:00,-2.0,3.0
9846,2026-06-21T23:00:00+00:00,-2.0,3.0
9847,2026-06-21T23:05:00+00:00,-2.0,3.0
9848,2026-06-21T23:10:00+00:00,-2.0,3.0
9849,2026-06-21T23:15:00+00:00,-2.0,3.0
9850,2026-06-21T23:20:00+00:00,-2.0,3.0
9851,2026-06-21T23:25:00+00:00,-2.0,3.0
9852,2026-06-21T23:30:00+00:00,-2.0,3.0
9853,2026-06-21T23:35:00+00:00,-2.0,3.0
9854,2026-06-21T23:40:00+00:00,-2.0,3.0
9855,2026-06-21T23:45:00+00:00,-2.0,3.0
9856,2026-06-21T23:50:00+00:00,-2.0,3.0
9857,2026-06-21T23:55:00+00:00,-2.0,3.0
9858,2026-06-22T00:00:00+00:00,-2.0,3.0
9859,2026-06-22T00:05:00+00:00,-2.0,3.0
9860,2026-06-22T00:10:00+00:00,-2.0,3.0
9861,2026-06-22T00:15:00+00:00,-2.0,3.0
9862,2026-06-22T00:20:00+00:00,-2.0,3.0
9863,2026-06-22T00:25:00+00:00,-2.0,3.0
9864,2026-06-22T00:30:00+00:00,-2.0,3.0
9865,2026-06-22T00:35:00+00:00,-2.0,3.0
9866,2026-06-22T00:40:00+00:00,-2.0,3.0
9867,2026-06-22T00:45:00+00:00,-2.0,3.0
9868,2026-06-22T00:50:00+00:00,-2.0,3.0
9869,2026-06-22T00:55:00+00:00,-2.0,3.0
9870,2026-06-22T01:00:00+00:00,-2.0,3.0
9871,2026-06-22T01:05:00+00:00,-2.0,3.0
9872,2026-06-22T01:10:00+00:00,-2.0,3.0
9873,2026-06-22T01:15:00+00:00,-2.0,3.0
9874,2026-06-22T01:20:00+00:00,-2.0,3.0
9875,2026-06-22T01:25:00+00:00,-2.0,3.0
9876,2026-06-22T01:30:00+00:00,-2.0,3.0
9877,2026-06-22T01:35:00+00:00,-2.0,3.0
9878,2026-06-22T01:40:00+00:00,-2.0,3.0
9879,2026-06-22T01:45:00+00:00,-2.0,3.0
9880,2026-06-22T01:50:00+00:00,-2.0,3.0
9881,2026-06-22T01:55:00+00:00,-2.0,3.0
9882,2026-06-22T02:00:00+00:00,-2.0,3.0
9883,2026-06-22T02:05:00+00:00,-2.0,3.0
9884,2026-06-22T02:10:00+00:00,-2.0,3.0
9885,2026-06-22T02:15:00+00:00,-2.0,3.0
9886,2026-06-22T02:20:00+00:00,-2.0,3.0
9887,2026-06-22T02:25:00+00:00,-2.0,3.0
9888,2026-06-22T02:30:00+00:00,-2.0,3.0
9889,2026-06-22T02:35:00+00:00,-2.0,3.0
9890,2026-06-22T02:40:00+00:00,-2.0,3.0
9891,2026-06-22T02:45:00+00:00,-2.0,3.0
9892,2026-06-22T02:50:00+00:00,-2.0,3.0
9893,2026-06-22T02:55:00+00:00,-2.0,3.0
9894,2026-06-22T03:00:00+00:00,-2.0,3.0
9895,2026-06-22T03:05:00+00:00,-2.0,3.0
9896,2026-06-22T03:10:00+00:00,-2.0,3.0
9897,2026-06-22T03:15:00+00:00,-2.0,3.0
9898,2026-06-22T03:20:00+00:00,-2.0,3.0
9899,2026-06-22T03:25:00+00:00,-2.0,3.0
9900,2026-06-22T03:30:00+00:00,-2.0,3.0
9901,2026-06-22T03:35:00+00:00,-2.0,3.0
9902,2026-06-22T03:40:00+00:00,-2.0,3.0
9903,2026-06-22T03:45:00+00:00,-2.0,3.0
9904,2026-06-22T03:50:00+00:00,-2.0,3.0
9905,2026-06-22T03:55:00+00:00,-2.0,3.0
9906,2026-06-22T04:00:00+00:00,-2.0,3.0
9907,2026-06-22T04:05:00+00:00,-2.0,3.0
9908,2026-06-22T04:10:00+00:00,-2.0,3.0
9909,2026-06-22T04:15:00+00:00,-2.0,3.0
9910,2026-06-22T04:20:00+00:00,-2.0,3.0
9911,2026-06-22T04:25:00+00:00,-2.0,3.0
9912,2026-06-22T04:30:00+00:00,-2.0,3.0
9913,2026-06-22T04:35:00+00:00,-2.0,3.0
9914,2026-06-22T04:40:00+00:00,-2.0,3.0
9915,2026-06-22T04:45:00+00:00,-2.0,3.0
9916,2026-06-22T04:50:00+00:00,-2.0,3.0
9917,2026-06-22T04:55:00+00:00,-2.0,3.0
9918,2026-06-22T05:00:00+00:00,-2.0,3.0
9919,2026-06-22T05:05:00+00:00,-2.0,3.0
9920,2026-06-22T05:10:00+00:00,-2.0,3.0
9921,2026-06-22T05:15:00+00:00,-2.0,3.0
9922,2026-06-22T05:20:00+00:00,-2.0,3.0
9923,2026-06-22T05:25:00+00:00,-2.0,3.0
9924,2026-06-22T05:30:00+00:00,-2.0,3.0
9925,2026-06-22T05:35:00+00:00,-2.0,3.0
9926,2026-06-22T05:40:00+00:00,-2.0,3.0
9927,2026-06-22T05:45:00+00:00,-2.0,3.0
9928,2026-06-22T05:50:00+00:00,-2.0,3.0
9929,2026-06-22T05:55:00+00:00,-2.0,3.0
9930,2026-06-22T06:00:00+00:00,-2.0,3.0
9931,2026-06-22T06:05:00+00:00,-2.0,3.0
9932,2026-06-22T06:10:00+00:00,-2.0,3.0
9933,2026-06-22T06:15:00+00:00,-2.0,3.0
9934,2026-06-22T06:20:00+00:00,-2.0,3.0
9935,2026-06-22T06:25:00+00:00,-2.0,3.0
9936,2026-06-22T06:30:00+00:00,-2.0,3.0
9937,2026-06-22T06:35:00+00:00,-2.0,3.0
9938,2026-06-22T06:40:00+00:00,-2.0,3.0
9939,2026-06-22T06:45:00+00:00,-2.0,3.0
9940,2026-06-22T06:50:00+00:00,-2.0,3.0
9941,2026-06-22T06:55:00+00:00,-2.0,3.0
9942,2026-06-22T07:00:00+00:00,-2.0,3.0
9943,2026-06-22T07:05:00+00:00,-2.0,3.0
9944,2026-06-22T07:10:00+00:00,-2.0,3.0
9945,2026-06-22T07:15:00+00:00,-2.0,3.0
9946,2026-06-22T07:20:00+00:00,-2.0,3.0
9947,2026-06-22T07:25:00+00:00,-2.0,3.0
9948,2026-06-22T07:30:00+00:00,-2.0,3.0
9949,2026-06-22T07:35:00+00:00,-2.0,3.0
9950,2026-06-22T07:40:00+00:00,-2.0,3.0
9951,2026-06-22T07:45:00+00:00,-2.0,3.0
9952,2026-06-22T07:50:00+00:00,-2.0,3.0
9953,2026-06-22T07:55:00+00:00,-2.0,3.0
9954,2026-06-22T08:00:00+00:00,-2.0,3.0
9955,2026-06-22T08:05:00+00:00,-2.0,3.0
9956,2026-06-22T08:10:00+00:00,-2.0,3.0
9957,2026-06-22T08:15:00+00:00,-2.0,3.0
9958,2026-06-22T08:20:00+00:00,-2.0,3.0
9959,2026-06-22T08:25:00+00:00,-2.0,3.0
9960,2026-06-22T08:30:00+00:00,-2.0,3.0
9961,2026-06-22T08:35:00+00:00,-2.0,3.0
9962,2026-06-22T08:40:00+00:00,-2.0,3.0
9963,2026-06-22T08:45:00+00:00,-2.0,3.0
9964,2026-06-22T08:50:00+00:00,-2.0,3.0
9965,2026-06-22T08:55:00+00:00,-2.0,3.0
9966,2026-06-22T09:00:00+00:00,-2.0,3.0
9967,2026-06-22T09:05:00+00:00,-2.0,3.0
9968,2026-06-22T09:10:00+00:00,-2.0,3.0
9969,2026-06-22T09:15:00+00:00,-2.0,3.0
9970,2026-06-22T09:20:00+00:00,-2.0,3.0
9971,2026-06-22T09:25:00+00:00,-2.0,3.0
9972,2026-06-22T09:30:00+00:00,-2.0,3.0
9973,2026-06-22T09:35:00+00:00,-2.0,3.0
9974,2026-06-22T09:40:00+00:00,-2.0,3.0
9975,2026-06-22T09:45:00+00:00,-2.0,3.0
9976,2026-06-22T09:50:00+00:00,-2.0,3.0
9977,2026-06-22T09:55:00+00:00,-2.0,3.0
9978,2026-06-22T10:00:00+00:00,-2.0,3.0
9979,2026-06-22T10:05:00+00:00,-2.0,3.0
9980,2026-06-22T10:10:00+00:00,-2.0,3.0
9981,2026-06-22T10:15:00+00:00,-2.0,3.0
9982,2026-06-22T10:20:00+00:00,-2.0,3.0
9983,2026-06-22T10:25:00+00:00,-2.0,3.0
9984,2026-06-22T10:30:00+00:00,-2.0,3.0
9985,2026-06-22T10:35:00+00:00,-2.0,3.0
9986,2026-06-22T10:40:00+00:00,-2.0,3.0
9987,2026-06-22T10:45:00+00:00,-2.0,3.0
9988,2026-06-22T10:50:00+00:00,-2.0,3.0
9989,2026-06-22T10:55:00+00:00,-2.0,3.0
9990,2026-06-22T11:00:00+00:00,-2.0,3.0
9991,2026-06-22T11:05:00+00:00,-2.0,3.0
9992,2026-06-22T11:10:00+00:00,-2.0,3.0
9993,2026-06-22T11:15:00+00:00,-2.0,3.0
9994,2026-06-22T11:20:00+00:00,-2.0,3.0
9995,2026-06-22T11:25:00+00:00,-2.0,3.0
9996,2026-06-22T11:30:00+00:00,-2.0,3.0
9997,2026-06-22T11:35:00+00:00,-2.0,3.0
9998,2026-06-22T11:40:00+00:00,-2.0,3.0
9999,2026-06-22T11:45:00+00:00,-2.0,3.0
10000,2026-06-22T11:50:00+00:00,-2.0,3.0
10001,2026-06-22T11:55:00+00:00,-2.0,3.0
10002,2026-06-22T12:00:00+00:00,-2.0,3.0
10003,2026-06-22T12:05:00+00:00,-2.0,3.0
10004,2026-06-22T12:10:00+00:00,-2.0,3.0
10005,2026-06-22T12:15:00+00:00,-2.0,3.0
10006,2026-06-22T12:20:00+00:00,-2.0,3.0
10007,2026-06-22T12:25:00+00:00,-2.0,3.0
10008,2026-06-22T12:30:00+00:00,-2.0,3.0
10009,2026-06-22T12:35:00+00:00,-2.0,3.0
10010,2026-06-22T12:40:00+00:00,-2.0,3.0
10011,2026-06-22T12:45:00+00:00,-2.0,3.0
10012,2026-06-22T12:50:00+00:00,-2.0,3.0
10013,2026-06-22T12:55:00+00:00,-2.0,3.0
10014,2026-06-22T13:00:00+00:00,-2.0,3.0
10015,2026-06-22T13:05:00+00:00,-2.0,3.0
10016,2026-06-22T13:10:00+00:00,-2.0,3.0
10017,2026-06-22T13:15:00+00:00,-2.0,3.0
10018,2026-06-22T13:20:00+00:00,-2.0,3.0
10019,2026-06-22T13:25:00+00:00,-2.0,3.0
10020,2026-06-22T13:30:00+00:00,-2.0,3.0
10021,2026-06-22T13:35:00+00:00,-2.0,3.0
10022,2026-06-22T13:40:00+00:00,-2.0,3.0
10023,2026-06-22T13:45:00+00:00,-2.0,3.0
10024,2026-06-22T13:50:00+00:00,-2.0,3.0
10025,2026-06-22T13:55:00+00:00,-2.0,3.0
10026,2026-06-22T14:00:00+00:00,-2.0,3.0
10027,2026-06-22T14:05:00+00:00,-2.0,3.0
10028,2026-06-22T14:10:00+00:00,-2.0,3.0
10029,2026-06-22T14:15:00+00:00,-2.0,3.0
10030,2026-06-22T14:20:00+00:00,-2.0,3.0
10031,2026-06-22T14:25:00+00:00,-2.0,3.0
10032,2026-06-22T14:30:00+00:00,-2.0,3.0
10033,2026-06-22T14:35:00+00:00,-2.0,3.0
10034,2026-06-22T14:40:00+00:00,-2.0,3.0
10035,2026-06-22T14:45:00+00:00,-2.0,3.0
10036,2026-06-22T14:50:00+00:00,-2.0,3.0
10037,2026-06-22T14:55:00+00:00,-2.0,3.0
10038,2026-06-22T15:00:00+00:00,-2.0,3.0
10039,2026-06-22T15:05:00+00:00,-2.0,3.0
10040,2026-06-22T15:10:00+00:00,-2.0,3.0
10041,2026-06-22T15:15:00+00:00,-2.0,3.0
10042,2026-06-22T15:20:00+00:00,-2.0,3.0
10043,2026-06-22T15:25:00+00:00,-2.0,3.0
10044,2026-06-22T15:30:00+00:00,-2.0,3.0
10045,2026-06-22T15:35:00+00:00,-2.0,3.0
10046,2026-06-22T15:40:00+00:00,-2.0,3.0
10047,2026-06-22T15:45:00+00:00,-2.0,3.0
10048,2026-06-22T15:50:00+00:00,-2.0,3.0
10049,2026-06-22T15:55:00+00:00,-2.0,3.0
10050,2026-06-22T16:00:00+00:00,-2.0,3.0
10051,2026-06-22T16:05:00+00:00,-2.0,3.0
10052,2026-06-22T16:10:00+00:00,-2.0,3.0
10053,2026-06-22T16:15:00+00:00,-2.0,3.0
10054,2026-06-22T16:20:00+00:00,-2.0,3.0
10055,2026-06-22T16:25:00+00:00,-2.0,3.0
10056,2026-06-22T16:30:00+00:00,-2.0,3.0
10057,2026-06-22T16:35:00+00:00,-2.0,3.0
10058,2026-06-22T16:40:00+00:00,-2.0,3.0
10059,2026-06-22T16:45:00+00:00,-2.0,3.0
10060,2026-06-22T16:50:00+00:00,-2.0,3.0
10061,2026-06-22T16:55:00+00:00,-2.0,3.0
10062,2026-06-22T17:00:00+00:00,-2.0,3.0
10063,2026-06-22T17:05:00+00:00,-2.0,3.0
10064,2026-06-22T17:10:00+00:00,-2.0,3.0
10065,2026-06-22T17:15:00+00:00,-2.0,3.0
10066,2026-06-22T17:20:00+00:00,-2.0,3.0
10067,2026-06-22T17:25:00+00:00,-2.0,3.0
10068,2026-06-22T17:30:00+00:00,-2.0,3.0
10069,2026-06-22T17:35:00+00:00,-2.0,3.0
10070,2026-06-22T17:40:00+00:00,-2.0,3.0
10071,2026-06-22T17:45:00+00:00,-2.0,3.0
10072,2026-06-22T17:50:00+00:00,-2.0,3.0
10073,2026-06-22T17:55:00+00:00,-2.0,3.0
10074,2026-06-22T18:00:00+00:00,-2.0,3.0
10075,2026-06-22T18:05:00+00:00,-2.0,3.0
10076,2026-06-22T18:10:00+00:00,-2.0,3.0
10077,2026-06-22T18:15:00+00:00,-2.0,3.0
10078,2026-06-22T18:20:00+00:00,-2.0,3.0
10079,2026-06-22T18:25:00+00:00,-2.0,3.0
10080,2026-06-22T18:30:00+00:00,-2.0,3.0
10081,2026-06-22T18:35:00+00:00,-2.0,3.0
10082,2026-06-22T18:40:00+00:00,-2.0,3.0
10083,2026-06-22T18:45:00+00:00,-2.0,3.0
10084,2026-06-22T18:50:00+00:00,-2.0,3.0
10085,2026-06-22T18:55:00+00:00,-2.0,3.0
10086,2026-06-22T19:00:00+00:00,-2.0,3.0
10087,2026-06-22T19:05:00+00:00,-2.0,3.0
10088,2026-06-22T19:10:00+00:00,-2.0,3.0
10089,2026-06-22T19:15:00+00:00,-2.0,3.0
10090,2026-06-22T19:20:00+00:00,-2.0,3.0
10091,2026-06-22T19:25:00+00:00,-2.0,3.0
10092,2026-06-22T19:30:00+00:00,-2.0,3.0
10093,2026-06-22T19:35:00+00:00,-2.0,3.0
10094,2026-06-22T19:40:00+00:00,-2.0,3.0
10095,2026-06-22T19:45:00+00:00,-2.0,3.0
10096,2026-06-22T19:50:00+00:00,-2.0,3.0
10097,2026-06-22T19:55:00+00:00,-2.0,3.0
10098,2026-06-22T20:00:00+00:00,-2.0,3.0
10099,2026-06-22T20:05:00+00:00,-2.0,3.0
10100,2026-06-22T20:10:00+00:00,-2.0,3.0
10101,2026-06-22T20:15:00+00:00,-2.0,3.0
10102,2026-06-22T20:20:00+00:00,-2.0,3.0
10103,2026-06-22T20:25:00+00:00,-2.0,3.0
10104,2026-06-22T20:30:00+00:00,-2.0,3.0
10105,2026-06-22T20:35:00+00:00,-2.0,3.0
10106,2026-06-22T20:40:00+00:00,-2.0,3.0
10107,2026-06-22T20:45:00+00:00,-2.0,3.0
10108,2026-06-22T20:50:00+00:00,-2.0,3.0
10109,2026-06-22T20:55:00+00:00,-2.0,3.0
10110,2026-06-22T22:00:00+00:00,-2.0,3.0
10111,2026-06-22T22:05:00+00:00,-2.0,3.0
10112,2026-06-22T22:10:00+00:00,-2.0,3.0
10113,2026-06-22T22:15:00+00:00,-2.0,3.0
10114,2026-06-22T22:20:00+00:00,-2.0,3.0
10115,2026-06-22T22:25:00+00:00,-2.0,3.0
10116,2026-06-22T22:30:00+00:00,-2.0,3.0
10117,2026-06-22T22:35:00+00:00,-2.0,3.0
10118,2026-06-22T22:40:00+00:00,-2.0,3.0
10119,2026-06-22T22:45:00+00:00,-2.0,3.0
10120,2026-06-22T22:50:00+00:00,-2.0,3.0
10121,2026-06-22T22:55:00+00:00,-2.0,3.0
10122,2026-06-22T23:00:00+00:00,-2.0,3.0
10123,2026-06-22T23:05:00+00:00,-2.0,3.0
10124,2026-06-22T23:10:00+00:00,-2.0,3.0
10125,2026-06-22T23:15:00+00:00,-2.0,3.0
10126,2026-06-22T23:20:00+00:00,-2.0,3.0
10127,2026-06-22T23:25:00+00:00,-2.0,3.0
10128,2026-06-22T23:30:00+00:00,-2.0,3.0
10129,2026-06-22T23:35:00+00:00,-2.0,3.0
10130,2026-06-22T23:40:00+00:00,-2.0,3.0
10131,2026-06-22T23:45:00+00:00,-2.0,3.0
10132,2026-06-22T23:50:00+00:00,-2.0,3.0
10133,2026-06-22T23:55:00+00:00,-2.0,3.0
10134,2026-06-23T00:00:00+00:00,-2.0,3.0
10135,2026-06-23T00:05:00+00:00,-2.0,3.0
10136,2026-06-23T00:10:00+00:00,-2.0,3.0
10137,2026-06-23T00:15:00+00:00,-2.0,3.0
10138,2026-06-23T00:20:00+00:00,-2.0,3.0
10139,2026-06-23T00:25:00+00:00,-2.0,3.0
10140,2026-06-23T00:30:00+00:00,-2.0,3.0
10141,2026-06-23T00:35:00+00:00,-2.0,3.0
10142,2026-06-23T00:40:00+00:00,-2.0,3.0
10143,2026-06-23T00:45:00+00:00,-2.0,3.0
10144,2026-06-23T00:50:00+00:00,-2.0,3.0
10145,2026-06-23T00:55:00+00:00,-2.0,3.0
10146,2026-06-23T01:00:00+00:00,-2.0,3.0
10147,2026-06-23T01:05:00+00:00,-2.0,3.0
10148,2026-06-23T01:10:00+00:00,-2.0,3.0
10149,2026-06-23T01:15:00+00:00,-2.0,3.0
10150,2026-06-23T01:20:00+00:00,-2.0,3.0
10151,2026-06-23T01:25:00+00:00,-2.0,3.0
10152,2026-06-23T01:30:00+00:00,-2.0,3.0
10153,2026-06-23T01:35:00+00:00,-2.0,3.0
10154,2026-06-23T01:40:00+00:00,-2.0,3.0
10155,2026-06-23T01:45:00+00:00,-2.0,3.0
10156,2026-06-23T01:50:00+00:00,-2.0,3.0
10157,2026-06-23T01:55:00+00:00,-2.0,3.0
10158,2026-06-23T02:00:00+00:00,-2.0,3.0
10159,2026-06-23T02:05:00+00:00,-2.0,3.0
10160,2026-06-23T02:10:00+00:00,-2.0,3.0
10161,2026-06-23T02:15:00+00:00,-2.0,3.0
10162,2026-06-23T02:20:00+00:00,-2.0,3.0
10163,2026-06-23T02:25:00+00:00,-2.0,3.0
10164,2026-06-23T02:30:00+00:00,-2.0,3.0
10165,2026-06-23T02:35:00+00:00,-2.0,3.0
10166,2026-06-23T02:40:00+00:00,-2.0,3.0
10167,2026-06-23T02:45:00+00:00,-2.0,3.0
10168,2026-06-23T02:50:00+00:00,-2.0,3.0
10169,2026-06-23T02:55:00+00:00,-2.0,3.0
10170,2026-06-23T03:00:00+00:00,-2.0,3.0
10171,2026-06-23T03:05:00+00:00,-2.0,3.0
10172,2026-06-23T03:10:00+00:00,-2.0,3.0
10173,2026-06-23T03:15:00+00:00,-2.0,3.0
10174,2026-06-23T03:20:00+00:00,-2.0,3.0
10175,2026-06-23T03:25:00+00:00,-2.0,3.0
10176,2026-06-23T03:30:00+00:00,-2.0,3.0
10177,2026-06-23T03:35:00+00:00,-2.0,3.0
10178,2026-06-23T03:40:00+00:00,-2.0,3.0
10179,2026-06-23T03:45:00+00:00,-2.0,3.0
10180,2026-06-23T03:50:00+00:00,-2.0,3.0
10181,2026-06-23T03:55:00+00:00,-2.0,3.0
10182,2026-06-23T04:00:00+00:00,-2.0,3.0
10183,2026-06-23T04:05:00+00:00,-2.0,3.0
10184,2026-06-23T04:10:00+00:00,-2.0,3.0
10185,2026-06-23T04:15:00+00:00,-2.0,3.0
10186,2026-06-23T04:20:00+00:00,-2.0,3.0
10187,2026-06-23T04:25:00+00:00,-2.0,3.0
10188,2026-06-23T04:30:00+00:00,-2.0,3.0
10189,2026-06-23T04:35:00+00:00,-2.0,3.0
10190,2026-06-23T04:40:00+00:00,-2.0,3.0
10191,2026-06-23T04:45:00+00:00,-2.0,3.0
10192,2026-06-23T04:50:00+00:00,-2.0,3.0
10193,2026-06-23T04:55:00+00:00,-2.0,3.0
10194,2026-06-23T05:00:00+00:00,-2.0,3.0
10195,2026-06-23T05:05:00+00:00,-2.0,3.0
10196,2026-06-23T05:10:00+00:00,-2.0,3.0
10197,2026-06-23T05:15:00+00:00,-2.0,3.0
10198,2026-06-23T05:20:00+00:00,-2.0,3.0
10199,2026-06-23T05:25:00+00:00,-2.0,3.0
10200,2026-06-23T05:30:00+00:00,-2.0,3.0
10201,2026-06-23T05:35:00+00:00,-2.0,3.0
10202,2026-06-23T05:40:00+00:00,-2.0,3.0
10203,2026-06-23T05:45:00+00:00,-2.0,3.0
10204,2026-06-23T05:50:00+00:00,-2.0,3.0
10205,2026-06-23T05:55:00+00:00,-2.0,3.0
10206,2026-06-23T06:00:00+00:00,-2.0,3.0
10207,2026-06-23T06:05:00+00:00,-2.0,3.0
10208,2026-06-23T06:10:00+00:00,-2.0,3.0
10209,2026-06-23T06:15:00+00:00,-2.0,3.0
10210,2026-06-23T06:20:00+00:00,-2.0,3.0
10211,2026-06-23T06:25:00+00:00,-2.0,3.0
10212,2026-06-23T06:30:00+00:00,-2.0,3.0
10213,2026-06-23T06:35:00+00:00,-2.0,3.0
10214,2026-06-23T06:40:00+00:00,-2.0,3.0
10215,2026-06-23T06:45:00+00:00,-2.0,3.0
10216,2026-06-23T06:50:00+00:00,-2.0,3.0
10217,2026-06-23T06:55:00+00:00,-2.0,3.0
10218,2026-06-23T07:00:00+00:00,-2.0,3.0
10219,2026-06-23T07:05:00+00:00,-2.0,3.0
10220,2026-06-23T07:10:00+00:00,-2.0,3.0
10221,2026-06-23T07:15:00+00:00,-2.0,3.0
10222,2026-06-23T07:20:00+00:00,-2.0,3.0
10223,2026-06-23T07:25:00+00:00,-2.0,3.0
10224,2026-06-23T07:30:00+00:00,-2.0,3.0
10225,2026-06-23T07:35:00+00:00,-2.0,3.0
10226,2026-06-23T07:40:00+00:00,-2.0,3.0
10227,2026-06-23T07:45:00+00:00,-2.0,3.0
10228,2026-06-23T07:50:00+00:00,-2.0,3.0
10229,2026-06-23T07:55:00+00:00,-2.0,3.0
10230,2026-06-23T08:00:00+00:00,-2.0,3.0
10231,2026-06-23T08:05:00+00:00,-2.0,3.0
10232,2026-06-23T08:10:00+00:00,-2.0,3.0
10233,2026-06-23T08:15:00+00:00,-2.0,3.0
10234,2026-06-23T08:20:00+00:00,-2.0,3.0
10235,2026-06-23T08:25:00+00:00,-2.0,3.0
10236,2026-06-23T08:30:00+00:00,-2.0,3.0
10237,2026-06-23T08:35:00+00:00,-2.0,3.0
10238,2026-06-23T08:40:00+00:00,-2.0,3.0
10239,2026-06-23T08:45:00+00:00,-2.0,3.0
10240,2026-06-23T08:50:00+00:00,-2.0,3.0
10241,2026-06-23T08:55:00+00:00,-2.0,3.0
10242,2026-06-23T09:00:00+00:00,-2.0,3.0
10243,2026-06-23T09:05:00+00:00,-2.0,3.0
10244,2026-06-23T09:10:00+00:00,-2.0,3.0
10245,2026-06-23T09:15:00+00:00,-2.0,3.0
10246,2026-06-23T09:20:00+00:00,-2.0,3.0
10247,2026-06-23T09:25:00+00:00,-2.0,3.0
10248,2026-06-23T09:30:00+00:00,-2.0,3.0
10249,2026-06-23T09:35:00+00:00,-2.0,3.0
10250,2026-06-23T09:40:00+00:00,-2.0,3.0
10251,2026-06-23T09:45:00+00:00,-2.0,3.0
10252,2026-06-23T09:50:00+00:00,-2.0,3.0
10253,2026-06-23T09:55:00+00:00,-2.0,3.0
10254,2026-06-23T10:00:00+00:00,-2.0,3.0
10255,2026-06-23T10:05:00+00:00,-2.0,3.0
10256,2026-06-23T10:10:00+00:00,-2.0,3.0
10257,2026-06-23T10:15:00+00:00,-2.0,3.0
10258,2026-06-23T10:20:00+00:00,-2.0,3.0
10259,2026-06-23T10:25:00+00:00,-2.0,3.0
10260,2026-06-23T10:30:00+00:00,-2.0,3.0
10261,2026-06-23T10:35:00+00:00,-2.0,3.0
10262,2026-06-23T10:40:00+00:00,-2.0,3.0
10263,2026-06-23T10:45:00+00:00,-2.0,3.0
10264,2026-06-23T10:50:00+00:00,-2.0,3.0
10265,2026-06-23T10:55:00+00:00,-2.0,3.0
10266,2026-06-23T11:00:00+00:00,-2.0,3.0
10267,2026-06-23T11:05:00+00:00,-2.0,3.0
10268,2026-06-23T11:10:00+00:00,-2.0,3.0
10269,2026-06-23T11:15:00+00:00,-2.0,3.0
10270,2026-06-23T11:20:00+00:00,-2.0,3.0
10271,2026-06-23T11:25:00+00:00,-2.0,3.0
10272,2026-06-23T11:30:00+00:00,-2.0,3.0
10273,2026-06-23T11:35:00+00:00,-2.0,3.0
10274,2026-06-23T11:40:00+00:00,-2.0,3.0
10275,2026-06-23T11:45:00+00:00,-2.0,3.0
10276,2026-06-23T11:50:00+00:00,-2.0,3.0
10277,2026-06-23T11:55:00+00:00,-2.0,3.0
10278,2026-06-23T12:00:00+00:00,-2.0,3.0
10279,2026-06-23T12:05:00+00:00,-2.0,3.0
10280,2026-06-23T12:10:00+00:00,-2.0,3.0
10281,2026-06-23T12:15:00+00:00,-2.0,3.0
10282,2026-06-23T12:20:00+00:00,-2.0,3.0
10283,2026-06-23T12:25:00+00:00,-2.0,3.0
10284,2026-06-23T12:30:00+00:00,-2.0,3.0
10285,2026-06-23T12:35:00+00:00,-2.0,3.0
10286,2026-06-23T12:40:00+00:00,-2.0,3.0
10287,2026-06-23T12:45:00+00:00,-2.0,3.0
10288,2026-06-23T12:50:00+00:00,-2.0,3.0
10289,2026-06-23T12:55:00+00:00,-2.0,3.0
10290,2026-06-23T13:00:00+00:00,-2.0,3.0
10291,2026-06-23T13:05:00+00:00,-2.0,3.0
10292,2026-06-23T13:10:00+00:00,-2.0,3.0
10293,2026-06-23T13:15:00+00:00,-2.0,3.0
10294,2026-06-23T13:20:00+00:00,-2.0,3.0
10295,2026-06-23T13:25:00+00:00,-2.0,3.0
10296,2026-06-23T13:30:00+00:00,-2.0,3.0
10297,2026-06-23T13:35:00+00:00,-2.0,3.0
10298,2026-06-23T13:40:00+00:00,-2.0,3.0
10299,2026-06-23T13:45:00+00:00,-2.0,3.0
10300,2026-06-23T13:50:00+00:00,-2.0,3.0
10301,2026-06-23T13:55:00+00:00,-2.0,3.0
10302,2026-06-23T14:00:00+00:00,-2.0,3.0
10303,2026-06-23T14:05:00+00:00,-2.0,3.0
10304,2026-06-23T14:10:00+00:00,-2.0,3.0
10305,2026-06-23T14:15:00+00:00,-2.0,3.0
10306,2026-06-23T14:20:00+00:00,-2.0,3.0
10307,2026-06-23T14:25:00+00:00,-2.0,3.0
10308,2026-06-23T14:30:00+00:00,-2.0,3.0
10309,2026-06-23T14:35:00+00:00,-2.0,3.0
10310,2026-06-23T14:40:00+00:00,-2.0,3.0
10311,2026-06-23T14:45:00+00:00,-2.0,3.0
10312,2026-06-23T14:50:00+00:00,-2.0,3.0
10313,2026-06-23T14:55:00+00:00,-2.0,3.0
10314,2026-06-23T15:00:00+00:00,-2.0,3.0
10315,2026-06-23T15:05:00+00:00,-2.0,3.0
10316,2026-06-23T15:10:00+00:00,-2.0,3.0
10317,2026-06-23T15:15:00+00:00,-2.0,3.0
10318,2026-06-23T15:20:00+00:00,-2.0,3.0
10319,2026-06-23T15:25:00+00:00,-2.0,3.0
10320,2026-06-23T15:30:00+00:00,-2.0,3.0
10321,2026-06-23T15:35:00+00:00,-2.0,3.0
10322,2026-06-23T15:40:00+00:00,-2.0,3.0
10323,2026-06-23T15:45:00+00:00,-2.0,3.0
10324,2026-06-23T15:50:00+00:00,-2.0,3.0
10325,2026-06-23T15:55:00+00:00,-2.0,3.0
10326,2026-06-23T16:00:00+00:00,-2.0,3.0
10327,2026-06-23T16:05:00+00:00,-2.0,3.0
10328,2026-06-23T16:10:00+00:00,-2.0,3.0
10329,2026-06-23T16:15:00+00:00,-2.0,3.0
10330,2026-06-23T16:20:00+00:00,-2.0,3.0
10331,2026-06-23T16:25:00+00:00,-2.0,3.0
10332,2026-06-23T16:30:00+00:00,-2.0,3.0
10333,2026-06-23T16:35:00+00:00,-2.0,3.0
10334,2026-06-23T16:40:00+00:00,-2.0,3.0
10335,2026-06-23T16:45:00+00:00,-2.0,3.0
10336,2026-06-23T16:50:00+00:00,-2.0,3.0
10337,2026-06-23T16:55:00+00:00,-2.0,3.0
10338,2026-06-23T17:00:00+00:00,-2.0,3.0
10339,2026-06-23T17:05:00+00:00,-2.0,3.0
10340,2026-06-23T17:10:00+00:00,-2.0,3.0
10341,2026-06-23T17:15:00+00:00,-2.0,3.0
10342,2026-06-23T17:20:00+00:00,-2.0,3.0
10343,2026-06-23T17:25:00+00:00,-2.0,3.0
10344,2026-06-23T17:30:00+00:00,-2.0,3.0
10345,2026-06-23T17:35:00+00:00,-2.0,3.0
10346,2026-06-23T17:40:00+00:00,-2.0,3.0
10347,2026-06-23T17:45:00+00:00,-2.0,3.0
10348,2026-06-23T17:50:00+00:00,-2.0,3.0
10349,2026-06-23T17:55:00+00:00,-2.0,3.0
10350,2026-06-23T18:00:00+00:00,-2.0,3.0
10351,2026-06-23T18:05:00+00:00,-2.0,3.0
10352,2026-06-23T18:10:00+00:00,-2.0,3.0
10353,2026-06-23T18:15:00+00:00,-2.0,3.0
10354,2026-06-23T18:20:00+00:00,-2.0,3.0
10355,2026-06-23T18:25:00+00:00,-2.0,3.0
10356,2026-06-23T18:30:00+00:00,-2.0,3.0
10357,2026-06-23T18:35:00+00:00,-2.0,3.0
10358,2026-06-23T18:40:00+00:00,-2.0,3.0
10359,2026-06-23T18:45:00+00:00,-2.0,3.0
10360,2026-06-23T18:50:00+00:00,-2.0,3.0
10361,2026-06-23T18:55:00+00:00,-2.0,3.0
10362,2026-06-23T19:00:00+00:00,-2.0,3.0
10363,2026-06-23T19:05:00+00:00,-2.0,3.0
10364,2026-06-23T19:10:00+00:00,-2.0,3.0
10365,2026-06-23T19:15:00+00:00,-2.0,3.0
10366,2026-06-23T19:20:00+00:00,-2.0,3.0
10367,2026-06-23T19:25:00+00:00,-2.0,3.0
10368,2026-06-23T19:30:00+00:00,-2.0,3.0
10369,2026-06-23T19:35:00+00:00,-2.0,3.0
10370,2026-06-23T19:40:00+00:00,-2.0,3.0
10371,2026-06-23T19:45:00+00:00,-2.0,3.0
10372,2026-06-23T19:50:00+00:00,-2.0,3.0
10373,2026-06-23T19:55:00+00:00,-2.0,3.0
10374,2026-06-23T20:00:00+00:00,-2.0,3.0
10375,2026-06-23T20:05:00+00:00,-2.0,3.0
10376,2026-06-23T20:10:00+00:00,-2.0,3.0
10377,2026-06-23T20:15:00+00:00,-2.0,3.0
10378,2026-06-23T20:20:00+00:00,-2.0,3.0
10379,2026-06-23T20:25:00+00:00,-2.0,3.0
10380,2026-06-23T20:30:00+00:00,-2.0,3.0
10381,2026-06-23T20:35:00+00:00,-2.0,3.0
10382,2026-06-23T20:40:00+00:00,-2.0,3.0
10383,2026-06-23T20:45:00+00:00,-2.0,3.0
10384,2026-06-23T20:50:00+00:00,-2.0,3.0
10385,2026-06-23T20:55:00+00:00,-2.0,3.0
10386,2026-06-23T22:00:00+00:00,-2.0,3.0
10387,2026-06-23T22:05:00+00:00,-2.0,3.0
10388,2026-06-23T22:10:00+00:00,-2.0,3.0
10389,2026-06-23T22:15:00+00:00,-2.0,3.0
10390,2026-06-23T22:20:00+00:00,-2.0,3.0
10391,2026-06-23T22:25:00+00:00,-2.0,3.0
10392,2026-06-23T22:30:00+00:00,-2.0,3.0
10393,2026-06-23T22:35:00+00:00,-2.0,3.0
10394,2026-06-23T22:40:00+00:00,-2.0,3.0
10395,2026-06-23T22:45:00+00:00,-2.0,3.0
10396,2026-06-23T22:50:00+00:00,-2.0,3.0
10397,2026-06-23T22:55:00+00:00,-2.0,3.0
10398,2026-06-23T23:00:00+00:00,-2.0,3.0
10399,2026-06-23T23:05:00+00:00,-2.0,3.0
10400,2026-06-23T23:10:00+00:00,-2.0,3.0
10401,2026-06-23T23:15:00+00:00,-2.0,3.0
10402,2026-06-23T23:20:00+00:00,-2.0,3.0
10403,2026-06-23T23:25:00+00:00,-2.0,3.0
10404,2026-06-23T23:30:00+00:00,-2.0,3.0
10405,2026-06-23T23:35:00+00:00,-2.0,3.0
10406,2026-06-23T23:40:00+00:00,-2.0,3.0
10407,2026-06-23T23:45:00+00:00,-2.0,3.0
10408,2026-06-23T23:50:00+00:00,-2.0,3.0
10409,2026-06-23T23:55:00+00:00,-2.0,3.0
10410,2026-06-24T00:00:00+00:00,-2.0,3.0
10411,2026-06-24T00:05:00+00:00,-2.0,3.0
10412,2026-06-24T00:10:00+00:00,-2.0,3.0
10413,2026-06-24T00:15:00+00:00,-2.0,3.0
10414,2026-06-24T00:20:00+00:00,-2.0,3.0
10415,2026-06-24T00:25:00+00:00,-2.0,3.0
10416,2026-06-24T00:30:00+00:00,-2.0,3.0
10417,2026-06-24T00:35:00+00:00,-2.0,3.0
10418,2026-06-24T00:40:00+00:00,-2.0,3.0
10419,2026-06-24T00:45:00+00:00,-2.0,3.0
10420,2026-06-24T00:50:00+00:00,-2.0,3.0
10421,2026-06-24T00:55:00+00:00,-2.0,3.0
10422,2026-06-24T01:00:00+00:00,-2.0,3.0
10423,2026-06-24T01:05:00+00:00,-2.0,3.0
10424,2026-06-24T01:10:00+00:00,-2.0,3.0
10425,2026-06-24T01:15:00+00:00,-2.0,3.0
10426,2026-06-24T01:20:00+00:00,-2.0,3.0
10427,2026-06-24T01:25:00+00:00,-2.0,3.0
10428,2026-06-24T01:30:00+00:00,-2.0,3.0
10429,2026-06-24T01:35:00+00:00,-2.0,3.0
10430,2026-06-24T01:40:00+00:00,-2.0,3.0
10431,2026-06-24T01:45:00+00:00,-2.0,3.0
10432,2026-06-24T01:50:00+00:00,-2.0,3.0
10433,2026-06-24T01:55:00+00:00,-2.0,3.0
10434,2026-06-24T02:00:00+00:00,-2.0,3.0
10435,2026-06-24T02:05:00+00:00,-2.0,3.0
10436,2026-06-24T02:10:00+00:00,-2.0,3.0
10437,2026-06-24T02:15:00+00:00,-2.0,3.0
10438,2026-06-24T02:20:00+00:00,-2.0,3.0
10439,2026-06-24T02:25:00+00:00,-2.0,3.0
10440,2026-06-24T02:30:00+00:00,-2.0,3.0
10441,2026-06-24T02:35:00+00:00,-2.0,3.0
10442,2026-06-24T02:40:00+00:00,-2.0,3.0
10443,2026-06-24T02:45:00+00:00,-2.0,3.0
10444,2026-06-24T02:50:00+00:00,-2.0,3.0
10445,2026-06-24T02:55:00+00:00,-2.0,3.0
10446,2026-06-24T03:00:00+00:00,-2.0,3.0
10447,2026-06-24T03:05:00+00:00,-2.0,3.0
10448,2026-06-24T03:10:00+00:00,-2.0,3.0
10449,2026-06-24T03:15:00+00:00,-2.0,3.0
10450,2026-06-24T03:20:00+00:00,-2.0,3.0
10451,2026-06-24T03:25:00+00:00,-2.0,3.0
10452,2026-06-24T03:30:00+00:00,-2.0,3.0
10453,2026-06-24T03:35:00+00:00,-2.0,3.0
10454,2026-06-24T03:40:00+00:00,-2.0,3.0
10455,2026-06-24T03:45:00+00:00,-2.0,3.0
10456,2026-06-24T03:50:00+00:00,-2.0,3.0
10457,2026-06-24T03:55:00+00:00,-2.0,3.0
10458,2026-06-24T04:00:00+00:00,-2.0,3.0
10459,2026-06-24T04:05:00+00:00,-2.0,3.0
10460,2026-06-24T04:10:00+00:00,-2.0,3.0
10461,2026-06-24T04:15:00+00:00,-2.0,3.0
10462,2026-06-24T04:20:00+00:00,-2.0,3.0
10463,2026-06-24T04:25:00+00:00,-2.0,3.0
10464,2026-06-24T04:30:00+00:00,-2.0,3.0
10465,2026-06-24T04:35:00+00:00,-2.0,3.0
10466,2026-06-24T04:40:00+00:00,-2.0,3.0
10467,2026-06-24T04:45:00+00:00,-2.0,3.0
10468,2026-06-24T04:50:00+00:00,-2.0,3.0
10469,2026-06-24T04:55:00+00:00,-2.0,3.0
10470,2026-06-24T05:00:00+00:00,-2.0,3.0
10471,2026-06-24T05:05:00+00:00,-2.0,3.0
10472,2026-06-24T05:10:00+00:00,-2.0,3.0
10473,2026-06-24T05:15:00+00:00,-2.0,3.0
10474,2026-06-24T05:20:00+00:00,-2.0,3.0
10475,2026-06-24T05:25:00+00:00,-2.0,3.0
10476,2026-06-24T05:30:00+00:00,-2.0,3.0
10477,2026-06-24T05:35:00+00:00,-2.0,3.0
10478,2026-06-24T05:40:00+00:00,-2.0,3.0
10479,2026-06-24T05:45:00+00:00,-2.0,3.0
10480,2026-06-24T05:50:00+00:00,-2.0,3.0
10481,2026-06-24T05:55:00+00:00,-2.0,3.0
10482,2026-06-24T06:00:00+00:00,-2.0,3.0
10483,2026-06-24T06:05:00+00:00,-2.0,3.0
10484,2026-06-24T06:10:00+00:00,-2.0,3.0
10485,2026-06-24T06:15:00+00:00,-2.0,3.0
10486,2026-06-24T06:20:00+00:00,-2.0,3.0
10487,2026-06-24T06:25:00+00:00,-2.0,3.0
10488,2026-06-24T06:30:00+00:00,-2.0,3.0
10489,2026-06-24T06:35:00+00:00,-2.0,3.0
10490,2026-06-24T06:40:00+00:00,-2.0,3.0
10491,2026-06-24T06:45:00+00:00,-2.0,3.0
10492,2026-06-24T06:50:00+00:00,-2.0,3.0
10493,2026-06-24T06:55:00+00:00,-2.0,3.0
10494,2026-06-24T07:00:00+00:00,-2.0,3.0
10495,2026-06-24T07:05:00+00:00,-2.0,3.0
10496,2026-06-24T07:10:00+00:00,-2.0,3.0
10497,2026-06-24T07:15:00+00:00,-2.0,3.0
10498,2026-06-24T07:20:00+00:00,-2.0,3.0
10499,2026-06-24T07:25:00+00:00,-2.0,3.0
10500,2026-06-24T07:30:00+00:00,-2.0,3.0
10501,2026-06-24T07:35:00+00:00,-2.0,3.0
10502,2026-06-24T07:40:00+00:00,-2.0,3.0
10503,2026-06-24T07:45:00+00:00,-2.0,3.0
10504,2026-06-24T07:50:00+00:00,-2.0,3.0
10505,2026-06-24T07:55:00+00:00,-2.0,3.0
10506,2026-06-24T08:00:00+00:00,-2.0,3.0
10507,2026-06-24T08:05:00+00:00,-2.0,3.0
10508,2026-06-24T08:10:00+00:00,-2.0,3.0
10509,2026-06-24T08:15:00+00:00,-2.0,3.0
10510,2026-06-24T08:20:00+00:00,-2.0,3.0
10511,2026-06-24T08:25:00+00:00,-2.0,3.0
10512,2026-06-24T08:30:00+00:00,-2.0,3.0
10513,2026-06-24T08:35:00+00:00,-2.0,3.0
10514,2026-06-24T08:40:00+00:00,-2.0,3.0
10515,2026-06-24T08:45:00+00:00,-2.0,3.0
10516,2026-06-24T08:50:00+00:00,-2.0,3.0
10517,2026-06-24T08:55:00+00:00,-2.0,3.0
10518,2026-06-24T09:00:00+00:00,-2.0,3.0
10519,2026-06-24T09:05:00+00:00,-2.0,3.0
10520,2026-06-24T09:10:00+00:00,-2.0,3.0
10521,2026-06-24T09:15:00+00:00,-2.0,3.0
10522,2026-06-24T09:20:00+00:00,-2.0,3.0
10523,2026-06-24T09:25:00+00:00,-2.0,3.0
10524,2026-06-24T09:30:00+00:00,-2.0,3.0
10525,2026-06-24T09:35:00+00:00,-2.0,3.0
10526,2026-06-24T09:40:00+00:00,-2.0,3.0
10527,2026-06-24T09:45:00+00:00,-2.0,3.0
10528,2026-06-24T09:50:00+00:00,-2.0,3.0
10529,2026-06-24T09:55:00+00:00,-2.0,3.0
10530,2026-06-24T10:00:00+00:00,-2.0,3.0
10531,2026-06-24T10:05:00+00:00,-2.0,3.0
10532,2026-06-24T10:10:00+00:00,-2.0,3.0
10533,2026-06-24T10:15:00+00:00,-2.0,3.0
10534,2026-06-24T10:20:00+00:00,-2.0,3.0
10535,2026-06-24T10:25:00+00:00,-2.0,3.0
10536,2026-06-24T10:30:00+00:00,-2.0,3.0
10537,2026-06-24T10:35:00+00:00,-2.0,3.0
10538,2026-06-24T10:40:00+00:00,-2.0,3.0
10539,2026-06-24T10:45:00+00:00,-2.0,3.0
10540,2026-06-24T10:50:00+00:00,-2.0,3.0
10541,2026-06-24T10:55:00+00:00,-2.0,3.0
10542,2026-06-24T11:00:00+00:00,-2.0,3.0
10543,2026-06-24T11:05:00+00:00,-2.0,3.0
10544,2026-06-24T11:10:00+00:00,-2.0,3.0
10545,2026-06-24T11:15:00+00:00,-2.0,3.0
10546,2026-06-24T11:20:00+00:00,-2.0,3.0
10547,2026-06-24T11:25:00+00:00,-2.0,3.0
10548,2026-06-24T11:30:00+00:00,-2.0,3.0
10549,2026-06-24T11:35:00+00:00,-2.0,3.0
10550,2026-06-24T11:40:00+00:00,-2.0,3.0
10551,2026-06-24T11:45:00+00:00,-2.0,3.0
10552,2026-06-24T11:50:00+00:00,-2.0,3.0
10553,2026-06-24T11:55:00+00:00,-2.0,3.0
10554,2026-06-24T12:00:00+00:00,-2.0,3.0
10555,2026-06-24T12:05:00+00:00,-2.0,3.0
10556,2026-06-24T12:10:00+00:00,-2.0,3.0
10557,2026-06-24T12:15:00+00:00,-2.0,3.0
10558,2026-06-24T12:20:00+00:00,-2.0,3.0
10559,2026-06-24T12:25:00+00:00,-2.0,3.0
10560,2026-06-24T12:30:00+00:00,-2.0,3.0
10561,2026-06-24T12:35:00+00:00,-2.0,3.0
10562,2026-06-24T12:40:00+00:00,-2.0,3.0
10563,2026-06-24T12:45:00+00:00,-2.0,3.0
10564,2026-06-24T12:50:00+00:00,-2.0,3.0
10565,2026-06-24T12:55:00+00:00,-2.0,3.0
10566,2026-06-24T13:00:00+00:00,-2.0,3.0
10567,2026-06-24T13:05:00+00:00,-2.0,3.0
10568,2026-06-24T13:10:00+00:00,-2.0,3.0
10569,2026-06-24T13:15:00+00:00,-2.0,3.0
10570,2026-06-24T13:20:00+00:00,-2.0,3.0
10571,2026-06-24T13:25:00+00:00,-2.0,3.0
10572,2026-06-24T13:30:00+00:00,-2.0,3.0
10573,2026-06-24T13:35:00+00:00,-2.0,3.0
10574,2026-06-24T13:40:00+00:00,-2.0,3.0
10575,2026-06-24T13:45:00+00:00,-2.0,3.0
10576,2026-06-24T13:50:00+00:00,-2.0,3.0
10577,2026-06-24T13:55:00+00:00,-2.0,3.0
10578,2026-06-24T14:00:00+00:00,-2.0,3.0
10579,2026-06-24T14:05:00+00:00,-2.0,3.0
10580,2026-06-24T14:10:00+00:00,-2.0,3.0
10581,2026-06-24T14:15:00+00:00,-2.0,3.0
10582,2026-06-24T14:20:00+00:00,-2.0,3.0
10583,2026-06-24T14:25:00+00:00,-2.0,3.0
10584,2026-06-24T14:30:00+00:00,-2.0,3.0
10585,2026-06-24T14:35:00+00:00,-2.0,3.0
10586,2026-06-24T14:40:00+00:00,-2.0,3.0
10587,2026-06-24T14:45:00+00:00,-2.0,3.0
10588,2026-06-24T14:50:00+00:00,-2.0,3.0
10589,2026-06-24T14:55:00+00:00,-2.0,3.0
10590,2026-06-24T15:00:00+00:00,-2.0,3.0
10591,2026-06-24T15:05:00+00:00,-2.0,3.0
10592,2026-06-24T15:10:00+00:00,-2.0,3.0
10593,2026-06-24T15:15:00+00:00,-2.0,3.0
10594,2026-06-24T15:20:00+00:00,-2.0,3.0
10595,2026-06-24T15:25:00+00:00,-2.0,3.0
10596,2026-06-24T15:30:00+00:00,-2.0,3.0
10597,2026-06-24T15:35:00+00:00,-2.0,3.0
10598,2026-06-24T15:40:00+00:00,-2.0,3.0
10599,2026-06-24T15:45:00+00:00,-2.0,3.0
10600,2026-06-24T15:50:00+00:00,-2.0,3.0
10601,2026-06-24T15:55:00+00:00,-2.0,3.0
10602,2026-06-24T16:00:00+00:00,-2.0,3.0
10603,2026-06-24T16:05:00+00:00,-2.0,3.0
10604,2026-06-24T16:10:00+00:00,-2.0,3.0
10605,2026-06-24T16:15:00+00:00,-2.0,3.0
10606,2026-06-24T16:20:00+00:00,-2.0,3.0
10607,2026-06-24T16:25:00+00:00,-2.0,3.0
10608,2026-06-24T16:30:00+00:00,-2.0,3.0
10609,2026-06-24T16:35:00+00:00,-2.0,3.0
10610,2026-06-24T16:40:00+00:00,-2.0,3.0
10611,2026-06-24T16:45:00+00:00,-2.0,3.0
10612,2026-06-24T16:50:00+00:00,-2.0,3.0
10613,2026-06-24T16:55:00+00:00,-2.0,3.0
10614,2026-06-24T17:00:00+00:00,-2.0,3.0
10615,2026-06-24T17:05:00+00:00,-2.0,3.0
10616,2026-06-24T17:10:00+00:00,-2.0,3.0
10617,2026-06-24T17:15:00+00:00,-2.0,3.0
10618,2026-06-24T17:20:00+00:00,-2.0,3.0
10619,2026-06-24T17:25:00+00:00,-2.0,3.0
10620,2026-06-24T17:30:00+00:00,-2.0,3.0
10621,2026-06-24T17:35:00+00:00,-2.0,3.0
10622,2026-06-24T17:40:00+00:00,-2.0,3.0
10623,2026-06-24T17:45:00+00:00,-2.0,3.0
10624,2026-06-24T17:50:00+00:00,-2.0,3.0
10625,2026-06-24T17:55:00+00:00,-2.0,3.0
10626,2026-06-24T18:00:00+00:00,-2.0,3.0
10627,2026-06-24T18:05:00+00:00,-2.0,3.0
10628,2026-06-24T18:10:00+00:00,-2.0,3.0
10629,2026-06-24T18:15:00+00:00,-2.0,3.0
10630,2026-06-24T18:20:00+00:00,-2.0,3.0
10631,2026-06-24T18:25:00+00:00,-2.0,3.0
10632,2026-06-24T18:30:00+00:00,-2.0,3.0
10633,2026-06-24T18:35:00+00:00,-2.0,3.0
10634,2026-06-24T18:40:00+00:00,-2.0,3.0
10635,2026-06-24T18:45:00+00:00,-2.0,3.0
10636,2026-06-24T18:50:00+00:00,-2.0,3.0
10637,2026-06-24T18:55:00+00:00,-2.0,3.0
10638,2026-06-24T19:00:00+00:00,-2.0,3.0
10639,2026-06-24T19:05:00+00:00,-2.0,3.0
10640,2026-06-24T19:10:00+00:00,-2.0,3.0
10641,2026-06-24T19:15:00+00:00,-2.0,3.0
10642,2026-06-24T19:20:00+00:00,-2.0,3.0
10643,2026-06-24T19:25:00+00:00,-2.0,3.0
10644,2026-06-24T19:30:00+00:00,-2.0,3.0
10645,2026-06-24T19:35:00+00:00,-2.0,3.0
10646,2026-06-24T19:40:00+00:00,-2.0,3.0
10647,2026-06-24T19:45:00+00:00,-2.0,3.0
10648,2026-06-24T19:50:00+00:00,-2.0,3.0
10649,2026-06-24T19:55:00+00:00,-2.0,3.0
10650,2026-06-24T20:00:00+00:00,-2.0,3.0
10651,2026-06-24T20:05:00+00:00,-2.0,3.0
10652,2026-06-24T20:10:00+00:00,-2.0,3.0
10653,2026-06-24T20:15:00+00:00,-2.0,3.0
10654,2026-06-24T20:20:00+00:00,-2.0,3.0
10655,2026-06-24T20:25:00+00:00,-2.0,3.0
10656,2026-06-24T20:30:00+00:00,-2.0,3.0
10657,2026-06-24T20:35:00+00:00,-2.0,3.0
10658,2026-06-24T20:40:00+00:00,-2.0,3.0
10659,2026-06-24T20:45:00+00:00,-2.0,3.0
10660,2026-06-24T20:50:00+00:00,-2.0,3.0
10661,2026-06-24T20:55:00+00:00,-2.0,3.0
10662,2026-06-24T22:00:00+00:00,-2.0,3.0
10663,2026-06-24T22:05:00+00:00,-2.0,3.0
10664,2026-06-24T22:10:00+00:00,-2.0,3.0
10665,2026-06-24T22:15:00+00:00,-2.0,3.0
10666,2026-06-24T22:20:00+00:00,-2.0,3.0
10667,2026-06-24T22:25:00+00:00,-2.0,3.0
10668,2026-06-24T22:30:00+00:00,-2.0,3.0
10669,2026-06-24T22:35:00+00:00,-2.0,3.0
10670,2026-06-24T22:40:00+00:00,-2.0,3.0
10671,2026-06-24T22:45:00+00:00,-2.0,3.0
10672,2026-06-24T22:50:00+00:00,-2.0,3.0
10673,2026-06-24T22:55:00+00:00,-2.0,3.0
10674,2026-06-24T23:00:00+00:00,-2.0,3.0
10675,2026-06-24T23:05:00+00:00,-2.0,3.0
10676,2026-06-24T23:10:00+00:00,-2.0,3.0
10677,2026-06-24T23:15:00+00:00,-2.0,3.0
10678,2026-06-24T23:20:00+00:00,-2.0,3.0
10679,2026-06-24T23:25:00+00:00,-2.0,3.0
10680,2026-06-24T23:30:00+00:00,-2.0,3.0
10681,2026-06-24T23:35:00+00:00,-2.0,3.0
10682,2026-06-24T23:40:00+00:00,-2.0,3.0
10683,2026-06-24T23:45:00+00:00,-2.0,3.0
10684,2026-06-24T23:50:00+00:00,-2.0,3.0
10685,2026-06-24T23:55:00+00:00,-2.0,3.0
10686,2026-06-25T00:00:00+00:00,-2.0,3.0
10687,2026-06-25T00:05:00+00:00,-2.0,3.0
10688,2026-06-25T00:10:00+00:00,-2.0,3.0
10689,2026-06-25T00:15:00+00:00,-2.0,3.0
10690,2026-06-25T00:20:00+00:00,-2.0,3.0
10691,2026-06-25T00:25:00+00:00,-2.0,3.0
10692,2026-06-25T00:30:00+00:00,-2.0,3.0
10693,2026-06-25T00:35:00+00:00,-2.0,3.0
10694,2026-06-25T00:40:00+00:00,-2.0,3.0
10695,2026-06-25T00:45:00+00:00,-2.0,3.0
10696,2026-06-25T00:50:00+00:00,-2.0,3.0
10697,2026-06-25T00:55:00+00:00,-2.0,3.0
10698,2026-06-25T01:00:00+00:00,-2.0,3.0
10699,2026-06-25T01:05:00+00:00,-2.0,3.0
10700,2026-06-25T01:10:00+00:00,-2.0,3.0
10701,2026-06-25T01:15:00+00:00,-2.0,3.0
10702,2026-06-25T01:20:00+00:00,-2.0,3.0
10703,2026-06-25T01:25:00+00:00,-2.0,3.0
10704,2026-06-25T01:30:00+00:00,-2.0,3.0
10705,2026-06-25T01:35:00+00:00,-2.0,3.0
10706,2026-06-25T01:40:00+00:00,-2.0,3.0
10707,2026-06-25T01:45:00+00:00,-2.0,3.0
10708,2026-06-25T01:50:00+00:00,-2.0,3.0
10709,2026-06-25T01:55:00+00:00,-2.0,3.0
10710,2026-06-25T02:00:00+00:00,-2.0,3.0
10711,2026-06-25T02:05:00+00:00,-2.0,3.0
10712,2026-06-25T02:10:00+00:00,-2.0,3.0
10713,2026-06-25T02:15:00+00:00,-2.0,3.0
10714,2026-06-25T02:20:00+00:00,-2.0,3.0
10715,2026-06-25T02:25:00+00:00,-2.0,3.0
10716,2026-06-25T02:30:00+00:00,-2.0,3.0
10717,2026-06-25T02:35:00+00:00,-2.0,3.0
10718,2026-06-25T02:40:00+00:00,-2.0,3.0
10719,2026-06-25T02:45:00+00:00,-2.0,3.0
10720,2026-06-25T02:50:00+00:00,-2.0,3.0
10721,2026-06-25T02:55:00+00:00,-2.0,3.0
10722,2026-06-25T03:00:00+00:00,-2.0,3.0
10723,2026-06-25T03:05:00+00:00,-2.0,3.0
10724,2026-06-25T03:10:00+00:00,-2.0,3.0
10725,2026-06-25T03:15:00+00:00,-2.0,3.0
10726,2026-06-25T03:20:00+00:00,-2.0,3.0
10727,2026-06-25T03:25:00+00:00,-2.0,3.0
10728,2026-06-25T03:30:00+00:00,-2.0,3.0
10729,2026-06-25T03:35:00+00:00,-2.0,3.0
10730,2026-06-25T03:40:00+00:00,-2.0,3.0
10731,2026-06-25T03:45:00+00:00,-2.0,3.0
10732,2026-06-25T03:50:00+00:00,-2.0,3.0
10733,2026-06-25T03:55:00+00:00,-2.0,3.0
10734,2026-06-25T04:00:00+00:00,-2.0,3.0
10735,2026-06-25T04:05:00+00:00,-2.0,3.0
10736,2026-06-25T04:10:00+00:00,-2.0,3.0
10737,2026-06-25T04:15:00+00:00,-2.0,3.0
10738,2026-06-25T04:20:00+00:00,-2.0,3.0
10739,2026-06-25T04:25:00+00:00,-2.0,3.0
10740,2026-06-25T04:30:00+00:00,-2.0,3.0
10741,2026-06-25T04:35:00+00:00,-2.0,3.0
10742,2026-06-25T04:40:00+00:00,-2.0,3.0
10743,2026-06-25T04:45:00+00:00,-2.0,3.0
10744,2026-06-25T04:50:00+00:00,-2.0,3.0
10745,2026-06-25T04:55:00+00:00,-2.0,3.0
10746,2026-06-25T05:00:00+00:00,-2.0,3.0
10747,2026-06-25T05:05:00+00:00,-2.0,3.0
10748,2026-06-25T05:10:00+00:00,-2.0,3.0
10749,2026-06-25T05:15:00+00:00,-2.0,3.0
10750,2026-06-25T05:20:00+00:00,-2.0,3.0
10751,2026-06-25T05:25:00+00:00,-2.0,3.0
10752,2026-06-25T05:30:00+00:00,-2.0,3.0
10753,2026-06-25T05:35:00+00:00,-2.0,3.0
10754,2026-06-25T05:40:00+00:00,-2.0,3.0
10755,2026-06-25T05:45:00+00:00,-2.0,3.0
10756,2026-06-25T05:50:00+00:00,-2.0,3.0
10757,2026-06-25T05:55:00+00:00,-2.0,3.0
10758,2026-06-25T06:00:00+00:00,-2.0,3.0
10759,2026-06-25T06:05:00+00:00,-2.0,3.0
10760,2026-06-25T06:10:00+00:00,-2.0,3.0
10761,2026-06-25T06:15:00+00:00,-2.0,3.0
10762,2026-06-25T06:20:00+00:00,-2.0,3.0
10763,2026-06-25T06:25:00+00:00,-2.0,3.0
10764,2026-06-25T06:30:00+00:00,-2.0,3.0
10765,2026-06-25T06:35:00+00:00,-2.0,3.0
10766,2026-06-25T06:40:00+00:00,-2.0,3.0
10767,2026-06-25T06:45:00+00:00,-2.0,3.0
10768,2026-06-25T06:50:00+00:00,-2.0,3.0
10769,2026-06-25T06:55:00+00:00,-2.0,3.0
10770,2026-06-25T07:00:00+00:00,-2.0,3.0
10771,2026-06-25T07:05:00+00:00,-2.0,3.0
10772,2026-06-25T07:10:00+00:00,-2.0,3.0
10773,2026-06-25T07:15:00+00:00,-2.0,3.0
10774,2026-06-25T07:20:00+00:00,-2.0,3.0
10775,2026-06-25T07:25:00+00:00,-2.0,3.0
10776,2026-06-25T07:30:00+00:00,-2.0,3.0
10777,2026-06-25T07:35:00+00:00,-2.0,3.0
10778,2026-06-25T07:40:00+00:00,-2.0,3.0
10779,2026-06-25T07:45:00+00:00,-2.0,3.0
10780,2026-06-25T07:50:00+00:00,-2.0,3.0
10781,2026-06-25T07:55:00+00:00,-2.0,3.0
10782,2026-06-25T08:00:00+00:00,-2.0,3.0
10783,2026-06-25T08:05:00+00:00,-2.0,3.0
10784,2026-06-25T08:10:00+00:00,-2.0,3.0
10785,2026-06-25T08:15:00+00:00,-2.0,3.0
10786,2026-06-25T08:20:00+00:00,-2.0,3.0
10787,2026-06-25T08:25:00+00:00,-2.0,3.0
10788,2026-06-25T08:30:00+00:00,-2.0,3.0
10789,2026-06-25T08:35:00+00:00,-2.0,3.0
10790,2026-06-25T08:40:00+00:00,-2.0,3.0
10791,2026-06-25T08:45:00+00:00,-2.0,3.0
10792,2026-06-25T08:50:00+00:00,-2.0,3.0
10793,2026-06-25T08:55:00+00:00,-2.0,3.0
10794,2026-06-25T09:00:00+00:00,-2.0,3.0
10795,2026-06-25T09:05:00+00:00,-2.0,3.0
10796,2026-06-25T09:10:00+00:00,-2.0,3.0
10797,2026-06-25T09:15:00+00:00,-2.0,3.0
10798,2026-06-25T09:20:00+00:00,-2.0,3.0
10799,2026-06-25T09:25:00+00:00,-2.0,3.0
10800,2026-06-25T09:30:00+00:00,-2.0,3.0
10801,2026-06-25T09:35:00+00:00,-2.0,3.0
10802,2026-06-25T09:40:00+00:00,-2.0,3.0
10803,2026-06-25T09:45:00+00:00,-2.0,3.0
10804,2026-06-25T09:50:00+00:00,-2.0,3.0
10805,2026-06-25T09:55:00+00:00,-2.0,3.0
10806,2026-06-25T10:00:00+00:00,-2.0,3.0
10807,2026-06-25T10:05:00+00:00,-2.0,3.0
10808,2026-06-25T10:10:00+00:00,-2.0,3.0
10809,2026-06-25T10:15:00+00:00,-2.0,3.0
10810,2026-06-25T10:20:00+00:00,-2.0,3.0
10811,2026-06-25T10:25:00+00:00,-2.0,3.0
10812,2026-06-25T10:30:00+00:00,-2.0,3.0
10813,2026-06-25T10:35:00+00:00,-2.0,3.0
10814,2026-06-25T10:40:00+00:00,-2.0,3.0
10815,2026-06-25T10:45:00+00:00,-2.0,3.0
10816,2026-06-25T10:50:00+00:00,-2.0,3.0
10817,2026-06-25T10:55:00+00:00,-2.0,3.0
10818,2026-06-25T11:00:00+00:00,-2.0,3.0
10819,2026-06-25T11:05:00+00:00,-2.0,3.0
10820,2026-06-25T11:10:00+00:00,-2.0,3.0
10821,2026-06-25T11:15:00+00:00,-2.0,3.0
10822,2026-06-25T11:20:00+00:00,-2.0,3.0
10823,2026-06-25T11:25:00+00:00,-2.0,3.0
10824,2026-06-25T11:30:00+00:00,-2.0,3.0
10825,2026-06-25T11:35:00+00:00,-2.0,3.0
10826,2026-06-25T11:40:00+00:00,-2.0,3.0
10827,2026-06-25T11:45:00+00:00,-2.0,3.0
10828,2026-06-25T11:50:00+00:00,-2.0,3.0
10829,2026-06-25T11:55:00+00:00,-2.0,3.0
10830,2026-06-25T12:00:00+00:00,-2.0,3.0
10831,2026-06-25T12:05:00+00:00,-2.0,3.0
10832,2026-06-25T12:10:00+00:00,-2.0,3.0
10833,2026-06-25T12:15:00+00:00,-2.0,3.0
10834,2026-06-25T12:20:00+00:00,-2.0,3.0
10835,2026-06-25T12:25:00+00:00,-2.0,3.0
10836,2026-06-25T12:30:00+00:00,-2.0,3.0
10837,2026-06-25T12:35:00+00:00,-2.0,3.0
10838,2026-06-25T12:40:00+00:00,-2.0,3.0
10839,2026-06-25T12:45:00+00:00,-2.0,3.0
10840,2026-06-25T12:50:00+00:00,-2.0,3.0
10841,2026-06-25T12:55:00+00:00,-2.0,3.0
10842,2026-06-25T13:00:00+00:00,-2.0,3.0
10843,2026-06-25T13:05:00+00:00,-2.0,3.0
10844,2026-06-25T13:10:00+00:00,-2.0,3.0
10845,2026-06-25T13:15:00+00:00,-2.0,3.0
10846,2026-06-25T13:20:00+00:00,-2.0,3.0
10847,2026-06-25T13:25:00+00:00,-2.0,3.0
10848,2026-06-25T13:30:00+00:00,-2.0,3.0
10849,2026-06-25T13:35:00+00:00,-2.0,3.0
10850,2026-06-25T13:40:00+00:00,-2.0,3.0
10851,2026-06-25T13:45:00+00:00,-2.0,3.0
10852,2026-06-25T13:50:00+00:00,-2.0,3.0
10853,2026-06-25T13:55:00+00:00,-2.0,3.0
10854,2026-06-25T14:00:00+00:00,-2.0,3.0
10855,2026-06-25T14:05:00+00:00,-2.0,3.0
10856,2026-06-25T14:10:00+00:00,-2.0,3.0
10857,2026-06-25T14:15:00+00:00,-2.0,3.0
10858,2026-06-25T14:20:00+00:00,-2.0,3.0
10859,2026-06-25T14:25:00+00:00,-2.0,3.0
10860,2026-06-25T14:30:00+00:00,-2.0,3.0
10861,2026-06-25T14:35:00+00:00,-2.0,3.0
10862,2026-06-25T14:40:00+00:00,-2.0,3.0
10863,2026-06-25T14:45:00+00:00,-2.0,3.0
10864,2026-06-25T14:50:00+00:00,-2.0,3.0
10865,2026-06-25T14:55:00+00:00,-2.0,3.0
10866,2026-06-25T15:00:00+00:00,-2.0,3.0
10867,2026-06-25T15:05:00+00:00,-2.0,3.0
10868,2026-06-25T15:10:00+00:00,-2.0,3.0
10869,2026-06-25T15:15:00+00:00,-2.0,3.0
10870,2026-06-25T15:20:00+00:00,-2.0,3.0
10871,2026-06-25T15:25:00+00:00,-2.0,3.0
10872,2026-06-25T15:30:00+00:00,-2.0,3.0
10873,2026-06-25T15:35:00+00:00,-2.0,3.0
10874,2026-06-25T15:40:00+00:00,-2.0,3.0
10875,2026-06-25T15:45:00+00:00,-2.0,3.0
10876,2026-06-25T15:50:00+00:00,-2.0,3.0
10877,2026-06-25T15:55:00+00:00,-2.0,3.0
10878,2026-06-25T16:00:00+00:00,-2.0,3.0
10879,2026-06-25T16:05:00+00:00,-2.0,3.0
10880,2026-06-25T16:10:00+00:00,-2.0,3.0
10881,2026-06-25T16:15:00+00:00,-2.0,3.0
10882,2026-06-25T16:20:00+00:00,-2.0,3.0
10883,2026-06-25T16:25:00+00:00,-2.0,3.0
10884,2026-06-25T16:30:00+00:00,-2.0,3.0
10885,2026-06-25T16:35:00+00:00,-2.0,3.0
10886,2026-06-25T16:40:00+00:00,-2.0,3.0
10887,2026-06-25T16:45:00+00:00,-2.0,3.0
10888,2026-06-25T16:50:00+00:00,-2.0,3.0
10889,2026-06-25T16:55:00+00:00,-2.0,3.0
10890,2026-06-25T17:00:00+00:00,-2.0,3.0
10891,2026-06-25T17:05:00+00:00,-2.0,3.0
10892,2026-06-25T17:10:00+00:00,-2.0,3.0
10893,2026-06-25T17:15:00+00:00,-2.0,3.0
10894,2026-06-25T17:20:00+00:00,-2.0,3.0
10895,2026-06-25T17:25:00+00:00,-2.0,3.0
10896,2026-06-25T17:30:00+00:00,-2.0,3.0
10897,2026-06-25T17:35:00+00:00,-2.0,3.0
10898,2026-06-25T17:40:00+00:00,-2.0,3.0
10899,2026-06-25T17:45:00+00:00,-2.0,3.0
10900,2026-06-25T17:50:00+00:00,-2.0,3.0
10901,2026-06-25T17:55:00+00:00,-2.0,3.0
10902,2026-06-25T18:00:00+00:00,-2.0,3.0
10903,2026-06-25T18:05:00+00:00,-2.0,3.0
10904,2026-06-25T18:10:00+00:00,-2.0,3.0
10905,2026-06-25T18:15:00+00:00,-2.0,3.0
10906,2026-06-25T18:20:00+00:00,-2.0,3.0
10907,2026-06-25T18:25:00+00:00,-2.0,3.0
10908,2026-06-25T18:30:00+00:00,-2.0,3.0
10909,2026-06-25T18:35:00+00:00,-2.0,3.0
10910,2026-06-25T18:40:00+00:00,-2.0,3.0
10911,2026-06-25T18:45:00+00:00,-2.0,3.0
10912,2026-06-25T18:50:00+00:00,-2.0,3.0
10913,2026-06-25T18:55:00+00:00,-2.0,3.0
10914,2026-06-25T19:00:00+00:00,-2.0,3.0
10915,2026-06-25T19:05:00+00:00,-2.0,3.0
10916,2026-06-25T19:10:00+00:00,-2.0,3.0
10917,2026-06-25T19:15:00+00:00,-2.0,3.0
10918,2026-06-25T19:20:00+00:00,-2.0,3.0
10919,2026-06-25T19:25:00+00:00,-2.0,3.0
10920,2026-06-25T19:30:00+00:00,-2.0,3.0
10921,2026-06-25T19:35:00+00:00,-2.0,3.0
10922,2026-06-25T19:40:00+00:00,-2.0,3.0
10923,2026-06-25T19:45:00+00:00,-2.0,3.0
10924,2026-06-25T19:50:00+00:00,-2.0,3.0
10925,2026-06-25T19:55:00+00:00,-2.0,3.0
10926,2026-06-25T20:00:00+00:00,-2.0,3.0
10927,2026-06-25T20:05:00+00:00,-2.0,3.0
10928,2026-06-25T20:10:00+00:00,-2.0,3.0
10929,2026-06-25T20:15:00+00:00,-2.0,3.0
10930,2026-06-25T20:20:00+00:00,-2.0,3.0
10931,2026-06-25T20:25:00+00:00,-2.0,3.0
10932,2026-06-25T20:30:00+00:00,-2.0,3.0
10933,2026-06-25T20:35:00+00:00,-2.0,3.0
10934,2026-06-25T20:40:00+00:00,-2.0,3.0
10935,2026-06-25T20:45:00+00:00,-2.0,3.0
10936,2026-06-25T20:50:00+00:00,-2.0,3.0
10937,2026-06-25T20:55:00+00:00,-2.0,3.0
10938,2026-06-25T22:00:00+00:00,-2.0,3.0
10939,2026-06-25T22:05:00+00:00,-2.0,3.0
10940,2026-06-25T22:10:00+00:00,-2.0,3.0
10941,2026-06-25T22:15:00+00:00,-2.0,3.0
10942,2026-06-25T22:20:00+00:00,-2.0,3.0
10943,2026-06-25T22:25:00+00:00,-2.0,3.0
10944,2026-06-25T22:30:00+00:00,-2.0,3.0
10945,2026-06-25T22:35:00+00:00,-2.0,3.0
10946,2026-06-25T22:40:00+00:00,-2.0,3.0
10947,2026-06-25T22:45:00+00:00,-2.0,3.0
10948,2026-06-25T22:50:00+00:00,-2.0,3.0
10949,2026-06-25T22:55:00+00:00,-2.0,3.0
10950,2026-06-25T23:00:00+00:00,-2.0,3.0
10951,2026-06-25T23:05:00+00:00,-2.0,3.0
10952,2026-06-25T23:10:00+00:00,-2.0,3.0
10953,2026-06-25T23:15:00+00:00,-2.0,3.0
10954,2026-06-25T23:20:00+00:00,-2.0,3.0
10955,2026-06-25T23:25:00+00:00,-2.0,3.0
10956,2026-06-25T23:30:00+00:00,-2.0,3.0
10957,2026-06-25T23:35:00+00:00,-2.0,3.0
10958,2026-06-25T23:40:00+00:00,-2.0,3.0
10959,2026-06-25T23:45:00+00:00,-2.0,3.0
10960,2026-06-25T23:50:00+00:00,-2.0,3.0
10961,2026-06-25T23:55:00+00:00,-2.0,3.0
10962,2026-06-26T00:00:00+00:00,-2.0,3.0
10963,2026-06-26T00:05:00+00:00,-2.0,3.0
10964,2026-06-26T00:10:00+00:00,-2.0,3.0
10965,2026-06-26T00:15:00+00:00,-2.0,3.0
10966,2026-06-26T00:20:00+00:00,-2.0,3.0
10967,2026-06-26T00:25:00+00:00,-2.0,3.0
10968,2026-06-26T00:30:00+00:00,-2.0,3.0
10969,2026-06-26T00:35:00+00:00,-2.0,3.0
10970,2026-06-26T00:40:00+00:00,-2.0,3.0
10971,2026-06-26T00:45:00+00:00,-2.0,3.0
10972,2026-06-26T00:50:00+00:00,-2.0,3.0
10973,2026-06-26T00:55:00+00:00,-2.0,3.0
10974,2026-06-26T01:00:00+00:00,-2.0,3.0
10975,2026-06-26T01:05:00+00:00,-2.0,3.0
10976,2026-06-26T01:10:00+00:00,-2.0,3.0
10977,2026-06-26T01:15:00+00:00,-2.0,3.0
10978,2026-06-26T01:20:00+00:00,-2.0,3.0
10979,2026-06-26T01:25:00+00:00,-2.0,3.0
10980,2026-06-26T01:30:00+00:00,-2.0,3.0
10981,2026-06-26T01:35:00+00:00,-2.0,3.0
10982,2026-06-26T01:40:00+00:00,-2.0,3.0
10983,2026-06-26T01:45:00+00:00,-2.0,3.0
10984,2026-06-26T01:50:00+00:00,-2.0,3.0
10985,2026-06-26T01:55:00+00:00,-2.0,3.0
10986,2026-06-26T02:00:00+00:00,-2.0,3.0
10987,2026-06-26T02:05:00+00:00,-2.0,3.0
10988,2026-06-26T02:10:00+00:00,-2.0,3.0
10989,2026-06-26T02:15:00+00:00,-2.0,3.0
10990,2026-06-26T02:20:00+00:00,-2.0,3.0
10991,2026-06-26T02:25:00+00:00,-2.0,3.0
10992,2026-06-26T02:30:00+00:00,-2.0,3.0
10993,2026-06-26T02:35:00+00:00,-2.0,3.0
10994,2026-06-26T02:40:00+00:00,-2.0,3.0
10995,2026-06-26T02:45:00+00:00,-2.0,3.0
10996,2026-06-26T02:50:00+00:00,-2.0,3.0
10997,2026-06-26T02:55:00+00:00,-2.0,3.0
10998,2026-06-26T03:00:00+00:00,-2.0,3.0
10999,2026-06-26T03:05:00+00:00,-2.0,3.0
11000,2026-06-26T03:10:00+00:00,-2.0,3.0
11001,2026-06-26T03:15:00+00:00,-2.0,3.0
11002,2026-06-26T03:20:00+00:00,-2.0,3.0
11003,2026-06-26T03:25:00+00:00,-2.0,3.0
11004,2026-06-26T03:30:00+00:00,-2.0,3.0
11005,2026-06-26T03:35:00+00:00,-2.0,3.0
11006,2026-06-26T03:40:00+00:00,-2.0,3.0
11007,2026-06-26T03:45:00+00:00,-2.0,3.0
11008,2026-06-26T03:50:00+00:00,-2.0,3.0
11009,2026-06-26T03:55:00+00:00,-2.0,3.0
11010,2026-06-26T04:00:00+00:00,-2.0,3.0
11011,2026-06-26T04:05:00+00:00,-2.0,3.0
11012,2026-06-26T04:10:00+00:00,-2.0,3.0
11013,2026-06-26T04:15:00+00:00,-2.0,3.0
11014,2026-06-26T04:20:00+00:00,-2.0,3.0
11015,2026-06-26T04:25:00+00:00,-2.0,3.0
11016,2026-06-26T04:30:00+00:00,-2.0,3.0
11017,2026-06-26T04:35:00+00:00,-2.0,3.0
11018,2026-06-26T04:40:00+00:00,-2.0,3.0
11019,2026-06-26T04:45:00+00:00,-2.0,3.0
11020,2026-06-26T04:50:00+00:00,-2.0,3.0
11021,2026-06-26T04:55:00+00:00,-2.0,3.0
11022,2026-06-26T05:00:00+00:00,-2.0,3.0
11023,2026-06-26T05:05:00+00:00,-2.0,3.0
11024,2026-06-26T05:10:00+00:00,-2.0,3.0
11025,2026-06-26T05:15:00+00:00,-2.0,3.0
11026,2026-06-26T05:20:00+00:00,-2.0,3.0
11027,2026-06-26T05:25:00+00:00,-2.0,3.0
11028,2026-06-26T05:30:00+00:00,-2.0,3.0
11029,2026-06-26T05:35:00+00:00,-2.0,3.0
11030,2026-06-26T05:40:00+00:00,-2.0,3.0
11031,2026-06-26T05:45:00+00:00,-2.0,3.0
11032,2026-06-26T05:50:00+00:00,-2.0,3.0
11033,2026-06-26T05:55:00+00:00,-2.0,3.0
11034,2026-06-26T06:00:00+00:00,-2.0,3.0
11035,2026-06-26T06:05:00+00:00,-2.0,3.0
11036,2026-06-26T06:10:00+00:00,-2.0,3.0
11037,2026-06-26T06:15:00+00:00,-2.0,3.0
11038,2026-06-26T06:20:00+00:00,-2.0,3.0
11039,2026-06-26T06:25:00+00:00,-2.0,3.0
11040,2026-06-26T06:30:00+00:00,-2.0,3.0
11041,2026-06-26T06:35:00+00:00,-2.0,3.0
11042,2026-06-26T06:40:00+00:00,-2.0,3.0
11043,2026-06-26T06:45:00+00:00,-2.0,3.0
11044,2026-06-26T06:50:00+00:00,-2.0,3.0
11045,2026-06-26T06:55:00+00:00,-2.0,3.0
11046,2026-06-26T07:00:00+00:00,-2.0,3.0
11047,2026-06-26T07:05:00+00:00,-2.0,3.0
11048,2026-06-26T07:10:00+00:00,-2.0,3.0
11049,2026-06-26T07:15:00+00:00,-2.0,3.0
11050,2026-06-26T07:20:00+00:00,-2.0,3.0
11051,2026-06-26T07:25:00+00:00,-2.0,3.0
11052,2026-06-26T07:30:00+00:00,-2.0,3.0
11053,2026-06-26T07:35:00+00:00,-2.0,3.0
11054,2026-06-26T07:40:00+00:00,-2.0,3.0
11055,2026-06-26T07:45:00+00:00,-2.0,3.0
11056,2026-06-26T07:50:00+00:00,-2.0,3.0
11057,2026-06-26T07:55:00+00:00,-2.0,3.0
11058,2026-06-26T08:00:00+00:00,-2.0,3.0
11059,2026-06-26T08:05:00+00:00,-2.0,3.0
11060,2026-06-26T08:10:00+00:00,-2.0,3.0
11061,2026-06-26T08:15:00+00:00,-2.0,3.0
11062,2026-06-26T08:20:00+00:00,-2.0,3.0
11063,2026-06-26T08:25:00+00:00,-2.0,3.0
11064,2026-06-26T08:30:00+00:00,-2.0,3.0
11065,2026-06-26T08:35:00+00:00,-2.0,3.0
11066,2026-06-26T08:40:00+00:00,-2.0,3.0
11067,2026-06-26T08:45:00+00:00,-2.0,3.0
11068,2026-06-26T08:50:00+00:00,-2.0,3.0
11069,2026-06-26T08:55:00+00:00,-2.0,3.0
11070,2026-06-26T09:00:00+00:00,-2.0,3.0
11071,2026-06-26T09:05:00+00:00,-2.0,3.0
11072,2026-06-26T09:10:00+00:00,-2.0,3.0
11073,2026-06-26T09:15:00+00:00,-2.0,3.0
11074,2026-06-26T09:20:00+00:00,-2.0,3.0
11075,2026-06-26T09:25:00+00:00,-2.0,3.0
11076,2026-06-26T09:30:00+00:00,-2.0,3.0
11077,2026-06-26T09:35:00+00:00,-2.0,3.0
11078,2026-06-26T09:40:00+00:00,-2.0,3.0
11079,2026-06-26T09:45:00+00:00,-2.0,3.0
11080,2026-06-26T09:50:00+00:00,-2.0,3.0
11081,2026-06-26T09:55:00+00:00,-2.0,3.0
11082,2026-06-26T10:00:00+00:00,-2.0,3.0
11083,2026-06-26T10:05:00+00:00,-2.0,3.0
11084,2026-06-26T10:10:00+00:00,-2.0,3.0
11085,2026-06-26T10:15:00+00:00,-2.0,3.0
11086,2026-06-26T10:20:00+00:00,-2.0,3.0
11087,2026-06-26T10:25:00+00:00,-2.0,3.0
11088,2026-06-26T10:30:00+00:00,-2.0,3.0
11089,2026-06-26T10:35:00+00:00,-2.0,3.0
11090,2026-06-26T10:40:00+00:00,-2.0,3.0
11091,2026-06-26T10:45:00+00:00,-2.0,3.0
11092,2026-06-26T10:50:00+00:00,-2.0,3.0
11093,2026-06-26T10:55:00+00:00,-2.0,3.0
11094,2026-06-26T11:00:00+00:00,-2.0,3.0
11095,2026-06-26T11:05:00+00:00,-2.0,3.0
11096,2026-06-26T11:10:00+00:00,-2.0,3.0
11097,2026-06-26T11:15:00+00:00,-2.0,3.0
11098,2026-06-26T11:20:00+00:00,-2.0,3.0
11099,2026-06-26T11:25:00+00:00,-2.0,3.0
11100,2026-06-26T11:30:00+00:00,-2.0,3.0
11101,2026-06-26T11:35:00+00:00,-2.0,3.0
11102,2026-06-26T11:40:00+00:00,-2.0,3.0
11103,2026-06-26T11:45:00+00:00,-2.0,3.0
11104,2026-06-26T11:50:00+00:00,-2.0,3.0
11105,2026-06-26T11:55:00+00:00,-2.0,3.0
11106,2026-06-26T12:00:00+00:00,-2.0,3.0
11107,2026-06-26T12:05:00+00:00,-2.0,3.0
11108,2026-06-26T12:10:00+00:00,-2.0,3.0
11109,2026-06-26T12:15:00+00:00,-2.0,3.0
11110,2026-06-26T12:20:00+00:00,-2.0,3.0
11111,2026-06-26T12:25:00+00:00,-2.0,3.0
11112,2026-06-26T12:30:00+00:00,-2.0,3.0
11113,2026-06-26T12:35:00+00:00,-2.0,3.0
11114,2026-06-26T12:40:00+00:00,-2.0,3.0
11115,2026-06-26T12:45:00+00:00,-2.0,3.0
11116,2026-06-26T12:50:00+00:00,-2.0,3.0
11117,2026-06-26T12:55:00+00:00,-2.0,3.0
11118,2026-06-26T13:00:00+00:00,-2.0,3.0
11119,2026-06-26T13:05:00+00:00,-2.0,3.0
11120,2026-06-26T13:10:00+00:00,-2.0,3.0
11121,2026-06-26T13:15:00+00:00,-2.0,3.0
11122,2026-06-26T13:20:00+00:00,-2.0,3.0
11123,2026-06-26T13:25:00+00:00,-2.0,3.0
11124,2026-06-26T13:30:00+00:00,-2.0,3.0
11125,2026-06-26T13:35:00+00:00,-2.0,3.0
11126,2026-06-26T13:40:00+00:00,-2.0,3.0
11127,2026-06-26T13:45:00+00:00,-2.0,3.0
11128,2026-06-26T13:50:00+00:00,-2.0,3.0
11129,2026-06-26T13:55:00+00:00,-2.0,3.0
11130,2026-06-26T14:00:00+00:00,-2.0,3.0
11131,2026-06-26T14:05:00+00:00,-2.0,3.0
11132,2026-06-26T14:10:00+00:00,-2.0,3.0
11133,2026-06-26T14:15:00+00:00,-2.0,3.0
11134,2026-06-26T14:20:00+00:00,-2.0,3.0
11135,2026-06-26T14:25:00+00:00,-2.0,3.0
11136,2026-06-26T14:30:00+00:00,-2.0,3.0
11137,2026-06-26T14:35:00+00:00,-2.0,3.0
11138,2026-06-26T14:40:00+00:00,-2.0,3.0
11139,2026-06-26T14:45:00+00:00,-2.0,3.0
11140,2026-06-26T14:50:00+00:00,-2.0,3.0
11141,2026-06-26T14:55:00+00:00,-2.0,3.0
11142,2026-06-26T15:00:00+00:00,-2.0,3.0
11143,2026-06-26T15:05:00+00:00,-2.0,3.0
11144,2026-06-26T15:10:00+00:00,-2.0,3.0
11145,2026-06-26T15:15:00+00:00,-2.0,3.0
11146,2026-06-26T15:20:00+00:00,-2.0,3.0
11147,2026-06-26T15:25:00+00:00,-2.0,3.0
11148,2026-06-26T15:30:00+00:00,-2.0,3.0
11149,2026-06-26T15:35:00+00:00,-2.0,3.0
11150,2026-06-26T15:40:00+00:00,-2.0,3.0
11151,2026-06-26T15:45:00+00:00,-2.0,3.0
11152,2026-06-26T15:50:00+00:00,-2.0,3.0
11153,2026-06-26T15:55:00+00:00,-2.0,3.0
11154,2026-06-26T16:00:00+00:00,-2.0,3.0
11155,2026-06-26T16:05:00+00:00,-2.0,3.0
11156,2026-06-26T16:10:00+00:00,-2.0,3.0
11157,2026-06-26T16:15:00+00:00,-2.0,3.0
11158,2026-06-26T16:20:00+00:00,-2.0,3.0
11159,2026-06-26T16:25:00+00:00,-2.0,3.0
11160,2026-06-26T16:30:00+00:00,-2.0,3.0
11161,2026-06-26T16:35:00+00:00,-2.0,3.0
11162,2026-06-26T16:40:00+00:00,-2.0,3.0
11163,2026-06-26T16:45:00+00:00,-2.0,3.0
11164,2026-06-26T16:50:00+00:00,-2.0,3.0
11165,2026-06-26T16:55:00+00:00,-2.0,3.0
11166,2026-06-26T17:00:00+00:00,-2.0,3.0
11167,2026-06-26T17:05:00+00:00,-2.0,3.0
11168,2026-06-26T17:10:00+00:00,-2.0,3.0
11169,2026-06-26T17:15:00+00:00,-2.0,3.0
11170,2026-06-26T17:20:00+00:00,-2.0,3.0
11171,2026-06-26T17:25:00+00:00,-2.0,3.0
11172,2026-06-26T17:30:00+00:00,-2.0,3.0
11173,2026-06-26T17:35:00+00:00,-2.0,3.0
11174,2026-06-26T17:40:00+00:00,-2.0,3.0
11175,2026-06-26T17:45:00+00:00,-2.0,3.0
11176,2026-06-26T17:50:00+00:00,-2.0,3.0
11177,2026-06-26T17:55:00+00:00,-2.0,3.0
11178,2026-06-26T18:00:00+00:00,-2.0,3.0
11179,2026-06-26T18:05:00+00:00,-2.0,3.0
11180,2026-06-26T18:10:00+00:00,-2.0,3.0
11181,2026-06-26T18:15:00+00:00,-2.0,3.0
11182,2026-06-26T18:20:00+00:00,-2.0,3.0
11183,2026-06-26T18:25:00+00:00,-2.0,3.0
11184,2026-06-26T18:30:00+00:00,-2.0,3.0
11185,2026-06-26T18:35:00+00:00,-2.0,3.0
11186,2026-06-26T18:40:00+00:00,-2.0,3.0
11187,2026-06-26T18:45:00+00:00,-2.0,3.0
11188,2026-06-26T18:50:00+00:00,-2.0,3.0
11189,2026-06-26T18:55:00+00:00,-2.0,3.0
11190,2026-06-26T19:00:00+00:00,-2.0,3.0
11191,2026-06-26T19:05:00+00:00,-2.0,3.0
11192,2026-06-26T19:10:00+00:00,-2.0,3.0
11193,2026-06-26T19:15:00+00:00,-2.0,3.0
11194,2026-06-26T19:20:00+00:00,-2.0,3.0
11195,2026-06-26T19:25:00+00:00,-2.0,3.0
11196,2026-06-26T19:30:00+00:00,-2.0,3.0
11197,2026-06-26T19:35:00+00:00,-2.0,3.0
11198,2026-06-26T19:40:00+00:00,-2.0,3.0
11199,2026-06-26T19:45:00+00:00,-2.0,3.0
11200,2026-06-26T19:50:00+00:00,-2.0,3.0
11201,2026-06-26T19:55:00+00:00,-2.0,3.0
11202,2026-06-26T20:00:00+00:00,-2.0,3.0
11203,2026-06-26T20:05:00+00:00,-2.0,3.0
11204,2026-06-26T20:10:00+00:00,-2.0,3.0
11205,2026-06-26T20:15:00+00:00,-2.0,3.0
11206,2026-06-26T20:20:00+00:00,-2.0,3.0
11207,2026-06-26T20:25:00+00:00,-2.0,3.0
11208,2026-06-26T20:30:00+00:00,-2.0,3.0
11209,2026-06-26T20:35:00+00:00,-2.0,3.0
11210,2026-06-26T20:40:00+00:00,-2.0,3.0
11211,2026-06-26T20:45:00+00:00,-2.0,3.0
11212,2026-06-26T20:50:00+00:00,-2.0,3.0
11213,2026-06-26T20:55:00+00:00,-2.0,3.0
11214,2026-06-28T22:00:00+00:00,-2.0,3.0
11215,2026-06-28T22:05:00+00:00,-2.0,3.0
11216,2026-06-28T22:10:00+00:00,-2.0,3.0
11217,2026-06-28T22:15:00+00:00,-2.0,3.0
11218,2026-06-28T22:20:00+00:00,-2.0,3.0
11219,2026-06-28T22:25:00+00:00,-2.0,3.0
11220,2026-06-28T22:30:00+00:00,-2.0,3.0
11221,2026-06-28T22:35:00+00:00,-2.0,3.0
11222,2026-06-28T22:40:00+00:00,-2.0,3.0
11223,2026-06-28T22:45:00+00:00,-2.0,3.0
11224,2026-06-28T22:50:00+00:00,-2.0,3.0
11225,2026-06-28T22:55:00+00:00,-2.0,3.0
11226,2026-06-28T23:00:00+00:00,-2.0,3.0
11227,2026-06-28T23:05:00+00:00,-2.0,3.0
11228,2026-06-28T23:10:00+00:00,-2.0,3.0
11229,2026-06-28T23:15:00+00:00,-2.0,3.0
11230,2026-06-28T23:20:00+00:00,-2.0,3.0
11231,2026-06-28T23:25:00+00:00,-2.0,3.0
11232,2026-06-28T23:30:00+00:00,-2.0,3.0
11233,2026-06-28T23:35:00+00:00,-2.0,3.0
11234,2026-06-28T23:40:00+00:00,-2.0,3.0
11235,2026-06-28T23:45:00+00:00,-2.0,3.0
11236,2026-06-28T23:50:00+00:00,-2.0,3.0
11237,2026-06-28T23:55:00+00:00,-2.0,3.0
11238,2026-06-29T00:00:00+00:00,-2.0,3.0
11239,2026-06-29T00:05:00+00:00,-2.0,3.0
11240,2026-06-29T00:10:00+00:00,-2.0,3.0
11241,2026-06-29T00:15:00+00:00,-2.0,3.0
11242,2026-06-29T00:20:00+00:00,-2.0,3.0
11243,2026-06-29T00:25:00+00:00,-2.0,3.0
11244,2026-06-29T00:30:00+00:00,-2.0,3.0
11245,2026-06-29T00:35:00+00:00,-2.0,3.0
11246,2026-06-29T00:40:00+00:00,-2.0,3.0
11247,2026-06-29T00:45:00+00:00,-2.0,3.0
11248,2026-06-29T00:50:00+00:00,-2.0,3.0
11249,2026-06-29T00:55:00+00:00,-2.0,3.0
11250,2026-06-29T01:00:00+00:00,-2.0,3.0
11251,2026-06-29T01:05:00+00:00,-2.0,3.0
11252,2026-06-29T01:10:00+00:00,-2.0,3.0
11253,2026-06-29T01:15:00+00:00,-2.0,3.0
11254,2026-06-29T01:20:00+00:00,-2.0,3.0
11255,2026-06-29T01:25:00+00:00,-2.0,3.0
11256,2026-06-29T01:30:00+00:00,-2.0,3.0
11257,2026-06-29T01:35:00+00:00,-2.0,3.0
11258,2026-06-29T01:40:00+00:00,-2.0,3.0
11259,2026-06-29T01:45:00+00:00,-2.0,3.0
11260,2026-06-29T01:50:00+00:00,-2.0,3.0
11261,2026-06-29T01:55:00+00:00,-2.0,3.0
11262,2026-06-29T02:00:00+00:00,-2.0,3.0
11263,2026-06-29T02:05:00+00:00,-2.0,3.0
11264,2026-06-29T02:10:00+00:00,-2.0,3.0
11265,2026-06-29T02:15:00+00:00,-2.0,3.0
11266,2026-06-29T02:20:00+00:00,-2.0,3.0
11267,2026-06-29T02:25:00+00:00,-2.0,3.0
11268,2026-06-29T02:30:00+00:00,-2.0,3.0
11269,2026-06-29T02:35:00+00:00,-2.0,3.0
11270,2026-06-29T02:40:00+00:00,-2.0,3.0
11271,2026-06-29T02:45:00+00:00,-2.0,3.0
11272,2026-06-29T02:50:00+00:00,-2.0,3.0
11273,2026-06-29T02:55:00+00:00,-2.0,3.0
11274,2026-06-29T03:00:00+00:00,-2.0,3.0
11275,2026-06-29T03:05:00+00:00,-2.0,3.0
11276,2026-06-29T03:10:00+00:00,-2.0,3.0
11277,2026-06-29T03:15:00+00:00,-2.0,3.0
11278,2026-06-29T03:20:00+00:00,-2.0,3.0
11279,2026-06-29T03:25:00+00:00,-2.0,3.0
11280,2026-06-29T03:30:00+00:00,-2.0,3.0
11281,2026-06-29T03:35:00+00:00,-2.0,3.0
11282,2026-06-29T03:40:00+00:00,-2.0,3.0
11283,2026-06-29T03:45:00+00:00,-2.0,3.0
11284,2026-06-29T03:50:00+00:00,-2.0,3.0
11285,2026-06-29T03:55:00+00:00,-2.0,3.0
11286,2026-06-29T04:00:00+00:00,-2.0,3.0
11287,2026-06-29T04:05:00+00:00,-2.0,3.0
11288,2026-06-29T04:10:00+00:00,-2.0,3.0
11289,2026-06-29T04:15:00+00:00,-2.0,3.0
11290,2026-06-29T04:20:00+00:00,-2.0,3.0
11291,2026-06-29T04:25:00+00:00,-2.0,3.0
11292,2026-06-29T04:30:00+00:00,-2.0,3.0
11293,2026-06-29T04:35:00+00:00,-2.0,3.0
11294,2026-06-29T04:40:00+00:00,-2.0,3.0
11295,2026-06-29T04:45:00+00:00,-2.0,3.0
11296,2026-06-29T04:50:00+00:00,-2.0,3.0
11297,2026-06-29T04:55:00+00:00,-2.0,3.0
11298,2026-06-29T05:00:00+00:00,-2.0,3.0
11299,2026-06-29T05:05:00+00:00,-2.0,3.0
11300,2026-06-29T05:10:00+00:00,-2.0,3.0
11301,2026-06-29T05:15:00+00:00,-2.0,3.0
11302,2026-06-29T05:20:00+00:00,-2.0,3.0
11303,2026-06-29T05:25:00+00:00,-2.0,3.0
11304,2026-06-29T05:30:00+00:00,-2.0,3.0
11305,2026-06-29T05:35:00+00:00,-2.0,3.0
11306,2026-06-29T05:40:00+00:00,-2.0,3.0
11307,2026-06-29T05:45:00+00:00,-2.0,3.0
11308,2026-06-29T05:50:00+00:00,-2.0,3.0
11309,2026-06-29T05:55:00+00:00,-2.0,3.0
11310,2026-06-29T06:00:00+00:00,-2.0,3.0
11311,2026-06-29T06:05:00+00:00,-2.0,3.0
11312,2026-06-29T06:10:00+00:00,-2.0,3.0
11313,2026-06-29T06:15:00+00:00,-2.0,3.0
11314,2026-06-29T06:20:00+00:00,-2.0,3.0
11315,2026-06-29T06:25:00+00:00,-2.0,3.0
11316,2026-06-29T06:30:00+00:00,-2.0,3.0
11317,2026-06-29T06:35:00+00:00,-2.0,3.0
11318,2026-06-29T06:40:00+00:00,-2.0,3.0
11319,2026-06-29T06:45:00+00:00,-2.0,3.0
11320,2026-06-29T06:50:00+00:00,-2.0,3.0
11321,2026-06-29T06:55:00+00:00,-2.0,3.0
11322,2026-06-29T07:00:00+00:00,-2.0,3.0
11323,2026-06-29T07:05:00+00:00,-2.0,3.0
11324,2026-06-29T07:10:00+00:00,-2.0,3.0
11325,2026-06-29T07:15:00+00:00,-2.0,3.0
11326,2026-06-29T07:20:00+00:00,-2.0,3.0
11327,2026-06-29T07:25:00+00:00,-2.0,3.0
11328,2026-06-29T07:30:00+00:00,-2.0,3.0
11329,2026-06-29T07:35:00+00:00,-2.0,3.0
11330,2026-06-29T07:40:00+00:00,-2.0,3.0
11331,2026-06-29T07:45:00+00:00,-2.0,3.0
11332,2026-06-29T07:50:00+00:00,-2.0,3.0
11333,2026-06-29T07:55:00+00:00,-2.0,3.0
11334,2026-06-29T08:00:00+00:00,-2.0,3.0
11335,2026-06-29T08:05:00+00:00,-2.0,3.0
11336,2026-06-29T08:10:00+00:00,-2.0,3.0
11337,2026-06-29T08:15:00+00:00,-2.0,3.0
11338,2026-06-29T08:20:00+00:00,-2.0,3.0
11339,2026-06-29T08:25:00+00:00,-2.0,3.0
11340,2026-06-29T08:30:00+00:00,-2.0,3.0
11341,2026-06-29T08:35:00+00:00,-2.0,3.0
11342,2026-06-29T08:40:00+00:00,-2.0,3.0
11343,2026-06-29T08:45:00+00:00,-2.0,3.0
11344,2026-06-29T08:50:00+00:00,-2.0,3.0
11345,2026-06-29T08:55:00+00:00,-2.0,3.0
11346,2026-06-29T09:00:00+00:00,-2.0,3.0
11347,2026-06-29T09:05:00+00:00,-2.0,3.0
11348,2026-06-29T09:10:00+00:00,-2.0,3.0
11349,2026-06-29T09:15:00+00:00,-2.0,3.0
11350,2026-06-29T09:20:00+00:00,-2.0,3.0
11351,2026-06-29T09:25:00+00:00,-2.0,3.0
11352,2026-06-29T09:30:00+00:00,-2.0,3.0
11353,2026-06-29T09:35:00+00:00,-2.0,3.0
11354,2026-06-29T09:40:00+00:00,-2.0,3.0
11355,2026-06-29T09:45:00+00:00,-2.0,3.0
11356,2026-06-29T09:50:00+00:00,-2.0,3.0
11357,2026-06-29T09:55:00+00:00,-2.0,3.0
11358,2026-06-29T10:00:00+00:00,-2.0,3.0
11359,2026-06-29T10:05:00+00:00,-2.0,3.0
11360,2026-06-29T10:10:00+00:00,-2.0,3.0
11361,2026-06-29T10:15:00+00:00,-2.0,3.0
11362,2026-06-29T10:20:00+00:00,-2.0,3.0
11363,2026-06-29T10:25:00+00:00,-2.0,3.0
11364,2026-06-29T10:30:00+00:00,-2.0,3.0
11365,2026-06-29T10:35:00+00:00,-2.0,3.0
11366,2026-06-29T10:40:00+00:00,-2.0,3.0
11367,2026-06-29T10:45:00+00:00,-2.0,3.0
11368,2026-06-29T10:50:00+00:00,-2.0,3.0
11369,2026-06-29T10:55:00+00:00,-2.0,3.0
11370,2026-06-29T11:00:00+00:00,-2.0,3.0
11371,2026-06-29T11:05:00+00:00,-2.0,3.0
11372,2026-06-29T11:10:00+00:00,-2.0,3.0
11373,2026-06-29T11:15:00+00:00,-2.0,3.0
11374,2026-06-29T11:20:00+00:00,-2.0,3.0
11375,2026-06-29T11:25:00+00:00,-2.0,3.0
11376,2026-06-29T11:30:00+00:00,-2.0,3.0
11377,2026-06-29T11:35:00+00:00,-2.0,3.0
11378,2026-06-29T11:40:00+00:00,-2.0,3.0
11379,2026-06-29T11:45:00+00:00,-2.0,3.0
11380,2026-06-29T11:50:00+00:00,-2.0,3.0
11381,2026-06-29T11:55:00+00:00,-2.0,3.0
11382,2026-06-29T12:00:00+00:00,-2.0,3.0
11383,2026-06-29T12:05:00+00:00,-2.0,3.0
11384,2026-06-29T12:10:00+00:00,-2.0,3.0
11385,2026-06-29T12:15:00+00:00,-2.0,3.0
11386,2026-06-29T12:20:00+00:00,-2.0,3.0
11387,2026-06-29T12:25:00+00:00,-2.0,3.0
11388,2026-06-29T12:30:00+00:00,-2.0,3.0
11389,2026-06-29T12:35:00+00:00,-2.0,3.0
11390,2026-06-29T12:40:00+00:00,-2.0,3.0
11391,2026-06-29T12:45:00+00:00,-2.0,3.0
11392,2026-06-29T12:50:00+00:00,-2.0,3.0
11393,2026-06-29T12:55:00+00:00,-2.0,3.0
11394,2026-06-29T13:00:00+00:00,-2.0,3.0
11395,2026-06-29T13:05:00+00:00,-2.0,3.0
11396,2026-06-29T13:10:00+00:00,-2.0,3.0
11397,2026-06-29T13:15:00+00:00,-2.0,3.0
11398,2026-06-29T13:20:00+00:00,-2.0,3.0
11399,2026-06-29T13:25:00+00:00,-2.0,3.0
11400,2026-06-29T13:30:00+00:00,-2.0,3.0
11401,2026-06-29T13:35:00+00:00,-2.0,3.0
11402,2026-06-29T13:40:00+00:00,-2.0,3.0
11403,2026-06-29T13:45:00+00:00,-2.0,3.0
11404,2026-06-29T13:50:00+00:00,-2.0,3.0
11405,2026-06-29T13:55:00+00:00,-2.0,3.0
11406,2026-06-29T14:00:00+00:00,-2.0,3.0
11407,2026-06-29T14:05:00+00:00,-2.0,3.0
11408,2026-06-29T14:10:00+00:00,-2.0,3.0
11409,2026-06-29T14:15:00+00:00,-2.0,3.0
11410,2026-06-29T14:20:00+00:00,-2.0,3.0
11411,2026-06-29T14:25:00+00:00,-2.0,3.0
11412,2026-06-29T14:30:00+00:00,-2.0,3.0
11413,2026-06-29T14:35:00+00:00,-2.0,3.0
11414,2026-06-29T14:40:00+00:00,-2.0,3.0
11415,2026-06-29T14:45:00+00:00,-2.0,3.0
11416,2026-06-29T14:50:00+00:00,-2.0,3.0
11417,2026-06-29T14:55:00+00:00,-2.0,3.0
11418,2026-06-29T15:00:00+00:00,-2.0,3.0
11419,2026-06-29T15:05:00+00:00,-2.0,3.0
11420,2026-06-29T15:10:00+00:00,-2.0,3.0
11421,2026-06-29T15:15:00+00:00,-2.0,3.0
11422,2026-06-29T15:20:00+00:00,-2.0,3.0
11423,2026-06-29T15:25:00+00:00,-2.0,3.0
11424,2026-06-29T15:30:00+00:00,-2.0,3.0
11425,2026-06-29T15:35:00+00:00,-2.0,3.0
11426,2026-06-29T15:40:00+00:00,-2.0,3.0
11427,2026-06-29T15:45:00+00:00,-2.0,3.0
11428,2026-06-29T15:50:00+00:00,-2.0,3.0
11429,2026-06-29T15:55:00+00:00,-2.0,3.0
11430,2026-06-29T16:00:00+00:00,-2.0,3.0
11431,2026-06-29T16:05:00+00:00,-2.0,3.0
11432,2026-06-29T16:10:00+00:00,-2.0,3.0
11433,2026-06-29T16:15:00+00:00,-2.0,3.0
11434,2026-06-29T16:20:00+00:00,-2.0,3.0
11435,2026-06-29T16:25:00+00:00,-2.0,3.0
11436,2026-06-29T16:30:00+00:00,-2.0,3.0
11437,2026-06-29T16:35:00+00:00,-2.0,3.0
11438,2026-06-29T16:40:00+00:00,-2.0,3.0
11439,2026-06-29T16:45:00+00:00,-2.0,3.0
11440,2026-06-29T16:50:00+00:00,-2.0,3.0
11441,2026-06-29T16:55:00+00:00,-2.0,3.0
11442,2026-06-29T17:00:00+00:00,-2.0,3.0
11443,2026-06-29T17:05:00+00:00,-2.0,3.0
11444,2026-06-29T17:10:00+00:00,-2.0,3.0
11445,2026-06-29T17:15:00+00:00,-2.0,3.0
11446,2026-06-29T17:20:00+00:00,-2.0,3.0
11447,2026-06-29T17:25:00+00:00,-2.0,3.0
11448,2026-06-29T17:30:00+00:00,-2.0,3.0
11449,2026-06-29T17:35:00+00:00,-2.0,3.0
11450,2026-06-29T17:40:00+00:00,-2.0,3.0
11451,2026-06-29T17:45:00+00:00,-2.0,3.0
11452,2026-06-29T17:50:00+00:00,-2.0,3.0
11453,2026-06-29T17:55:00+00:00,-2.0,3.0
11454,2026-06-29T18:00:00+00:00,-2.0,3.0
11455,2026-06-29T18:05:00+00:00,-2.0,3.0
11456,2026-06-29T18:10:00+00:00,-2.0,3.0
11457,2026-06-29T18:15:00+00:00,-2.0,3.0
11458,2026-06-29T18:20:00+00:00,-2.0,3.0
11459,2026-06-29T18:25:00+00:00,-2.0,3.0
11460,2026-06-29T18:30:00+00:00,-2.0,3.0
11461,2026-06-29T18:35:00+00:00,-2.0,3.0
11462,2026-06-29T18:40:00+00:00,-2.0,3.0
11463,2026-06-29T18:45:00+00:00,-2.0,3.0
11464,2026-06-29T18:50:00+00:00,-2.0,3.0
11465,2026-06-29T18:55:00+00:00,-2.0,3.0
11466,2026-06-29T19:00:00+00:00,-2.0,3.0
11467,2026-06-29T19:05:00+00:00,-2.0,3.0
11468,2026-06-29T19:10:00+00:00,-2.0,3.0
11469,2026-06-29T19:15:00+00:00,-2.0,3.0
11470,2026-06-29T19:20:00+00:00,-2.0,3.0
11471,2026-06-29T19:25:00+00:00,-2.0,3.0
11472,2026-06-29T19:30:00+00:00,-2.0,3.0
11473,2026-06-29T19:35:00+00:00,-2.0,3.0
11474,2026-06-29T19:40:00+00:00,-2.0,3.0
11475,2026-06-29T19:45:00+00:00,-2.0,3.0
11476,2026-06-29T19:50:00+00:00,-2.0,3.0
11477,2026-06-29T19:55:00+00:00,-2.0,3.0
11478,2026-06-29T20:00:00+00:00,-2.0,3.0
11479,2026-06-29T20:05:00+00:00,-2.0,3.0
11480,2026-06-29T20:10:00+00:00,-2.0,3.0
11481,2026-06-29T20:15:00+00:00,-2.0,3.0
11482,2026-06-29T20:20:00+00:00,-2.0,3.0
11483,2026-06-29T20:25:00+00:00,-2.0,3.0
11484,2026-06-29T20:30:00+00:00,-2.0,3.0
11485,2026-06-29T20:35:00+00:00,-2.0,3.0
11486,2026-06-29T20:40:00+00:00,-2.0,3.0
11487,2026-06-29T20:45:00+00:00,-2.0,3.0
11488,2026-06-29T20:50:00+00:00,-2.0,3.0
11489,2026-06-29T20:55:00+00:00,-2.0,3.0
11490,2026-06-29T22:00:00+00:00,-2.0,3.0
11491,2026-06-29T22:05:00+00:00,-2.0,3.0
11492,2026-06-29T22:10:00+00:00,-2.0,3.0
11493,2026-06-29T22:15:00+00:00,-2.0,3.0
11494,2026-06-29T22:20:00+00:00,-2.0,3.0
11495,2026-06-29T22:25:00+00:00,-2.0,3.0
11496,2026-06-29T22:30:00+00:00,-2.0,3.0
11497,2026-06-29T22:35:00+00:00,-2.0,3.0
11498,2026-06-29T22:40:00+00:00,-2.0,3.0
11499,2026-06-29T22:45:00+00:00,-2.0,3.0
11500,2026-06-29T22:50:00+00:00,-2.0,3.0
11501,2026-06-29T22:55:00+00:00,-2.0,3.0
11502,2026-06-29T23:00:00+00:00,-2.0,3.0
11503,2026-06-29T23:05:00+00:00,-2.0,3.0
11504,2026-06-29T23:10:00+00:00,-2.0,3.0
11505,2026-06-29T23:15:00+00:00,-2.0,3.0
11506,2026-06-29T23:20:00+00:00,-2.0,3.0
11507,2026-06-29T23:25:00+00:00,-2.0,3.0
11508,2026-06-29T23:30:00+00:00,-2.0,3.0
11509,2026-06-29T23:35:00+00:00,-2.0,3.0
11510,2026-06-29T23:40:00+00:00,-2.0,3.0
11511,2026-06-29T23:45:00+00:00,-2.0,3.0
11512,2026-06-29T23:50:00+00:00,-2.0,3.0
11513,2026-06-29T23:55:00+00:00,-2.0,3.0
11514,2026-06-30T00:00:00+00:00,-2.0,3.0
11515,2026-06-30T00:05:00+00:00,-2.0,3.0
11516,2026-06-30T00:10:00+00:00,-2.0,3.0
11517,2026-06-30T00:15:00+00:00,-2.0,3.0
11518,2026-06-30T00:20:00+00:00,-2.0,3.0
11519,2026-06-30T00:25:00+00:00,-2.0,3.0
11520,2026-06-30T00:30:00+00:00,0.0,1.0
11521,2026-06-30T00:35:00+00:00,0.0,1.0
11522,2026-06-30T00:40:00+00:00,0.0,1.0
11523,2026-06-30T00:45:00+00:00,0.0,1.0
11524,2026-06-30T00:50:00+00:00,0.0,1.0
11525,2026-06-30T00:55:00+00:00,0.0,1.0
11526,2026-06-30T01:00:00+00:00,0.0,1.0
11527,2026-06-30T01:05:00+00:00,0.0,1.0
11528,2026-06-30T01:10:00+00:00,0.0,1.0
11529,2026-06-30T01:15:00+00:00,0.0,1.0
11530,2026-06-30T01:20:00+00:00,0.0,1.0
11531,2026-06-30T01:25:00+00:00,0.0,1.0
11532,2026-06-30T01:30:00+00:00,0.0,1.0
11533,2026-06-30T01:35:00+00:00,0.0,1.0
11534,2026-06-30T01:40:00+00:00,0.0,1.0
11535,2026-06-30T01:45:00+00:00,0.0,1.0
11536,2026-06-30T01:50:00+00:00,0.0,1.0
11537,2026-06-30T01:55:00+00:00,0.0,1.0
11538,2026-06-30T02:00:00+00:00,0.0,1.0
11539,2026-06-30T02:05:00+00:00,0.0,1.0
11540,2026-06-30T02:10:00+00:00,0.0,1.0
11541,2026-06-30T02:15:00+00:00,0.0,1.0
11542,2026-06-30T02:20:00+00:00,0.0,1.0
11543,2026-06-30T02:25:00+00:00,0.0,1.0
11544,2026-06-30T02:30:00+00:00,0.0,1.0
11545,2026-06-30T02:35:00+00:00,0.0,1.0
11546,2026-06-30T02:40:00+00:00,0.0,1.0
11547,2026-06-30T02:45:00+00:00,0.0,1.0
11548,2026-06-30T02:50:00+00:00,0.0,1.0
11549,2026-06-30T02:55:00+00:00,0.0,1.0
11550,2026-06-30T03:00:00+00:00,0.0,1.0
11551,2026-06-30T03:05:00+00:00,0.0,1.0
11552,2026-06-30T03:10:00+00:00,0.0,1.0
11553,2026-06-30T03:15:00+00:00,0.0,1.0
11554,2026-06-30T03:20:00+00:00,0.0,1.0
11555,2026-06-30T03:25:00+00:00,0.0,1.0
11556,2026-06-30T03:30:00+00:00,0.0,1.0
11557,2026-06-30T03:35:00+00:00,0.0,1.0
11558,2026-06-30T03:40:00+00:00,0.0,1.0
11559,2026-06-30T03:45:00+00:00,0.0,1.0
11560,2026-06-30T03:50:00+00:00,0.0,1.0
11561,2026-06-30T03:55:00+00:00,0.0,1.0
11562,2026-06-30T04:00:00+00:00,0.0,1.0
11563,2026-06-30T04:05:00+00:00,0.0,1.0
11564,2026-06-30T04:10:00+00:00,0.0,1.0
11565,2026-06-30T04:15:00+00:00,0.0,1.0
11566,2026-06-30T04:20:00+00:00,0.0,1.0
11567,2026-06-30T04:25:00+00:00,0.0,1.0
11568,2026-06-30T04:30:00+00:00,0.0,1.0
11569,2026-06-30T04:35:00+00:00,0.0,1.0
11570,2026-06-30T04:40:00+00:00,0.0,1.0
11571,2026-06-30T04:45:00+00:00,0.0,1.0
11572,2026-06-30T04:50:00+00:00,0.0,1.0
11573,2026-06-30T04:55:00+00:00,0.0,1.0
11574,2026-06-30T05:00:00+00:00,0.0,1.0
11575,2026-06-30T05:05:00+00:00,0.0,1.0
11576,2026-06-30T05:10:00+00:00,0.0,1.0
11577,2026-06-30T05:15:00+00:00,0.0,1.0
11578,2026-06-30T05:20:00+00:00,0.0,1.0
11579,2026-06-30T05:25:00+00:00,0.0,1.0
11580,2026-06-30T05:30:00+00:00,0.0,1.0
11581,2026-06-30T05:35:00+00:00,0.0,1.0
11582,2026-06-30T05:40:00+00:00,0.0,1.0
11583,2026-06-30T05:45:00+00:00,0.0,1.0
11584,2026-06-30T05:50:00+00:00,0.0,1.0
11585,2026-06-30T05:55:00+00:00,0.0,1.0
11586,2026-06-30T06:00:00+00:00,0.0,1.0
11587,2026-06-30T06:05:00+00:00,0.0,1.0
11588,2026-06-30T06:10:00+00:00,0.0,1.0
11589,2026-06-30T06:15:00+00:00,0.0,1.0
11590,2026-06-30T06:20:00+00:00,0.0,1.0
11591,2026-06-30T06:25:00+00:00,0.0,1.0
11592,2026-06-30T06:30:00+00:00,0.0,1.0
11593,2026-06-30T06:35:00+00:00,0.0,1.0
11594,2026-06-30T06:40:00+00:00,0.0,1.0
11595,2026-06-30T06:45:00+00:00,0.0,1.0
11596,2026-06-30T06:50:00+00:00,0.0,1.0
11597,2026-06-30T06:55:00+00:00,0.0,1.0
11598,2026-06-30T07:00:00+00:00,0.0,1.0
11599,2026-06-30T07:05:00+00:00,0.0,1.0
11600,2026-06-30T07:10:00+00:00,0.0,1.0
11601,2026-06-30T07:15:00+00:00,0.0,1.0
11602,2026-06-30T07:20:00+00:00,0.0,1.0
11603,2026-06-30T07:25:00+00:00,0.0,1.0
11604,2026-06-30T07:30:00+00:00,0.0,1.0
11605,2026-06-30T07:35:00+00:00,0.0,1.0
11606,2026-06-30T07:40:00+00:00,0.0,1.0
11607,2026-06-30T07:45:00+00:00,0.0,1.0
11608,2026-06-30T07:50:00+00:00,0.0,1.0
11609,2026-06-30T07:55:00+00:00,0.0,1.0
11610,2026-06-30T08:00:00+00:00,0.0,1.0
11611,2026-06-30T08:05:00+00:00,0.0,1.0
11612,2026-06-30T08:10:00+00:00,0.0,1.0
11613,2026-06-30T08:15:00+00:00,0.0,1.0
11614,2026-06-30T08:20:00+00:00,0.0,1.0
11615,2026-06-30T08:25:00+00:00,0.0,1.0
11616,2026-06-30T08:30:00+00:00,0.0,1.0
11617,2026-06-30T08:35:00+00:00,0.0,1.0
11618,2026-06-30T08:40:00+00:00,0.0,1.0
11619,2026-06-30T08:45:00+00:00,0.0,1.0
11620,2026-06-30T08:50:00+00:00,0.0,1.0
11621,2026-06-30T08:55:00+00:00,0.0,1.0
11622,2026-06-30T09:00:00+00:00,0.0,1.0
11623,2026-06-30T09:05:00+00:00,0.0,1.0
11624,2026-06-30T09:10:00+00:00,0.0,1.0
11625,2026-06-30T09:15:00+00:00,0.0,1.0
11626,2026-06-30T09:20:00+00:00,0.0,1.0
11627,2026-06-30T09:25:00+00:00,0.0,1.0
11628,2026-06-30T09:30:00+00:00,0.0,1.0
11629,2026-06-30T09:35:00+00:00,0.0,1.0
11630,2026-06-30T09:40:00+00:00,0.0,1.0
11631,2026-06-30T09:45:00+00:00,0.0,1.0
11632,2026-06-30T09:50:00+00:00,0.0,1.0
11633,2026-06-30T09:55:00+00:00,0.0,1.0
11634,2026-06-30T10:00:00+00:00,0.0,1.0
11635,2026-06-30T10:05:00+00:00,0.0,1.0
11636,2026-06-30T10:10:00+00:00,0.0,1.0
11637,2026-06-30T10:15:00+00:00,0.0,1.0
11638,2026-06-30T10:20:00+00:00,0.0,1.0
11639,2026-06-30T10:25:00+00:00,0.0,1.0
11640,2026-06-30T10:30:00+00:00,0.0,1.0
11641,2026-06-30T10:35:00+00:00,0.0,1.0
11642,2026-06-30T10:40:00+00:00,0.0,1.0
11643,2026-06-30T10:45:00+00:00,0.0,1.0
11644,2026-06-30T10:50:00+00:00,0.0,1.0
11645,2026-06-30T10:55:00+00:00,0.0,1.0
11646,2026-06-30T11:00:00+00:00,0.0,1.0
11647,2026-06-30T11:05:00+00:00,0.0,1.0
11648,2026-06-30T11:10:00+00:00,0.0,1.0
11649,2026-06-30T11:15:00+00:00,0.0,1.0
11650,2026-06-30T11:20:00+00:00,0.0,1.0
11651,2026-06-30T11:25:00+00:00,0.0,1.0
11652,2026-06-30T11:30:00+00:00,0.0,1.0
11653,2026-06-30T11:35:00+00:00,0.0,1.0
11654,2026-06-30T11:40:00+00:00,0.0,1.0
11655,2026-06-30T11:45:00+00:00,0.0,1.0
11656,2026-06-30T11:50:00+00:00,0.0,1.0
11657,2026-06-30T11:55:00+00:00,0.0,1.0
11658,2026-06-30T12:00:00+00:00,0.0,1.0
11659,2026-06-30T12:05:00+00:00,0.0,1.0
11660,2026-06-30T12:10:00+00:00,0.0,1.0
11661,2026-06-30T12:15:00+00:00,0.0,1.0
11662,2026-06-30T12:20:00+00:00,0.0,1.0
11663,2026-06-30T12:25:00+00:00,0.0,1.0
11664,2026-06-30T12:30:00+00:00,0.0,1.0
11665,2026-06-30T12:35:00+00:00,0.0,1.0
11666,2026-06-30T12:40:00+00:00,0.0,1.0
11667,2026-06-30T12:45:00+00:00,0.0,1.0
11668,2026-06-30T12:50:00+00:00,0.0,1.0
11669,2026-06-30T12:55:00+00:00,0.0,1.0
11670,2026-06-30T13:00:00+00:00,0.0,1.0
11671,2026-06-30T13:05:00+00:00,0.0,1.0
11672,2026-06-30T13:10:00+00:00,0.0,1.0
11673,2026-06-30T13:15:00+00:00,0.0,1.0
11674,2026-06-30T13:20:00+00:00,0.0,1.0
11675,2026-06-30T13:25:00+00:00,0.0,1.0
11676,2026-06-30T13:30:00+00:00,0.0,1.0
11677,2026-06-30T13:35:00+00:00,0.0,1.0
11678,2026-06-30T13:40:00+00:00,0.0,1.0
11679,2026-06-30T13:45:00+00:00,0.0,1.0
11680,2026-06-30T13:50:00+00:00,0.0,1.0
11681,2026-06-30T13:55:00+00:00,0.0,1.0
11682,2026-06-30T14:00:00+00:00,0.0,1.0
11683,2026-06-30T14:05:00+00:00,0.0,1.0
11684,2026-06-30T14:10:00+00:00,0.0,1.0
11685,2026-06-30T14:15:00+00:00,0.0,1.0
11686,2026-06-30T14:20:00+00:00,0.0,1.0
11687,2026-06-30T14:25:00+00:00,0.0,1.0
11688,2026-06-30T14:30:00+00:00,0.0,1.0
11689,2026-06-30T14:35:00+00:00,0.0,1.0
11690,2026-06-30T14:40:00+00:00,0.0,1.0
11691,2026-06-30T14:45:00+00:00,0.0,1.0
11692,2026-06-30T14:50:00+00:00,0.0,1.0
11693,2026-06-30T14:55:00+00:00,0.0,1.0
11694,2026-06-30T15:00:00+00:00,0.0,1.0
11695,2026-06-30T15:05:00+00:00,0.0,1.0
11696,2026-06-30T15:10:00+00:00,0.0,1.0
11697,2026-06-30T15:15:00+00:00,0.0,1.0
11698,2026-06-30T15:20:00+00:00,0.0,1.0
11699,2026-06-30T15:25:00+00:00,0.0,1.0
11700,2026-06-30T15:30:00+00:00,0.0,1.0
11701,2026-06-30T15:35:00+00:00,0.0,1.0
11702,2026-06-30T15:40:00+00:00,0.0,1.0
11703,2026-06-30T15:45:00+00:00,0.0,1.0
11704,2026-06-30T15:50:00+00:00,0.0,1.0
11705,2026-06-30T15:55:00+00:00,0.0,1.0
11706,2026-06-30T16:00:00+00:00,0.0,1.0
11707,2026-06-30T16:05:00+00:00,0.0,1.0
11708,2026-06-30T16:10:00+00:00,0.0,1.0
11709,2026-06-30T16:15:00+00:00,0.0,1.0
11710,2026-06-30T16:20:00+00:00,0.0,1.0
11711,2026-06-30T16:25:00+00:00,0.0,1.0
11712,2026-06-30T16:30:00+00:00,0.0,1.0
11713,2026-06-30T16:35:00+00:00,0.0,1.0
11714,2026-06-30T16:40:00+00:00,0.0,1.0
11715,2026-06-30T16:45:00+00:00,0.0,1.0
11716,2026-06-30T16:50:00+00:00,0.0,1.0
11717,2026-06-30T16:55:00+00:00,0.0,1.0
11718,2026-06-30T17:00:00+00:00,0.0,1.0
11719,2026-06-30T17:05:00+00:00,0.0,1.0
11720,2026-06-30T17:10:00+00:00,0.0,1.0
11721,2026-06-30T17:15:00+00:00,0.0,1.0
11722,2026-06-30T17:20:00+00:00,0.0,1.0
11723,2026-06-30T17:25:00+00:00,0.0,1.0
11724,2026-06-30T17:30:00+00:00,0.0,1.0
11725,2026-06-30T17:35:00+00:00,0.0,1.0
11726,2026-06-30T17:40:00+00:00,0.0,1.0
11727,2026-06-30T17:45:00+00:00,0.0,1.0
11728,2026-06-30T17:50:00+00:00,0.0,1.0
11729,2026-06-30T17:55:00+00:00,0.0,1.0
11730,2026-06-30T18:00:00+00:00,0.0,1.0
11731,2026-06-30T18:05:00+00:00,0.0,1.0
11732,2026-06-30T18:10:00+00:00,0.0,1.0
11733,2026-06-30T18:15:00+00:00,0.0,1.0
11734,2026-06-30T18:20:00+00:00,0.0,1.0
11735,2026-06-30T18:25:00+00:00,0.0,1.0
11736,2026-06-30T18:30:00+00:00,0.0,1.0
11737,2026-06-30T18:35:00+00:00,0.0,1.0
11738,2026-06-30T18:40:00+00:00,0.0,1.0
11739,2026-06-30T18:45:00+00:00,0.0,1.0
11740,2026-06-30T18:50:00+00:00,0.0,1.0
11741,2026-06-30T18:55:00+00:00,0.0,1.0
11742,2026-06-30T19:00:00+00:00,0.0,1.0
11743,2026-06-30T19:05:00+00:00,0.0,1.0
11744,2026-06-30T19:10:00+00:00,0.0,1.0
11745,2026-06-30T19:15:00+00:00,0.0,1.0
11746,2026-06-30T19:20:00+00:00,0.0,1.0
11747,2026-06-30T19:25:00+00:00,0.0,1.0
11748,2026-06-30T19:30:00+00:00,0.0,1.0
11749,2026-06-30T19:35:00+00:00,0.0,1.0
11750,2026-06-30T19:40:00+00:00,0.0,1.0
11751,2026-06-30T19:45:00+00:00,0.0,1.0
11752,2026-06-30T19:50:00+00:00,0.0,1.0
11753,2026-06-30T19:55:00+00:00,0.0,1.0
11754,2026-06-30T20:00:00+00:00,0.0,1.0
11755,2026-06-30T20:05:00+00:00,0.0,1.0
11756,2026-06-30T20:10:00+00:00,0.0,1.0
11757,2026-06-30T20:15:00+00:00,0.0,1.0
11758,2026-06-30T20:20:00+00:00,0.0,1.0
11759,2026-06-30T20:25:00+00:00,0.0,1.0
11760,2026-06-30T20:30:00+00:00,0.0,1.0
11761,2026-06-30T20:35:00+00:00,0.0,1.0
11762,2026-06-30T20:40:00+00:00,0.0,1.0
11763,2026-06-30T20:45:00+00:00,0.0,1.0
11764,2026-06-30T20:50:00+00:00,0.0,1.0
11765,2026-06-30T20:55:00+00:00,0.0,1.0
11766,2026-06-30T22:00:00+00:00,0.0,1.0
11767,2026-06-30T22:05:00+00:00,0.0,1.0
11768,2026-06-30T22:10:00+00:00,0.0,1.0
11769,2026-06-30T22:15:00+00:00,0.0,1.0
11770,2026-06-30T22:20:00+00:00,0.0,1.0
11771,2026-06-30T22:25:00+00:00,0.0,1.0
11772,2026-06-30T22:30:00+00:00,0.0,1.0
11773,2026-06-30T22:35:00+00:00,0.0,1.0
11774,2026-06-30T22:40:00+00:00,0.0,1.0
11775,2026-06-30T22:45:00+00:00,0.0,1.0
11776,2026-06-30T22:50:00+00:00,0.0,1.0
11777,2026-06-30T22:55:00+00:00,0.0,1.0
11778,2026-06-30T23:00:00+00:00,0.0,1.0
11779,2026-06-30T23:05:00+00:00,0.0,1.0
11780,2026-06-30T23:10:00+00:00,0.0,1.0
11781,2026-06-30T23:15:00+00:00,0.0,1.0
11782,2026-06-30T23:20:00+00:00,0.0,1.0
11783,2026-06-30T23:25:00+00:00,0.0,1.0
11784,2026-06-30T23:30:00+00:00,0.0,1.0
11785,2026-06-30T23:35:00+00:00,0.0,1.0
11786,2026-06-30T23:40:00+00:00,0.0,1.0
11787,2026-06-30T23:45:00+00:00,0.0,1.0
11788,2026-06-30T23:50:00+00:00,0.0,1.0
11789,2026-06-30T23:55:00+00:00,0.0,1.0
11790,2026-07-01T00:00:00+00:00,0.0,1.0
11791,2026-07-01T00:05:00+00:00,0.0,1.0
11792,2026-07-01T00:10:00+00:00,0.0,1.0
11793,2026-07-01T00:15:00+00:00,0.0,1.0
11794,2026-07-01T00:20:00+00:00,0.0,1.0
11795,2026-07-01T00:25:00+00:00,0.0,1.0
11796,2026-07-01T00:30:00+00:00,2.0,0.0
11797,2026-07-01T00:35:00+00:00,2.0,0.0
11798,2026-07-01T00:40:00+00:00,2.0,0.0
11799,2026-07-01T00:45:00+00:00,2.0,0.0
11800,2026-07-01T00:50:00+00:00,2.0,0.0
11801,2026-07-01T00:55:00+00:00,2.0,0.0
11802,2026-07-01T01:00:00+00:00,2.0,0.0
11803,2026-07-01T01:05:00+00:00,2.0,0.0
11804,2026-07-01T01:10:00+00:00,2.0,0.0
11805,2026-07-01T01:15:00+00:00,2.0,0.0
11806,2026-07-01T01:20:00+00:00,2.0,0.0
11807,2026-07-01T01:25:00+00:00,2.0,0.0
11808,2026-07-01T01:30:00+00:00,2.0,0.0
11809,2026-07-01T01:35:00+00:00,2.0,0.0
11810,2026-07-01T01:40:00+00:00,2.0,0.0
11811,2026-07-01T01:45:00+00:00,2.0,0.0
11812,2026-07-01T01:50:00+00:00,2.0,0.0
11813,2026-07-01T01:55:00+00:00,2.0,0.0
11814,2026-07-01T02:00:00+00:00,2.0,0.0
11815,2026-07-01T02:05:00+00:00,2.0,0.0
11816,2026-07-01T02:10:00+00:00,2.0,0.0
11817,2026-07-01T02:15:00+00:00,2.0,0.0
11818,2026-07-01T02:20:00+00:00,2.0,0.0
11819,2026-07-01T02:25:00+00:00,2.0,0.0
11820,2026-07-01T02:30:00+00:00,2.0,0.0
11821,2026-07-01T02:35:00+00:00,2.0,0.0
11822,2026-07-01T02:40:00+00:00,2.0,0.0
11823,2026-07-01T02:45:00+00:00,2.0,0.0
11824,2026-07-01T02:50:00+00:00,2.0,0.0
11825,2026-07-01T02:55:00+00:00,2.0,0.0
11826,2026-07-01T03:00:00+00:00,2.0,0.0
11827,2026-07-01T03:05:00+00:00,2.0,0.0
11828,2026-07-01T03:10:00+00:00,2.0,0.0
11829,2026-07-01T03:15:00+00:00,2.0,0.0
11830,2026-07-01T03:20:00+00:00,2.0,0.0
11831,2026-07-01T03:25:00+00:00,2.0,0.0
11832,2026-07-01T03:30:00+00:00,2.0,0.0
11833,2026-07-01T03:35:00+00:00,2.0,0.0
11834,2026-07-01T03:40:00+00:00,2.0,0.0
11835,2026-07-01T03:45:00+00:00,2.0,0.0
11836,2026-07-01T03:50:00+00:00,2.0,0.0
11837,2026-07-01T03:55:00+00:00,2.0,0.0
11838,2026-07-01T04:00:00+00:00,2.0,0.0
11839,2026-07-01T04:05:00+00:00,2.0,0.0
11840,2026-07-01T04:10:00+00:00,2.0,0.0
11841,2026-07-01T04:15:00+00:00,2.0,0.0
11842,2026-07-01T04:20:00+00:00,2.0,0.0
11843,2026-07-01T04:25:00+00:00,2.0,0.0
11844,2026-07-01T04:30:00+00:00,2.0,0.0
11845,2026-07-01T04:35:00+00:00,2.0,0.0
11846,2026-07-01T04:40:00+00:00,2.0,0.0
11847,2026-07-01T04:45:00+00:00,2.0,0.0
11848,2026-07-01T04:50:00+00:00,2.0,0.0
11849,2026-07-01T04:55:00+00:00,2.0,0.0
11850,2026-07-01T05:00:00+00:00,2.0,0.0
11851,2026-07-01T05:05:00+00:00,2.0,0.0
11852,2026-07-01T05:10:00+00:00,2.0,0.0
11853,2026-07-01T05:15:00+00:00,2.0,0.0
11854,2026-07-01T05:20:00+00:00,2.0,0.0
11855,2026-07-01T05:25:00+00:00,2.0,0.0
11856,2026-07-01T05:30:00+00:00,2.0,0.0
11857,2026-07-01T05:35:00+00:00,2.0,0.0
11858,2026-07-01T05:40:00+00:00,2.0,0.0
11859,2026-07-01T05:45:00+00:00,2.0,0.0
11860,2026-07-01T05:50:00+00:00,2.0,0.0
11861,2026-07-01T05:55:00+00:00,2.0,0.0
11862,2026-07-01T06:00:00+00:00,2.0,0.0
11863,2026-07-01T06:05:00+00:00,2.0,0.0
11864,2026-07-01T06:10:00+00:00,2.0,0.0
11865,2026-07-01T06:15:00+00:00,2.0,0.0
11866,2026-07-01T06:20:00+00:00,2.0,0.0
11867,2026-07-01T06:25:00+00:00,2.0,0.0
11868,2026-07-01T06:30:00+00:00,2.0,0.0
11869,2026-07-01T06:35:00+00:00,2.0,0.0
11870,2026-07-01T06:40:00+00:00,2.0,0.0
11871,2026-07-01T06:45:00+00:00,2.0,0.0
11872,2026-07-01T06:50:00+00:00,2.0,0.0
11873,2026-07-01T06:55:00+00:00,2.0,0.0
11874,2026-07-01T07:00:00+00:00,2.0,0.0
11875,2026-07-01T07:05:00+00:00,2.0,0.0
11876,2026-07-01T07:10:00+00:00,2.0,0.0
11877,2026-07-01T07:15:00+00:00,2.0,0.0
11878,2026-07-01T07:20:00+00:00,2.0,0.0
11879,2026-07-01T07:25:00+00:00,2.0,0.0
11880,2026-07-01T07:30:00+00:00,2.0,0.0
11881,2026-07-01T07:35:00+00:00,2.0,0.0
11882,2026-07-01T07:40:00+00:00,2.0,0.0
11883,2026-07-01T07:45:00+00:00,2.0,0.0
11884,2026-07-01T07:50:00+00:00,2.0,0.0
11885,2026-07-01T07:55:00+00:00,2.0,0.0
11886,2026-07-01T08:00:00+00:00,2.0,0.0
11887,2026-07-01T08:05:00+00:00,2.0,0.0
11888,2026-07-01T08:10:00+00:00,2.0,0.0
11889,2026-07-01T08:15:00+00:00,2.0,0.0
11890,2026-07-01T08:20:00+00:00,2.0,0.0
11891,2026-07-01T08:25:00+00:00,2.0,0.0
11892,2026-07-01T08:30:00+00:00,2.0,0.0
11893,2026-07-01T08:35:00+00:00,2.0,0.0
11894,2026-07-01T08:40:00+00:00,2.0,0.0
11895,2026-07-01T08:45:00+00:00,2.0,0.0
11896,2026-07-01T08:50:00+00:00,2.0,0.0
11897,2026-07-01T08:55:00+00:00,2.0,0.0
11898,2026-07-01T09:00:00+00:00,2.0,0.0
11899,2026-07-01T09:05:00+00:00,2.0,0.0
11900,2026-07-01T09:10:00+00:00,2.0,0.0
11901,2026-07-01T09:15:00+00:00,2.0,0.0
11902,2026-07-01T09:20:00+00:00,2.0,0.0
11903,2026-07-01T09:25:00+00:00,2.0,0.0
11904,2026-07-01T09:30:00+00:00,2.0,0.0
11905,2026-07-01T09:35:00+00:00,2.0,0.0
11906,2026-07-01T09:40:00+00:00,2.0,0.0
11907,2026-07-01T09:45:00+00:00,2.0,0.0
11908,2026-07-01T09:50:00+00:00,2.0,0.0
11909,2026-07-01T09:55:00+00:00,2.0,0.0
11910,2026-07-01T10:00:00+00:00,2.0,0.0
11911,2026-07-01T10:05:00+00:00,2.0,0.0
11912,2026-07-01T10:10:00+00:00,2.0,0.0
11913,2026-07-01T10:15:00+00:00,2.0,0.0
11914,2026-07-01T10:20:00+00:00,2.0,0.0
11915,2026-07-01T10:25:00+00:00,2.0,0.0
11916,2026-07-01T10:30:00+00:00,2.0,0.0
11917,2026-07-01T10:35:00+00:00,2.0,0.0
11918,2026-07-01T10:40:00+00:00,2.0,0.0
11919,2026-07-01T10:45:00+00:00,2.0,0.0
11920,2026-07-01T10:50:00+00:00,2.0,0.0
11921,2026-07-01T10:55:00+00:00,2.0,0.0
11922,2026-07-01T11:00:00+00:00,2.0,0.0
11923,2026-07-01T11:05:00+00:00,2.0,0.0
11924,2026-07-01T11:10:00+00:00,2.0,0.0
11925,2026-07-01T11:15:00+00:00,2.0,0.0
11926,2026-07-01T11:20:00+00:00,2.0,0.0
11927,2026-07-01T11:25:00+00:00,2.0,0.0
11928,2026-07-01T11:30:00+00:00,2.0,0.0
11929,2026-07-01T11:35:00+00:00,2.0,0.0
11930,2026-07-01T11:40:00+00:00,2.0,0.0
11931,2026-07-01T11:45:00+00:00,2.0,0.0
11932,2026-07-01T11:50:00+00:00,2.0,0.0
11933,2026-07-01T11:55:00+00:00,2.0,0.0
11934,2026-07-01T12:00:00+00:00,2.0,0.0
11935,2026-07-01T12:05:00+00:00,2.0,0.0
11936,2026-07-01T12:10:00+00:00,2.0,0.0
11937,2026-07-01T12:15:00+00:00,2.0,0.0
11938,2026-07-01T12:20:00+00:00,2.0,0.0
11939,2026-07-01T12:25:00+00:00,2.0,0.0
11940,2026-07-01T12:30:00+00:00,2.0,0.0
11941,2026-07-01T12:35:00+00:00,2.0,0.0
11942,2026-07-01T12:40:00+00:00,2.0,0.0
11943,2026-07-01T12:45:00+00:00,2.0,0.0
11944,2026-07-01T12:50:00+00:00,2.0,0.0
11945,2026-07-01T12:55:00+00:00,2.0,0.0
11946,2026-07-01T13:00:00+00:00,2.0,0.0
11947,2026-07-01T13:05:00+00:00,2.0,0.0
11948,2026-07-01T13:10:00+00:00,2.0,0.0
11949,2026-07-01T13:15:00+00:00,2.0,0.0
11950,2026-07-01T13:20:00+00:00,2.0,0.0
11951,2026-07-01T13:25:00+00:00,2.0,0.0
11952,2026-07-01T13:30:00+00:00,2.0,0.0
11953,2026-07-01T13:35:00+00:00,2.0,0.0
11954,2026-07-01T13:40:00+00:00,2.0,0.0
11955,2026-07-01T13:45:00+00:00,2.0,0.0
11956,2026-07-01T13:50:00+00:00,2.0,0.0
11957,2026-07-01T13:55:00+00:00,2.0,0.0
11958,2026-07-01T14:00:00+00:00,2.0,0.0
11959,2026-07-01T14:05:00+00:00,2.0,0.0
11960,2026-07-01T14:10:00+00:00,2.0,0.0
11961,2026-07-01T14:15:00+00:00,2.0,0.0
11962,2026-07-01T14:20:00+00:00,2.0,0.0
11963,2026-07-01T14:25:00+00:00,2.0,0.0
11964,2026-07-01T14:30:00+00:00,2.0,0.0
11965,2026-07-01T14:35:00+00:00,2.0,0.0
11966,2026-07-01T14:40:00+00:00,2.0,0.0
11967,2026-07-01T14:45:00+00:00,2.0,0.0
11968,2026-07-01T14:50:00+00:00,2.0,0.0
11969,2026-07-01T14:55:00+00:00,2.0,0.0
11970,2026-07-01T15:00:00+00:00,2.0,0.0
11971,2026-07-01T15:05:00+00:00,2.0,0.0
11972,2026-07-01T15:10:00+00:00,2.0,0.0
11973,2026-07-01T15:15:00+00:00,2.0,0.0
11974,2026-07-01T15:20:00+00:00,2.0,0.0
11975,2026-07-01T15:25:00+00:00,2.0,0.0
11976,2026-07-01T15:30:00+00:00,2.0,0.0
11977,2026-07-01T15:35:00+00:00,2.0,0.0
11978,2026-07-01T15:40:00+00:00,2.0,0.0
11979,2026-07-01T15:45:00+00:00,2.0,0.0
11980,2026-07-01T15:50:00+00:00,2.0,0.0
11981,2026-07-01T15:55:00+00:00,2.0,0.0
11982,2026-07-01T16:00:00+00:00,2.0,0.0
11983,2026-07-01T16:05:00+00:00,2.0,0.0
11984,2026-07-01T16:10:00+00:00,2.0,0.0
11985,2026-07-01T16:15:00+00:00,2.0,0.0
11986,2026-07-01T16:20:00+00:00,2.0,0.0
11987,2026-07-01T16:25:00+00:00,2.0,0.0
11988,2026-07-01T16:30:00+00:00,2.0,0.0
11989,2026-07-01T16:35:00+00:00,2.0,0.0
11990,2026-07-01T16:40:00+00:00,2.0,0.0
11991,2026-07-01T16:45:00+00:00,2.0,0.0
11992,2026-07-01T16:50:00+00:00,2.0,0.0
11993,2026-07-01T16:55:00+00:00,2.0,0.0
11994,2026-07-01T17:00:00+00:00,2.0,0.0
11995,2026-07-01T17:05:00+00:00,2.0,0.0
11996,2026-07-01T17:10:00+00:00,2.0,0.0
11997,2026-07-01T17:15:00+00:00,2.0,0.0
11998,2026-07-01T17:20:00+00:00,2.0,0.0
11999,2026-07-01T17:25:00+00:00,2.0,0.0
12000,2026-07-01T17:30:00+00:00,2.0,0.0
12001,2026-07-01T17:35:00+00:00,2.0,0.0
12002,2026-07-01T17:40:00+00:00,2.0,0.0
12003,2026-07-01T17:45:00+00:00,2.0,0.0
12004,2026-07-01T17:50:00+00:00,2.0,0.0
12005,2026-07-01T17:55:00+00:00,2.0,0.0
12006,2026-07-01T18:00:00+00:00,2.0,0.0
12007,2026-07-01T18:05:00+00:00,2.0,0.0
12008,2026-07-01T18:10:00+00:00,2.0,0.0
12009,2026-07-01T18:15:00+00:00,2.0,0.0
12010,2026-07-01T18:20:00+00:00,2.0,0.0
12011,2026-07-01T18:25:00+00:00,2.0,0.0
12012,2026-07-01T18:30:00+00:00,2.0,0.0
12013,2026-07-01T18:35:00+00:00,2.0,0.0
12014,2026-07-01T18:40:00+00:00,2.0,0.0
12015,2026-07-01T18:45:00+00:00,2.0,0.0
12016,2026-07-01T18:50:00+00:00,2.0,0.0
12017,2026-07-01T18:55:00+00:00,2.0,0.0
12018,2026-07-01T19:00:00+00:00,2.0,0.0
12019,2026-07-01T19:05:00+00:00,2.0,0.0
12020,2026-07-01T19:10:00+00:00,2.0,0.0
12021,2026-07-01T19:15:00+00:00,2.0,0.0
12022,2026-07-01T19:20:00+00:00,2.0,0.0
12023,2026-07-01T19:25:00+00:00,2.0,0.0
12024,2026-07-01T19:30:00+00:00,2.0,0.0
12025,2026-07-01T19:35:00+00:00,2.0,0.0
12026,2026-07-01T19:40:00+00:00,2.0,0.0
12027,2026-07-01T19:45:00+00:00,2.0,0.0
12028,2026-07-01T19:50:00+00:00,2.0,0.0
12029,2026-07-01T19:55:00+00:00,2.0,0.0
12030,2026-07-01T20:00:00+00:00,2.0,0.0
12031,2026-07-01T20:05:00+00:00,2.0,0.0
12032,2026-07-01T20:10:00+00:00,2.0,0.0
12033,2026-07-01T20:15:00+00:00,2.0,0.0
12034,2026-07-01T20:20:00+00:00,2.0,0.0
12035,2026-07-01T20:25:00+00:00,2.0,0.0
12036,2026-07-01T20:30:00+00:00,2.0,0.0
12037,2026-07-01T20:35:00+00:00,2.0,0.0
12038,2026-07-01T20:40:00+00:00,2.0,0.0
12039,2026-07-01T20:45:00+00:00,2.0,0.0
12040,2026-07-01T20:50:00+00:00,2.0,0.0
12041,2026-07-01T20:55:00+00:00,2.0,0.0
12042,2026-07-01T22:00:00+00:00,2.0,0.0
12043,2026-07-01T22:05:00+00:00,2.0,0.0
12044,2026-07-01T22:10:00+00:00,2.0,0.0
12045,2026-07-01T22:15:00+00:00,2.0,0.0
12046,2026-07-01T22:20:00+00:00,2.0,0.0
12047,2026-07-01T22:25:00+00:00,2.0,0.0
12048,2026-07-01T22:30:00+00:00,2.0,0.0
12049,2026-07-01T22:35:00+00:00,2.0,0.0
12050,2026-07-01T22:40:00+00:00,2.0,0.0
12051,2026-07-01T22:45:00+00:00,2.0,0.0
12052,2026-07-01T22:50:00+00:00,2.0,0.0
12053,2026-07-01T22:55:00+00:00,2.0,0.0
12054,2026-07-01T23:00:00+00:00,2.0,0.0
12055,2026-07-01T23:05:00+00:00,2.0,0.0
12056,2026-07-01T23:10:00+00:00,2.0,0.0
12057,2026-07-01T23:15:00+00:00,2.0,0.0
12058,2026-07-01T23:20:00+00:00,2.0,0.0
12059,2026-07-01T23:25:00+00:00,2.0,0.0
12060,2026-07-01T23:30:00+00:00,2.0,0.0
12061,2026-07-01T23:35:00+00:00,2.0,0.0
12062,2026-07-01T23:40:00+00:00,2.0,0.0
12063,2026-07-01T23:45:00+00:00,2.0,0.0
12064,2026-07-01T23:50:00+00:00,2.0,0.0
12065,2026-07-01T23:55:00+00:00,2.0,0.0
12066,2026-07-02T00:00:00+00:00,2.0,0.0
12067,2026-07-02T00:05:00+00:00,2.0,0.0
12068,2026-07-02T00:10:00+00:00,2.0,0.0
12069,2026-07-02T00:15:00+00:00,2.0,0.0
12070,2026-07-02T00:20:00+00:00,2.0,0.0
12071,2026-07-02T00:25:00+00:00,2.0,0.0
12072,2026-07-02T00:30:00+00:00,2.0,0.0
12073,2026-07-02T00:35:00+00:00,2.0,0.0
12074,2026-07-02T00:40:00+00:00,2.0,0.0
12075,2026-07-02T00:45:00+00:00,2.0,0.0
12076,2026-07-02T00:50:00+00:00,2.0,0.0
12077,2026-07-02T00:55:00+00:00,2.0,0.0
12078,2026-07-02T01:00:00+00:00,2.0,0.0
12079,2026-07-02T01:05:00+00:00,2.0,0.0
12080,2026-07-02T01:10:00+00:00,2.0,0.0
12081,2026-07-02T01:15:00+00:00,2.0,0.0
12082,2026-07-02T01:20:00+00:00,2.0,0.0
12083,2026-07-02T01:25:00+00:00,2.0,0.0
12084,2026-07-02T01:30:00+00:00,2.0,0.0
12085,2026-07-02T01:35:00+00:00,2.0,0.0
12086,2026-07-02T01:40:00+00:00,2.0,0.0
12087,2026-07-02T01:45:00+00:00,2.0,0.0
12088,2026-07-02T01:50:00+00:00,2.0,0.0
12089,2026-07-02T01:55:00+00:00,2.0,0.0
12090,2026-07-02T02:00:00+00:00,2.0,0.0
12091,2026-07-02T02:05:00+00:00,2.0,0.0
12092,2026-07-02T02:10:00+00:00,2.0,0.0
12093,2026-07-02T02:15:00+00:00,2.0,0.0
12094,2026-07-02T02:20:00+00:00,2.0,0.0
12095,2026-07-02T02:25:00+00:00,2.0,0.0
12096,2026-07-02T02:30:00+00:00,2.0,0.0
12097,2026-07-02T02:35:00+00:00,2.0,0.0
12098,2026-07-02T02:40:00+00:00,2.0,0.0
12099,2026-07-02T02:45:00+00:00,2.0,0.0
12100,2026-07-02T02:50:00+00:00,2.0,0.0
12101,2026-07-02T02:55:00+00:00,2.0,0.0
12102,2026-07-02T03:00:00+00:00,2.0,0.0
12103,2026-07-02T03:05:00+00:00,2.0,0.0
12104,2026-07-02T03:10:00+00:00,2.0,0.0
12105,2026-07-02T03:15:00+00:00,2.0,0.0
12106,2026-07-02T03:20:00+00:00,2.0,0.0
12107,2026-07-02T03:25:00+00:00,2.0,0.0
12108,2026-07-02T03:30:00+00:00,2.0,0.0
12109,2026-07-02T03:35:00+00:00,2.0,0.0
12110,2026-07-02T03:40:00+00:00,2.0,0.0
12111,2026-07-02T03:45:00+00:00,2.0,0.0
12112,2026-07-02T03:50:00+00:00,2.0,0.0
12113,2026-07-02T03:55:00+00:00,2.0,0.0
12114,2026-07-02T04:00:00+00:00,2.0,0.0
12115,2026-07-02T04:05:00+00:00,2.0,0.0
12116,2026-07-02T04:10:00+00:00,2.0,0.0
12117,2026-07-02T04:15:00+00:00,2.0,0.0
12118,2026-07-02T04:20:00+00:00,2.0,0.0
12119,2026-07-02T04:25:00+00:00,2.0,0.0
12120,2026-07-02T04:30:00+00:00,2.0,0.0
12121,2026-07-02T04:35:00+00:00,2.0,0.0
12122,2026-07-02T04:40:00+00:00,2.0,0.0
12123,2026-07-02T04:45:00+00:00,2.0,0.0
12124,2026-07-02T04:50:00+00:00,2.0,0.0
12125,2026-07-02T04:55:00+00:00,2.0,0.0
12126,2026-07-02T05:00:00+00:00,2.0,0.0
12127,2026-07-02T05:05:00+00:00,2.0,0.0
12128,2026-07-02T05:10:00+00:00,2.0,0.0
12129,2026-07-02T05:15:00+00:00,2.0,0.0
12130,2026-07-02T05:20:00+00:00,2.0,0.0
12131,2026-07-02T05:25:00+00:00,2.0,0.0
12132,2026-07-02T05:30:00+00:00,2.0,0.0
12133,2026-07-02T05:35:00+00:00,2.0,0.0
12134,2026-07-02T05:40:00+00:00,2.0,0.0
12135,2026-07-02T05:45:00+00:00,2.0,0.0
12136,2026-07-02T05:50:00+00:00,2.0,0.0
12137,2026-07-02T05:55:00+00:00,2.0,0.0
12138,2026-07-02T06:00:00+00:00,2.0,0.0
12139,2026-07-02T06:05:00+00:00,2.0,0.0
12140,2026-07-02T06:10:00+00:00,2.0,0.0
12141,2026-07-02T06:15:00+00:00,2.0,0.0
12142,2026-07-02T06:20:00+00:00,2.0,0.0
12143,2026-07-02T06:25:00+00:00,2.0,0.0
12144,2026-07-02T06:30:00+00:00,2.0,0.0
12145,2026-07-02T06:35:00+00:00,2.0,0.0
12146,2026-07-02T06:40:00+00:00,2.0,0.0
12147,2026-07-02T06:45:00+00:00,2.0,0.0
12148,2026-07-02T06:50:00+00:00,2.0,0.0
12149,2026-07-02T06:55:00+00:00,2.0,0.0
12150,2026-07-02T07:00:00+00:00,2.0,0.0
12151,2026-07-02T07:05:00+00:00,2.0,0.0
12152,2026-07-02T07:10:00+00:00,2.0,0.0
12153,2026-07-02T07:15:00+00:00,2.0,0.0
12154,2026-07-02T07:20:00+00:00,2.0,0.0
12155,2026-07-02T07:25:00+00:00,2.0,0.0
12156,2026-07-02T07:30:00+00:00,2.0,0.0
12157,2026-07-02T07:35:00+00:00,2.0,0.0
12158,2026-07-02T07:40:00+00:00,2.0,0.0
12159,2026-07-02T07:45:00+00:00,2.0,0.0
12160,2026-07-02T07:50:00+00:00,2.0,0.0
12161,2026-07-02T07:55:00+00:00,2.0,0.0
12162,2026-07-02T08:00:00+00:00,2.0,0.0
12163,2026-07-02T08:05:00+00:00,2.0,0.0
12164,2026-07-02T08:10:00+00:00,2.0,0.0
12165,2026-07-02T08:15:00+00:00,2.0,0.0
12166,2026-07-02T08:20:00+00:00,2.0,0.0
12167,2026-07-02T08:25:00+00:00,2.0,0.0
12168,2026-07-02T08:30:00+00:00,2.0,0.0
12169,2026-07-02T08:35:00+00:00,2.0,0.0
12170,2026-07-02T08:40:00+00:00,2.0,0.0
12171,2026-07-02T08:45:00+00:00,2.0,0.0
12172,2026-07-02T08:50:00+00:00,2.0,0.0
12173,2026-07-02T08:55:00+00:00,2.0,0.0
12174,2026-07-02T09:00:00+00:00,2.0,0.0
12175,2026-07-02T09:05:00+00:00,2.0,0.0
12176,2026-07-02T09:10:00+00:00,2.0,0.0
12177,2026-07-02T09:15:00+00:00,2.0,0.0
12178,2026-07-02T09:20:00+00:00,2.0,0.0
12179,2026-07-02T09:25:00+00:00,2.0,0.0
12180,2026-07-02T09:30:00+00:00,2.0,0.0
12181,2026-07-02T09:35:00+00:00,2.0,0.0
12182,2026-07-02T09:40:00+00:00,2.0,0.0
12183,2026-07-02T09:45:00+00:00,2.0,0.0
12184,2026-07-02T09:50:00+00:00,2.0,0.0
12185,2026-07-02T09:55:00+00:00,2.0,0.0
12186,2026-07-02T10:00:00+00:00,2.0,0.0
12187,2026-07-02T10:05:00+00:00,2.0,0.0
12188,2026-07-02T10:10:00+00:00,2.0,0.0
12189,2026-07-02T10:15:00+00:00,2.0,0.0
12190,2026-07-02T10:20:00+00:00,2.0,0.0
12191,2026-07-02T10:25:00+00:00,2.0,0.0
12192,2026-07-02T10:30:00+00:00,2.0,0.0
12193,2026-07-02T10:35:00+00:00,2.0,0.0
12194,2026-07-02T10:40:00+00:00,2.0,0.0
12195,2026-07-02T10:45:00+00:00,2.0,0.0
12196,2026-07-02T10:50:00+00:00,2.0,0.0
12197,2026-07-02T10:55:00+00:00,2.0,0.0
12198,2026-07-02T11:00:00+00:00,2.0,0.0
12199,2026-07-02T11:05:00+00:00,2.0,0.0
12200,2026-07-02T11:10:00+00:00,2.0,0.0
12201,2026-07-02T11:15:00+00:00,2.0,0.0
12202,2026-07-02T11:20:00+00:00,2.0,0.0
12203,2026-07-02T11:25:00+00:00,2.0,0.0
12204,2026-07-02T11:30:00+00:00,2.0,0.0
12205,2026-07-02T11:35:00+00:00,2.0,0.0
12206,2026-07-02T11:40:00+00:00,2.0,0.0
12207,2026-07-02T11:45:00+00:00,2.0,0.0
12208,2026-07-02T11:50:00+00:00,2.0,0.0
12209,2026-07-02T11:55:00+00:00,2.0,0.0
12210,2026-07-02T12:00:00+00:00,2.0,0.0
12211,2026-07-02T12:05:00+00:00,2.0,0.0
12212,2026-07-02T12:10:00+00:00,2.0,0.0
12213,2026-07-02T12:15:00+00:00,2.0,0.0
12214,2026-07-02T12:20:00+00:00,2.0,0.0
12215,2026-07-02T12:25:00+00:00,2.0,0.0
12216,2026-07-02T12:30:00+00:00,2.0,0.0
12217,2026-07-02T12:35:00+00:00,2.0,0.0
12218,2026-07-02T12:40:00+00:00,2.0,0.0
12219,2026-07-02T12:45:00+00:00,2.0,0.0
12220,2026-07-02T12:50:00+00:00,2.0,0.0
12221,2026-07-02T12:55:00+00:00,2.0,0.0
12222,2026-07-02T13:00:00+00:00,2.0,0.0
12223,2026-07-02T13:05:00+00:00,2.0,0.0
12224,2026-07-02T13:10:00+00:00,2.0,0.0
12225,2026-07-02T13:15:00+00:00,2.0,0.0
12226,2026-07-02T13:20:00+00:00,2.0,0.0
12227,2026-07-02T13:25:00+00:00,2.0,0.0
12228,2026-07-02T13:30:00+00:00,2.0,0.0
12229,2026-07-02T13:35:00+00:00,2.0,0.0
12230,2026-07-02T13:40:00+00:00,2.0,0.0
12231,2026-07-02T13:45:00+00:00,2.0,0.0
12232,2026-07-02T13:50:00+00:00,2.0,0.0
12233,2026-07-02T13:55:00+00:00,2.0,0.0
12234,2026-07-02T14:00:00+00:00,2.0,0.0
12235,2026-07-02T14:05:00+00:00,2.0,0.0
12236,2026-07-02T14:10:00+00:00,2.0,0.0
12237,2026-07-02T14:15:00+00:00,2.0,0.0
12238,2026-07-02T14:20:00+00:00,2.0,0.0
12239,2026-07-02T14:25:00+00:00,2.0,0.0
12240,2026-07-02T14:30:00+00:00,2.0,0.0
12241,2026-07-02T14:35:00+00:00,2.0,0.0
12242,2026-07-02T14:40:00+00:00,2.0,0.0
12243,2026-07-02T14:45:00+00:00,2.0,0.0
12244,2026-07-02T14:50:00+00:00,2.0,0.0
12245,2026-07-02T14:55:00+00:00,2.0,0.0
12246,2026-07-02T15:00:00+00:00,2.0,0.0
12247,2026-07-02T15:05:00+00:00,2.0,0.0
12248,2026-07-02T15:10:00+00:00,2.0,0.0
12249,2026-07-02T15:15:00+00:00,2.0,0.0
12250,2026-07-02T15:20:00+00:00,2.0,0.0
12251,2026-07-02T15:25:00+00:00,2.0,0.0
12252,2026-07-02T15:30:00+00:00,2.0,0.0
12253,2026-07-02T15:35:00+00:00,2.0,0.0
12254,2026-07-02T15:40:00+00:00,2.0,0.0
12255,2026-07-02T15:45:00+00:00,2.0,0.0
12256,2026-07-02T15:50:00+00:00,2.0,0.0
12257,2026-07-02T15:55:00+00:00,2.0,0.0
12258,2026-07-02T16:00:00+00:00,2.0,0.0
12259,2026-07-02T16:05:00+00:00,2.0,0.0
12260,2026-07-02T16:10:00+00:00,2.0,0.0
12261,2026-07-02T16:15:00+00:00,2.0,0.0
12262,2026-07-02T16:20:00+00:00,2.0,0.0
12263,2026-07-02T16:25:00+00:00,2.0,0.0
12264,2026-07-02T16:30:00+00:00,2.0,0.0
12265,2026-07-02T16:35:00+00:00,2.0,0.0
12266,2026-07-02T16:40:00+00:00,2.0,0.0
12267,2026-07-02T16:45:00+00:00,2.0,0.0
12268,2026-07-02T16:50:00+00:00,2.0,0.0
12269,2026-07-02T16:55:00+00:00,2.0,0.0
12270,2026-07-02T17:00:00+00:00,2.0,0.0
12271,2026-07-02T17:05:00+00:00,2.0,0.0
12272,2026-07-02T17:10:00+00:00,2.0,0.0
12273,2026-07-02T17:15:00+00:00,2.0,0.0
12274,2026-07-02T17:20:00+00:00,2.0,0.0
12275,2026-07-02T17:25:00+00:00,2.0,0.0
12276,2026-07-02T17:30:00+00:00,2.0,0.0
12277,2026-07-02T17:35:00+00:00,2.0,0.0
12278,2026-07-02T17:40:00+00:00,2.0,0.0
12279,2026-07-02T17:45:00+00:00,2.0,0.0
12280,2026-07-02T17:50:00+00:00,2.0,0.0
12281,2026-07-02T17:55:00+00:00,2.0,0.0
12282,2026-07-02T18:00:00+00:00,2.0,0.0
12283,2026-07-02T18:05:00+00:00,2.0,0.0
12284,2026-07-02T18:10:00+00:00,2.0,0.0
12285,2026-07-02T18:15:00+00:00,2.0,0.0
12286,2026-07-02T18:20:00+00:00,2.0,0.0
12287,2026-07-02T18:25:00+00:00,2.0,0.0
12288,2026-07-02T18:30:00+00:00,2.0,0.0
12289,2026-07-02T18:35:00+00:00,2.0,0.0
12290,2026-07-02T18:40:00+00:00,2.0,0.0
12291,2026-07-02T18:45:00+00:00,2.0,0.0
12292,2026-07-02T18:50:00+00:00,2.0,0.0
12293,2026-07-02T18:55:00+00:00,2.0,0.0
12294,2026-07-02T19:00:00+00:00,2.0,0.0
12295,2026-07-02T19:05:00+00:00,2.0,0.0
12296,2026-07-02T19:10:00+00:00,2.0,0.0
12297,2026-07-02T19:15:00+00:00,2.0,0.0
12298,2026-07-02T19:20:00+00:00,2.0,0.0
12299,2026-07-02T19:25:00+00:00,2.0,0.0
12300,2026-07-02T19:30:00+00:00,2.0,0.0
12301,2026-07-02T19:35:00+00:00,2.0,0.0
12302,2026-07-02T19:40:00+00:00,2.0,0.0
12303,2026-07-02T19:45:00+00:00,2.0,0.0
12304,2026-07-02T19:50:00+00:00,2.0,0.0
12305,2026-07-02T19:55:00+00:00,2.0,0.0
12306,2026-07-02T20:00:00+00:00,2.0,0.0
12307,2026-07-02T20:05:00+00:00,2.0,0.0
12308,2026-07-02T20:10:00+00:00,2.0,0.0
12309,2026-07-02T20:15:00+00:00,2.0,0.0
12310,2026-07-02T20:20:00+00:00,2.0,0.0
12311,2026-07-02T20:25:00+00:00,2.0,0.0
12312,2026-07-02T20:30:00+00:00,2.0,0.0
12313,2026-07-02T20:35:00+00:00,2.0,0.0
12314,2026-07-02T20:40:00+00:00,2.0,0.0
12315,2026-07-02T20:45:00+00:00,2.0,0.0
12316,2026-07-02T20:50:00+00:00,2.0,0.0
12317,2026-07-02T20:55:00+00:00,2.0,0.0
12318,2026-07-02T22:00:00+00:00,2.0,0.0
12319,2026-07-02T22:05:00+00:00,2.0,0.0
12320,2026-07-02T22:10:00+00:00,2.0,0.0
12321,2026-07-02T22:15:00+00:00,2.0,0.0
12322,2026-07-02T22:20:00+00:00,2.0,0.0
12323,2026-07-02T22:25:00+00:00,2.0,0.0
12324,2026-07-02T22:30:00+00:00,2.0,0.0
12325,2026-07-02T22:35:00+00:00,2.0,0.0
12326,2026-07-02T22:40:00+00:00,2.0,0.0
12327,2026-07-02T22:45:00+00:00,2.0,0.0
12328,2026-07-02T22:50:00+00:00,2.0,0.0
12329,2026-07-02T22:55:00+00:00,2.0,0.0
12330,2026-07-02T23:00:00+00:00,2.0,0.0
12331,2026-07-02T23:05:00+00:00,2.0,0.0
12332,2026-07-02T23:10:00+00:00,2.0,0.0
12333,2026-07-02T23:15:00+00:00,2.0,0.0
12334,2026-07-02T23:20:00+00:00,2.0,0.0
12335,2026-07-02T23:25:00+00:00,2.0,0.0
12336,2026-07-02T23:30:00+00:00,2.0,0.0
12337,2026-07-02T23:35:00+00:00,2.0,0.0
12338,2026-07-02T23:40:00+00:00,2.0,0.0
12339,2026-07-02T23:45:00+00:00,2.0,0.0
12340,2026-07-02T23:50:00+00:00,2.0,0.0
12341,2026-07-02T23:55:00+00:00,2.0,0.0
12342,2026-07-03T00:00:00+00:00,2.0,0.0
12343,2026-07-03T00:05:00+00:00,2.0,0.0
12344,2026-07-03T00:10:00+00:00,2.0,0.0
12345,2026-07-03T00:15:00+00:00,2.0,0.0
12346,2026-07-03T00:20:00+00:00,2.0,0.0
12347,2026-07-03T00:25:00+00:00,2.0,0.0
12348,2026-07-03T00:30:00+00:00,2.0,0.0
12349,2026-07-03T00:35:00+00:00,2.0,0.0
12350,2026-07-03T00:40:00+00:00,2.0,0.0
12351,2026-07-03T00:45:00+00:00,2.0,0.0
12352,2026-07-03T00:50:00+00:00,2.0,0.0
12353,2026-07-03T00:55:00+00:00,2.0,0.0
12354,2026-07-03T01:00:00+00:00,2.0,0.0
12355,2026-07-03T01:05:00+00:00,2.0,0.0
12356,2026-07-03T01:10:00+00:00,2.0,0.0
12357,2026-07-03T01:15:00+00:00,2.0,0.0
12358,2026-07-03T01:20:00+00:00,2.0,0.0
12359,2026-07-03T01:25:00+00:00,2.0,0.0
12360,2026-07-03T01:30:00+00:00,2.0,0.0
12361,2026-07-03T01:35:00+00:00,2.0,0.0
12362,2026-07-03T01:40:00+00:00,2.0,0.0
12363,2026-07-03T01:45:00+00:00,2.0,0.0
12364,2026-07-03T01:50:00+00:00,2.0,0.0
12365,2026-07-03T01:55:00+00:00,2.0,0.0
12366,2026-07-03T02:00:00+00:00,2.0,0.0
12367,2026-07-03T02:05:00+00:00,2.0,0.0
12368,2026-07-03T02:10:00+00:00,2.0,0.0
12369,2026-07-03T02:15:00+00:00,2.0,0.0
12370,2026-07-03T02:20:00+00:00,2.0,0.0
12371,2026-07-03T02:25:00+00:00,2.0,0.0
12372,2026-07-03T02:30:00+00:00,2.0,0.0
12373,2026-07-03T02:35:00+00:00,2.0,0.0
12374,2026-07-03T02:40:00+00:00,2.0,0.0
12375,2026-07-03T02:45:00+00:00,2.0,0.0
12376,2026-07-03T02:50:00+00:00,2.0,0.0
12377,2026-07-03T02:55:00+00:00,2.0,0.0
12378,2026-07-03T03:00:00+00:00,2.0,0.0
12379,2026-07-03T03:05:00+00:00,2.0,0.0
12380,2026-07-03T03:10:00+00:00,2.0,0.0
12381,2026-07-03T03:15:00+00:00,2.0,0.0
12382,2026-07-03T03:20:00+00:00,2.0,0.0
12383,2026-07-03T03:25:00+00:00,2.0,0.0
12384,2026-07-03T03:30:00+00:00,2.0,0.0
12385,2026-07-03T03:35:00+00:00,2.0,0.0
12386,2026-07-03T03:40:00+00:00,2.0,0.0
12387,2026-07-03T03:45:00+00:00,2.0,0.0
12388,2026-07-03T03:50:00+00:00,2.0,0.0
12389,2026-07-03T03:55:00+00:00,2.0,0.0
12390,2026-07-03T04:00:00+00:00,2.0,0.0
12391,2026-07-03T04:05:00+00:00,2.0,0.0
12392,2026-07-03T04:10:00+00:00,2.0,0.0
12393,2026-07-03T04:15:00+00:00,2.0,0.0
12394,2026-07-03T04:20:00+00:00,2.0,0.0
12395,2026-07-03T04:25:00+00:00,2.0,0.0
12396,2026-07-03T04:30:00+00:00,2.0,0.0
12397,2026-07-03T04:35:00+00:00,2.0,0.0
12398,2026-07-03T04:40:00+00:00,2.0,0.0
12399,2026-07-03T04:45:00+00:00,2.0,0.0
12400,2026-07-03T04:50:00+00:00,2.0,0.0
12401,2026-07-03T04:55:00+00:00,2.0,0.0
12402,2026-07-03T05:00:00+00:00,2.0,0.0
12403,2026-07-03T05:05:00+00:00,2.0,0.0
12404,2026-07-03T05:10:00+00:00,2.0,0.0
12405,2026-07-03T05:15:00+00:00,2.0,0.0
12406,2026-07-03T05:20:00+00:00,2.0,0.0
12407,2026-07-03T05:25:00+00:00,2.0,0.0
12408,2026-07-03T05:30:00+00:00,2.0,0.0
12409,2026-07-03T05:35:00+00:00,2.0,0.0
12410,2026-07-03T05:40:00+00:00,2.0,0.0
12411,2026-07-03T05:45:00+00:00,2.0,0.0
12412,2026-07-03T05:50:00+00:00,2.0,0.0
12413,2026-07-03T05:55:00+00:00,2.0,0.0
12414,2026-07-03T06:00:00+00:00,2.0,0.0
12415,2026-07-03T06:05:00+00:00,2.0,0.0
12416,2026-07-03T06:10:00+00:00,2.0,0.0
12417,2026-07-03T06:15:00+00:00,2.0,0.0
12418,2026-07-03T06:20:00+00:00,2.0,0.0
12419,2026-07-03T06:25:00+00:00,2.0,0.0
12420,2026-07-03T06:30:00+00:00,2.0,0.0
12421,2026-07-03T06:35:00+00:00,2.0,0.0
12422,2026-07-03T06:40:00+00:00,2.0,0.0
12423,2026-07-03T06:45:00+00:00,2.0,0.0
12424,2026-07-03T06:50:00+00:00,2.0,0.0
12425,2026-07-03T06:55:00+00:00,2.0,0.0
12426,2026-07-03T07:00:00+00:00,2.0,0.0
12427,2026-07-03T07:05:00+00:00,2.0,0.0
12428,2026-07-03T07:10:00+00:00,2.0,0.0
12429,2026-07-03T07:15:00+00:00,2.0,0.0
12430,2026-07-03T07:20:00+00:00,2.0,0.0
12431,2026-07-03T07:25:00+00:00,2.0,0.0
12432,2026-07-03T07:30:00+00:00,2.0,0.0
12433,2026-07-03T07:35:00+00:00,2.0,0.0
12434,2026-07-03T07:40:00+00:00,2.0,0.0
12435,2026-07-03T07:45:00+00:00,2.0,0.0
12436,2026-07-03T07:50:00+00:00,2.0,0.0
12437,2026-07-03T07:55:00+00:00,2.0,0.0
12438,2026-07-03T08:00:00+00:00,2.0,0.0
12439,2026-07-03T08:05:00+00:00,2.0,0.0
12440,2026-07-03T08:10:00+00:00,2.0,0.0
12441,2026-07-03T08:15:00+00:00,2.0,0.0
12442,2026-07-03T08:20:00+00:00,2.0,0.0
12443,2026-07-03T08:25:00+00:00,2.0,0.0
12444,2026-07-03T08:30:00+00:00,2.0,0.0
12445,2026-07-03T08:35:00+00:00,2.0,0.0
12446,2026-07-03T08:40:00+00:00,2.0,0.0
12447,2026-07-03T08:45:00+00:00,2.0,0.0
12448,2026-07-03T08:50:00+00:00,2.0,0.0
12449,2026-07-03T08:55:00+00:00,2.0,0.0
12450,2026-07-03T09:00:00+00:00,2.0,0.0
12451,2026-07-03T09:05:00+00:00,2.0,0.0
12452,2026-07-03T09:10:00+00:00,2.0,0.0
12453,2026-07-03T09:15:00+00:00,2.0,0.0
12454,2026-07-03T09:20:00+00:00,2.0,0.0
12455,2026-07-03T09:25:00+00:00,2.0,0.0
12456,2026-07-03T09:30:00+00:00,2.0,0.0
12457,2026-07-03T09:35:00+00:00,2.0,0.0
12458,2026-07-03T09:40:00+00:00,2.0,0.0
12459,2026-07-03T09:45:00+00:00,2.0,0.0
12460,2026-07-03T09:50:00+00:00,2.0,0.0
12461,2026-07-03T09:55:00+00:00,2.0,0.0
12462,2026-07-03T10:00:00+00:00,2.0,0.0
12463,2026-07-03T10:05:00+00:00,2.0,0.0
12464,2026-07-03T10:10:00+00:00,2.0,0.0
12465,2026-07-03T10:15:00+00:00,2.0,0.0
12466,2026-07-03T10:20:00+00:00,2.0,0.0
12467,2026-07-03T10:25:00+00:00,2.0,0.0
12468,2026-07-03T10:30:00+00:00,2.0,0.0
12469,2026-07-03T10:35:00+00:00,2.0,0.0
12470,2026-07-03T10:40:00+00:00,2.0,0.0
12471,2026-07-03T10:45:00+00:00,2.0,0.0
12472,2026-07-03T10:50:00+00:00,2.0,0.0
12473,2026-07-03T10:55:00+00:00,2.0,0.0
12474,2026-07-03T11:00:00+00:00,2.0,0.0
12475,2026-07-03T11:05:00+00:00,2.0,0.0
12476,2026-07-03T11:10:00+00:00,2.0,0.0
12477,2026-07-03T11:15:00+00:00,2.0,0.0
12478,2026-07-03T11:20:00+00:00,2.0,0.0
12479,2026-07-03T11:25:00+00:00,2.0,0.0
12480,2026-07-03T11:30:00+00:00,2.0,0.0
12481,2026-07-03T11:35:00+00:00,2.0,0.0
12482,2026-07-03T11:40:00+00:00,2.0,0.0
12483,2026-07-03T11:45:00+00:00,2.0,0.0
12484,2026-07-03T11:50:00+00:00,2.0,0.0
12485,2026-07-03T11:55:00+00:00,2.0,0.0
12486,2026-07-03T12:00:00+00:00,2.0,0.0
12487,2026-07-03T12:05:00+00:00,2.0,0.0
12488,2026-07-03T12:10:00+00:00,2.0,0.0
12489,2026-07-03T12:15:00+00:00,2.0,0.0
12490,2026-07-03T12:20:00+00:00,2.0,0.0
12491,2026-07-03T12:25:00+00:00,2.0,0.0
12492,2026-07-03T12:30:00+00:00,2.0,0.0
12493,2026-07-03T12:35:00+00:00,2.0,0.0
12494,2026-07-03T12:40:00+00:00,2.0,0.0
12495,2026-07-03T12:45:00+00:00,2.0,0.0
12496,2026-07-03T12:50:00+00:00,2.0,0.0
12497,2026-07-03T12:55:00+00:00,2.0,0.0
12498,2026-07-03T13:00:00+00:00,2.0,0.0
12499,2026-07-03T13:05:00+00:00,2.0,0.0
12500,2026-07-03T13:10:00+00:00,2.0,0.0
12501,2026-07-03T13:15:00+00:00,2.0,0.0
12502,2026-07-03T13:20:00+00:00,2.0,0.0
12503,2026-07-03T13:25:00+00:00,2.0,0.0
12504,2026-07-03T13:30:00+00:00,2.0,0.0
12505,2026-07-03T13:35:00+00:00,2.0,0.0
12506,2026-07-03T13:40:00+00:00,2.0,0.0
12507,2026-07-03T13:45:00+00:00,2.0,0.0
12508,2026-07-03T13:50:00+00:00,2.0,0.0
12509,2026-07-03T13:55:00+00:00,2.0,0.0
12510,2026-07-03T14:00:00+00:00,2.0,0.0
12511,2026-07-03T14:05:00+00:00,2.0,0.0
12512,2026-07-03T14:10:00+00:00,2.0,0.0
12513,2026-07-03T14:15:00+00:00,2.0,0.0
12514,2026-07-03T14:20:00+00:00,2.0,0.0
12515,2026-07-03T14:25:00+00:00,2.0,0.0
12516,2026-07-03T14:30:00+00:00,2.0,0.0
12517,2026-07-03T14:35:00+00:00,2.0,0.0
12518,2026-07-03T14:40:00+00:00,2.0,0.0
12519,2026-07-03T14:45:00+00:00,2.0,0.0
12520,2026-07-03T14:50:00+00:00,2.0,0.0
12521,2026-07-03T14:55:00+00:00,2.0,0.0
12522,2026-07-03T15:00:00+00:00,2.0,0.0
12523,2026-07-03T15:05:00+00:00,2.0,0.0
12524,2026-07-03T15:10:00+00:00,2.0,0.0
12525,2026-07-03T15:15:00+00:00,2.0,0.0
12526,2026-07-03T15:20:00+00:00,2.0,0.0
12527,2026-07-03T15:25:00+00:00,2.0,0.0
12528,2026-07-03T15:30:00+00:00,2.0,0.0
12529,2026-07-03T15:35:00+00:00,2.0,0.0
12530,2026-07-03T15:40:00+00:00,2.0,0.0
12531,2026-07-03T15:45:00+00:00,2.0,0.0
12532,2026-07-03T15:50:00+00:00,2.0,0.0
12533,2026-07-03T15:55:00+00:00,2.0,0.0
12534,2026-07-03T16:00:00+00:00,2.0,0.0
12535,2026-07-03T16:05:00+00:00,2.0,0.0
12536,2026-07-03T16:10:00+00:00,2.0,0.0
12537,2026-07-03T16:15:00+00:00,2.0,0.0
12538,2026-07-03T16:20:00+00:00,2.0,0.0
12539,2026-07-03T16:25:00+00:00,2.0,0.0
12540,2026-07-03T16:30:00+00:00,2.0,0.0
12541,2026-07-03T16:35:00+00:00,2.0,0.0
12542,2026-07-03T16:40:00+00:00,2.0,0.0
12543,2026-07-03T16:45:00+00:00,2.0,0.0
12544,2026-07-03T16:50:00+00:00,2.0,0.0
12545,2026-07-03T16:55:00+00:00,2.0,0.0
12546,2026-07-05T22:00:00+00:00,2.0,0.0
12547,2026-07-05T22:05:00+00:00,2.0,0.0
12548,2026-07-05T22:10:00+00:00,2.0,0.0
12549,2026-07-05T22:15:00+00:00,2.0,0.0
12550,2026-07-05T22:20:00+00:00,2.0,0.0
12551,2026-07-05T22:25:00+00:00,2.0,0.0
12552,2026-07-05T22:30:00+00:00,2.0,0.0
12553,2026-07-05T22:35:00+00:00,2.0,0.0
12554,2026-07-05T22:40:00+00:00,2.0,0.0
12555,2026-07-05T22:45:00+00:00,2.0,0.0
12556,2026-07-05T22:50:00+00:00,2.0,0.0
12557,2026-07-05T22:55:00+00:00,2.0,0.0
12558,2026-07-05T23:00:00+00:00,2.0,0.0
12559,2026-07-05T23:05:00+00:00,2.0,0.0
12560,2026-07-05T23:10:00+00:00,2.0,0.0
12561,2026-07-05T23:15:00+00:00,2.0,0.0
12562,2026-07-05T23:20:00+00:00,2.0,0.0
12563,2026-07-05T23:25:00+00:00,2.0,0.0
12564,2026-07-05T23:30:00+00:00,2.0,0.0
12565,2026-07-05T23:35:00+00:00,2.0,0.0
12566,2026-07-05T23:40:00+00:00,2.0,0.0
12567,2026-07-05T23:45:00+00:00,2.0,0.0
12568,2026-07-05T23:50:00+00:00,2.0,0.0
12569,2026-07-05T23:55:00+00:00,2.0,0.0
12570,2026-07-06T00:00:00+00:00,2.0,0.0
12571,2026-07-06T00:05:00+00:00,2.0,0.0
12572,2026-07-06T00:10:00+00:00,2.0,0.0
12573,2026-07-06T00:15:00+00:00,2.0,0.0
12574,2026-07-06T00:20:00+00:00,2.0,0.0
12575,2026-07-06T00:25:00+00:00,2.0,0.0
12576,2026-07-06T00:30:00+00:00,2.0,0.0
12577,2026-07-06T00:35:00+00:00,2.0,0.0
12578,2026-07-06T00:40:00+00:00,2.0,0.0
12579,2026-07-06T00:45:00+00:00,2.0,0.0
12580,2026-07-06T00:50:00+00:00,2.0,0.0
12581,2026-07-06T00:55:00+00:00,2.0,0.0
12582,2026-07-06T01:00:00+00:00,2.0,0.0
12583,2026-07-06T01:05:00+00:00,2.0,0.0
12584,2026-07-06T01:10:00+00:00,2.0,0.0
12585,2026-07-06T01:15:00+00:00,2.0,0.0
12586,2026-07-06T01:20:00+00:00,2.0,0.0
12587,2026-07-06T01:25:00+00:00,2.0,0.0
12588,2026-07-06T01:30:00+00:00,2.0,0.0
12589,2026-07-06T01:35:00+00:00,2.0,0.0
12590,2026-07-06T01:40:00+00:00,2.0,0.0
12591,2026-07-06T01:45:00+00:00,2.0,0.0
12592,2026-07-06T01:50:00+00:00,2.0,0.0
12593,2026-07-06T01:55:00+00:00,2.0,0.0
12594,2026-07-06T02:00:00+00:00,2.0,0.0
12595,2026-07-06T02:05:00+00:00,2.0,0.0
12596,2026-07-06T02:10:00+00:00,2.0,0.0
12597,2026-07-06T02:15:00+00:00,2.0,0.0
12598,2026-07-06T02:20:00+00:00,2.0,0.0
12599,2026-07-06T02:25:00+00:00,2.0,0.0
12600,2026-07-06T02:30:00+00:00,2.0,0.0
12601,2026-07-06T02:35:00+00:00,2.0,0.0
12602,2026-07-06T02:40:00+00:00,2.0,0.0
12603,2026-07-06T02:45:00+00:00,2.0,0.0
12604,2026-07-06T02:50:00+00:00,2.0,0.0
12605,2026-07-06T02:55:00+00:00,2.0,0.0
12606,2026-07-06T03:00:00+00:00,2.0,0.0
12607,2026-07-06T03:05:00+00:00,2.0,0.0
12608,2026-07-06T03:10:00+00:00,2.0,0.0
12609,2026-07-06T03:15:00+00:00,2.0,0.0
12610,2026-07-06T03:20:00+00:00,2.0,0.0
12611,2026-07-06T03:25:00+00:00,2.0,0.0
12612,2026-07-06T03:30:00+00:00,2.0,0.0
12613,2026-07-06T03:35:00+00:00,2.0,0.0
12614,2026-07-06T03:40:00+00:00,2.0,0.0
12615,2026-07-06T03:45:00+00:00,2.0,0.0
12616,2026-07-06T03:50:00+00:00,2.0,0.0
12617,2026-07-06T03:55:00+00:00,2.0,0.0
12618,2026-07-06T04:00:00+00:00,2.0,0.0
12619,2026-07-06T04:05:00+00:00,2.0,0.0
12620,2026-07-06T04:10:00+00:00,2.0,0.0
12621,2026-07-06T04:15:00+00:00,2.0,0.0
12622,2026-07-06T04:20:00+00:00,2.0,0.0
12623,2026-07-06T04:25:00+00:00,2.0,0.0
12624,2026-07-06T04:30:00+00:00,2.0,0.0
12625,2026-07-06T04:35:00+00:00,2.0,0.0
12626,2026-07-06T04:40:00+00:00,2.0,0.0
12627,2026-07-06T04:45:00+00:00,2.0,0.0
12628,2026-07-06T04:50:00+00:00,2.0,0.0
12629,2026-07-06T04:55:00+00:00,2.0,0.0
12630,2026-07-06T05:00:00+00:00,2.0,0.0
12631,2026-07-06T05:05:00+00:00,2.0,0.0
12632,2026-07-06T05:10:00+00:00,2.0,0.0
12633,2026-07-06T05:15:00+00:00,2.0,0.0
12634,2026-07-06T05:20:00+00:00,2.0,0.0
12635,2026-07-06T05:25:00+00:00,2.0,0.0
12636,2026-07-06T05:30:00+00:00,2.0,0.0
12637,2026-07-06T05:35:00+00:00,2.0,0.0
12638,2026-07-06T05:40:00+00:00,2.0,0.0
12639,2026-07-06T05:45:00+00:00,2.0,0.0
12640,2026-07-06T05:50:00+00:00,2.0,0.0
12641,2026-07-06T05:55:00+00:00,2.0,0.0
12642,2026-07-06T06:00:00+00:00,2.0,0.0
12643,2026-07-06T06:05:00+00:00,2.0,0.0
12644,2026-07-06T06:10:00+00:00,2.0,0.0
12645,2026-07-06T06:15:00+00:00,2.0,0.0
12646,2026-07-06T06:20:00+00:00,2.0,0.0
12647,2026-07-06T06:25:00+00:00,2.0,0.0
12648,2026-07-06T06:30:00+00:00,2.0,0.0
12649,2026-07-06T06:35:00+00:00,2.0,0.0
12650,2026-07-06T06:40:00+00:00,2.0,0.0
12651,2026-07-06T06:45:00+00:00,2.0,0.0
12652,2026-07-06T06:50:00+00:00,2.0,0.0
12653,2026-07-06T06:55:00+00:00,2.0,0.0
12654,2026-07-06T07:00:00+00:00,2.0,0.0
12655,2026-07-06T07:05:00+00:00,2.0,0.0
12656,2026-07-06T07:10:00+00:00,2.0,0.0
12657,2026-07-06T07:15:00+00:00,2.0,0.0
12658,2026-07-06T07:20:00+00:00,2.0,0.0
12659,2026-07-06T07:25:00+00:00,2.0,0.0
12660,2026-07-06T07:30:00+00:00,2.0,0.0
12661,2026-07-06T07:35:00+00:00,2.0,0.0
12662,2026-07-06T07:40:00+00:00,2.0,0.0
12663,2026-07-06T07:45:00+00:00,2.0,0.0
12664,2026-07-06T07:50:00+00:00,2.0,0.0
12665,2026-07-06T07:55:00+00:00,2.0,0.0
12666,2026-07-06T08:00:00+00:00,2.0,0.0
12667,2026-07-06T08:05:00+00:00,2.0,0.0
12668,2026-07-06T08:10:00+00:00,2.0,0.0
12669,2026-07-06T08:15:00+00:00,2.0,0.0
12670,2026-07-06T08:20:00+00:00,2.0,0.0
12671,2026-07-06T08:25:00+00:00,2.0,0.0
12672,2026-07-06T08:30:00+00:00,2.0,0.0
12673,2026-07-06T08:35:00+00:00,2.0,0.0
12674,2026-07-06T08:40:00+00:00,2.0,0.0
12675,2026-07-06T08:45:00+00:00,2.0,0.0
12676,2026-07-06T08:50:00+00:00,2.0,0.0
12677,2026-07-06T08:55:00+00:00,2.0,0.0
12678,2026-07-06T09:00:00+00:00,2.0,0.0
12679,2026-07-06T09:05:00+00:00,2.0,0.0
12680,2026-07-06T09:10:00+00:00,2.0,0.0
12681,2026-07-06T09:15:00+00:00,2.0,0.0
12682,2026-07-06T09:20:00+00:00,2.0,0.0
12683,2026-07-06T09:25:00+00:00,2.0,0.0
12684,2026-07-06T09:30:00+00:00,2.0,0.0
12685,2026-07-06T09:35:00+00:00,2.0,0.0
12686,2026-07-06T09:40:00+00:00,2.0,0.0
12687,2026-07-06T09:45:00+00:00,2.0,0.0
12688,2026-07-06T09:50:00+00:00,2.0,0.0
12689,2026-07-06T09:55:00+00:00,2.0,0.0
12690,2026-07-06T10:00:00+00:00,2.0,0.0
12691,2026-07-06T10:05:00+00:00,2.0,0.0
12692,2026-07-06T10:10:00+00:00,2.0,0.0
12693,2026-07-06T10:15:00+00:00,2.0,0.0
12694,2026-07-06T10:20:00+00:00,2.0,0.0
12695,2026-07-06T10:25:00+00:00,2.0,0.0
12696,2026-07-06T10:30:00+00:00,2.0,0.0
12697,2026-07-06T10:35:00+00:00,2.0,0.0
12698,2026-07-06T10:40:00+00:00,2.0,0.0
12699,2026-07-06T10:45:00+00:00,2.0,0.0
12700,2026-07-06T10:50:00+00:00,2.0,0.0
12701,2026-07-06T10:55:00+00:00,2.0,0.0
12702,2026-07-06T11:00:00+00:00,2.0,0.0
12703,2026-07-06T11:05:00+00:00,2.0,0.0
12704,2026-07-06T11:10:00+00:00,2.0,0.0
12705,2026-07-06T11:15:00+00:00,2.0,0.0
12706,2026-07-06T11:20:00+00:00,2.0,0.0
12707,2026-07-06T11:25:00+00:00,2.0,0.0
12708,2026-07-06T11:30:00+00:00,2.0,0.0
12709,2026-07-06T11:35:00+00:00,2.0,0.0
12710,2026-07-06T11:40:00+00:00,2.0,0.0
12711,2026-07-06T11:45:00+00:00,2.0,0.0
12712,2026-07-06T11:50:00+00:00,2.0,0.0
12713,2026-07-06T11:55:00+00:00,2.0,0.0
12714,2026-07-06T12:00:00+00:00,2.0,0.0
12715,2026-07-06T12:05:00+00:00,2.0,0.0
12716,2026-07-06T12:10:00+00:00,2.0,0.0
12717,2026-07-06T12:15:00+00:00,2.0,0.0
12718,2026-07-06T12:20:00+00:00,2.0,0.0
12719,2026-07-06T12:25:00+00:00,2.0,0.0
12720,2026-07-06T12:30:00+00:00,2.0,0.0
12721,2026-07-06T12:35:00+00:00,2.0,0.0
12722,2026-07-06T12:40:00+00:00,2.0,0.0
12723,2026-07-06T12:45:00+00:00,2.0,0.0
12724,2026-07-06T12:50:00+00:00,2.0,0.0
12725,2026-07-06T12:55:00+00:00,2.0,0.0
12726,2026-07-06T13:00:00+00:00,2.0,0.0
12727,2026-07-06T13:05:00+00:00,2.0,0.0
12728,2026-07-06T13:10:00+00:00,2.0,0.0
12729,2026-07-06T13:15:00+00:00,2.0,0.0
12730,2026-07-06T13:20:00+00:00,2.0,0.0
12731,2026-07-06T13:25:00+00:00,2.0,0.0
12732,2026-07-06T13:30:00+00:00,2.0,0.0
12733,2026-07-06T13:35:00+00:00,2.0,0.0
12734,2026-07-06T13:40:00+00:00,2.0,0.0
12735,2026-07-06T13:45:00+00:00,2.0,0.0
12736,2026-07-06T13:50:00+00:00,2.0,0.0
12737,2026-07-06T13:55:00+00:00,2.0,0.0
12738,2026-07-06T14:00:00+00:00,2.0,0.0
12739,2026-07-06T14:05:00+00:00,2.0,0.0
12740,2026-07-06T14:10:00+00:00,2.0,0.0
12741,2026-07-06T14:15:00+00:00,2.0,0.0
12742,2026-07-06T14:20:00+00:00,2.0,0.0
12743,2026-07-06T14:25:00+00:00,2.0,0.0
12744,2026-07-06T14:30:00+00:00,2.0,0.0
12745,2026-07-06T14:35:00+00:00,2.0,0.0
12746,2026-07-06T14:40:00+00:00,2.0,0.0
12747,2026-07-06T14:45:00+00:00,2.0,0.0
12748,2026-07-06T14:50:00+00:00,2.0,0.0
12749,2026-07-06T14:55:00+00:00,2.0,0.0
12750,2026-07-06T15:00:00+00:00,2.0,0.0
12751,2026-07-06T15:05:00+00:00,2.0,0.0
12752,2026-07-06T15:10:00+00:00,2.0,0.0
12753,2026-07-06T15:15:00+00:00,2.0,0.0
12754,2026-07-06T15:20:00+00:00,2.0,0.0
12755,2026-07-06T15:25:00+00:00,2.0,0.0
12756,2026-07-06T15:30:00+00:00,2.0,0.0
12757,2026-07-06T15:35:00+00:00,2.0,0.0
12758,2026-07-06T15:40:00+00:00,2.0,0.0
12759,2026-07-06T15:45:00+00:00,2.0,0.0
12760,2026-07-06T15:50:00+00:00,2.0,0.0
12761,2026-07-06T15:55:00+00:00,2.0,0.0
12762,2026-07-06T16:00:00+00:00,2.0,0.0
12763,2026-07-06T16:05:00+00:00,2.0,0.0
12764,2026-07-06T16:10:00+00:00,2.0,0.0
12765,2026-07-06T16:15:00+00:00,2.0,0.0
12766,2026-07-06T16:20:00+00:00,2.0,0.0
12767,2026-07-06T16:25:00+00:00,2.0,0.0
12768,2026-07-06T16:30:00+00:00,2.0,0.0
12769,2026-07-06T16:35:00+00:00,2.0,0.0
12770,2026-07-06T16:40:00+00:00,2.0,0.0
12771,2026-07-06T16:45:00+00:00,2.0,0.0
12772,2026-07-06T16:50:00+00:00,2.0,0.0
12773,2026-07-06T16:55:00+00:00,2.0,0.0
12774,2026-07-06T17:00:00+00:00,2.0,0.0
12775,2026-07-06T17:05:00+00:00,2.0,0.0
12776,2026-07-06T17:10:00+00:00,2.0,0.0
12777,2026-07-06T17:15:00+00:00,2.0,0.0
12778,2026-07-06T17:20:00+00:00,2.0,0.0
12779,2026-07-06T17:25:00+00:00,2.0,0.0
12780,2026-07-06T17:30:00+00:00,2.0,0.0
12781,2026-07-06T17:35:00+00:00,2.0,0.0
12782,2026-07-06T17:40:00+00:00,2.0,0.0
12783,2026-07-06T17:45:00+00:00,1.0,1.0
12784,2026-07-06T17:50:00+00:00,1.0,1.0
12785,2026-07-06T17:55:00+00:00,1.0,1.0
12786,2026-07-06T18:00:00+00:00,1.0,1.0
12787,2026-07-06T18:05:00+00:00,1.0,1.0
12788,2026-07-06T18:10:00+00:00,1.0,1.0
12789,2026-07-06T18:15:00+00:00,1.0,1.0
12790,2026-07-06T18:20:00+00:00,1.0,1.0
12791,2026-07-06T18:25:00+00:00,1.0,1.0
12792,2026-07-06T18:30:00+00:00,1.0,1.0
12793,2026-07-06T18:35:00+00:00,1.0,1.0
12794,2026-07-06T18:40:00+00:00,1.0,1.0
12795,2026-07-06T18:45:00+00:00,1.0,1.0
12796,2026-07-06T18:50:00+00:00,1.0,1.0
12797,2026-07-06T18:55:00+00:00,1.0,1.0
12798,2026-07-06T19:00:00+00:00,1.0,1.0
12799,2026-07-06T19:05:00+00:00,1.0,1.0
12800,2026-07-06T19:10:00+00:00,1.0,1.0
12801,2026-07-06T19:15:00+00:00,1.0,1.0
12802,2026-07-06T19:20:00+00:00,1.0,1.0
12803,2026-07-06T19:25:00+00:00,1.0,1.0
12804,2026-07-06T19:30:00+00:00,1.0,1.0
12805,2026-07-06T19:35:00+00:00,1.0,1.0
12806,2026-07-06T19:40:00+00:00,1.0,1.0
12807,2026-07-06T19:45:00+00:00,1.0,1.0
12808,2026-07-06T19:50:00+00:00,1.0,1.0
12809,2026-07-06T19:55:00+00:00,1.0,1.0
12810,2026-07-06T20:00:00+00:00,1.0,1.0
12811,2026-07-06T20:05:00+00:00,1.0,1.0
12812,2026-07-06T20:10:00+00:00,1.0,1.0
12813,2026-07-06T20:15:00+00:00,1.0,1.0
12814,2026-07-06T20:20:00+00:00,1.0,1.0
12815,2026-07-06T20:25:00+00:00,1.0,1.0
12816,2026-07-06T20:30:00+00:00,1.0,1.0
12817,2026-07-06T20:35:00+00:00,1.0,1.0
12818,2026-07-06T20:40:00+00:00,1.0,1.0
12819,2026-07-06T20:45:00+00:00,1.0,1.0
12820,2026-07-06T20:50:00+00:00,1.0,1.0
12821,2026-07-06T20:55:00+00:00,1.0,1.0
12822,2026-07-06T22:00:00+00:00,1.0,1.0
12823,2026-07-06T22:05:00+00:00,1.0,1.0
12824,2026-07-06T22:10:00+00:00,1.0,1.0
12825,2026-07-06T22:15:00+00:00,1.0,1.0
12826,2026-07-06T22:20:00+00:00,1.0,1.0
12827,2026-07-06T22:25:00+00:00,1.0,1.0
12828,2026-07-06T22:30:00+00:00,1.0,1.0
12829,2026-07-06T22:35:00+00:00,1.0,1.0
12830,2026-07-06T22:40:00+00:00,1.0,1.0
12831,2026-07-06T22:45:00+00:00,1.0,1.0
12832,2026-07-06T22:50:00+00:00,1.0,1.0
12833,2026-07-06T22:55:00+00:00,1.0,1.0
12834,2026-07-06T23:00:00+00:00,1.0,1.0
12835,2026-07-06T23:05:00+00:00,1.0,1.0
12836,2026-07-06T23:10:00+00:00,1.0,1.0
12837,2026-07-06T23:15:00+00:00,1.0,1.0
12838,2026-07-06T23:20:00+00:00,1.0,1.0
12839,2026-07-06T23:25:00+00:00,1.0,1.0
12840,2026-07-06T23:30:00+00:00,1.0,1.0
12841,2026-07-06T23:35:00+00:00,1.0,1.0
12842,2026-07-06T23:40:00+00:00,1.0,1.0
12843,2026-07-06T23:45:00+00:00,1.0,1.0
12844,2026-07-06T23:50:00+00:00,1.0,1.0
12845,2026-07-06T23:55:00+00:00,1.0,1.0
12846,2026-07-07T00:00:00+00:00,1.0,1.0
12847,2026-07-07T00:05:00+00:00,1.0,1.0
12848,2026-07-07T00:10:00+00:00,1.0,1.0
12849,2026-07-07T00:15:00+00:00,1.0,1.0
12850,2026-07-07T00:20:00+00:00,1.0,1.0
12851,2026-07-07T00:25:00+00:00,1.0,1.0
12852,2026-07-07T00:30:00+00:00,1.0,1.0
12853,2026-07-07T00:35:00+00:00,1.0,1.0
12854,2026-07-07T00:40:00+00:00,1.0,1.0
12855,2026-07-07T00:45:00+00:00,1.0,1.0
12856,2026-07-07T00:50:00+00:00,1.0,1.0
12857,2026-07-07T00:55:00+00:00,1.0,1.0
12858,2026-07-07T01:00:00+00:00,1.0,1.0
12859,2026-07-07T01:05:00+00:00,1.0,1.0
12860,2026-07-07T01:10:00+00:00,1.0,1.0
12861,2026-07-07T01:15:00+00:00,1.0,1.0
12862,2026-07-07T01:20:00+00:00,1.0,1.0
12863,2026-07-07T01:25:00+00:00,1.0,1.0
12864,2026-07-07T01:30:00+00:00,1.0,1.0
12865,2026-07-07T01:35:00+00:00,1.0,1.0
12866,2026-07-07T01:40:00+00:00,1.0,1.0
12867,2026-07-07T01:45:00+00:00,1.0,1.0
12868,2026-07-07T01:50:00+00:00,1.0,1.0
12869,2026-07-07T01:55:00+00:00,1.0,1.0
12870,2026-07-07T02:00:00+00:00,1.0,1.0
12871,2026-07-07T02:05:00+00:00,1.0,1.0
12872,2026-07-07T02:10:00+00:00,1.0,1.0
12873,2026-07-07T02:15:00+00:00,1.0,1.0
12874,2026-07-07T02:20:00+00:00,1.0,1.0
12875,2026-07-07T02:25:00+00:00,1.0,1.0
12876,2026-07-07T02:30:00+00:00,1.0,1.0
12877,2026-07-07T02:35:00+00:00,1.0,1.0
12878,2026-07-07T02:40:00+00:00,1.0,1.0
12879,2026-07-07T02:45:00+00:00,1.0,1.0
12880,2026-07-07T02:50:00+00:00,1.0,1.0
12881,2026-07-07T02:55:00+00:00,1.0,1.0
12882,2026-07-07T03:00:00+00:00,1.0,1.0
12883,2026-07-07T03:05:00+00:00,1.0,1.0
12884,2026-07-07T03:10:00+00:00,1.0,1.0
12885,2026-07-07T03:15:00+00:00,1.0,1.0
12886,2026-07-07T03:20:00+00:00,1.0,1.0
12887,2026-07-07T03:25:00+00:00,1.0,1.0
12888,2026-07-07T03:30:00+00:00,1.0,1.0
12889,2026-07-07T03:35:00+00:00,1.0,1.0
12890,2026-07-07T03:40:00+00:00,1.0,1.0
12891,2026-07-07T03:45:00+00:00,1.0,1.0
12892,2026-07-07T03:50:00+00:00,1.0,1.0
12893,2026-07-07T03:55:00+00:00,1.0,1.0
12894,2026-07-07T04:00:00+00:00,1.0,1.0
12895,2026-07-07T04:05:00+00:00,1.0,1.0
12896,2026-07-07T04:10:00+00:00,1.0,1.0
12897,2026-07-07T04:15:00+00:00,1.0,1.0
12898,2026-07-07T04:20:00+00:00,1.0,1.0
12899,2026-07-07T04:25:00+00:00,1.0,1.0
12900,2026-07-07T04:30:00+00:00,1.0,1.0
12901,2026-07-07T04:35:00+00:00,1.0,1.0
12902,2026-07-07T04:40:00+00:00,1.0,1.0
12903,2026-07-07T04:45:00+00:00,1.0,1.0
12904,2026-07-07T04:50:00+00:00,1.0,1.0
12905,2026-07-07T04:55:00+00:00,1.0,1.0
12906,2026-07-07T05:00:00+00:00,1.0,1.0
12907,2026-07-07T05:05:00+00:00,1.0,1.0
12908,2026-07-07T05:10:00+00:00,1.0,1.0
12909,2026-07-07T05:15:00+00:00,1.0,1.0
12910,2026-07-07T05:20:00+00:00,1.0,1.0
12911,2026-07-07T05:25:00+00:00,1.0,1.0
12912,2026-07-07T05:30:00+00:00,1.0,1.0
12913,2026-07-07T05:35:00+00:00,1.0,1.0
12914,2026-07-07T05:40:00+00:00,1.0,1.0
12915,2026-07-07T05:45:00+00:00,1.0,1.0
12916,2026-07-07T05:50:00+00:00,1.0,1.0
12917,2026-07-07T05:55:00+00:00,1.0,1.0
12918,2026-07-07T06:00:00+00:00,1.0,1.0
12919,2026-07-07T06:05:00+00:00,1.0,1.0
12920,2026-07-07T06:10:00+00:00,1.0,1.0
12921,2026-07-07T06:15:00+00:00,1.0,1.0
12922,2026-07-07T06:20:00+00:00,1.0,1.0
12923,2026-07-07T06:25:00+00:00,1.0,1.0
12924,2026-07-07T06:30:00+00:00,1.0,1.0
12925,2026-07-07T06:35:00+00:00,1.0,1.0
12926,2026-07-07T06:40:00+00:00,1.0,1.0
12927,2026-07-07T06:45:00+00:00,1.0,1.0
12928,2026-07-07T06:50:00+00:00,1.0,1.0
12929,2026-07-07T06:55:00+00:00,1.0,1.0
12930,2026-07-07T07:00:00+00:00,1.0,1.0
12931,2026-07-07T07:05:00+00:00,1.0,1.0
12932,2026-07-07T07:10:00+00:00,1.0,1.0
12933,2026-07-07T07:15:00+00:00,1.0,1.0
12934,2026-07-07T07:20:00+00:00,1.0,1.0
12935,2026-07-07T07:25:00+00:00,1.0,1.0
12936,2026-07-07T07:30:00+00:00,1.0,1.0
12937,2026-07-07T07:35:00+00:00,1.0,1.0
12938,2026-07-07T07:40:00+00:00,1.0,1.0
12939,2026-07-07T07:45:00+00:00,1.0,1.0
12940,2026-07-07T07:50:00+00:00,1.0,1.0
12941,2026-07-07T07:55:00+00:00,1.0,1.0
12942,2026-07-07T08:00:00+00:00,1.0,1.0
12943,2026-07-07T08:05:00+00:00,1.0,1.0
12944,2026-07-07T08:10:00+00:00,1.0,1.0
12945,2026-07-07T08:15:00+00:00,1.0,1.0
12946,2026-07-07T08:20:00+00:00,1.0,1.0
12947,2026-07-07T08:25:00+00:00,1.0,1.0
12948,2026-07-07T08:30:00+00:00,1.0,1.0
12949,2026-07-07T08:35:00+00:00,1.0,1.0
12950,2026-07-07T08:40:00+00:00,1.0,1.0
12951,2026-07-07T08:45:00+00:00,1.0,1.0
12952,2026-07-07T08:50:00+00:00,1.0,1.0
12953,2026-07-07T08:55:00+00:00,1.0,1.0
12954,2026-07-07T09:00:00+00:00,1.0,1.0
12955,2026-07-07T09:05:00+00:00,1.0,1.0
12956,2026-07-07T09:10:00+00:00,1.0,1.0
12957,2026-07-07T09:15:00+00:00,1.0,1.0
12958,2026-07-07T09:20:00+00:00,1.0,1.0
12959,2026-07-07T09:25:00+00:00,1.0,1.0
12960,2026-07-07T09:30:00+00:00,1.0,1.0
12961,2026-07-07T09:35:00+00:00,1.0,1.0
12962,2026-07-07T09:40:00+00:00,1.0,1.0
12963,2026-07-07T09:45:00+00:00,1.0,1.0
12964,2026-07-07T09:50:00+00:00,1.0,1.0
12965,2026-07-07T09:55:00+00:00,1.0,1.0
12966,2026-07-07T10:00:00+00:00,1.0,1.0
12967,2026-07-07T10:05:00+00:00,1.0,1.0
12968,2026-07-07T10:10:00+00:00,1.0,1.0
12969,2026-07-07T10:15:00+00:00,1.0,1.0
12970,2026-07-07T10:20:00+00:00,1.0,1.0
12971,2026-07-07T10:25:00+00:00,1.0,1.0
12972,2026-07-07T10:30:00+00:00,1.0,1.0
12973,2026-07-07T10:35:00+00:00,1.0,1.0
12974,2026-07-07T10:40:00+00:00,1.0,1.0
12975,2026-07-07T10:45:00+00:00,1.0,1.0
12976,2026-07-07T10:50:00+00:00,1.0,1.0
12977,2026-07-07T10:55:00+00:00,1.0,1.0
12978,2026-07-07T11:00:00+00:00,1.0,1.0
12979,2026-07-07T11:05:00+00:00,1.0,1.0
12980,2026-07-07T11:10:00+00:00,1.0,1.0
12981,2026-07-07T11:15:00+00:00,1.0,1.0
12982,2026-07-07T11:20:00+00:00,1.0,1.0
12983,2026-07-07T11:25:00+00:00,1.0,1.0
12984,2026-07-07T11:30:00+00:00,1.0,1.0
12985,2026-07-07T11:35:00+00:00,1.0,1.0
12986,2026-07-07T11:40:00+00:00,1.0,1.0
12987,2026-07-07T11:45:00+00:00,1.0,1.0
12988,2026-07-07T11:50:00+00:00,1.0,1.0
12989,2026-07-07T11:55:00+00:00,1.0,1.0
12990,2026-07-07T12:00:00+00:00,1.0,1.0
12991,2026-07-07T12:05:00+00:00,1.0,1.0
12992,2026-07-07T12:10:00+00:00,1.0,1.0
12993,2026-07-07T12:15:00+00:00,1.0,1.0
12994,2026-07-07T12:20:00+00:00,1.0,1.0
12995,2026-07-07T12:25:00+00:00,1.0,1.0
12996,2026-07-07T12:30:00+00:00,1.0,1.0
12997,2026-07-07T12:35:00+00:00,1.0,1.0
12998,2026-07-07T12:40:00+00:00,1.0,1.0
12999,2026-07-07T12:45:00+00:00,1.0,1.0
13000,2026-07-07T12:50:00+00:00,1.0,1.0
13001,2026-07-07T12:55:00+00:00,1.0,1.0
13002,2026-07-07T13:00:00+00:00,1.0,1.0
13003,2026-07-07T13:05:00+00:00,1.0,1.0
13004,2026-07-07T13:10:00+00:00,1.0,1.0
13005,2026-07-07T13:15:00+00:00,1.0,1.0
13006,2026-07-07T13:20:00+00:00,1.0,1.0
13007,2026-07-07T13:25:00+00:00,1.0,1.0
13008,2026-07-07T13:30:00+00:00,1.0,1.0
13009,2026-07-07T13:35:00+00:00,1.0,1.0
13010,2026-07-07T13:40:00+00:00,1.0,1.0
13011,2026-07-07T13:45:00+00:00,1.0,1.0
13012,2026-07-07T13:50:00+00:00,1.0,1.0
13013,2026-07-07T13:55:00+00:00,1.0,1.0
13014,2026-07-07T14:00:00+00:00,1.0,1.0
13015,2026-07-07T14:05:00+00:00,1.0,1.0
13016,2026-07-07T14:10:00+00:00,1.0,1.0
13017,2026-07-07T14:15:00+00:00,1.0,1.0
13018,2026-07-07T14:20:00+00:00,1.0,1.0
13019,2026-07-07T14:25:00+00:00,1.0,1.0
13020,2026-07-07T14:30:00+00:00,1.0,1.0
13021,2026-07-07T14:35:00+00:00,1.0,1.0
13022,2026-07-07T14:40:00+00:00,1.0,1.0
13023,2026-07-07T14:45:00+00:00,1.0,1.0
13024,2026-07-07T14:50:00+00:00,1.0,1.0
13025,2026-07-07T14:55:00+00:00,1.0,1.0
13026,2026-07-07T15:00:00+00:00,1.0,1.0
13027,2026-07-07T15:05:00+00:00,1.0,1.0
13028,2026-07-07T15:10:00+00:00,1.0,1.0
13029,2026-07-07T15:15:00+00:00,3.0,0.0
13030,2026-07-07T15:20:00+00:00,3.0,0.0
13031,2026-07-07T15:25:00+00:00,3.0,0.0
13032,2026-07-07T15:30:00+00:00,3.0,0.0
13033,2026-07-07T15:35:00+00:00,3.0,0.0
13034,2026-07-07T15:40:00+00:00,3.0,0.0
13035,2026-07-07T15:45:00+00:00,3.0,0.0
13036,2026-07-07T15:50:00+00:00,3.0,0.0
13037,2026-07-07T15:55:00+00:00,3.0,0.0
13038,2026-07-07T16:00:00+00:00,3.0,0.0
13039,2026-07-07T16:05:00+00:00,3.0,0.0
13040,2026-07-07T16:10:00+00:00,3.0,0.0
13041,2026-07-07T16:15:00+00:00,3.0,0.0
13042,2026-07-07T16:20:00+00:00,3.0,0.0
13043,2026-07-07T16:25:00+00:00,3.0,0.0
13044,2026-07-07T16:30:00+00:00,3.0,0.0
13045,2026-07-07T16:35:00+00:00,3.0,0.0
13046,2026-07-07T16:40:00+00:00,3.0,0.0
13047,2026-07-07T16:45:00+00:00,3.0,0.0
13048,2026-07-07T16:50:00+00:00,3.0,0.0
13049,2026-07-07T16:55:00+00:00,3.0,0.0
13050,2026-07-07T17:00:00+00:00,3.0,0.0
13051,2026-07-07T17:05:00+00:00,3.0,0.0
13052,2026-07-07T17:10:00+00:00,3.0,0.0
13053,2026-07-07T17:15:00+00:00,3.0,0.0
13054,2026-07-07T17:20:00+00:00,3.0,0.0
13055,2026-07-07T17:25:00+00:00,3.0,0.0
13056,2026-07-07T17:30:00+00:00,3.0,0.0
13057,2026-07-07T17:35:00+00:00,3.0,0.0
13058,2026-07-07T17:40:00+00:00,3.0,0.0
13059,2026-07-07T17:45:00+00:00,3.0,0.0
13060,2026-07-07T17:50:00+00:00,3.0,0.0
13061,2026-07-07T17:55:00+00:00,3.0,0.0
13062,2026-07-07T18:00:00+00:00,3.0,0.0
13063,2026-07-07T18:05:00+00:00,3.0,0.0
13064,2026-07-07T18:10:00+00:00,3.0,0.0
13065,2026-07-07T18:15:00+00:00,3.0,0.0
13066,2026-07-07T18:20:00+00:00,3.0,0.0
13067,2026-07-07T18:25:00+00:00,3.0,0.0
13068,2026-07-07T18:30:00+00:00,3.0,0.0
13069,2026-07-07T18:35:00+00:00,3.0,0.0
13070,2026-07-07T18:40:00+00:00,3.0,0.0
13071,2026-07-07T18:45:00+00:00,3.0,0.0
13072,2026-07-07T18:50:00+00:00,5.0,0.0
13073,2026-07-07T18:55:00+00:00,5.0,0.0
13074,2026-07-07T19:00:00+00:00,5.0,0.0
13075,2026-07-07T19:05:00+00:00,5.0,0.0
13076,2026-07-07T19:10:00+00:00,5.0,0.0
13077,2026-07-07T19:15:00+00:00,5.0,0.0
13078,2026-07-07T19:20:00+00:00,5.0,0.0
13079,2026-07-07T19:25:00+00:00,5.0,0.0
13080,2026-07-07T19:30:00+00:00,5.0,0.0
13081,2026-07-07T19:35:00+00:00,5.0,0.0
13082,2026-07-07T19:40:00+00:00,5.0,0.0
13083,2026-07-07T19:45:00+00:00,5.0,0.0
13084,2026-07-07T19:50:00+00:00,5.0,0.0
13085,2026-07-07T19:55:00+00:00,5.0,0.0
13086,2026-07-07T20:00:00+00:00,5.0,0.0
13087,2026-07-07T20:05:00+00:00,5.0,0.0
13088,2026-07-07T20:10:00+00:00,5.0,0.0
13089,2026-07-07T20:15:00+00:00,5.0,0.0
13090,2026-07-07T20:20:00+00:00,5.0,0.0
13091,2026-07-07T20:25:00+00:00,5.0,0.0
13092,2026-07-07T20:30:00+00:00,5.0,0.0
13093,2026-07-07T20:35:00+00:00,5.0,0.0
13094,2026-07-07T20:40:00+00:00,5.0,0.0
13095,2026-07-07T20:45:00+00:00,5.0,0.0
13096,2026-07-07T20:50:00+00:00,5.0,0.0
13097,2026-07-07T20:55:00+00:00,5.0,0.0
13098,2026-07-07T22:00:00+00:00,5.0,0.0
13099,2026-07-07T22:05:00+00:00,5.0,0.0
13100,2026-07-07T22:10:00+00:00,5.0,0.0
13101,2026-07-07T22:15:00+00:00,5.0,0.0
13102,2026-07-07T22:20:00+00:00,5.0,0.0
13103,2026-07-07T22:25:00+00:00,5.0,0.0
13104,2026-07-07T22:30:00+00:00,5.0,0.0
13105,2026-07-07T22:35:00+00:00,5.0,0.0
13106,2026-07-07T22:40:00+00:00,5.0,0.0
13107,2026-07-07T22:45:00+00:00,5.0,0.0
13108,2026-07-07T22:50:00+00:00,5.0,0.0
13109,2026-07-07T22:55:00+00:00,5.0,0.0
13110,2026-07-07T23:00:00+00:00,5.0,0.0
13111,2026-07-07T23:05:00+00:00,5.0,0.0
13112,2026-07-07T23:10:00+00:00,5.0,0.0
13113,2026-07-07T23:15:00+00:00,5.0,0.0
13114,2026-07-07T23:20:00+00:00,5.0,0.0
13115,2026-07-07T23:25:00+00:00,5.0,0.0
13116,2026-07-07T23:30:00+00:00,5.0,0.0
13117,2026-07-07T23:35:00+00:00,5.0,0.0
13118,2026-07-07T23:40:00+00:00,5.0,0.0
13119,2026-07-07T23:45:00+00:00,5.0,0.0
13120,2026-07-07T23:50:00+00:00,5.0,0.0
13121,2026-07-07T23:55:00+00:00,5.0,0.0
13122,2026-07-08T00:00:00+00:00,5.0,0.0
13123,2026-07-08T00:05:00+00:00,5.0,0.0
13124,2026-07-08T00:10:00+00:00,5.0,0.0
13125,2026-07-08T00:15:00+00:00,5.0,0.0
13126,2026-07-08T00:20:00+00:00,5.0,0.0
13127,2026-07-08T00:25:00+00:00,5.0,0.0
13128,2026-07-08T00:30:00+00:00,5.0,0.0
13129,2026-07-08T00:35:00+00:00,5.0,0.0
13130,2026-07-08T00:40:00+00:00,5.0,0.0
13131,2026-07-08T00:45:00+00:00,5.0,0.0
13132,2026-07-08T00:50:00+00:00,5.0,0.0
13133,2026-07-08T00:55:00+00:00,5.0,0.0
13134,2026-07-08T01:00:00+00:00,5.0,0.0
13135,2026-07-08T01:05:00+00:00,5.0,0.0
13136,2026-07-08T01:10:00+00:00,5.0,0.0
13137,2026-07-08T01:15:00+00:00,5.0,0.0
13138,2026-07-08T01:20:00+00:00,5.0,0.0
13139,2026-07-08T01:25:00+00:00,5.0,0.0
13140,2026-07-08T01:30:00+00:00,5.0,0.0
13141,2026-07-08T01:35:00+00:00,5.0,0.0
13142,2026-07-08T01:40:00+00:00,5.0,0.0
13143,2026-07-08T01:45:00+00:00,5.0,0.0
13144,2026-07-08T01:50:00+00:00,5.0,0.0
13145,2026-07-08T01:55:00+00:00,5.0,0.0
13146,2026-07-08T02:00:00+00:00,5.0,0.0
13147,2026-07-08T02:05:00+00:00,5.0,0.0
13148,2026-07-08T02:10:00+00:00,5.0,0.0
13149,2026-07-08T02:15:00+00:00,5.0,0.0
13150,2026-07-08T02:20:00+00:00,5.0,0.0
13151,2026-07-08T02:25:00+00:00,5.0,0.0
13152,2026-07-08T02:30:00+00:00,5.0,0.0
13153,2026-07-08T02:35:00+00:00,5.0,0.0
13154,2026-07-08T02:40:00+00:00,5.0,0.0
13155,2026-07-08T02:45:00+00:00,5.0,0.0
13156,2026-07-08T02:50:00+00:00,5.0,0.0
13157,2026-07-08T02:55:00+00:00,5.0,0.0
13158,2026-07-08T03:00:00+00:00,5.0,0.0
13159,2026-07-08T03:05:00+00:00,5.0,0.0
13160,2026-07-08T03:10:00+00:00,5.0,0.0
13161,2026-07-08T03:15:00+00:00,5.0,0.0
13162,2026-07-08T03:20:00+00:00,5.0,0.0
13163,2026-07-08T03:25:00+00:00,5.0,0.0
13164,2026-07-08T03:30:00+00:00,5.0,0.0
13165,2026-07-08T03:35:00+00:00,5.0,0.0
13166,2026-07-08T03:40:00+00:00,5.0,0.0
13167,2026-07-08T03:45:00+00:00,5.0,0.0
13168,2026-07-08T03:50:00+00:00,5.0,0.0
13169,2026-07-08T03:55:00+00:00,5.0,0.0
13170,2026-07-08T04:00:00+00:00,5.0,0.0
13171,2026-07-08T04:05:00+00:00,5.0,0.0
13172,2026-07-08T04:10:00+00:00,5.0,0.0
13173,2026-07-08T04:15:00+00:00,5.0,0.0
13174,2026-07-08T04:20:00+00:00,5.0,0.0
13175,2026-07-08T04:25:00+00:00,5.0,0.0
13176,2026-07-08T04:30:00+00:00,5.0,0.0
13177,2026-07-08T04:35:00+00:00,5.0,0.0
13178,2026-07-08T04:40:00+00:00,5.0,0.0
13179,2026-07-08T04:45:00+00:00,5.0,0.0
13180,2026-07-08T04:50:00+00:00,5.0,0.0
13181,2026-07-08T04:55:00+00:00,5.0,0.0
13182,2026-07-08T05:00:00+00:00,5.0,0.0
13183,2026-07-08T05:05:00+00:00,5.0,0.0
13184,2026-07-08T05:10:00+00:00,5.0,0.0
13185,2026-07-08T05:15:00+00:00,5.0,0.0
13186,2026-07-08T05:20:00+00:00,5.0,0.0
13187,2026-07-08T05:25:00+00:00,5.0,0.0
13188,2026-07-08T05:30:00+00:00,5.0,0.0
13189,2026-07-08T05:35:00+00:00,5.0,0.0
13190,2026-07-08T05:40:00+00:00,5.0,0.0
13191,2026-07-08T05:45:00+00:00,5.0,0.0
13192,2026-07-08T05:50:00+00:00,5.0,0.0
13193,2026-07-08T05:55:00+00:00,5.0,0.0
13194,2026-07-08T06:00:00+00:00,5.0,0.0
13195,2026-07-08T06:05:00+00:00,5.0,0.0
13196,2026-07-08T06:10:00+00:00,5.0,0.0
13197,2026-07-08T06:15:00+00:00,5.0,0.0
13198,2026-07-08T06:20:00+00:00,5.0,0.0
13199,2026-07-08T06:25:00+00:00,5.0,0.0
13200,2026-07-08T06:30:00+00:00,5.0,0.0
13201,2026-07-08T06:35:00+00:00,5.0,0.0
13202,2026-07-08T06:40:00+00:00,5.0,0.0
13203,2026-07-08T06:45:00+00:00,5.0,0.0
13204,2026-07-08T06:50:00+00:00,5.0,0.0
13205,2026-07-08T06:55:00+00:00,5.0,0.0
13206,2026-07-08T07:00:00+00:00,5.0,0.0
13207,2026-07-08T07:05:00+00:00,5.0,0.0
13208,2026-07-08T07:10:00+00:00,5.0,0.0
13209,2026-07-08T07:15:00+00:00,5.0,0.0
13210,2026-07-08T07:20:00+00:00,5.0,0.0
13211,2026-07-08T07:25:00+00:00,5.0,0.0
13212,2026-07-08T07:30:00+00:00,5.0,0.0
13213,2026-07-08T07:35:00+00:00,5.0,0.0
13214,2026-07-08T07:40:00+00:00,5.0,0.0
13215,2026-07-08T07:45:00+00:00,5.0,0.0
13216,2026-07-08T07:50:00+00:00,5.0,0.0
13217,2026-07-08T07:55:00+00:00,5.0,0.0
13218,2026-07-08T08:00:00+00:00,5.0,0.0
13219,2026-07-08T08:05:00+00:00,5.0,0.0
13220,2026-07-08T08:10:00+00:00,5.0,0.0
13221,2026-07-08T08:15:00+00:00,5.0,0.0
13222,2026-07-08T08:20:00+00:00,5.0,0.0
13223,2026-07-08T08:25:00+00:00,5.0,0.0
13224,2026-07-08T08:30:00+00:00,5.0,0.0
13225,2026-07-08T08:35:00+00:00,5.0,0.0
13226,2026-07-08T08:40:00+00:00,5.0,0.0
13227,2026-07-08T08:45:00+00:00,5.0,0.0
13228,2026-07-08T08:50:00+00:00,5.0,0.0
13229,2026-07-08T08:55:00+00:00,5.0,0.0
13230,2026-07-08T09:00:00+00:00,5.0,0.0
13231,2026-07-08T09:05:00+00:00,5.0,0.0
13232,2026-07-08T09:10:00+00:00,5.0,0.0
13233,2026-07-08T09:15:00+00:00,5.0,0.0
13234,2026-07-08T09:20:00+00:00,5.0,0.0
13235,2026-07-08T09:25:00+00:00,5.0,0.0
13236,2026-07-08T09:30:00+00:00,5.0,0.0
13237,2026-07-08T09:35:00+00:00,5.0,0.0
13238,2026-07-08T09:40:00+00:00,5.0,0.0
13239,2026-07-08T09:45:00+00:00,5.0,0.0
13240,2026-07-08T09:50:00+00:00,5.0,0.0
13241,2026-07-08T09:55:00+00:00,5.0,0.0
13242,2026-07-08T10:00:00+00:00,5.0,0.0
13243,2026-07-08T10:05:00+00:00,5.0,0.0
13244,2026-07-08T10:10:00+00:00,5.0,0.0
13245,2026-07-08T10:15:00+00:00,5.0,0.0
13246,2026-07-08T10:20:00+00:00,5.0,0.0
13247,2026-07-08T10:25:00+00:00,5.0,0.0
13248,2026-07-08T10:30:00+00:00,5.0,0.0
13249,2026-07-08T10:35:00+00:00,5.0,0.0
13250,2026-07-08T10:40:00+00:00,5.0,0.0
13251,2026-07-08T10:45:00+00:00,5.0,0.0
13252,2026-07-08T10:50:00+00:00,5.0,0.0
13253,2026-07-08T10:55:00+00:00,5.0,0.0
13254,2026-07-08T11:00:00+00:00,5.0,0.0
13255,2026-07-08T11:05:00+00:00,5.0,0.0
13256,2026-07-08T11:10:00+00:00,5.0,0.0
13257,2026-07-08T11:15:00+00:00,5.0,0.0
13258,2026-07-08T11:20:00+00:00,5.0,0.0
13259,2026-07-08T11:25:00+00:00,5.0,0.0
13260,2026-07-08T11:30:00+00:00,5.0,0.0
13261,2026-07-08T11:35:00+00:00,5.0,0.0
13262,2026-07-08T11:40:00+00:00,5.0,0.0
13263,2026-07-08T11:45:00+00:00,5.0,0.0
13264,2026-07-08T11:50:00+00:00,5.0,0.0
13265,2026-07-08T11:55:00+00:00,5.0,0.0
13266,2026-07-08T12:00:00+00:00,5.0,0.0
13267,2026-07-08T12:05:00+00:00,5.0,0.0
13268,2026-07-08T12:10:00+00:00,5.0,0.0
13269,2026-07-08T12:15:00+00:00,5.0,0.0
13270,2026-07-08T12:20:00+00:00,5.0,0.0
13271,2026-07-08T12:25:00+00:00,5.0,0.0
13272,2026-07-08T12:30:00+00:00,5.0,0.0
13273,2026-07-08T12:35:00+00:00,5.0,0.0
13274,2026-07-08T12:40:00+00:00,5.0,0.0
13275,2026-07-08T12:45:00+00:00,5.0,0.0
13276,2026-07-08T12:50:00+00:00,5.0,0.0
13277,2026-07-08T12:55:00+00:00,5.0,0.0
13278,2026-07-08T13:00:00+00:00,5.0,0.0
13279,2026-07-08T13:05:00+00:00,5.0,0.0
13280,2026-07-08T13:10:00+00:00,5.0,0.0
13281,2026-07-08T13:15:00+00:00,5.0,0.0
13282,2026-07-08T13:20:00+00:00,5.0,0.0
13283,2026-07-08T13:25:00+00:00,5.0,0.0
13284,2026-07-08T13:30:00+00:00,5.0,0.0
13285,2026-07-08T13:35:00+00:00,5.0,0.0
13286,2026-07-08T13:40:00+00:00,5.0,0.0
13287,2026-07-08T13:45:00+00:00,5.0,0.0
13288,2026-07-08T13:50:00+00:00,5.0,0.0
13289,2026-07-08T13:55:00+00:00,5.0,0.0
13290,2026-07-08T14:00:00+00:00,5.0,0.0
13291,2026-07-08T14:05:00+00:00,5.0,0.0
13292,2026-07-08T14:10:00+00:00,5.0,0.0
13293,2026-07-08T14:15:00+00:00,5.0,0.0
13294,2026-07-08T14:20:00+00:00,5.0,0.0
13295,2026-07-08T14:25:00+00:00,5.0,0.0
13296,2026-07-08T14:30:00+00:00,5.0,0.0
13297,2026-07-08T14:35:00+00:00,5.0,0.0
13298,2026-07-08T14:40:00+00:00,5.0,0.0
13299,2026-07-08T14:45:00+00:00,5.0,0.0
13300,2026-07-08T14:50:00+00:00,5.0,0.0
13301,2026-07-08T14:55:00+00:00,5.0,0.0
13302,2026-07-08T15:00:00+00:00,5.0,0.0
13303,2026-07-08T15:05:00+00:00,5.0,0.0
13304,2026-07-08T15:10:00+00:00,5.0,0.0
13305,2026-07-08T15:15:00+00:00,5.0,0.0
13306,2026-07-08T15:20:00+00:00,5.0,0.0
13307,2026-07-08T15:25:00+00:00,5.0,0.0
13308,2026-07-08T15:30:00+00:00,5.0,0.0
13309,2026-07-08T15:35:00+00:00,5.0,0.0
13310,2026-07-08T15:40:00+00:00,5.0,0.0
13311,2026-07-08T15:45:00+00:00,5.0,0.0
13312,2026-07-08T15:50:00+00:00,5.0,0.0
13313,2026-07-08T15:55:00+00:00,5.0,0.0
13314,2026-07-08T16:00:00+00:00,5.0,0.0
13315,2026-07-08T16:05:00+00:00,5.0,0.0
13316,2026-07-08T16:10:00+00:00,5.0,0.0
13317,2026-07-08T16:15:00+00:00,5.0,0.0
13318,2026-07-08T16:20:00+00:00,5.0,0.0
13319,2026-07-08T16:25:00+00:00,5.0,0.0
13320,2026-07-08T16:30:00+00:00,5.0,0.0
13321,2026-07-08T16:35:00+00:00,5.0,0.0
13322,2026-07-08T16:40:00+00:00,5.0,0.0
13323,2026-07-08T16:45:00+00:00,5.0,0.0
13324,2026-07-08T16:50:00+00:00,5.0,0.0
13325,2026-07-08T16:55:00+00:00,5.0,0.0
13326,2026-07-08T17:00:00+00:00,5.0,0.0
13327,2026-07-08T17:05:00+00:00,5.0,0.0
13328,2026-07-08T17:10:00+00:00,5.0,0.0
13329,2026-07-08T17:15:00+00:00,5.0,0.0
13330,2026-07-08T17:20:00+00:00,5.0,0.0
13331,2026-07-08T17:25:00+00:00,5.0,0.0
13332,2026-07-08T17:30:00+00:00,5.0,0.0
13333,2026-07-08T17:35:00+00:00,5.0,0.0
13334,2026-07-08T17:40:00+00:00,5.0,0.0
13335,2026-07-08T17:45:00+00:00,5.0,0.0
13336,2026-07-08T17:50:00+00:00,5.0,0.0
13337,2026-07-08T17:55:00+00:00,5.0,0.0
13338,2026-07-08T18:00:00+00:00,5.0,0.0
13339,2026-07-08T18:05:00+00:00,5.0,0.0
13340,2026-07-08T18:10:00+00:00,5.0,0.0
13341,2026-07-08T18:15:00+00:00,5.0,0.0
13342,2026-07-08T18:20:00+00:00,5.0,0.0
13343,2026-07-08T18:25:00+00:00,5.0,0.0
13344,2026-07-08T18:30:00+00:00,5.0,0.0
13345,2026-07-08T18:35:00+00:00,5.0,0.0
13346,2026-07-08T18:40:00+00:00,5.0,0.0
13347,2026-07-08T18:45:00+00:00,5.0,0.0
13348,2026-07-08T18:50:00+00:00,5.0,0.0
13349,2026-07-08T18:55:00+00:00,5.0,0.0
13350,2026-07-08T19:00:00+00:00,5.0,0.0
13351,2026-07-08T19:05:00+00:00,5.0,0.0
13352,2026-07-08T19:10:00+00:00,5.0,0.0
13353,2026-07-08T19:15:00+00:00,5.0,0.0
13354,2026-07-08T19:20:00+00:00,5.0,0.0
13355,2026-07-08T19:25:00+00:00,5.0,0.0
13356,2026-07-08T19:30:00+00:00,5.0,0.0
13357,2026-07-08T19:35:00+00:00,5.0,0.0
13358,2026-07-08T19:40:00+00:00,5.0,0.0
13359,2026-07-08T19:45:00+00:00,5.0,0.0
13360,2026-07-08T19:50:00+00:00,5.0,0.0
13361,2026-07-08T19:55:00+00:00,5.0,0.0
13362,2026-07-08T20:00:00+00:00,5.0,0.0
13363,2026-07-08T20:05:00+00:00,5.0,0.0
13364,2026-07-08T20:10:00+00:00,5.0,0.0
13365,2026-07-08T20:15:00+00:00,5.0,0.0
13366,2026-07-08T20:20:00+00:00,5.0,0.0
13367,2026-07-08T20:25:00+00:00,5.0,0.0
13368,2026-07-08T20:30:00+00:00,5.0,0.0
13369,2026-07-08T20:35:00+00:00,5.0,0.0
13370,2026-07-08T20:40:00+00:00,5.0,0.0
13371,2026-07-08T20:45:00+00:00,5.0,0.0
13372,2026-07-08T20:50:00+00:00,5.0,0.0
13373,2026-07-08T20:55:00+00:00,5.0,0.0
13374,2026-07-08T22:00:00+00:00,5.0,0.0
13375,2026-07-08T22:05:00+00:00,5.0,0.0
13376,2026-07-08T22:10:00+00:00,5.0,0.0
13377,2026-07-08T22:15:00+00:00,5.0,0.0
13378,2026-07-08T22:20:00+00:00,5.0,0.0
13379,2026-07-08T22:25:00+00:00,5.0,0.0
13380,2026-07-08T22:30:00+00:00,5.0,0.0
13381,2026-07-08T22:35:00+00:00,5.0,0.0
13382,2026-07-08T22:40:00+00:00,5.0,0.0
13383,2026-07-08T22:45:00+00:00,5.0,0.0
13384,2026-07-08T22:50:00+00:00,5.0,0.0
13385,2026-07-08T22:55:00+00:00,5.0,0.0
13386,2026-07-08T23:00:00+00:00,5.0,0.0
13387,2026-07-08T23:05:00+00:00,5.0,0.0
13388,2026-07-08T23:10:00+00:00,5.0,0.0
13389,2026-07-08T23:15:00+00:00,5.0,0.0
13390,2026-07-08T23:20:00+00:00,5.0,0.0
13391,2026-07-08T23:25:00+00:00,5.0,0.0
13392,2026-07-08T23:30:00+00:00,5.0,0.0
13393,2026-07-08T23:35:00+00:00,5.0,0.0
13394,2026-07-08T23:40:00+00:00,5.0,0.0
13395,2026-07-08T23:45:00+00:00,5.0,0.0
13396,2026-07-08T23:50:00+00:00,5.0,0.0
13397,2026-07-08T23:55:00+00:00,5.0,0.0
13398,2026-07-09T00:00:00+00:00,5.0,0.0
13399,2026-07-09T00:05:00+00:00,5.0,0.0
13400,2026-07-09T00:10:00+00:00,5.0,0.0
13401,2026-07-09T00:15:00+00:00,5.0,0.0
13402,2026-07-09T00:20:00+00:00,5.0,0.0
13403,2026-07-09T00:25:00+00:00,5.0,0.0
13404,2026-07-09T00:30:00+00:00,5.0,0.0
13405,2026-07-09T00:35:00+00:00,5.0,0.0
13406,2026-07-09T00:40:00+00:00,5.0,0.0
13407,2026-07-09T00:45:00+00:00,5.0,0.0
13408,2026-07-09T00:50:00+00:00,5.0,0.0
13409,2026-07-09T00:55:00+00:00,5.0,0.0
13410,2026-07-09T01:00:00+00:00,5.0,0.0
13411,2026-07-09T01:05:00+00:00,5.0,0.0
13412,2026-07-09T01:10:00+00:00,5.0,0.0
13413,2026-07-09T01:15:00+00:00,5.0,0.0
13414,2026-07-09T01:20:00+00:00,5.0,0.0
13415,2026-07-09T01:25:00+00:00,5.0,0.0
13416,2026-07-09T01:30:00+00:00,5.0,0.0
13417,2026-07-09T01:35:00+00:00,5.0,0.0
13418,2026-07-09T01:40:00+00:00,5.0,0.0
13419,2026-07-09T01:45:00+00:00,5.0,0.0
13420,2026-07-09T01:50:00+00:00,5.0,0.0
13421,2026-07-09T01:55:00+00:00,5.0,0.0
13422,2026-07-09T02:00:00+00:00,5.0,0.0
13423,2026-07-09T02:05:00+00:00,5.0,0.0
13424,2026-07-09T02:10:00+00:00,5.0,0.0
13425,2026-07-09T02:15:00+00:00,5.0,0.0
13426,2026-07-09T02:20:00+00:00,5.0,0.0
13427,2026-07-09T02:25:00+00:00,5.0,0.0
13428,2026-07-09T02:30:00+00:00,5.0,0.0
13429,2026-07-09T02:35:00+00:00,5.0,0.0
13430,2026-07-09T02:40:00+00:00,5.0,0.0
13431,2026-07-09T02:45:00+00:00,5.0,0.0
13432,2026-07-09T02:50:00+00:00,5.0,0.0
13433,2026-07-09T02:55:00+00:00,5.0,0.0
13434,2026-07-09T03:00:00+00:00,5.0,0.0
13435,2026-07-09T03:05:00+00:00,5.0,0.0
13436,2026-07-09T03:10:00+00:00,5.0,0.0
13437,2026-07-09T03:15:00+00:00,5.0,0.0
13438,2026-07-09T03:20:00+00:00,5.0,0.0
13439,2026-07-09T03:25:00+00:00,5.0,0.0
13440,2026-07-09T03:30:00+00:00,5.0,0.0
13441,2026-07-09T03:35:00+00:00,5.0,0.0
13442,2026-07-09T03:40:00+00:00,5.0,0.0
13443,2026-07-09T03:45:00+00:00,5.0,0.0
13444,2026-07-09T03:50:00+00:00,5.0,0.0
13445,2026-07-09T03:55:00+00:00,5.0,0.0
13446,2026-07-09T04:00:00+00:00,5.0,0.0
13447,2026-07-09T04:05:00+00:00,5.0,0.0
13448,2026-07-09T04:10:00+00:00,5.0,0.0
13449,2026-07-09T04:15:00+00:00,5.0,0.0
13450,2026-07-09T04:20:00+00:00,5.0,0.0
13451,2026-07-09T04:25:00+00:00,5.0,0.0
13452,2026-07-09T04:30:00+00:00,5.0,0.0
13453,2026-07-09T04:35:00+00:00,5.0,0.0
13454,2026-07-09T04:40:00+00:00,5.0,0.0
13455,2026-07-09T04:45:00+00:00,5.0,0.0
13456,2026-07-09T04:50:00+00:00,5.0,0.0
13457,2026-07-09T04:55:00+00:00,5.0,0.0
13458,2026-07-09T05:00:00+00:00,5.0,0.0
13459,2026-07-09T05:05:00+00:00,5.0,0.0
13460,2026-07-09T05:10:00+00:00,5.0,0.0
13461,2026-07-09T05:15:00+00:00,5.0,0.0
13462,2026-07-09T05:20:00+00:00,5.0,0.0
13463,2026-07-09T05:25:00+00:00,5.0,0.0
13464,2026-07-09T05:30:00+00:00,5.0,0.0
13465,2026-07-09T05:35:00+00:00,5.0,0.0
13466,2026-07-09T05:40:00+00:00,5.0,0.0
13467,2026-07-09T05:45:00+00:00,5.0,0.0
13468,2026-07-09T05:50:00+00:00,5.0,0.0
13469,2026-07-09T05:55:00+00:00,5.0,0.0
13470,2026-07-09T06:00:00+00:00,5.0,0.0
13471,2026-07-09T06:05:00+00:00,5.0,0.0
13472,2026-07-09T06:10:00+00:00,5.0,0.0
13473,2026-07-09T06:15:00+00:00,5.0,0.0
13474,2026-07-09T06:20:00+00:00,5.0,0.0
13475,2026-07-09T06:25:00+00:00,5.0,0.0
13476,2026-07-09T06:30:00+00:00,5.0,0.0
13477,2026-07-09T06:35:00+00:00,5.0,0.0
13478,2026-07-09T06:40:00+00:00,5.0,0.0
13479,2026-07-09T06:45:00+00:00,5.0,0.0
13480,2026-07-09T06:50:00+00:00,5.0,0.0
13481,2026-07-09T06:55:00+00:00,5.0,0.0
13482,2026-07-09T07:00:00+00:00,5.0,0.0
13483,2026-07-09T07:05:00+00:00,5.0,0.0
13484,2026-07-09T07:10:00+00:00,5.0,0.0
13485,2026-07-09T07:15:00+00:00,5.0,0.0
13486,2026-07-09T07:20:00+00:00,5.0,0.0
13487,2026-07-09T07:25:00+00:00,5.0,0.0
13488,2026-07-09T07:30:00+00:00,5.0,0.0
13489,2026-07-09T07:35:00+00:00,5.0,0.0
13490,2026-07-09T07:40:00+00:00,5.0,0.0
13491,2026-07-09T07:45:00+00:00,5.0,0.0
13492,2026-07-09T07:50:00+00:00,5.0,0.0
13493,2026-07-09T07:55:00+00:00,5.0,0.0
13494,2026-07-09T08:00:00+00:00,5.0,0.0
13495,2026-07-09T08:05:00+00:00,5.0,0.0
13496,2026-07-09T08:10:00+00:00,5.0,0.0
13497,2026-07-09T08:15:00+00:00,5.0,0.0
13498,2026-07-09T08:20:00+00:00,5.0,0.0
13499,2026-07-09T08:25:00+00:00,5.0,0.0
13500,2026-07-09T08:30:00+00:00,5.0,0.0
13501,2026-07-09T08:35:00+00:00,5.0,0.0
13502,2026-07-09T08:40:00+00:00,5.0,0.0
13503,2026-07-09T08:45:00+00:00,5.0,0.0
13504,2026-07-09T08:50:00+00:00,5.0,0.0
13505,2026-07-09T08:55:00+00:00,5.0,0.0
13506,2026-07-09T09:00:00+00:00,5.0,0.0
13507,2026-07-09T09:05:00+00:00,5.0,0.0
13508,2026-07-09T09:10:00+00:00,5.0,0.0
13509,2026-07-09T09:15:00+00:00,5.0,0.0
13510,2026-07-09T09:20:00+00:00,5.0,0.0
13511,2026-07-09T09:25:00+00:00,5.0,0.0
13512,2026-07-09T09:30:00+00:00,5.0,0.0
13513,2026-07-09T09:35:00+00:00,5.0,0.0
13514,2026-07-09T09:40:00+00:00,5.0,0.0
13515,2026-07-09T09:45:00+00:00,5.0,0.0
13516,2026-07-09T09:50:00+00:00,5.0,0.0
13517,2026-07-09T09:55:00+00:00,5.0,0.0
13518,2026-07-09T10:00:00+00:00,5.0,0.0
13519,2026-07-09T10:05:00+00:00,5.0,0.0
13520,2026-07-09T10:10:00+00:00,5.0,0.0
13521,2026-07-09T10:15:00+00:00,5.0,0.0
13522,2026-07-09T10:20:00+00:00,5.0,0.0
13523,2026-07-09T10:25:00+00:00,5.0,0.0
13524,2026-07-09T10:30:00+00:00,5.0,0.0
13525,2026-07-09T10:35:00+00:00,5.0,0.0
13526,2026-07-09T10:40:00+00:00,5.0,0.0
13527,2026-07-09T10:45:00+00:00,5.0,0.0
13528,2026-07-09T10:50:00+00:00,5.0,0.0
13529,2026-07-09T10:55:00+00:00,5.0,0.0
13530,2026-07-09T11:00:00+00:00,5.0,0.0
13531,2026-07-09T11:05:00+00:00,5.0,0.0
13532,2026-07-09T11:10:00+00:00,5.0,0.0
13533,2026-07-09T11:15:00+00:00,5.0,0.0
13534,2026-07-09T11:20:00+00:00,5.0,0.0
13535,2026-07-09T11:25:00+00:00,5.0,0.0
13536,2026-07-09T11:30:00+00:00,5.0,0.0
13537,2026-07-09T11:35:00+00:00,5.0,0.0
13538,2026-07-09T11:40:00+00:00,5.0,0.0
13539,2026-07-09T11:45:00+00:00,5.0,0.0
13540,2026-07-09T11:50:00+00:00,5.0,0.0
13541,2026-07-09T11:55:00+00:00,5.0,0.0
13542,2026-07-09T12:00:00+00:00,5.0,0.0
13543,2026-07-09T12:05:00+00:00,5.0,0.0
13544,2026-07-09T12:10:00+00:00,5.0,0.0
13545,2026-07-09T12:15:00+00:00,5.0,0.0
13546,2026-07-09T12:20:00+00:00,5.0,0.0
13547,2026-07-09T12:25:00+00:00,5.0,0.0
13548,2026-07-09T12:30:00+00:00,5.0,0.0
13549,2026-07-09T12:35:00+00:00,5.0,0.0
13550,2026-07-09T12:40:00+00:00,5.0,0.0
13551,2026-07-09T12:45:00+00:00,5.0,0.0
13552,2026-07-09T12:50:00+00:00,5.0,0.0
13553,2026-07-09T12:55:00+00:00,5.0,0.0
13554,2026-07-09T13:00:00+00:00,5.0,0.0
13555,2026-07-09T13:05:00+00:00,5.0,0.0
13556,2026-07-09T13:10:00+00:00,5.0,0.0
13557,2026-07-09T13:15:00+00:00,5.0,0.0
13558,2026-07-09T13:20:00+00:00,5.0,0.0
13559,2026-07-09T13:25:00+00:00,5.0,0.0
13560,2026-07-09T13:30:00+00:00,5.0,0.0
13561,2026-07-09T13:35:00+00:00,5.0,0.0
13562,2026-07-09T13:40:00+00:00,5.0,0.0
13563,2026-07-09T13:45:00+00:00,5.0,0.0
13564,2026-07-09T13:50:00+00:00,5.0,0.0
13565,2026-07-09T13:55:00+00:00,5.0,0.0
13566,2026-07-09T14:00:00+00:00,5.0,0.0
13567,2026-07-09T14:05:00+00:00,5.0,0.0
13568,2026-07-09T14:10:00+00:00,5.0,0.0
13569,2026-07-09T14:15:00+00:00,5.0,0.0
13570,2026-07-09T14:20:00+00:00,5.0,0.0
13571,2026-07-09T14:25:00+00:00,5.0,0.0
13572,2026-07-09T14:30:00+00:00,5.0,0.0
13573,2026-07-09T14:35:00+00:00,5.0,0.0
13574,2026-07-09T14:40:00+00:00,5.0,0.0
13575,2026-07-09T14:45:00+00:00,5.0,0.0
13576,2026-07-09T14:50:00+00:00,5.0,0.0
13577,2026-07-09T14:55:00+00:00,5.0,0.0
13578,2026-07-09T15:00:00+00:00,5.0,0.0
13579,2026-07-09T15:05:00+00:00,5.0,0.0
13580,2026-07-09T15:10:00+00:00,5.0,0.0
13581,2026-07-09T15:15:00+00:00,5.0,0.0
13582,2026-07-09T15:20:00+00:00,5.0,0.0
13583,2026-07-09T15:25:00+00:00,5.0,0.0
13584,2026-07-09T15:30:00+00:00,5.0,0.0
13585,2026-07-09T15:35:00+00:00,5.0,0.0
13586,2026-07-09T15:40:00+00:00,5.0,0.0
13587,2026-07-09T15:45:00+00:00,5.0,0.0
13588,2026-07-09T15:50:00+00:00,5.0,0.0
13589,2026-07-09T15:55:00+00:00,5.0,0.0
13590,2026-07-09T16:00:00+00:00,5.0,0.0
13591,2026-07-09T16:05:00+00:00,5.0,0.0
13592,2026-07-09T16:10:00+00:00,5.0,0.0
13593,2026-07-09T16:15:00+00:00,5.0,0.0
13594,2026-07-09T16:20:00+00:00,5.0,0.0
13595,2026-07-09T16:25:00+00:00,5.0,0.0
13596,2026-07-09T16:30:00+00:00,5.0,0.0
13597,2026-07-09T16:35:00+00:00,5.0,0.0
13598,2026-07-09T16:40:00+00:00,5.0,0.0
13599,2026-07-09T16:45:00+00:00,5.0,0.0
13600,2026-07-09T16:50:00+00:00,5.0,0.0
13601,2026-07-09T16:55:00+00:00,5.0,0.0
13602,2026-07-09T17:00:00+00:00,5.0,0.0
13603,2026-07-09T17:05:00+00:00,5.0,0.0
13604,2026-07-09T17:10:00+00:00,5.0,0.0
13605,2026-07-09T17:15:00+00:00,5.0,0.0
13606,2026-07-09T17:20:00+00:00,5.0,0.0
13607,2026-07-09T17:25:00+00:00,5.0,0.0
13608,2026-07-09T17:30:00+00:00,5.0,0.0
13609,2026-07-09T17:35:00+00:00,5.0,0.0
13610,2026-07-09T17:40:00+00:00,5.0,0.0
13611,2026-07-09T17:45:00+00:00,5.0,0.0
13612,2026-07-09T17:50:00+00:00,5.0,0.0
13613,2026-07-09T17:55:00+00:00,5.0,0.0
13614,2026-07-09T18:00:00+00:00,5.0,0.0
13615,2026-07-09T18:05:00+00:00,5.0,0.0
13616,2026-07-09T18:10:00+00:00,5.0,0.0
13617,2026-07-09T18:15:00+00:00,5.0,0.0
13618,2026-07-09T18:20:00+00:00,5.0,0.0
13619,2026-07-09T18:25:00+00:00,5.0,0.0
13620,2026-07-09T18:30:00+00:00,5.0,0.0
13621,2026-07-09T18:35:00+00:00,5.0,0.0
13622,2026-07-09T18:40:00+00:00,5.0,0.0
13623,2026-07-09T18:45:00+00:00,5.0,0.0
13624,2026-07-09T18:50:00+00:00,5.0,0.0
13625,2026-07-09T18:55:00+00:00,5.0,0.0
13626,2026-07-09T19:00:00+00:00,5.0,0.0
13627,2026-07-09T19:05:00+00:00,5.0,0.0
13628,2026-07-09T19:10:00+00:00,5.0,0.0
13629,2026-07-09T19:15:00+00:00,5.0,0.0
13630,2026-07-09T19:20:00+00:00,5.0,0.0
13631,2026-07-09T19:25:00+00:00,5.0,0.0
13632,2026-07-09T19:30:00+00:00,5.0,0.0
13633,2026-07-09T19:35:00+00:00,5.0,0.0
13634,2026-07-09T19:40:00+00:00,5.0,0.0
13635,2026-07-09T19:45:00+00:00,5.0,0.0
13636,2026-07-09T19:50:00+00:00,5.0,0.0
13637,2026-07-09T19:55:00+00:00,5.0,0.0
13638,2026-07-09T20:00:00+00:00,5.0,0.0
13639,2026-07-09T20:05:00+00:00,5.0,0.0
13640,2026-07-09T20:10:00+00:00,5.0,0.0
13641,2026-07-09T20:15:00+00:00,5.0,0.0
13642,2026-07-09T20:20:00+00:00,5.0,0.0
13643,2026-07-09T20:25:00+00:00,5.0,0.0
13644,2026-07-09T20:30:00+00:00,5.0,0.0
13645,2026-07-09T20:35:00+00:00,5.0,0.0
13646,2026-07-09T20:40:00+00:00,5.0,0.0
13647,2026-07-09T20:45:00+00:00,5.0,0.0
13648,2026-07-09T20:50:00+00:00,5.0,0.0
13649,2026-07-09T20:55:00+00:00,5.0,0.0
13650,2026-07-09T22:00:00+00:00,5.0,0.0
13651,2026-07-09T22:05:00+00:00,5.0,0.0
13652,2026-07-09T22:10:00+00:00,5.0,0.0
13653,2026-07-09T22:15:00+00:00,5.0,0.0
13654,2026-07-09T22:20:00+00:00,5.0,0.0
13655,2026-07-09T22:25:00+00:00,5.0,0.0
13656,2026-07-09T22:30:00+00:00,5.0,0.0
13657,2026-07-09T22:35:00+00:00,5.0,0.0
13658,2026-07-09T22:40:00+00:00,5.0,0.0
13659,2026-07-09T22:45:00+00:00,5.0,0.0
13660,2026-07-09T22:50:00+00:00,5.0,0.0
13661,2026-07-09T22:55:00+00:00,5.0,0.0
13662,2026-07-09T23:00:00+00:00,5.0,0.0
13663,2026-07-09T23:05:00+00:00,5.0,0.0
13664,2026-07-09T23:10:00+00:00,5.0,0.0
13665,2026-07-09T23:15:00+00:00,5.0,0.0
13666,2026-07-09T23:20:00+00:00,5.0,0.0
13667,2026-07-09T23:25:00+00:00,5.0,0.0
13668,2026-07-09T23:30:00+00:00,5.0,0.0
13669,2026-07-09T23:35:00+00:00,5.0,0.0
13670,2026-07-09T23:40:00+00:00,5.0,0.0
13671,2026-07-09T23:45:00+00:00,5.0,0.0
13672,2026-07-09T23:50:00+00:00,5.0,0.0
13673,2026-07-09T23:55:00+00:00,5.0,0.0
13674,2026-07-10T00:00:00+00:00,5.0,0.0
13675,2026-07-10T00:05:00+00:00,5.0,0.0
13676,2026-07-10T00:10:00+00:00,5.0,0.0
13677,2026-07-10T00:15:00+00:00,5.0,0.0
13678,2026-07-10T00:20:00+00:00,5.0,0.0
13679,2026-07-10T00:25:00+00:00,5.0,0.0
13680,2026-07-10T00:30:00+00:00,5.0,0.0
13681,2026-07-10T00:35:00+00:00,5.0,0.0
13682,2026-07-10T00:40:00+00:00,5.0,0.0
13683,2026-07-10T00:45:00+00:00,5.0,0.0
13684,2026-07-10T00:50:00+00:00,5.0,0.0
13685,2026-07-10T00:55:00+00:00,5.0,0.0
13686,2026-07-10T01:00:00+00:00,5.0,0.0
13687,2026-07-10T01:05:00+00:00,5.0,0.0
13688,2026-07-10T01:10:00+00:00,5.0,0.0
13689,2026-07-10T01:15:00+00:00,5.0,0.0
13690,2026-07-10T01:20:00+00:00,5.0,0.0
13691,2026-07-10T01:25:00+00:00,5.0,0.0
13692,2026-07-10T01:30:00+00:00,5.0,0.0
13693,2026-07-10T01:35:00+00:00,5.0,0.0
13694,2026-07-10T01:40:00+00:00,5.0,0.0
13695,2026-07-10T01:45:00+00:00,5.0,0.0
13696,2026-07-10T01:50:00+00:00,5.0,0.0
13697,2026-07-10T01:55:00+00:00,5.0,0.0
13698,2026-07-10T02:00:00+00:00,5.0,0.0
13699,2026-07-10T02:05:00+00:00,5.0,0.0
13700,2026-07-10T02:10:00+00:00,5.0,0.0
13701,2026-07-10T02:15:00+00:00,5.0,0.0
13702,2026-07-10T02:20:00+00:00,5.0,0.0
13703,2026-07-10T02:25:00+00:00,5.0,0.0
13704,2026-07-10T02:30:00+00:00,5.0,0.0
13705,2026-07-10T02:35:00+00:00,5.0,0.0
13706,2026-07-10T02:40:00+00:00,5.0,0.0
13707,2026-07-10T02:45:00+00:00,5.0,0.0
13708,2026-07-10T02:50:00+00:00,5.0,0.0
13709,2026-07-10T02:55:00+00:00,5.0,0.0
13710,2026-07-10T03:00:00+00:00,5.0,0.0
13711,2026-07-10T03:05:00+00:00,5.0,0.0
13712,2026-07-10T03:10:00+00:00,5.0,0.0
13713,2026-07-10T03:15:00+00:00,5.0,0.0
13714,2026-07-10T03:20:00+00:00,5.0,0.0
13715,2026-07-10T03:25:00+00:00,5.0,0.0
13716,2026-07-10T03:30:00+00:00,5.0,0.0
13717,2026-07-10T03:35:00+00:00,5.0,0.0
13718,2026-07-10T03:40:00+00:00,5.0,0.0
13719,2026-07-10T03:45:00+00:00,5.0,0.0
13720,2026-07-10T03:50:00+00:00,5.0,0.0
13721,2026-07-10T03:55:00+00:00,5.0,0.0
13722,2026-07-10T04:00:00+00:00,5.0,0.0
13723,2026-07-10T04:05:00+00:00,5.0,0.0
13724,2026-07-10T04:10:00+00:00,5.0,0.0
13725,2026-07-10T04:15:00+00:00,5.0,0.0
13726,2026-07-10T04:20:00+00:00,5.0,0.0
13727,2026-07-10T04:25:00+00:00,5.0,0.0
13728,2026-07-10T04:30:00+00:00,5.0,0.0
13729,2026-07-10T04:35:00+00:00,5.0,0.0
13730,2026-07-10T04:40:00+00:00,5.0,0.0
13731,2026-07-10T04:45:00+00:00,5.0,0.0
13732,2026-07-10T04:50:00+00:00,5.0,0.0
13733,2026-07-10T04:55:00+00:00,5.0,0.0
13734,2026-07-10T05:00:00+00:00,5.0,0.0
13735,2026-07-10T05:05:00+00:00,5.0,0.0
13736,2026-07-10T05:10:00+00:00,5.0,0.0
13737,2026-07-10T05:15:00+00:00,5.0,0.0
13738,2026-07-10T05:20:00+00:00,5.0,0.0
13739,2026-07-10T05:25:00+00:00,5.0,0.0
13740,2026-07-10T05:30:00+00:00,5.0,0.0
13741,2026-07-10T05:35:00+00:00,5.0,0.0
13742,2026-07-10T05:40:00+00:00,5.0,0.0
13743,2026-07-10T05:45:00+00:00,5.0,0.0
13744,2026-07-10T05:50:00+00:00,5.0,0.0
13745,2026-07-10T05:55:00+00:00,5.0,0.0
13746,2026-07-10T06:00:00+00:00,5.0,0.0
13747,2026-07-10T06:05:00+00:00,5.0,0.0
13748,2026-07-10T06:10:00+00:00,5.0,0.0
13749,2026-07-10T06:15:00+00:00,5.0,0.0
13750,2026-07-10T06:20:00+00:00,5.0,0.0
13751,2026-07-10T06:25:00+00:00,5.0,0.0
13752,2026-07-10T06:30:00+00:00,5.0,0.0
13753,2026-07-10T06:35:00+00:00,5.0,0.0
13754,2026-07-10T06:40:00+00:00,5.0,0.0
13755,2026-07-10T06:45:00+00:00,5.0,0.0
13756,2026-07-10T06:50:00+00:00,5.0,0.0
13757,2026-07-10T06:55:00+00:00,5.0,0.0
13758,2026-07-10T07:00:00+00:00,5.0,0.0
13759,2026-07-10T07:05:00+00:00,5.0,0.0
13760,2026-07-10T07:10:00+00:00,5.0,0.0
13761,2026-07-10T07:15:00+00:00,5.0,0.0
13762,2026-07-10T07:20:00+00:00,5.0,0.0
13763,2026-07-10T07:25:00+00:00,5.0,0.0
13764,2026-07-10T07:30:00+00:00,5.0,0.0
13765,2026-07-10T07:35:00+00:00,5.0,0.0
13766,2026-07-10T07:40:00+00:00,5.0,0.0
13767,2026-07-10T07:45:00+00:00,5.0,0.0
13768,2026-07-10T07:50:00+00:00,5.0,0.0
13769,2026-07-10T07:55:00+00:00,5.0,0.0
13770,2026-07-10T08:00:00+00:00,5.0,0.0
13771,2026-07-10T08:05:00+00:00,5.0,0.0
13772,2026-07-10T08:10:00+00:00,5.0,0.0
13773,2026-07-10T08:15:00+00:00,5.0,0.0
13774,2026-07-10T08:20:00+00:00,5.0,0.0
13775,2026-07-10T08:25:00+00:00,5.0,0.0
13776,2026-07-10T08:30:00+00:00,5.0,0.0
13777,2026-07-10T08:35:00+00:00,5.0,0.0
13778,2026-07-10T08:40:00+00:00,5.0,0.0
13779,2026-07-10T08:45:00+00:00,5.0,0.0
13780,2026-07-10T08:50:00+00:00,5.0,0.0
13781,2026-07-10T08:55:00+00:00,5.0,0.0
13782,2026-07-10T09:00:00+00:00,5.0,0.0
13783,2026-07-10T09:05:00+00:00,5.0,0.0
13784,2026-07-10T09:10:00+00:00,5.0,0.0
13785,2026-07-10T09:15:00+00:00,5.0,0.0
13786,2026-07-10T09:20:00+00:00,5.0,0.0
13787,2026-07-10T09:25:00+00:00,5.0,0.0
13788,2026-07-10T09:30:00+00:00,5.0,0.0
13789,2026-07-10T09:35:00+00:00,5.0,0.0
13790,2026-07-10T09:40:00+00:00,5.0,0.0
13791,2026-07-10T09:45:00+00:00,5.0,0.0
13792,2026-07-10T09:50:00+00:00,5.0,0.0
13793,2026-07-10T09:55:00+00:00,5.0,0.0
13794,2026-07-10T10:00:00+00:00,5.0,0.0
13795,2026-07-10T10:05:00+00:00,5.0,0.0
13796,2026-07-10T10:10:00+00:00,5.0,0.0
13797,2026-07-10T10:15:00+00:00,5.0,0.0
13798,2026-07-10T10:20:00+00:00,5.0,0.0
13799,2026-07-10T10:25:00+00:00,5.0,0.0
13800,2026-07-10T10:30:00+00:00,5.0,0.0
13801,2026-07-10T10:35:00+00:00,5.0,0.0
13802,2026-07-10T10:40:00+00:00,5.0,0.0
13803,2026-07-10T10:45:00+00:00,5.0,0.0
13804,2026-07-10T10:50:00+00:00,5.0,0.0
13805,2026-07-10T10:55:00+00:00,5.0,0.0
13806,2026-07-10T11:00:00+00:00,5.0,0.0
13807,2026-07-10T11:05:00+00:00,5.0,0.0
13808,2026-07-10T11:10:00+00:00,5.0,0.0
13809,2026-07-10T11:15:00+00:00,5.0,0.0
13810,2026-07-10T11:20:00+00:00,5.0,0.0
13811,2026-07-10T11:25:00+00:00,5.0,0.0
13812,2026-07-10T11:30:00+00:00,5.0,0.0
13813,2026-07-10T11:35:00+00:00,5.0,0.0
13814,2026-07-10T11:40:00+00:00,5.0,0.0
13815,2026-07-10T11:45:00+00:00,5.0,0.0
13816,2026-07-10T11:50:00+00:00,5.0,0.0
13817,2026-07-10T11:55:00+00:00,5.0,0.0
13818,2026-07-10T12:00:00+00:00,5.0,0.0
13819,2026-07-10T12:05:00+00:00,5.0,0.0
13820,2026-07-10T12:10:00+00:00,5.0,0.0
13821,2026-07-10T12:15:00+00:00,5.0,0.0
13822,2026-07-10T12:20:00+00:00,5.0,0.0
13823,2026-07-10T12:25:00+00:00,5.0,0.0
13824,2026-07-10T12:30:00+00:00,5.0,0.0
13825,2026-07-10T12:35:00+00:00,5.0,0.0
13826,2026-07-10T12:40:00+00:00,5.0,0.0
13827,2026-07-10T12:45:00+00:00,5.0,0.0
13828,2026-07-10T12:50:00+00:00,5.0,0.0
13829,2026-07-10T12:55:00+00:00,5.0,0.0
13830,2026-07-10T13:00:00+00:00,5.0,0.0
13831,2026-07-10T13:05:00+00:00,5.0,0.0
13832,2026-07-10T13:10:00+00:00,5.0,0.0
13833,2026-07-10T13:15:00+00:00,5.0,0.0
13834,2026-07-10T13:20:00+00:00,5.0,0.0
13835,2026-07-10T13:25:00+00:00,5.0,0.0
13836,2026-07-10T13:30:00+00:00,5.0,0.0
13837,2026-07-10T13:35:00+00:00,5.0,0.0
13838,2026-07-10T13:40:00+00:00,5.0,0.0
13839,2026-07-10T13:45:00+00:00,5.0,0.0
13840,2026-07-10T13:50:00+00:00,5.0,0.0
13841,2026-07-10T13:55:00+00:00,5.0,0.0
13842,2026-07-10T14:00:00+00:00,5.0,0.0
13843,2026-07-10T14:05:00+00:00,5.0,0.0
13844,2026-07-10T14:10:00+00:00,5.0,0.0
13845,2026-07-10T14:15:00+00:00,5.0,0.0
13846,2026-07-10T14:20:00+00:00,5.0,0.0
13847,2026-07-10T14:25:00+00:00,5.0,0.0
13848,2026-07-10T14:30:00+00:00,5.0,0.0
13849,2026-07-10T14:35:00+00:00,5.0,0.0
13850,2026-07-10T14:40:00+00:00,5.0,0.0
13851,2026-07-10T14:45:00+00:00,5.0,0.0
13852,2026-07-10T14:50:00+00:00,5.0,0.0
13853,2026-07-10T14:55:00+00:00,5.0,0.0
13854,2026-07-10T15:00:00+00:00,5.0,0.0
13855,2026-07-10T15:05:00+00:00,5.0,0.0
13856,2026-07-10T15:10:00+00:00,5.0,0.0
13857,2026-07-10T15:15:00+00:00,5.0,0.0
13858,2026-07-10T15:20:00+00:00,5.0,0.0
13859,2026-07-10T15:25:00+00:00,5.0,0.0
13860,2026-07-10T15:30:00+00:00,5.0,0.0
13861,2026-07-10T15:35:00+00:00,5.0,0.0
13862,2026-07-10T15:40:00+00:00,5.0,0.0
13863,2026-07-10T15:45:00+00:00,5.0,0.0
13864,2026-07-10T15:50:00+00:00,5.0,0.0
13865,2026-07-10T15:55:00+00:00,5.0,0.0
13866,2026-07-10T16:00:00+00:00,5.0,0.0
13867,2026-07-10T16:05:00+00:00,5.0,0.0
13868,2026-07-10T16:10:00+00:00,5.0,0.0
13869,2026-07-10T16:15:00+00:00,5.0,0.0
13870,2026-07-10T16:20:00+00:00,5.0,0.0
13871,2026-07-10T16:25:00+00:00,5.0,0.0
13872,2026-07-10T16:30:00+00:00,5.0,0.0
13873,2026-07-10T16:35:00+00:00,5.0,0.0
13874,2026-07-10T16:40:00+00:00,5.0,0.0
13875,2026-07-10T16:45:00+00:00,5.0,0.0
13876,2026-07-10T16:50:00+00:00,5.0,0.0
13877,2026-07-10T16:55:00+00:00,5.0,0.0
13878,2026-07-10T17:00:00+00:00,5.0,0.0
13879,2026-07-10T17:05:00+00:00,5.0,0.0
13880,2026-07-10T17:10:00+00:00,5.0,0.0
13881,2026-07-10T17:15:00+00:00,5.0,0.0
13882,2026-07-10T17:20:00+00:00,5.0,0.0
13883,2026-07-10T17:25:00+00:00,5.0,0.0
13884,2026-07-10T17:30:00+00:00,5.0,0.0
13885,2026-07-10T17:35:00+00:00,5.0,0.0
13886,2026-07-10T17:40:00+00:00,5.0,0.0
13887,2026-07-10T17:45:00+00:00,5.0,0.0
13888,2026-07-10T17:50:00+00:00,5.0,0.0
13889,2026-07-10T17:55:00+00:00,5.0,0.0
13890,2026-07-10T18:00:00+00:00,5.0,0.0
13891,2026-07-10T18:05:00+00:00,5.0,0.0
13892,2026-07-10T18:10:00+00:00,5.0,0.0
13893,2026-07-10T18:15:00+00:00,5.0,0.0
13894,2026-07-10T18:20:00+00:00,5.0,0.0
13895,2026-07-10T18:25:00+00:00,5.0,0.0
13896,2026-07-10T18:30:00+00:00,5.0,0.0
13897,2026-07-10T18:35:00+00:00,5.0,0.0
13898,2026-07-10T18:40:00+00:00,5.0,0.0
13899,2026-07-10T18:45:00+00:00,5.0,0.0
13900,2026-07-10T18:50:00+00:00,5.0,0.0
13901,2026-07-10T18:55:00+00:00,5.0,0.0
13902,2026-07-10T19:00:00+00:00,5.0,0.0
13903,2026-07-10T19:05:00+00:00,5.0,0.0
13904,2026-07-10T19:10:00+00:00,5.0,0.0
13905,2026-07-10T19:15:00+00:00,5.0,0.0
13906,2026-07-10T19:20:00+00:00,5.0,0.0
13907,2026-07-10T19:25:00+00:00,5.0,0.0
13908,2026-07-10T19:30:00+00:00,5.0,0.0
13909,2026-07-10T19:35:00+00:00,5.0,0.0
13910,2026-07-10T19:40:00+00:00,5.0,0.0
13911,2026-07-10T19:45:00+00:00,5.0,0.0
13912,2026-07-10T19:50:00+00:00,5.0,0.0
13913,2026-07-10T19:55:00+00:00,5.0,0.0
13914,2026-07-10T20:00:00+00:00,5.0,0.0
13915,2026-07-10T20:05:00+00:00,5.0,0.0
13916,2026-07-10T20:10:00+00:00,5.0,0.0
13917,2026-07-10T20:15:00+00:00,5.0,0.0
13918,2026-07-10T20:20:00+00:00,5.0,0.0
13919,2026-07-10T20:25:00+00:00,5.0,0.0
13920,2026-07-10T20:30:00+00:00,5.0,0.0
13921,2026-07-10T20:35:00+00:00,5.0,0.0
13922,2026-07-10T20:40:00+00:00,5.0,0.0
13923,2026-07-10T20:45:00+00:00,5.0,0.0
13924,2026-07-10T20:50:00+00:00,5.0,0.0
13925,2026-07-10T20:55:00+00:00,5.0,0.0
13926,2026-07-12T22:00:00+00:00,5.0,0.0
13927,2026-07-12T22:05:00+00:00,5.0,0.0
13928,2026-07-12T22:10:00+00:00,5.0,0.0
13929,2026-07-12T22:15:00+00:00,5.0,0.0
13930,2026-07-12T22:20:00+00:00,5.0,0.0
13931,2026-07-12T22:25:00+00:00,5.0,0.0
13932,2026-07-12T22:30:00+00:00,5.0,0.0
13933,2026-07-12T22:35:00+00:00,5.0,0.0
13934,2026-07-12T22:40:00+00:00,5.0,0.0
13935,2026-07-12T22:45:00+00:00,5.0,0.0
13936,2026-07-12T22:50:00+00:00,5.0,0.0
13937,2026-07-12T22:55:00+00:00,5.0,0.0
13938,2026-07-12T23:00:00+00:00,5.0,0.0
13939,2026-07-12T23:05:00+00:00,5.0,0.0
13940,2026-07-12T23:10:00+00:00,5.0,0.0
13941,2026-07-12T23:15:00+00:00,5.0,0.0
13942,2026-07-12T23:20:00+00:00,5.0,0.0
13943,2026-07-12T23:25:00+00:00,5.0,0.0
13944,2026-07-12T23:30:00+00:00,5.0,0.0
13945,2026-07-12T23:35:00+00:00,5.0,0.0
13946,2026-07-12T23:40:00+00:00,5.0,0.0
13947,2026-07-12T23:45:00+00:00,5.0,0.0
13948,2026-07-12T23:50:00+00:00,5.0,0.0
13949,2026-07-12T23:55:00+00:00,5.0,0.0
13950,2026-07-13T00:00:00+00:00,5.0,0.0
13951,2026-07-13T00:05:00+00:00,5.0,0.0
13952,2026-07-13T00:10:00+00:00,5.0,0.0
13953,2026-07-13T00:15:00+00:00,5.0,0.0
13954,2026-07-13T00:20:00+00:00,5.0,0.0
13955,2026-07-13T00:25:00+00:00,5.0,0.0
13956,2026-07-13T00:30:00+00:00,5.0,0.0
13957,2026-07-13T00:35:00+00:00,5.0,0.0
13958,2026-07-13T00:40:00+00:00,5.0,0.0
13959,2026-07-13T00:45:00+00:00,5.0,0.0
13960,2026-07-13T00:50:00+00:00,5.0,0.0
13961,2026-07-13T00:55:00+00:00,5.0,0.0
13962,2026-07-13T01:00:00+00:00,5.0,0.0
13963,2026-07-13T01:05:00+00:00,5.0,0.0
13964,2026-07-13T01:10:00+00:00,5.0,0.0
13965,2026-07-13T01:15:00+00:00,5.0,0.0
13966,2026-07-13T01:20:00+00:00,5.0,0.0
13967,2026-07-13T01:25:00+00:00,5.0,0.0
13968,2026-07-13T01:30:00+00:00,5.0,0.0
13969,2026-07-13T01:35:00+00:00,5.0,0.0
13970,2026-07-13T01:40:00+00:00,5.0,0.0
13971,2026-07-13T01:45:00+00:00,5.0,0.0
13972,2026-07-13T01:50:00+00:00,5.0,0.0
13973,2026-07-13T01:55:00+00:00,5.0,0.0
13974,2026-07-13T02:00:00+00:00,5.0,0.0
13975,2026-07-13T02:05:00+00:00,5.0,0.0
13976,2026-07-13T02:10:00+00:00,5.0,0.0
13977,2026-07-13T02:15:00+00:00,5.0,0.0
13978,2026-07-13T02:20:00+00:00,5.0,0.0
13979,2026-07-13T02:25:00+00:00,5.0,0.0
13980,2026-07-13T02:30:00+00:00,5.0,0.0
13981,2026-07-13T02:35:00+00:00,5.0,0.0
13982,2026-07-13T02:40:00+00:00,5.0,0.0
13983,2026-07-13T02:45:00+00:00,5.0,0.0
13984,2026-07-13T02:50:00+00:00,5.0,0.0
13985,2026-07-13T02:55:00+00:00,5.0,0.0
13986,2026-07-13T03:00:00+00:00,5.0,0.0
13987,2026-07-13T03:05:00+00:00,5.0,0.0
13988,2026-07-13T03:10:00+00:00,5.0,0.0
13989,2026-07-13T03:15:00+00:00,5.0,0.0
13990,2026-07-13T03:20:00+00:00,5.0,0.0
13991,2026-07-13T03:25:00+00:00,5.0,0.0
13992,2026-07-13T03:30:00+00:00,5.0,0.0
13993,2026-07-13T03:35:00+00:00,5.0,0.0
13994,2026-07-13T03:40:00+00:00,5.0,0.0
13995,2026-07-13T03:45:00+00:00,5.0,0.0
13996,2026-07-13T03:50:00+00:00,5.0,0.0
13997,2026-07-13T03:55:00+00:00,5.0,0.0
13998,2026-07-13T04:00:00+00:00,5.0,0.0
13999,2026-07-13T04:05:00+00:00,5.0,0.0
14000,2026-07-13T04:10:00+00:00,5.0,0.0
14001,2026-07-13T04:15:00+00:00,5.0,0.0
14002,2026-07-13T04:20:00+00:00,5.0,0.0
14003,2026-07-13T04:25:00+00:00,5.0,0.0
14004,2026-07-13T04:30:00+00:00,5.0,0.0
14005,2026-07-13T04:35:00+00:00,5.0,0.0
14006,2026-07-13T04:40:00+00:00,5.0,0.0
14007,2026-07-13T04:45:00+00:00,5.0,0.0
14008,2026-07-13T04:50:00+00:00,5.0,0.0
14009,2026-07-13T04:55:00+00:00,5.0,0.0
14010,2026-07-13T05:00:00+00:00,5.0,0.0
14011,2026-07-13T05:05:00+00:00,5.0,0.0
14012,2026-07-13T05:10:00+00:00,5.0,0.0
14013,2026-07-13T05:15:00+00:00,5.0,0.0
14014,2026-07-13T05:20:00+00:00,5.0,0.0
14015,2026-07-13T05:25:00+00:00,5.0,0.0
14016,2026-07-13T05:30:00+00:00,5.0,0.0
14017,2026-07-13T05:35:00+00:00,5.0,0.0
14018,2026-07-13T05:40:00+00:00,5.0,0.0
14019,2026-07-13T05:45:00+00:00,5.0,0.0
14020,2026-07-13T05:50:00+00:00,5.0,0.0
14021,2026-07-13T05:55:00+00:00,5.0,0.0
14022,2026-07-13T06:00:00+00:00,5.0,0.0
14023,2026-07-13T06:05:00+00:00,5.0,0.0
14024,2026-07-13T06:10:00+00:00,5.0,0.0
14025,2026-07-13T06:15:00+00:00,5.0,0.0
14026,2026-07-13T06:20:00+00:00,5.0,0.0
14027,2026-07-13T06:25:00+00:00,5.0,0.0
14028,2026-07-13T06:30:00+00:00,5.0,0.0
14029,2026-07-13T06:35:00+00:00,5.0,0.0
14030,2026-07-13T06:40:00+00:00,5.0,0.0
14031,2026-07-13T06:45:00+00:00,5.0,0.0
14032,2026-07-13T06:50:00+00:00,5.0,0.0
14033,2026-07-13T06:55:00+00:00,5.0,0.0
14034,2026-07-13T07:00:00+00:00,5.0,0.0
14035,2026-07-13T07:05:00+00:00,5.0,0.0
14036,2026-07-13T07:10:00+00:00,5.0,0.0
14037,2026-07-13T07:15:00+00:00,5.0,0.0
14038,2026-07-13T07:20:00+00:00,5.0,0.0
14039,2026-07-13T07:25:00+00:00,5.0,0.0
14040,2026-07-13T07:30:00+00:00,5.0,0.0
14041,2026-07-13T07:35:00+00:00,5.0,0.0
14042,2026-07-13T07:40:00+00:00,5.0,0.0
14043,2026-07-13T07:45:00+00:00,5.0,0.0
14044,2026-07-13T07:50:00+00:00,5.0,0.0
14045,2026-07-13T07:55:00+00:00,5.0,0.0
14046,2026-07-13T08:00:00+00:00,5.0,0.0
14047,2026-07-13T08:05:00+00:00,5.0,0.0
14048,2026-07-13T08:10:00+00:00,5.0,0.0
14049,2026-07-13T08:15:00+00:00,5.0,0.0
14050,2026-07-13T08:20:00+00:00,5.0,0.0
14051,2026-07-13T08:25:00+00:00,5.0,0.0
14052,2026-07-13T08:30:00+00:00,5.0,0.0
14053,2026-07-13T08:35:00+00:00,5.0,0.0
14054,2026-07-13T08:40:00+00:00,5.0,0.0
14055,2026-07-13T08:45:00+00:00,5.0,0.0
14056,2026-07-13T08:50:00+00:00,5.0,0.0
14057,2026-07-13T08:55:00+00:00,5.0,0.0
14058,2026-07-13T09:00:00+00:00,5.0,0.0
14059,2026-07-13T09:05:00+00:00,5.0,0.0
14060,2026-07-13T09:10:00+00:00,5.0,0.0
14061,2026-07-13T09:15:00+00:00,5.0,0.0
14062,2026-07-13T09:20:00+00:00,5.0,0.0
14063,2026-07-13T09:25:00+00:00,5.0,0.0
14064,2026-07-13T09:30:00+00:00,5.0,0.0
14065,2026-07-13T09:35:00+00:00,5.0,0.0
14066,2026-07-13T09:40:00+00:00,5.0,0.0
14067,2026-07-13T09:45:00+00:00,5.0,0.0
14068,2026-07-13T09:50:00+00:00,5.0,0.0
14069,2026-07-13T09:55:00+00:00,5.0,0.0
14070,2026-07-13T10:00:00+00:00,5.0,0.0
14071,2026-07-13T10:05:00+00:00,5.0,0.0
14072,2026-07-13T10:10:00+00:00,5.0,0.0
14073,2026-07-13T10:15:00+00:00,5.0,0.0
14074,2026-07-13T10:20:00+00:00,5.0,0.0
14075,2026-07-13T10:25:00+00:00,5.0,0.0
14076,2026-07-13T10:30:00+00:00,5.0,0.0
14077,2026-07-13T10:35:00+00:00,5.0,0.0
14078,2026-07-13T10:40:00+00:00,5.0,0.0
14079,2026-07-13T10:45:00+00:00,5.0,0.0
14080,2026-07-13T10:50:00+00:00,5.0,0.0
14081,2026-07-13T10:55:00+00:00,5.0,0.0
14082,2026-07-13T11:00:00+00:00,5.0,0.0
14083,2026-07-13T11:05:00+00:00,5.0,0.0
14084,2026-07-13T11:10:00+00:00,5.0,0.0
14085,2026-07-13T11:15:00+00:00,5.0,0.0
14086,2026-07-13T11:20:00+00:00,5.0,0.0
14087,2026-07-13T11:25:00+00:00,5.0,0.0
14088,2026-07-13T11:30:00+00:00,5.0,0.0
14089,2026-07-13T11:35:00+00:00,5.0,0.0
14090,2026-07-13T11:40:00+00:00,5.0,0.0
14091,2026-07-13T11:45:00+00:00,5.0,0.0
14092,2026-07-13T11:50:00+00:00,5.0,0.0
14093,2026-07-13T11:55:00+00:00,5.0,0.0
14094,2026-07-13T12:00:00+00:00,5.0,0.0
14095,2026-07-13T12:05:00+00:00,5.0,0.0
14096,2026-07-13T12:10:00+00:00,5.0,0.0
14097,2026-07-13T12:15:00+00:00,5.0,0.0
14098,2026-07-13T12:20:00+00:00,5.0,0.0
14099,2026-07-13T12:25:00+00:00,5.0,0.0
14100,2026-07-13T12:30:00+00:00,5.0,0.0
14101,2026-07-13T12:35:00+00:00,5.0,0.0
14102,2026-07-13T12:40:00+00:00,5.0,0.0
14103,2026-07-13T12:45:00+00:00,5.0,0.0
14104,2026-07-13T12:50:00+00:00,5.0,0.0
14105,2026-07-13T12:55:00+00:00,5.0,0.0
14106,2026-07-13T13:00:00+00:00,5.0,0.0
14107,2026-07-13T13:05:00+00:00,5.0,0.0
14108,2026-07-13T13:10:00+00:00,5.0,0.0
14109,2026-07-13T13:15:00+00:00,5.0,0.0
14110,2026-07-13T13:20:00+00:00,5.0,0.0
14111,2026-07-13T13:25:00+00:00,5.0,0.0
14112,2026-07-13T13:30:00+00:00,5.0,0.0
14113,2026-07-13T13:35:00+00:00,5.0,0.0
14114,2026-07-13T13:40:00+00:00,5.0,0.0
14115,2026-07-13T13:45:00+00:00,5.0,0.0
14116,2026-07-13T13:50:00+00:00,5.0,0.0
14117,2026-07-13T13:55:00+00:00,5.0,0.0
14118,2026-07-13T14:00:00+00:00,5.0,0.0
14119,2026-07-13T14:05:00+00:00,5.0,0.0
14120,2026-07-13T14:10:00+00:00,5.0,0.0
14121,2026-07-13T14:15:00+00:00,5.0,0.0
14122,2026-07-13T14:20:00+00:00,5.0,0.0
14123,2026-07-13T14:25:00+00:00,5.0,0.0
14124,2026-07-13T14:30:00+00:00,5.0,0.0
14125,2026-07-13T14:35:00+00:00,5.0,0.0
14126,2026-07-13T14:40:00+00:00,5.0,0.0
14127,2026-07-13T14:45:00+00:00,5.0,0.0
14128,2026-07-13T14:50:00+00:00,5.0,0.0
14129,2026-07-13T14:55:00+00:00,5.0,0.0
14130,2026-07-13T15:00:00+00:00,5.0,0.0
14131,2026-07-13T15:05:00+00:00,5.0,0.0
14132,2026-07-13T15:10:00+00:00,5.0,0.0
14133,2026-07-13T15:15:00+00:00,5.0,0.0
14134,2026-07-13T15:20:00+00:00,5.0,0.0
14135,2026-07-13T15:25:00+00:00,5.0,0.0
14136,2026-07-13T15:30:00+00:00,5.0,0.0
14137,2026-07-13T15:35:00+00:00,5.0,0.0
14138,2026-07-13T15:40:00+00:00,5.0,0.0
14139,2026-07-13T15:45:00+00:00,5.0,0.0
14140,2026-07-13T15:50:00+00:00,5.0,0.0
14141,2026-07-13T15:55:00+00:00,5.0,0.0
14142,2026-07-13T16:00:00+00:00,5.0,0.0
14143,2026-07-13T16:05:00+00:00,5.0,0.0
14144,2026-07-13T16:10:00+00:00,5.0,0.0
14145,2026-07-13T16:15:00+00:00,5.0,0.0
14146,2026-07-13T16:20:00+00:00,5.0,0.0
14147,2026-07-13T16:25:00+00:00,5.0,0.0
14148,2026-07-13T16:30:00+00:00,5.0,0.0
14149,2026-07-13T16:35:00+00:00,5.0,0.0
14150,2026-07-13T16:40:00+00:00,5.0,0.0
14151,2026-07-13T16:45:00+00:00,5.0,0.0
14152,2026-07-13T16:50:00+00:00,5.0,0.0
14153,2026-07-13T16:55:00+00:00,5.0,0.0
14154,2026-07-13T17:00:00+00:00,5.0,0.0
14155,2026-07-13T17:05:00+00:00,5.0,0.0
14156,2026-07-13T17:10:00+00:00,5.0,0.0
14157,2026-07-13T17:15:00+00:00,5.0,0.0
14158,2026-07-13T17:20:00+00:00,5.0,0.0
14159,2026-07-13T17:25:00+00:00,5.0,0.0
14160,2026-07-13T17:30:00+00:00,5.0,0.0
14161,2026-07-13T17:35:00+00:00,5.0,0.0
14162,2026-07-13T17:40:00+00:00,5.0,0.0
14163,2026-07-13T17:45:00+00:00,5.0,0.0
14164,2026-07-13T17:50:00+00:00,5.0,0.0
14165,2026-07-13T17:55:00+00:00,5.0,0.0
14166,2026-07-13T18:00:00+00:00,5.0,0.0
14167,2026-07-13T18:05:00+00:00,5.0,0.0
14168,2026-07-13T18:10:00+00:00,5.0,0.0
14169,2026-07-13T18:15:00+00:00,5.0,0.0
14170,2026-07-13T18:20:00+00:00,5.0,0.0
14171,2026-07-13T18:25:00+00:00,5.0,0.0
14172,2026-07-13T18:30:00+00:00,5.0,0.0
14173,2026-07-13T18:35:00+00:00,5.0,0.0
14174,2026-07-13T18:40:00+00:00,5.0,0.0
14175,2026-07-13T18:45:00+00:00,5.0,0.0
14176,2026-07-13T18:50:00+00:00,5.0,0.0
14177,2026-07-13T18:55:00+00:00,5.0,0.0
14178,2026-07-13T19:00:00+00:00,5.0,0.0
14179,2026-07-13T19:05:00+00:00,5.0,0.0
14180,2026-07-13T19:10:00+00:00,5.0,0.0
14181,2026-07-13T19:15:00+00:00,5.0,0.0
14182,2026-07-13T19:20:00+00:00,5.0,0.0
14183,2026-07-13T19:25:00+00:00,5.0,0.0
14184,2026-07-13T19:30:00+00:00,5.0,0.0
14185,2026-07-13T19:35:00+00:00,5.0,0.0
14186,2026-07-13T19:40:00+00:00,5.0,0.0
14187,2026-07-13T19:45:00+00:00,5.0,0.0
14188,2026-07-13T19:50:00+00:00,5.0,0.0
14189,2026-07-13T19:55:00+00:00,5.0,0.0
14190,2026-07-13T20:00:00+00:00,5.0,0.0
14191,2026-07-13T20:05:00+00:00,5.0,0.0
14192,2026-07-13T20:10:00+00:00,5.0,0.0
14193,2026-07-13T20:15:00+00:00,5.0,0.0
14194,2026-07-13T20:20:00+00:00,5.0,0.0
14195,2026-07-13T20:25:00+00:00,5.0,0.0
14196,2026-07-13T20:30:00+00:00,5.0,0.0
14197,2026-07-13T20:35:00+00:00,5.0,0.0
14198,2026-07-13T20:40:00+00:00,5.0,0.0
14199,2026-07-13T20:45:00+00:00,5.0,0.0
14200,2026-07-13T20:50:00+00:00,5.0,0.0
14201,2026-07-13T20:55:00+00:00,5.0,0.0
14202,2026-07-13T22:00:00+00:00,5.0,0.0
14203,2026-07-13T22:05:00+00:00,5.0,0.0
14204,2026-07-13T22:10:00+00:00,5.0,0.0
14205,2026-07-13T22:15:00+00:00,5.0,0.0
14206,2026-07-13T22:20:00+00:00,5.0,0.0
14207,2026-07-13T22:25:00+00:00,5.0,0.0
14208,2026-07-13T22:30:00+00:00,5.0,0.0
14209,2026-07-13T22:35:00+00:00,5.0,0.0
14210,2026-07-13T22:40:00+00:00,5.0,0.0
14211,2026-07-13T22:45:00+00:00,5.0,0.0
14212,2026-07-13T22:50:00+00:00,5.0,0.0
14213,2026-07-13T22:55:00+00:00,5.0,0.0
14214,2026-07-13T23:00:00+00:00,5.0,0.0
14215,2026-07-13T23:05:00+00:00,5.0,0.0
14216,2026-07-13T23:10:00+00:00,5.0,0.0
14217,2026-07-13T23:15:00+00:00,5.0,0.0
14218,2026-07-13T23:20:00+00:00,5.0,0.0
14219,2026-07-13T23:25:00+00:00,5.0,0.0
14220,2026-07-13T23:30:00+00:00,5.0,0.0
14221,2026-07-13T23:35:00+00:00,5.0,0.0
14222,2026-07-13T23:40:00+00:00,5.0,0.0
14223,2026-07-13T23:45:00+00:00,4.0,1.0
14224,2026-07-13T23:50:00+00:00,4.0,1.0
14225,2026-07-13T23:55:00+00:00,4.0,1.0
14226,2026-07-14T00:00:00+00:00,4.0,1.0
14227,2026-07-14T00:05:00+00:00,4.0,1.0
14228,2026-07-14T00:10:00+00:00,4.0,1.0
14229,2026-07-14T00:15:00+00:00,4.0,1.0
14230,2026-07-14T00:20:00+00:00,4.0,1.0
14231,2026-07-14T00:25:00+00:00,4.0,1.0
14232,2026-07-14T00:30:00+00:00,4.0,1.0
14233,2026-07-14T00:35:00+00:00,4.0,1.0
14234,2026-07-14T00:40:00+00:00,4.0,1.0
14235,2026-07-14T00:45:00+00:00,4.0,1.0
14236,2026-07-14T00:50:00+00:00,4.0,1.0
14237,2026-07-14T00:55:00+00:00,4.0,1.0
14238,2026-07-14T01:00:00+00:00,4.0,1.0
14239,2026-07-14T01:05:00+00:00,4.0,1.0
14240,2026-07-14T01:10:00+00:00,4.0,1.0
14241,2026-07-14T01:15:00+00:00,4.0,1.0
14242,2026-07-14T01:20:00+00:00,4.0,1.0
14243,2026-07-14T01:25:00+00:00,4.0,1.0
14244,2026-07-14T01:30:00+00:00,4.0,1.0
14245,2026-07-14T01:35:00+00:00,4.0,1.0
14246,2026-07-14T01:40:00+00:00,4.0,1.0
14247,2026-07-14T01:45:00+00:00,4.0,1.0
14248,2026-07-14T01:50:00+00:00,4.0,1.0
14249,2026-07-14T01:55:00+00:00,4.0,1.0
14250,2026-07-14T02:00:00+00:00,4.0,1.0
14251,2026-07-14T02:05:00+00:00,4.0,1.0
14252,2026-07-14T02:10:00+00:00,4.0,1.0
14253,2026-07-14T02:15:00+00:00,4.0,1.0
14254,2026-07-14T02:20:00+00:00,4.0,1.0
14255,2026-07-14T02:25:00+00:00,4.0,1.0
14256,2026-07-14T02:30:00+00:00,4.0,1.0
14257,2026-07-14T02:35:00+00:00,4.0,1.0
14258,2026-07-14T02:40:00+00:00,4.0,1.0
14259,2026-07-14T02:45:00+00:00,4.0,1.0
14260,2026-07-14T02:50:00+00:00,4.0,1.0
14261,2026-07-14T02:55:00+00:00,4.0,1.0
14262,2026-07-14T03:00:00+00:00,4.0,1.0
14263,2026-07-14T03:05:00+00:00,4.0,1.0
14264,2026-07-14T03:10:00+00:00,4.0,1.0
14265,2026-07-14T03:15:00+00:00,4.0,1.0
14266,2026-07-14T03:20:00+00:00,4.0,1.0
14267,2026-07-14T03:25:00+00:00,4.0,1.0
14268,2026-07-14T03:30:00+00:00,4.0,1.0
14269,2026-07-14T03:35:00+00:00,4.0,1.0
14270,2026-07-14T03:40:00+00:00,4.0,1.0
14271,2026-07-14T03:45:00+00:00,4.0,1.0
14272,2026-07-14T03:50:00+00:00,4.0,1.0
14273,2026-07-14T03:55:00+00:00,4.0,1.0
14274,2026-07-14T04:00:00+00:00,4.0,1.0
14275,2026-07-14T04:05:00+00:00,4.0,1.0
14276,2026-07-14T04:10:00+00:00,4.0,1.0
14277,2026-07-14T04:15:00+00:00,4.0,1.0
14278,2026-07-14T04:20:00+00:00,4.0,1.0
14279,2026-07-14T04:25:00+00:00,4.0,1.0
14280,2026-07-14T04:30:00+00:00,4.0,1.0
14281,2026-07-14T04:35:00+00:00,4.0,1.0
14282,2026-07-14T04:40:00+00:00,4.0,1.0
14283,2026-07-14T04:45:00+00:00,4.0,1.0
14284,2026-07-14T04:50:00+00:00,4.0,1.0
14285,2026-07-14T04:55:00+00:00,4.0,1.0
14286,2026-07-14T05:00:00+00:00,4.0,1.0
14287,2026-07-14T05:05:00+00:00,4.0,1.0
14288,2026-07-14T05:10:00+00:00,4.0,1.0
14289,2026-07-14T05:15:00+00:00,4.0,1.0
14290,2026-07-14T05:20:00+00:00,4.0,1.0
14291,2026-07-14T05:25:00+00:00,4.0,1.0
14292,2026-07-14T05:30:00+00:00,4.0,1.0
14293,2026-07-14T05:35:00+00:00,4.0,1.0
14294,2026-07-14T05:40:00+00:00,4.0,1.0
14295,2026-07-14T05:45:00+00:00,4.0,1.0
14296,2026-07-14T05:50:00+00:00,4.0,1.0
14297,2026-07-14T05:55:00+00:00,4.0,1.0
14298,2026-07-14T06:00:00+00:00,4.0,1.0
14299,2026-07-14T06:05:00+00:00,4.0,1.0
14300,2026-07-14T06:10:00+00:00,4.0,1.0
14301,2026-07-14T06:15:00+00:00,4.0,1.0
14302,2026-07-14T06:20:00+00:00,4.0,1.0
14303,2026-07-14T06:25:00+00:00,4.0,1.0
14304,2026-07-14T06:30:00+00:00,4.0,1.0
14305,2026-07-14T06:35:00+00:00,4.0,1.0
14306,2026-07-14T06:40:00+00:00,4.0,1.0
14307,2026-07-14T06:45:00+00:00,4.0,1.0
14308,2026-07-14T06:50:00+00:00,4.0,1.0
14309,2026-07-14T06:55:00+00:00,4.0,1.0
14310,2026-07-14T07:00:00+00:00,4.0,1.0
14311,2026-07-14T07:05:00+00:00,4.0,1.0
14312,2026-07-14T07:10:00+00:00,4.0,1.0
14313,2026-07-14T07:15:00+00:00,4.0,1.0
14314,2026-07-14T07:20:00+00:00,4.0,1.0
14315,2026-07-14T07:25:00+00:00,4.0,1.0
14316,2026-07-14T07:30:00+00:00,4.0,1.0
14317,2026-07-14T07:35:00+00:00,4.0,1.0
14318,2026-07-14T07:40:00+00:00,4.0,1.0
14319,2026-07-14T07:45:00+00:00,4.0,1.0
14320,2026-07-14T07:50:00+00:00,4.0,1.0
14321,2026-07-14T07:55:00+00:00,4.0,1.0
14322,2026-07-14T08:00:00+00:00,4.0,1.0
14323,2026-07-14T08:05:00+00:00,4.0,1.0
14324,2026-07-14T08:10:00+00:00,4.0,1.0
14325,2026-07-14T08:15:00+00:00,4.0,1.0
14326,2026-07-14T08:20:00+00:00,4.0,1.0
14327,2026-07-14T08:25:00+00:00,4.0,1.0
14328,2026-07-14T08:30:00+00:00,4.0,1.0
14329,2026-07-14T08:35:00+00:00,4.0,1.0
14330,2026-07-14T08:40:00+00:00,4.0,1.0
14331,2026-07-14T08:45:00+00:00,4.0,1.0
14332,2026-07-14T08:50:00+00:00,4.0,1.0
14333,2026-07-14T08:55:00+00:00,4.0,1.0
14334,2026-07-14T09:00:00+00:00,4.0,1.0
14335,2026-07-14T09:05:00+00:00,4.0,1.0
14336,2026-07-14T09:10:00+00:00,4.0,1.0
14337,2026-07-14T09:15:00+00:00,4.0,1.0
14338,2026-07-14T09:20:00+00:00,4.0,1.0
14339,2026-07-14T09:25:00+00:00,4.0,1.0
14340,2026-07-14T09:30:00+00:00,4.0,1.0
14341,2026-07-14T09:35:00+00:00,4.0,1.0
14342,2026-07-14T09:40:00+00:00,4.0,1.0
14343,2026-07-14T09:45:00+00:00,4.0,1.0
14344,2026-07-14T09:50:00+00:00,4.0,1.0
14345,2026-07-14T09:55:00+00:00,4.0,1.0
14346,2026-07-14T10:00:00+00:00,4.0,1.0
14347,2026-07-14T10:05:00+00:00,4.0,1.0
14348,2026-07-14T10:10:00+00:00,4.0,1.0
14349,2026-07-14T10:15:00+00:00,4.0,1.0
14350,2026-07-14T10:20:00+00:00,4.0,1.0
14351,2026-07-14T10:25:00+00:00,4.0,1.0
14352,2026-07-14T10:30:00+00:00,4.0,1.0
14353,2026-07-14T10:35:00+00:00,4.0,1.0
14354,2026-07-14T10:40:00+00:00,4.0,1.0
14355,2026-07-14T10:45:00+00:00,4.0,1.0
14356,2026-07-14T10:50:00+00:00,4.0,1.0
14357,2026-07-14T10:55:00+00:00,4.0,1.0
14358,2026-07-14T11:00:00+00:00,4.0,1.0
14359,2026-07-14T11:05:00+00:00,4.0,1.0
14360,2026-07-14T11:10:00+00:00,4.0,1.0
14361,2026-07-14T11:15:00+00:00,4.0,1.0
14362,2026-07-14T11:20:00+00:00,4.0,1.0
14363,2026-07-14T11:25:00+00:00,4.0,1.0
14364,2026-07-14T11:30:00+00:00,4.0,1.0
14365,2026-07-14T11:35:00+00:00,4.0,1.0
14366,2026-07-14T11:40:00+00:00,4.0,1.0
14367,2026-07-14T11:45:00+00:00,4.0,1.0
14368,2026-07-14T11:50:00+00:00,4.0,1.0
14369,2026-07-14T11:55:00+00:00,4.0,1.0
14370,2026-07-14T12:00:00+00:00,4.0,1.0
14371,2026-07-14T12:05:00+00:00,4.0,1.0
14372,2026-07-14T12:10:00+00:00,4.0,1.0
14373,2026-07-14T12:15:00+00:00,4.0,1.0
14374,2026-07-14T12:20:00+00:00,4.0,1.0
14375,2026-07-14T12:25:00+00:00,4.0,1.0
14376,2026-07-14T12:30:00+00:00,4.0,1.0
14377,2026-07-14T12:35:00+00:00,4.0,1.0
14378,2026-07-14T12:40:00+00:00,4.0,1.0
14379,2026-07-14T12:45:00+00:00,4.0,1.0
14380,2026-07-14T12:50:00+00:00,4.0,1.0
14381,2026-07-14T12:55:00+00:00,4.0,1.0
14382,2026-07-14T13:00:00+00:00,4.0,1.0
14383,2026-07-14T13:05:00+00:00,4.0,1.0
14384,2026-07-14T13:10:00+00:00,4.0,1.0
14385,2026-07-14T13:15:00+00:00,4.0,1.0
14386,2026-07-14T13:20:00+00:00,4.0,1.0
14387,2026-07-14T13:25:00+00:00,4.0,1.0
14388,2026-07-14T13:30:00+00:00,4.0,1.0
14389,2026-07-14T13:35:00+00:00,4.0,1.0
14390,2026-07-14T13:40:00+00:00,4.0,1.0
14391,2026-07-14T13:45:00+00:00,4.0,1.0
14392,2026-07-14T13:50:00+00:00,4.0,1.0
14393,2026-07-14T13:55:00+00:00,4.0,1.0
14394,2026-07-14T14:00:00+00:00,4.0,1.0
14395,2026-07-14T14:05:00+00:00,4.0,1.0
14396,2026-07-14T14:10:00+00:00,4.0,1.0
14397,2026-07-14T14:15:00+00:00,4.0,1.0
14398,2026-07-14T14:20:00+00:00,4.0,1.0
14399,2026-07-14T14:25:00+00:00,4.0,1.0
14400,2026-07-14T14:30:00+00:00,4.0,1.0
14401,2026-07-14T14:35:00+00:00,4.0,1.0
14402,2026-07-14T14:40:00+00:00,4.0,1.0
14403,2026-07-14T14:45:00+00:00,4.0,1.0
14404,2026-07-14T14:50:00+00:00,4.0,1.0
14405,2026-07-14T14:55:00+00:00,4.0,1.0
14406,2026-07-14T15:00:00+00:00,4.0,1.0
14407,2026-07-14T15:05:00+00:00,4.0,1.0
14408,2026-07-14T15:10:00+00:00,4.0,1.0
14409,2026-07-14T15:15:00+00:00,4.0,1.0
14410,2026-07-14T15:20:00+00:00,4.0,1.0
14411,2026-07-14T15:25:00+00:00,4.0,1.0
14412,2026-07-14T15:30:00+00:00,4.0,1.0
14413,2026-07-14T15:35:00+00:00,4.0,1.0
14414,2026-07-14T15:40:00+00:00,4.0,1.0
14415,2026-07-14T15:45:00+00:00,4.0,1.0
14416,2026-07-14T15:50:00+00:00,4.0,1.0
14417,2026-07-14T15:55:00+00:00,4.0,1.0
14418,2026-07-14T16:00:00+00:00,4.0,1.0
14419,2026-07-14T16:05:00+00:00,4.0,1.0
14420,2026-07-14T16:10:00+00:00,4.0,1.0
14421,2026-07-14T16:15:00+00:00,4.0,1.0
14422,2026-07-14T16:20:00+00:00,4.0,1.0
14423,2026-07-14T16:25:00+00:00,4.0,1.0
14424,2026-07-14T16:30:00+00:00,4.0,1.0
14425,2026-07-14T16:35:00+00:00,4.0,1.0
14426,2026-07-14T16:40:00+00:00,4.0,1.0
14427,2026-07-14T16:45:00+00:00,4.0,1.0
14428,2026-07-14T16:50:00+00:00,4.0,1.0
14429,2026-07-14T16:55:00+00:00,4.0,1.0
14430,2026-07-14T17:00:00+00:00,4.0,1.0
14431,2026-07-14T17:05:00+00:00,4.0,1.0
14432,2026-07-14T17:10:00+00:00,4.0,1.0
14433,2026-07-14T17:15:00+00:00,4.0,1.0
14434,2026-07-14T17:20:00+00:00,4.0,1.0
14435,2026-07-14T17:25:00+00:00,4.0,1.0
14436,2026-07-14T17:30:00+00:00,4.0,1.0
14437,2026-07-14T17:35:00+00:00,4.0,1.0
14438,2026-07-14T17:40:00+00:00,4.0,1.0
14439,2026-07-14T17:45:00+00:00,4.0,1.0
14440,2026-07-14T17:50:00+00:00,4.0,1.0
14441,2026-07-14T17:55:00+00:00,4.0,1.0
14442,2026-07-14T18:00:00+00:00,4.0,1.0
14443,2026-07-14T18:05:00+00:00,4.0,1.0
14444,2026-07-14T18:10:00+00:00,4.0,1.0
14445,2026-07-14T18:15:00+00:00,4.0,1.0
14446,2026-07-14T18:20:00+00:00,4.0,1.0
14447,2026-07-14T18:25:00+00:00,4.0,1.0
14448,2026-07-14T18:30:00+00:00,4.0,1.0
14449,2026-07-14T18:35:00+00:00,4.0,1.0
14450,2026-07-14T18:40:00+00:00,4.0,1.0
14451,2026-07-14T18:45:00+00:00,4.0,1.0
14452,2026-07-14T18:50:00+00:00,4.0,1.0
14453,2026-07-14T18:55:00+00:00,4.0,1.0
14454,2026-07-14T19:00:00+00:00,4.0,1.0
14455,2026-07-14T19:05:00+00:00,4.0,1.0
14456,2026-07-14T19:10:00+00:00,4.0,1.0
14457,2026-07-14T19:15:00+00:00,4.0,1.0
14458,2026-07-14T19:20:00+00:00,4.0,1.0
14459,2026-07-14T19:25:00+00:00,4.0,1.0
14460,2026-07-14T19:30:00+00:00,4.0,1.0
14461,2026-07-14T19:35:00+00:00,4.0,1.0
14462,2026-07-14T19:40:00+00:00,4.0,1.0
14463,2026-07-14T19:45:00+00:00,4.0,1.0
14464,2026-07-14T19:50:00+00:00,4.0,1.0
14465,2026-07-14T19:55:00+00:00,4.0,1.0
14466,2026-07-14T20:00:00+00:00,4.0,1.0
14467,2026-07-14T20:05:00+00:00,4.0,1.0
14468,2026-07-14T20:10:00+00:00,4.0,1.0
14469,2026-07-14T20:15:00+00:00,4.0,1.0
14470,2026-07-14T20:20:00+00:00,4.0,1.0
14471,2026-07-14T20:25:00+00:00,4.0,1.0
14472,2026-07-14T20:30:00+00:00,4.0,1.0
14473,2026-07-14T20:35:00+00:00,4.0,1.0
14474,2026-07-14T20:40:00+00:00,4.0,1.0
14475,2026-07-14T20:45:00+00:00,4.0,1.0
14476,2026-07-14T20:50:00+00:00,4.0,1.0
14477,2026-07-14T20:55:00+00:00,4.0,1.0
14478,2026-07-14T22:00:00+00:00,4.0,1.0
14479,2026-07-14T22:05:00+00:00,4.0,1.0
14480,2026-07-14T22:10:00+00:00,4.0,1.0
14481,2026-07-14T22:15:00+00:00,4.0,1.0
14482,2026-07-14T22:20:00+00:00,4.0,1.0
14483,2026-07-14T22:25:00+00:00,4.0,1.0
14484,2026-07-14T22:30:00+00:00,4.0,1.0
14485,2026-07-14T22:35:00+00:00,4.0,1.0
14486,2026-07-14T22:40:00+00:00,4.0,1.0
14487,2026-07-14T22:45:00+00:00,4.0,1.0
14488,2026-07-14T22:50:00+00:00,4.0,1.0
14489,2026-07-14T22:55:00+00:00,4.0,1.0
14490,2026-07-14T23:00:00+00:00,4.0,1.0
14491,2026-07-14T23:05:00+00:00,4.0,1.0
14492,2026-07-14T23:10:00+00:00,4.0,1.0
14493,2026-07-14T23:15:00+00:00,4.0,1.0
14494,2026-07-14T23:20:00+00:00,4.0,1.0
14495,2026-07-14T23:25:00+00:00,4.0,1.0
14496,2026-07-14T23:30:00+00:00,4.0,1.0
14497,2026-07-14T23:35:00+00:00,4.0,1.0
14498,2026-07-14T23:40:00+00:00,4.0,1.0
14499,2026-07-14T23:45:00+00:00,4.0,1.0
14500,2026-07-14T23:50:00+00:00,4.0,1.0
14501,2026-07-14T23:55:00+00:00,4.0,1.0
14502,2026-07-15T00:00:00+00:00,4.0,1.0
14503,2026-07-15T00:05:00+00:00,4.0,1.0
14504,2026-07-15T00:10:00+00:00,4.0,1.0
14505,2026-07-15T00:15:00+00:00,4.0,1.0
14506,2026-07-15T00:20:00+00:00,4.0,1.0
14507,2026-07-15T00:25:00+00:00,4.0,1.0
14508,2026-07-15T00:30:00+00:00,4.0,1.0
14509,2026-07-15T00:35:00+00:00,4.0,1.0
14510,2026-07-15T00:40:00+00:00,4.0,1.0
14511,2026-07-15T00:45:00+00:00,4.0,1.0
14512,2026-07-15T00:50:00+00:00,4.0,1.0
14513,2026-07-15T00:55:00+00:00,4.0,1.0
14514,2026-07-15T01:00:00+00:00,4.0,1.0
14515,2026-07-15T01:05:00+00:00,4.0,1.0
14516,2026-07-15T01:10:00+00:00,4.0,1.0
14517,2026-07-15T01:15:00+00:00,4.0,1.0
14518,2026-07-15T01:20:00+00:00,4.0,1.0
14519,2026-07-15T01:25:00+00:00,4.0,1.0
14520,2026-07-15T01:30:00+00:00,4.0,1.0
14521,2026-07-15T01:35:00+00:00,4.0,1.0
14522,2026-07-15T01:40:00+00:00,4.0,1.0
14523,2026-07-15T01:45:00+00:00,4.0,1.0
14524,2026-07-15T01:50:00+00:00,4.0,1.0
14525,2026-07-15T01:55:00+00:00,4.0,1.0
14526,2026-07-15T02:00:00+00:00,4.0,1.0
14527,2026-07-15T02:05:00+00:00,4.0,1.0
14528,2026-07-15T02:10:00+00:00,4.0,1.0
14529,2026-07-15T02:15:00+00:00,4.0,1.0
14530,2026-07-15T02:20:00+00:00,4.0,1.0
14531,2026-07-15T02:25:00+00:00,4.0,1.0
14532,2026-07-15T02:30:00+00:00,4.0,1.0
14533,2026-07-15T02:35:00+00:00,4.0,1.0
14534,2026-07-15T02:40:00+00:00,4.0,1.0
14535,2026-07-15T02:45:00+00:00,4.0,1.0
14536,2026-07-15T02:50:00+00:00,4.0,1.0
14537,2026-07-15T02:55:00+00:00,4.0,1.0
14538,2026-07-15T03:00:00+00:00,4.0,1.0
14539,2026-07-15T03:05:00+00:00,4.0,1.0
14540,2026-07-15T03:10:00+00:00,4.0,1.0
14541,2026-07-15T03:15:00+00:00,4.0,1.0
14542,2026-07-15T03:20:00+00:00,4.0,1.0
14543,2026-07-15T03:25:00+00:00,4.0,1.0
14544,2026-07-15T03:30:00+00:00,4.0,1.0
14545,2026-07-15T03:35:00+00:00,4.0,1.0
14546,2026-07-15T03:40:00+00:00,4.0,1.0
14547,2026-07-15T03:45:00+00:00,4.0,1.0
14548,2026-07-15T03:50:00+00:00,4.0,1.0
14549,2026-07-15T03:55:00+00:00,4.0,1.0
14550,2026-07-15T04:00:00+00:00,4.0,1.0
14551,2026-07-15T04:05:00+00:00,4.0,1.0
14552,2026-07-15T04:10:00+00:00,4.0,1.0
14553,2026-07-15T04:15:00+00:00,4.0,1.0
14554,2026-07-15T04:20:00+00:00,4.0,1.0
14555,2026-07-15T04:25:00+00:00,4.0,1.0
14556,2026-07-15T04:30:00+00:00,4.0,1.0
14557,2026-07-15T04:35:00+00:00,4.0,1.0
14558,2026-07-15T04:40:00+00:00,4.0,1.0
14559,2026-07-15T04:45:00+00:00,4.0,1.0
14560,2026-07-15T04:50:00+00:00,4.0,1.0
14561,2026-07-15T04:55:00+00:00,4.0,1.0
14562,2026-07-15T05:00:00+00:00,4.0,1.0
14563,2026-07-15T05:05:00+00:00,4.0,1.0
14564,2026-07-15T05:10:00+00:00,4.0,1.0
14565,2026-07-15T05:15:00+00:00,4.0,1.0
14566,2026-07-15T05:20:00+00:00,4.0,1.0
14567,2026-07-15T05:25:00+00:00,4.0,1.0
14568,2026-07-15T05:30:00+00:00,4.0,1.0
14569,2026-07-15T05:35:00+00:00,4.0,1.0
14570,2026-07-15T05:40:00+00:00,4.0,1.0
14571,2026-07-15T05:45:00+00:00,4.0,1.0
14572,2026-07-15T05:50:00+00:00,4.0,1.0
14573,2026-07-15T05:55:00+00:00,4.0,1.0
14574,2026-07-15T06:00:00+00:00,4.0,1.0
14575,2026-07-15T06:05:00+00:00,4.0,1.0
14576,2026-07-15T06:10:00+00:00,4.0,1.0
14577,2026-07-15T06:15:00+00:00,4.0,1.0
14578,2026-07-15T06:20:00+00:00,4.0,1.0
14579,2026-07-15T06:25:00+00:00,4.0,1.0
14580,2026-07-15T06:30:00+00:00,4.0,1.0
14581,2026-07-15T06:35:00+00:00,4.0,1.0
14582,2026-07-15T06:40:00+00:00,4.0,1.0
14583,2026-07-15T06:45:00+00:00,4.0,1.0
14584,2026-07-15T06:50:00+00:00,4.0,1.0
14585,2026-07-15T06:55:00+00:00,4.0,1.0
14586,2026-07-15T07:00:00+00:00,4.0,1.0
14587,2026-07-15T07:05:00+00:00,4.0,1.0
14588,2026-07-15T07:10:00+00:00,4.0,1.0
14589,2026-07-15T07:15:00+00:00,4.0,1.0
14590,2026-07-15T07:20:00+00:00,4.0,1.0
14591,2026-07-15T07:25:00+00:00,4.0,1.0
14592,2026-07-15T07:30:00+00:00,4.0,1.0
14593,2026-07-15T07:35:00+00:00,4.0,1.0
14594,2026-07-15T07:40:00+00:00,4.0,1.0
14595,2026-07-15T07:45:00+00:00,4.0,1.0
14596,2026-07-15T07:50:00+00:00,4.0,1.0
14597,2026-07-15T07:55:00+00:00,4.0,1.0
14598,2026-07-15T08:00:00+00:00,4.0,1.0
14599,2026-07-15T08:05:00+00:00,4.0,1.0
14600,2026-07-15T08:10:00+00:00,4.0,1.0
14601,2026-07-15T08:15:00+00:00,4.0,1.0
14602,2026-07-15T08:20:00+00:00,4.0,1.0
14603,2026-07-15T08:25:00+00:00,4.0,1.0
14604,2026-07-15T08:30:00+00:00,4.0,1.0
14605,2026-07-15T08:35:00+00:00,4.0,1.0
14606,2026-07-15T08:40:00+00:00,4.0,1.0
14607,2026-07-15T08:45:00+00:00,4.0,1.0
14608,2026-07-15T08:50:00+00:00,4.0,1.0
14609,2026-07-15T08:55:00+00:00,4.0,1.0
14610,2026-07-15T09:00:00+00:00,4.0,1.0
14611,2026-07-15T09:05:00+00:00,4.0,1.0
14612,2026-07-15T09:10:00+00:00,4.0,1.0
14613,2026-07-15T09:15:00+00:00,4.0,1.0
14614,2026-07-15T09:20:00+00:00,4.0,1.0
14615,2026-07-15T09:25:00+00:00,4.0,1.0
14616,2026-07-15T09:30:00+00:00,4.0,1.0
14617,2026-07-15T09:35:00+00:00,4.0,1.0
14618,2026-07-15T09:40:00+00:00,4.0,1.0
14619,2026-07-15T09:45:00+00:00,4.0,1.0
14620,2026-07-15T09:50:00+00:00,4.0,1.0
14621,2026-07-15T09:55:00+00:00,4.0,1.0
14622,2026-07-15T10:00:00+00:00,4.0,1.0
14623,2026-07-15T10:05:00+00:00,4.0,1.0
14624,2026-07-15T10:10:00+00:00,4.0,1.0
14625,2026-07-15T10:15:00+00:00,4.0,1.0
14626,2026-07-15T10:20:00+00:00,4.0,1.0
14627,2026-07-15T10:25:00+00:00,4.0,1.0
14628,2026-07-15T10:30:00+00:00,4.0,1.0
14629,2026-07-15T10:35:00+00:00,4.0,1.0
14630,2026-07-15T10:40:00+00:00,4.0,1.0
14631,2026-07-15T10:45:00+00:00,4.0,1.0
14632,2026-07-15T10:50:00+00:00,4.0,1.0
14633,2026-07-15T10:55:00+00:00,4.0,1.0
14634,2026-07-15T11:00:00+00:00,4.0,1.0
14635,2026-07-15T11:05:00+00:00,4.0,1.0
14636,2026-07-15T11:10:00+00:00,4.0,1.0
14637,2026-07-15T11:15:00+00:00,4.0,1.0
14638,2026-07-15T11:20:00+00:00,4.0,1.0
14639,2026-07-15T11:25:00+00:00,4.0,1.0
14640,2026-07-15T11:30:00+00:00,4.0,1.0
14641,2026-07-15T11:35:00+00:00,4.0,1.0
14642,2026-07-15T11:40:00+00:00,4.0,1.0
14643,2026-07-15T11:45:00+00:00,4.0,1.0
14644,2026-07-15T11:50:00+00:00,4.0,1.0
14645,2026-07-15T11:55:00+00:00,4.0,1.0
14646,2026-07-15T12:00:00+00:00,4.0,1.0
14647,2026-07-15T12:05:00+00:00,4.0,1.0
14648,2026-07-15T12:10:00+00:00,4.0,1.0
14649,2026-07-15T12:15:00+00:00,4.0,1.0
14650,2026-07-15T12:20:00+00:00,4.0,1.0
14651,2026-07-15T12:25:00+00:00,4.0,1.0
14652,2026-07-15T12:30:00+00:00,4.0,1.0
14653,2026-07-15T12:35:00+00:00,4.0,1.0
14654,2026-07-15T12:40:00+00:00,4.0,1.0
14655,2026-07-15T12:45:00+00:00,4.0,1.0
14656,2026-07-15T12:50:00+00:00,4.0,1.0
14657,2026-07-15T12:55:00+00:00,4.0,1.0
14658,2026-07-15T13:00:00+00:00,4.0,1.0
14659,2026-07-15T13:05:00+00:00,4.0,1.0
14660,2026-07-15T13:10:00+00:00,4.0,1.0
14661,2026-07-15T13:15:00+00:00,4.0,1.0
14662,2026-07-15T13:20:00+00:00,4.0,1.0
14663,2026-07-15T13:25:00+00:00,4.0,1.0
14664,2026-07-15T13:30:00+00:00,4.0,1.0
14665,2026-07-15T13:35:00+00:00,4.0,1.0
14666,2026-07-15T13:40:00+00:00,4.0,1.0
14667,2026-07-15T13:45:00+00:00,4.0,1.0
14668,2026-07-15T13:50:00+00:00,4.0,1.0
14669,2026-07-15T13:55:00+00:00,4.0,1.0
14670,2026-07-15T14:00:00+00:00,4.0,1.0
14671,2026-07-15T14:05:00+00:00,4.0,1.0
14672,2026-07-15T14:10:00+00:00,4.0,1.0
14673,2026-07-15T14:15:00+00:00,4.0,1.0
14674,2026-07-15T14:20:00+00:00,4.0,1.0
14675,2026-07-15T14:25:00+00:00,4.0,1.0
14676,2026-07-15T14:30:00+00:00,4.0,1.0
14677,2026-07-15T14:35:00+00:00,4.0,1.0
14678,2026-07-15T14:40:00+00:00,4.0,1.0
14679,2026-07-15T14:45:00+00:00,4.0,1.0
14680,2026-07-15T14:50:00+00:00,4.0,1.0
14681,2026-07-15T14:55:00+00:00,4.0,1.0
14682,2026-07-15T15:00:00+00:00,4.0,1.0
14683,2026-07-15T15:05:00+00:00,4.0,1.0
14684,2026-07-15T15:10:00+00:00,4.0,1.0
14685,2026-07-15T15:15:00+00:00,4.0,1.0
14686,2026-07-15T15:20:00+00:00,4.0,1.0
14687,2026-07-15T15:25:00+00:00,4.0,1.0
14688,2026-07-15T15:30:00+00:00,4.0,1.0
14689,2026-07-15T15:35:00+00:00,4.0,1.0
14690,2026-07-15T15:40:00+00:00,4.0,1.0
14691,2026-07-15T15:45:00+00:00,4.0,1.0
14692,2026-07-15T15:50:00+00:00,4.0,1.0
14693,2026-07-15T15:55:00+00:00,4.0,1.0
14694,2026-07-15T16:00:00+00:00,4.0,1.0
14695,2026-07-15T16:05:00+00:00,4.0,1.0
14696,2026-07-15T16:10:00+00:00,4.0,1.0
14697,2026-07-15T16:15:00+00:00,4.0,1.0
14698,2026-07-15T16:20:00+00:00,4.0,1.0
14699,2026-07-15T16:25:00+00:00,4.0,1.0
14700,2026-07-15T16:30:00+00:00,4.0,1.0
14701,2026-07-15T16:35:00+00:00,4.0,1.0
14702,2026-07-15T16:40:00+00:00,4.0,1.0
14703,2026-07-15T16:45:00+00:00,4.0,1.0
14704,2026-07-15T16:50:00+00:00,4.0,1.0
14705,2026-07-15T16:55:00+00:00,4.0,1.0
14706,2026-07-15T17:00:00+00:00,4.0,1.0
14707,2026-07-15T17:05:00+00:00,4.0,1.0
14708,2026-07-15T17:10:00+00:00,4.0,1.0
14709,2026-07-15T17:15:00+00:00,4.0,1.0
14710,2026-07-15T17:20:00+00:00,4.0,1.0
14711,2026-07-15T17:25:00+00:00,4.0,1.0
14712,2026-07-15T17:30:00+00:00,4.0,1.0
14713,2026-07-15T17:35:00+00:00,4.0,1.0
14714,2026-07-15T17:40:00+00:00,4.0,1.0
14715,2026-07-15T17:45:00+00:00,4.0,1.0
14716,2026-07-15T17:50:00+00:00,4.0,1.0
14717,2026-07-15T17:55:00+00:00,4.0,1.0
14718,2026-07-15T18:00:00+00:00,4.0,1.0
14719,2026-07-15T18:05:00+00:00,4.0,1.0
14720,2026-07-15T18:10:00+00:00,4.0,1.0
14721,2026-07-15T18:15:00+00:00,4.0,1.0
14722,2026-07-15T18:20:00+00:00,4.0,1.0
14723,2026-07-15T18:25:00+00:00,4.0,1.0
14724,2026-07-15T18:30:00+00:00,4.0,1.0
14725,2026-07-15T18:35:00+00:00,4.0,1.0
14726,2026-07-15T18:40:00+00:00,4.0,1.0
14727,2026-07-15T18:45:00+00:00,4.0,1.0
14728,2026-07-15T18:50:00+00:00,4.0,1.0
14729,2026-07-15T18:55:00+00:00,4.0,1.0
14730,2026-07-15T19:00:00+00:00,4.0,1.0
14731,2026-07-15T19:05:00+00:00,4.0,1.0
14732,2026-07-15T19:10:00+00:00,4.0,1.0
14733,2026-07-15T19:15:00+00:00,4.0,1.0
14734,2026-07-15T19:20:00+00:00,4.0,1.0
14735,2026-07-15T19:25:00+00:00,4.0,1.0
14736,2026-07-15T19:30:00+00:00,4.0,1.0
14737,2026-07-15T19:35:00+00:00,4.0,1.0
14738,2026-07-15T19:40:00+00:00,4.0,1.0
14739,2026-07-15T19:45:00+00:00,4.0,1.0
14740,2026-07-15T19:50:00+00:00,4.0,1.0
14741,2026-07-15T19:55:00+00:00,4.0,1.0
14742,2026-07-15T20:00:00+00:00,4.0,1.0
14743,2026-07-15T20:05:00+00:00,4.0,1.0
14744,2026-07-15T20:10:00+00:00,4.0,1.0
14745,2026-07-15T20:15:00+00:00,4.0,1.0
14746,2026-07-15T20:20:00+00:00,4.0,1.0
14747,2026-07-15T20:25:00+00:00,4.0,1.0
14748,2026-07-15T20:30:00+00:00,4.0,1.0
14749,2026-07-15T20:35:00+00:00,4.0,1.0
14750,2026-07-15T20:40:00+00:00,4.0,1.0
14751,2026-07-15T20:45:00+00:00,4.0,1.0
14752,2026-07-15T20:50:00+00:00,4.0,1.0
14753,2026-07-15T20:55:00+00:00,4.0,1.0
14754,2026-07-15T22:00:00+00:00,4.0,1.0
14755,2026-07-15T22:05:00+00:00,4.0,1.0
14756,2026-07-15T22:10:00+00:00,4.0,1.0
14757,2026-07-15T22:15:00+00:00,4.0,1.0
14758,2026-07-15T22:20:00+00:00,4.0,1.0
14759,2026-07-15T22:25:00+00:00,4.0,1.0
14760,2026-07-15T22:30:00+00:00,4.0,1.0
14761,2026-07-15T22:35:00+00:00,4.0,1.0
14762,2026-07-15T22:40:00+00:00,4.0,1.0
14763,2026-07-15T22:45:00+00:00,4.0,1.0
14764,2026-07-15T22:50:00+00:00,4.0,1.0
14765,2026-07-15T22:55:00+00:00,4.0,1.0
14766,2026-07-15T23:00:00+00:00,4.0,1.0
14767,2026-07-15T23:05:00+00:00,4.0,1.0
14768,2026-07-15T23:10:00+00:00,4.0,1.0
14769,2026-07-15T23:15:00+00:00,4.0,1.0
14770,2026-07-15T23:20:00+00:00,4.0,1.0
14771,2026-07-15T23:25:00+00:00,4.0,1.0
14772,2026-07-15T23:30:00+00:00,4.0,1.0
14773,2026-07-15T23:35:00+00:00,4.0,1.0
14774,2026-07-15T23:40:00+00:00,4.0,1.0
14775,2026-07-15T23:45:00+00:00,4.0,1.0
14776,2026-07-15T23:50:00+00:00,4.0,1.0
14777,2026-07-15T23:55:00+00:00,4.0,1.0
14778,2026-07-16T00:00:00+00:00,4.0,1.0
14779,2026-07-16T00:05:00+00:00,4.0,1.0
14780,2026-07-16T00:10:00+00:00,4.0,1.0
14781,2026-07-16T00:15:00+00:00,4.0,1.0
14782,2026-07-16T00:20:00+00:00,4.0,1.0
14783,2026-07-16T00:25:00+00:00,4.0,1.0
14784,2026-07-16T00:30:00+00:00,4.0,1.0
14785,2026-07-16T00:35:00+00:00,4.0,1.0
14786,2026-07-16T00:40:00+00:00,4.0,1.0
14787,2026-07-16T00:45:00+00:00,4.0,1.0
14788,2026-07-16T00:50:00+00:00,4.0,1.0
14789,2026-07-16T00:55:00+00:00,4.0,1.0
14790,2026-07-16T01:00:00+00:00,4.0,1.0
14791,2026-07-16T01:05:00+00:00,4.0,1.0
14792,2026-07-16T01:10:00+00:00,4.0,1.0
14793,2026-07-16T01:15:00+00:00,4.0,1.0
14794,2026-07-16T01:20:00+00:00,4.0,1.0
14795,2026-07-16T01:25:00+00:00,4.0,1.0
14796,2026-07-16T01:30:00+00:00,4.0,1.0
14797,2026-07-16T01:35:00+00:00,4.0,1.0
14798,2026-07-16T01:40:00+00:00,4.0,1.0
14799,2026-07-16T01:45:00+00:00,4.0,1.0
14800,2026-07-16T01:50:00+00:00,4.0,1.0
14801,2026-07-16T01:55:00+00:00,4.0,1.0
14802,2026-07-16T02:00:00+00:00,4.0,1.0
14803,2026-07-16T02:05:00+00:00,4.0,1.0
14804,2026-07-16T02:10:00+00:00,4.0,1.0
14805,2026-07-16T02:15:00+00:00,4.0,1.0
14806,2026-07-16T02:20:00+00:00,4.0,1.0
14807,2026-07-16T02:25:00+00:00,4.0,1.0
14808,2026-07-16T02:30:00+00:00,4.0,1.0
14809,2026-07-16T02:35:00+00:00,4.0,1.0
14810,2026-07-16T02:40:00+00:00,4.0,1.0
14811,2026-07-16T02:45:00+00:00,4.0,1.0
14812,2026-07-16T02:50:00+00:00,4.0,1.0
14813,2026-07-16T02:55:00+00:00,4.0,1.0
14814,2026-07-16T03:00:00+00:00,4.0,1.0
14815,2026-07-16T03:05:00+00:00,4.0,1.0
14816,2026-07-16T03:10:00+00:00,4.0,1.0
14817,2026-07-16T03:15:00+00:00,4.0,1.0
14818,2026-07-16T03:20:00+00:00,4.0,1.0
14819,2026-07-16T03:25:00+00:00,4.0,1.0
14820,2026-07-16T03:30:00+00:00,4.0,1.0
14821,2026-07-16T03:35:00+00:00,4.0,1.0
14822,2026-07-16T03:40:00+00:00,4.0,1.0
14823,2026-07-16T03:45:00+00:00,4.0,1.0
14824,2026-07-16T03:50:00+00:00,4.0,1.0
14825,2026-07-16T03:55:00+00:00,4.0,1.0
14826,2026-07-16T04:00:00+00:00,4.0,1.0
14827,2026-07-16T04:05:00+00:00,4.0,1.0
14828,2026-07-16T04:10:00+00:00,4.0,1.0
14829,2026-07-16T04:15:00+00:00,4.0,1.0
14830,2026-07-16T04:20:00+00:00,4.0,1.0
14831,2026-07-16T04:25:00+00:00,4.0,1.0
14832,2026-07-16T04:30:00+00:00,4.0,1.0
14833,2026-07-16T04:35:00+00:00,4.0,1.0
14834,2026-07-16T04:40:00+00:00,4.0,1.0
14835,2026-07-16T04:45:00+00:00,4.0,1.0
14836,2026-07-16T04:50:00+00:00,4.0,1.0
14837,2026-07-16T04:55:00+00:00,4.0,1.0
14838,2026-07-16T05:00:00+00:00,4.0,1.0
14839,2026-07-16T05:05:00+00:00,4.0,1.0
14840,2026-07-16T05:10:00+00:00,4.0,1.0
14841,2026-07-16T05:15:00+00:00,4.0,1.0
14842,2026-07-16T05:20:00+00:00,4.0,1.0
14843,2026-07-16T05:25:00+00:00,4.0,1.0
14844,2026-07-16T05:30:00+00:00,4.0,1.0
14845,2026-07-16T05:35:00+00:00,4.0,1.0
14846,2026-07-16T05:40:00+00:00,4.0,1.0
14847,2026-07-16T05:45:00+00:00,4.0,1.0
14848,2026-07-16T05:50:00+00:00,4.0,1.0
14849,2026-07-16T05:55:00+00:00,4.0,1.0
14850,2026-07-16T06:00:00+00:00,4.0,1.0
14851,2026-07-16T06:05:00+00:00,4.0,1.0
14852,2026-07-16T06:10:00+00:00,4.0,1.0
14853,2026-07-16T06:15:00+00:00,4.0,1.0
14854,2026-07-16T06:20:00+00:00,4.0,1.0
14855,2026-07-16T06:25:00+00:00,4.0,1.0
14856,2026-07-16T06:30:00+00:00,4.0,1.0
14857,2026-07-16T06:35:00+00:00,4.0,1.0
14858,2026-07-16T06:40:00+00:00,4.0,1.0
14859,2026-07-16T06:45:00+00:00,4.0,1.0
14860,2026-07-16T06:50:00+00:00,4.0,1.0
14861,2026-07-16T06:55:00+00:00,4.0,1.0
14862,2026-07-16T07:00:00+00:00,4.0,1.0
14863,2026-07-16T07:05:00+00:00,4.0,1.0
14864,2026-07-16T07:10:00+00:00,4.0,1.0
14865,2026-07-16T07:15:00+00:00,4.0,1.0
14866,2026-07-16T07:20:00+00:00,4.0,1.0
14867,2026-07-16T07:25:00+00:00,4.0,1.0
14868,2026-07-16T07:30:00+00:00,4.0,1.0
14869,2026-07-16T07:35:00+00:00,4.0,1.0
14870,2026-07-16T07:40:00+00:00,4.0,1.0
14871,2026-07-16T07:45:00+00:00,4.0,1.0
14872,2026-07-16T07:50:00+00:00,4.0,1.0
14873,2026-07-16T07:55:00+00:00,4.0,1.0
14874,2026-07-16T08:00:00+00:00,4.0,1.0
14875,2026-07-16T08:05:00+00:00,4.0,1.0
14876,2026-07-16T08:10:00+00:00,4.0,1.0
14877,2026-07-16T08:15:00+00:00,4.0,1.0
14878,2026-07-16T08:20:00+00:00,4.0,1.0
14879,2026-07-16T08:25:00+00:00,4.0,1.0
14880,2026-07-16T08:30:00+00:00,4.0,1.0
14881,2026-07-16T08:35:00+00:00,4.0,1.0
14882,2026-07-16T08:40:00+00:00,4.0,1.0
14883,2026-07-16T08:45:00+00:00,4.0,1.0
14884,2026-07-16T08:50:00+00:00,4.0,1.0
14885,2026-07-16T08:55:00+00:00,4.0,1.0
14886,2026-07-16T09:00:00+00:00,4.0,1.0
14887,2026-07-16T09:05:00+00:00,4.0,1.0
14888,2026-07-16T09:10:00+00:00,4.0,1.0
14889,2026-07-16T09:15:00+00:00,4.0,1.0
14890,2026-07-16T09:20:00+00:00,4.0,1.0
14891,2026-07-16T09:25:00+00:00,4.0,1.0
14892,2026-07-16T09:30:00+00:00,4.0,1.0
14893,2026-07-16T09:35:00+00:00,4.0,1.0
14894,2026-07-16T09:40:00+00:00,4.0,1.0
14895,2026-07-16T09:45:00+00:00,4.0,1.0
14896,2026-07-16T09:50:00+00:00,4.0,1.0
14897,2026-07-16T09:55:00+00:00,4.0,1.0
14898,2026-07-16T10:00:00+00:00,4.0,1.0
14899,2026-07-16T10:05:00+00:00,4.0,1.0
14900,2026-07-16T10:10:00+00:00,4.0,1.0
14901,2026-07-16T10:15:00+00:00,4.0,1.0
14902,2026-07-16T10:20:00+00:00,4.0,1.0
14903,2026-07-16T10:25:00+00:00,4.0,1.0
14904,2026-07-16T10:30:00+00:00,4.0,1.0
14905,2026-07-16T10:35:00+00:00,4.0,1.0
14906,2026-07-16T10:40:00+00:00,4.0,1.0
14907,2026-07-16T10:45:00+00:00,4.0,1.0
14908,2026-07-16T10:50:00+00:00,4.0,1.0
14909,2026-07-16T10:55:00+00:00,4.0,1.0
14910,2026-07-16T11:00:00+00:00,4.0,1.0
14911,2026-07-16T11:05:00+00:00,4.0,1.0
14912,2026-07-16T11:10:00+00:00,4.0,1.0
14913,2026-07-16T11:15:00+00:00,4.0,1.0
14914,2026-07-16T11:20:00+00:00,4.0,1.0
14915,2026-07-16T11:25:00+00:00,3.0,2.0
14916,2026-07-16T11:30:00+00:00,3.0,2.0
14917,2026-07-16T11:35:00+00:00,3.0,2.0
14918,2026-07-16T11:40:00+00:00,3.0,2.0
14919,2026-07-16T11:45:00+00:00,3.0,2.0
14920,2026-07-16T11:50:00+00:00,3.0,2.0
14921,2026-07-16T11:55:00+00:00,3.0,2.0
14922,2026-07-16T12:00:00+00:00,3.0,2.0
14923,2026-07-16T12:05:00+00:00,3.0,2.0
14924,2026-07-16T12:10:00+00:00,3.0,2.0
14925,2026-07-16T12:15:00+00:00,3.0,2.0
14926,2026-07-16T12:20:00+00:00,3.0,2.0
14927,2026-07-16T12:25:00+00:00,3.0,2.0
14928,2026-07-16T12:30:00+00:00,3.0,2.0
14929,2026-07-16T12:35:00+00:00,3.0,2.0
14930,2026-07-16T12:40:00+00:00,3.0,2.0
14931,2026-07-16T12:45:00+00:00,3.0,2.0
14932,2026-07-16T12:50:00+00:00,3.0,2.0
14933,2026-07-16T12:55:00+00:00,3.0,2.0
14934,2026-07-16T13:00:00+00:00,3.0,2.0
14935,2026-07-16T13:05:00+00:00,3.0,2.0
14936,2026-07-16T13:10:00+00:00,3.0,2.0
14937,2026-07-16T13:15:00+00:00,3.0,2.0
14938,2026-07-16T13:20:00+00:00,3.0,2.0
14939,2026-07-16T13:25:00+00:00,3.0,2.0
14940,2026-07-16T13:30:00+00:00,3.0,2.0
14941,2026-07-16T13:35:00+00:00,3.0,2.0
14942,2026-07-16T13:40:00+00:00,3.0,2.0
14943,2026-07-16T13:45:00+00:00,3.0,2.0
14944,2026-07-16T13:50:00+00:00,3.0,2.0
14945,2026-07-16T13:55:00+00:00,3.0,2.0
14946,2026-07-16T14:00:00+00:00,3.0,2.0
14947,2026-07-16T14:05:00+00:00,3.0,2.0
14948,2026-07-16T14:10:00+00:00,3.0,2.0
14949,2026-07-16T14:15:00+00:00,3.0,2.0
14950,2026-07-16T14:20:00+00:00,3.0,2.0
14951,2026-07-16T14:25:00+00:00,3.0,2.0
14952,2026-07-16T14:30:00+00:00,3.0,2.0
14953,2026-07-16T14:35:00+00:00,3.0,2.0
14954,2026-07-16T14:40:00+00:00,3.0,2.0
14955,2026-07-16T14:45:00+00:00,3.0,2.0
14956,2026-07-16T14:50:00+00:00,3.0,2.0
14957,2026-07-16T14:55:00+00:00,3.0,2.0
14958,2026-07-16T15:00:00+00:00,3.0,2.0
14959,2026-07-16T15:05:00+00:00,3.0,2.0
14960,2026-07-16T15:10:00+00:00,3.0,2.0
14961,2026-07-16T15:15:00+00:00,3.0,2.0
14962,2026-07-16T15:20:00+00:00,3.0,2.0
14963,2026-07-16T15:25:00+00:00,3.0,2.0
14964,2026-07-16T15:30:00+00:00,3.0,2.0
14965,2026-07-16T15:35:00+00:00,3.0,2.0
14966,2026-07-16T15:40:00+00:00,3.0,2.0
14967,2026-07-16T15:45:00+00:00,3.0,2.0
14968,2026-07-16T15:50:00+00:00,3.0,2.0
14969,2026-07-16T15:55:00+00:00,3.0,2.0
14970,2026-07-16T16:00:00+00:00,3.0,2.0
14971,2026-07-16T16:05:00+00:00,3.0,2.0
14972,2026-07-16T16:10:00+00:00,3.0,2.0
14973,2026-07-16T16:15:00+00:00,3.0,2.0
14974,2026-07-16T16:20:00+00:00,3.0,2.0
14975,2026-07-16T16:25:00+00:00,3.0,2.0
14976,2026-07-16T16:30:00+00:00,3.0,2.0
14977,2026-07-16T16:35:00+00:00,3.0,2.0
14978,2026-07-16T16:40:00+00:00,3.0,2.0
14979,2026-07-16T16:45:00+00:00,3.0,2.0
14980,2026-07-16T16:50:00+00:00,3.0,2.0
14981,2026-07-16T16:55:00+00:00,3.0,2.0
14982,2026-07-16T17:00:00+00:00,3.0,2.0
14983,2026-07-16T17:05:00+00:00,3.0,2.0
14984,2026-07-16T17:10:00+00:00,3.0,2.0
14985,2026-07-16T17:15:00+00:00,3.0,2.0
14986,2026-07-16T17:20:00+00:00,3.0,2.0
14987,2026-07-16T17:25:00+00:00,3.0,2.0
14988,2026-07-16T17:30:00+00:00,3.0,2.0
14989,2026-07-16T17:35:00+00:00,3.0,2.0
14990,2026-07-16T17:40:00+00:00,3.0,2.0
14991,2026-07-16T17:45:00+00:00,3.0,2.0
14992,2026-07-16T17:50:00+00:00,3.0,2.0
14993,2026-07-16T17:55:00+00:00,3.0,2.0
14994,2026-07-16T18:00:00+00:00,3.0,2.0
14995,2026-07-16T18:05:00+00:00,3.0,2.0
14996,2026-07-16T18:10:00+00:00,3.0,2.0
14997,2026-07-16T18:15:00+00:00,3.0,2.0
14998,2026-07-16T18:20:00+00:00,3.0,2.0
14999,2026-07-16T18:25:00+00:00,3.0,2.0
15000,2026-07-16T18:30:00+00:00,3.0,2.0
15001,2026-07-16T18:35:00+00:00,3.0,2.0
15002,2026-07-16T18:40:00+00:00,3.0,2.0
15003,2026-07-16T18:45:00+00:00,3.0,2.0
15004,2026-07-16T18:50:00+00:00,3.0,2.0
15005,2026-07-16T18:55:00+00:00,3.0,2.0
15006,2026-07-16T19:00:00+00:00,3.0,2.0
15007,2026-07-16T19:05:00+00:00,3.0,2.0
15008,2026-07-16T19:10:00+00:00,3.0,2.0
15009,2026-07-16T19:15:00+00:00,3.0,2.0
15010,2026-07-16T19:20:00+00:00,3.0,2.0
15011,2026-07-16T19:25:00+00:00,3.0,2.0
15012,2026-07-16T19:30:00+00:00,3.0,2.0
15013,2026-07-16T19:35:00+00:00,3.0,2.0
15014,2026-07-16T19:40:00+00:00,3.0,2.0
15015,2026-07-16T19:45:00+00:00,3.0,2.0
15016,2026-07-16T19:50:00+00:00,3.0,2.0
15017,2026-07-16T19:55:00+00:00,3.0,2.0
15018,2026-07-16T20:00:00+00:00,3.0,2.0
15019,2026-07-16T20:05:00+00:00,3.0,2.0
15020,2026-07-16T20:10:00+00:00,3.0,2.0
15021,2026-07-16T20:15:00+00:00,3.0,2.0
15022,2026-07-16T20:20:00+00:00,3.0,2.0
15023,2026-07-16T20:25:00+00:00,3.0,2.0
15024,2026-07-16T20:30:00+00:00,3.0,2.0
15025,2026-07-16T20:35:00+00:00,3.0,2.0
15026,2026-07-16T20:40:00+00:00,3.0,2.0
15027,2026-07-16T20:45:00+00:00,3.0,2.0
15028,2026-07-16T20:50:00+00:00,3.0,2.0
15029,2026-07-16T20:55:00+00:00,3.0,2.0
15030,2026-07-16T22:00:00+00:00,3.0,2.0
15031,2026-07-16T22:05:00+00:00,3.0,2.0
15032,2026-07-16T22:10:00+00:00,3.0,2.0
15033,2026-07-16T22:15:00+00:00,3.0,2.0
15034,2026-07-16T22:20:00+00:00,3.0,2.0
15035,2026-07-16T22:25:00+00:00,3.0,2.0
15036,2026-07-16T22:30:00+00:00,3.0,2.0
15037,2026-07-16T22:35:00+00:00,3.0,2.0
15038,2026-07-16T22:40:00+00:00,3.0,2.0
15039,2026-07-16T22:45:00+00:00,3.0,2.0
15040,2026-07-16T22:50:00+00:00,3.0,2.0
15041,2026-07-16T22:55:00+00:00,3.0,2.0
15042,2026-07-16T23:00:00+00:00,3.0,2.0
15043,2026-07-16T23:05:00+00:00,3.0,2.0
15044,2026-07-16T23:10:00+00:00,3.0,2.0
15045,2026-07-16T23:15:00+00:00,3.0,2.0
15046,2026-07-16T23:20:00+00:00,3.0,2.0
15047,2026-07-16T23:25:00+00:00,3.0,2.0
15048,2026-07-16T23:30:00+00:00,3.0,2.0
15049,2026-07-16T23:35:00+00:00,3.0,2.0
15050,2026-07-16T23:40:00+00:00,3.0,2.0
15051,2026-07-16T23:45:00+00:00,3.0,2.0
15052,2026-07-16T23:50:00+00:00,3.0,2.0
15053,2026-07-16T23:55:00+00:00,3.0,2.0
15054,2026-07-17T00:00:00+00:00,3.0,2.0
15055,2026-07-17T00:05:00+00:00,3.0,2.0
15056,2026-07-17T00:10:00+00:00,3.0,2.0
15057,2026-07-17T00:15:00+00:00,3.0,2.0
15058,2026-07-17T00:20:00+00:00,3.0,2.0
15059,2026-07-17T00:25:00+00:00,3.0,2.0
15060,2026-07-17T00:30:00+00:00,3.0,2.0
15061,2026-07-17T00:35:00+00:00,3.0,2.0
15062,2026-07-17T00:40:00+00:00,3.0,2.0
15063,2026-07-17T00:45:00+00:00,3.0,2.0
15064,2026-07-17T00:50:00+00:00,3.0,2.0
15065,2026-07-17T00:55:00+00:00,3.0,2.0
15066,2026-07-17T01:00:00+00:00,3.0,2.0
15067,2026-07-17T01:05:00+00:00,3.0,2.0
15068,2026-07-17T01:10:00+00:00,3.0,2.0
15069,2026-07-17T01:15:00+00:00,3.0,2.0
15070,2026-07-17T01:20:00+00:00,3.0,2.0
15071,2026-07-17T01:25:00+00:00,3.0,2.0
15072,2026-07-17T01:30:00+00:00,3.0,2.0
15073,2026-07-17T01:35:00+00:00,3.0,2.0
15074,2026-07-17T01:40:00+00:00,3.0,2.0
15075,2026-07-17T01:45:00+00:00,3.0,2.0
15076,2026-07-17T01:50:00+00:00,3.0,2.0
15077,2026-07-17T01:55:00+00:00,3.0,2.0
15078,2026-07-17T02:00:00+00:00,3.0,2.0
15079,2026-07-17T02:05:00+00:00,3.0,2.0
15080,2026-07-17T02:10:00+00:00,3.0,2.0
15081,2026-07-17T02:15:00+00:00,3.0,2.0
15082,2026-07-17T02:20:00+00:00,3.0,2.0
15083,2026-07-17T02:25:00+00:00,3.0,2.0
15084,2026-07-17T02:30:00+00:00,3.0,2.0
15085,2026-07-17T02:35:00+00:00,3.0,2.0
15086,2026-07-17T02:40:00+00:00,3.0,2.0
15087,2026-07-17T02:45:00+00:00,3.0,2.0
15088,2026-07-17T02:50:00+00:00,3.0,2.0
15089,2026-07-17T02:55:00+00:00,3.0,2.0
15090,2026-07-17T03:00:00+00:00,3.0,2.0
15091,2026-07-17T03:05:00+00:00,3.0,2.0
15092,2026-07-17T03:10:00+00:00,3.0,2.0
15093,2026-07-17T03:15:00+00:00,3.0,2.0
15094,2026-07-17T03:20:00+00:00,3.0,2.0
15095,2026-07-17T03:25:00+00:00,3.0,2.0
15096,2026-07-17T03:30:00+00:00,3.0,2.0
15097,2026-07-17T03:35:00+00:00,3.0,2.0
15098,2026-07-17T03:40:00+00:00,3.0,2.0
15099,2026-07-17T03:45:00+00:00,3.0,2.0
15100,2026-07-17T03:50:00+00:00,3.0,2.0
15101,2026-07-17T03:55:00+00:00,3.0,2.0
15102,2026-07-17T04:00:00+00:00,3.0,2.0
15103,2026-07-17T04:05:00+00:00,3.0,2.0
15104,2026-07-17T04:10:00+00:00,3.0,2.0
15105,2026-07-17T04:15:00+00:00,3.0,2.0
15106,2026-07-17T04:20:00+00:00,3.0,2.0
15107,2026-07-17T04:25:00+00:00,3.0,2.0
15108,2026-07-17T04:30:00+00:00,3.0,2.0
15109,2026-07-17T04:35:00+00:00,3.0,2.0
15110,2026-07-17T04:40:00+00:00,3.0,2.0
15111,2026-07-17T04:45:00+00:00,3.0,2.0
15112,2026-07-17T04:50:00+00:00,3.0,2.0
15113,2026-07-17T04:55:00+00:00,3.0,2.0
15114,2026-07-17T05:00:00+00:00,3.0,2.0
15115,2026-07-17T05:05:00+00:00,3.0,2.0
15116,2026-07-17T05:10:00+00:00,3.0,2.0
15117,2026-07-17T05:15:00+00:00,3.0,2.0
15118,2026-07-17T05:20:00+00:00,3.0,2.0
15119,2026-07-17T05:25:00+00:00,3.0,2.0
15120,2026-07-17T05:30:00+00:00,3.0,2.0
15121,2026-07-17T05:35:00+00:00,3.0,2.0
15122,2026-07-17T05:40:00+00:00,3.0,2.0
15123,2026-07-17T05:45:00+00:00,3.0,2.0
15124,2026-07-17T05:50:00+00:00,3.0,2.0
15125,2026-07-17T05:55:00+00:00,3.0,2.0
15126,2026-07-17T06:00:00+00:00,3.0,2.0
15127,2026-07-17T06:05:00+00:00,3.0,2.0
15128,2026-07-17T06:10:00+00:00,3.0,2.0
15129,2026-07-17T06:15:00+00:00,3.0,2.0
15130,2026-07-17T06:20:00+00:00,3.0,2.0
15131,2026-07-17T06:25:00+00:00,3.0,2.0
15132,2026-07-17T06:30:00+00:00,3.0,2.0
15133,2026-07-17T06:35:00+00:00,3.0,2.0
15134,2026-07-17T06:40:00+00:00,3.0,2.0
15135,2026-07-17T06:45:00+00:00,3.0,2.0
15136,2026-07-17T06:50:00+00:00,3.0,2.0
15137,2026-07-17T06:55:00+00:00,3.0,2.0
15138,2026-07-17T07:00:00+00:00,3.0,2.0
15139,2026-07-17T07:05:00+00:00,3.0,2.0
15140,2026-07-17T07:10:00+00:00,3.0,2.0
15141,2026-07-17T07:15:00+00:00,3.0,2.0
15142,2026-07-17T07:20:00+00:00,3.0,2.0
15143,2026-07-17T07:25:00+00:00,3.0,2.0
15144,2026-07-17T07:30:00+00:00,3.0,2.0
15145,2026-07-17T07:35:00+00:00,3.0,2.0
15146,2026-07-17T07:40:00+00:00,3.0,2.0
15147,2026-07-17T07:45:00+00:00,3.0,2.0
15148,2026-07-17T07:50:00+00:00,3.0,2.0
15149,2026-07-17T07:55:00+00:00,3.0,2.0
15150,2026-07-17T08:00:00+00:00,3.0,2.0
15151,2026-07-17T08:05:00+00:00,3.0,2.0
15152,2026-07-17T08:10:00+00:00,3.0,2.0
15153,2026-07-17T08:15:00+00:00,3.0,2.0
15154,2026-07-17T08:20:00+00:00,3.0,2.0
15155,2026-07-17T08:25:00+00:00,3.0,2.0
15156,2026-07-17T08:30:00+00:00,3.0,2.0
15157,2026-07-17T08:35:00+00:00,3.0,2.0
15158,2026-07-17T08:40:00+00:00,3.0,2.0
15159,2026-07-17T08:45:00+00:00,3.0,2.0
15160,2026-07-17T08:50:00+00:00,3.0,2.0
15161,2026-07-17T08:55:00+00:00,3.0,2.0
15162,2026-07-17T09:00:00+00:00,3.0,2.0
15163,2026-07-17T09:05:00+00:00,3.0,2.0
15164,2026-07-17T09:10:00+00:00,3.0,2.0
15165,2026-07-17T09:15:00+00:00,3.0,2.0
15166,2026-07-17T09:20:00+00:00,3.0,2.0
15167,2026-07-17T09:25:00+00:00,3.0,2.0
15168,2026-07-17T09:30:00+00:00,3.0,2.0
15169,2026-07-17T09:35:00+00:00,3.0,2.0
15170,2026-07-17T09:40:00+00:00,3.0,2.0
15171,2026-07-17T09:45:00+00:00,3.0,2.0
15172,2026-07-17T09:50:00+00:00,3.0,2.0
15173,2026-07-17T09:55:00+00:00,3.0,2.0
15174,2026-07-17T10:00:00+00:00,3.0,2.0
15175,2026-07-17T10:05:00+00:00,3.0,2.0
15176,2026-07-17T10:10:00+00:00,3.0,2.0
15177,2026-07-17T10:15:00+00:00,3.0,2.0
15178,2026-07-17T10:20:00+00:00,3.0,2.0
15179,2026-07-17T10:25:00+00:00,3.0,2.0
15180,2026-07-17T10:30:00+00:00,3.0,2.0
15181,2026-07-17T10:35:00+00:00,3.0,2.0
15182,2026-07-17T10:40:00+00:00,3.0,2.0
15183,2026-07-17T10:45:00+00:00,3.0,2.0
15184,2026-07-17T10:50:00+00:00,3.0,2.0
15185,2026-07-17T10:55:00+00:00,3.0,2.0
15186,2026-07-17T11:00:00+00:00,3.0,2.0
15187,2026-07-17T11:05:00+00:00,3.0,2.0
15188,2026-07-17T11:10:00+00:00,3.0,2.0
15189,2026-07-17T11:15:00+00:00,3.0,2.0
15190,2026-07-17T11:20:00+00:00,3.0,2.0
15191,2026-07-17T11:25:00+00:00,3.0,2.0
15192,2026-07-17T11:30:00+00:00,3.0,2.0
15193,2026-07-17T11:35:00+00:00,3.0,2.0
15194,2026-07-17T11:40:00+00:00,3.0,2.0
15195,2026-07-17T11:45:00+00:00,3.0,2.0
15196,2026-07-17T11:50:00+00:00,3.0,2.0
15197,2026-07-17T11:55:00+00:00,3.0,2.0
15198,2026-07-17T12:00:00+00:00,3.0,2.0
15199,2026-07-17T12:05:00+00:00,3.0,2.0
15200,2026-07-17T12:10:00+00:00,3.0,2.0
15201,2026-07-17T12:15:00+00:00,3.0,2.0
15202,2026-07-17T12:20:00+00:00,3.0,2.0
15203,2026-07-17T12:25:00+00:00,3.0,2.0
15204,2026-07-17T12:30:00+00:00,3.0,2.0
15205,2026-07-17T12:35:00+00:00,3.0,2.0
15206,2026-07-17T12:40:00+00:00,3.0,2.0
15207,2026-07-17T12:45:00+00:00,3.0,2.0
15208,2026-07-17T12:50:00+00:00,3.0,2.0
15209,2026-07-17T12:55:00+00:00,3.0,2.0
15210,2026-07-17T13:00:00+00:00,3.0,2.0
15211,2026-07-17T13:05:00+00:00,3.0,2.0
15212,2026-07-17T13:10:00+00:00,3.0,2.0
15213,2026-07-17T13:15:00+00:00,3.0,2.0
15214,2026-07-17T13:20:00+00:00,3.0,2.0
15215,2026-07-17T13:25:00+00:00,3.0,2.0
15216,2026-07-17T13:30:00+00:00,3.0,2.0
15217,2026-07-17T13:35:00+00:00,3.0,2.0
15218,2026-07-17T13:40:00+00:00,3.0,2.0
15219,2026-07-17T13:45:00+00:00,3.0,2.0
15220,2026-07-17T13:50:00+00:00,3.0,2.0
15221,2026-07-17T13:55:00+00:00,3.0,2.0
15222,2026-07-17T14:00:00+00:00,3.0,2.0
15223,2026-07-17T14:05:00+00:00,3.0,2.0
15224,2026-07-17T14:10:00+00:00,3.0,2.0
15225,2026-07-17T14:15:00+00:00,3.0,2.0
15226,2026-07-17T14:20:00+00:00,3.0,2.0
15227,2026-07-17T14:25:00+00:00,3.0,2.0
15228,2026-07-17T14:30:00+00:00,3.0,2.0
15229,2026-07-17T14:35:00+00:00,3.0,2.0
15230,2026-07-17T14:40:00+00:00,3.0,2.0
15231,2026-07-17T14:45:00+00:00,3.0,2.0
15232,2026-07-17T14:50:00+00:00,3.0,2.0
15233,2026-07-17T14:55:00+00:00,3.0,2.0
15234,2026-07-17T15:00:00+00:00,2.0,3.0
15235,2026-07-17T15:05:00+00:00,2.0,3.0
15236,2026-07-17T15:10:00+00:00,2.0,3.0
15237,2026-07-17T15:15:00+00:00,2.0,3.0
15238,2026-07-17T15:20:00+00:00,2.0,3.0
15239,2026-07-17T15:25:00+00:00,2.0,3.0
15240,2026-07-17T15:30:00+00:00,2.0,3.0
15241,2026-07-17T15:35:00+00:00,2.0,3.0
15242,2026-07-17T15:40:00+00:00,2.0,3.0
15243,2026-07-17T15:45:00+00:00,2.0,3.0
15244,2026-07-17T15:50:00+00:00,2.0,3.0
15245,2026-07-17T15:55:00+00:00,2.0,3.0
15246,2026-07-17T16:00:00+00:00,2.0,3.0
15247,2026-07-17T16:05:00+00:00,2.0,3.0
15248,2026-07-17T16:10:00+00:00,2.0,3.0
15249,2026-07-17T16:15:00+00:00,2.0,3.0
15250,2026-07-17T16:20:00+00:00,2.0,3.0
15251,2026-07-17T16:25:00+00:00,2.0,3.0
15252,2026-07-17T16:30:00+00:00,2.0,3.0
15253,2026-07-17T16:35:00+00:00,2.0,3.0
15254,2026-07-17T16:40:00+00:00,2.0,3.0
15255,2026-07-17T16:45:00+00:00,2.0,3.0
15256,2026-07-17T16:50:00+00:00,2.0,3.0
15257,2026-07-17T16:55:00+00:00,2.0,3.0
15258,2026-07-17T17:00:00+00:00,2.0,3.0
15259,2026-07-17T17:05:00+00:00,2.0,3.0
15260,2026-07-17T17:10:00+00:00,2.0,3.0
15261,2026-07-17T17:15:00+00:00,2.0,3.0
15262,2026-07-17T17:20:00+00:00,2.0,3.0
15263,2026-07-17T17:25:00+00:00,2.0,3.0
15264,2026-07-17T17:30:00+00:00,2.0,3.0
15265,2026-07-17T17:35:00+00:00,2.0,3.0
15266,2026-07-17T17:40:00+00:00,2.0,3.0
15267,2026-07-17T17:45:00+00:00,2.0,3.0
15268,2026-07-17T17:50:00+00:00,2.0,3.0
15269,2026-07-17T17:55:00+00:00,2.0,3.0
15270,2026-07-17T18:00:00+00:00,2.0,3.0
15271,2026-07-17T18:05:00+00:00,2.0,3.0
15272,2026-07-17T18:10:00+00:00,2.0,3.0
15273,2026-07-17T18:15:00+00:00,2.0,3.0
15274,2026-07-17T18:20:00+00:00,2.0,3.0
15275,2026-07-17T18:25:00+00:00,2.0,3.0
15276,2026-07-17T18:30:00+00:00,2.0,3.0
15277,2026-07-17T18:35:00+00:00,2.0,3.0
15278,2026-07-17T18:40:00+00:00,2.0,3.0
15279,2026-07-17T18:45:00+00:00,2.0,3.0
15280,2026-07-17T18:50:00+00:00,2.0,3.0
15281,2026-07-17T18:55:00+00:00,2.0,3.0
15282,2026-07-17T19:00:00+00:00,2.0,3.0
15283,2026-07-17T19:05:00+00:00,2.0,3.0
15284,2026-07-17T19:10:00+00:00,2.0,3.0
15285,2026-07-17T19:15:00+00:00,2.0,3.0
15286,2026-07-17T19:20:00+00:00,2.0,3.0
15287,2026-07-17T19:25:00+00:00,2.0,3.0
15288,2026-07-17T19:30:00+00:00,2.0,3.0
15289,2026-07-17T19:35:00+00:00,2.0,3.0
15290,2026-07-17T19:40:00+00:00,2.0,3.0
15291,2026-07-17T19:45:00+00:00,2.0,3.0
15292,2026-07-17T19:50:00+00:00,2.0,3.0
15293,2026-07-17T19:55:00+00:00,2.0,3.0
15294,2026-07-17T20:00:00+00:00,2.0,3.0
15295,2026-07-17T20:05:00+00:00,2.0,3.0
15296,2026-07-17T20:10:00+00:00,2.0,3.0
15297,2026-07-17T20:15:00+00:00,2.0,3.0
15298,2026-07-17T20:20:00+00:00,2.0,3.0
15299,2026-07-17T20:25:00+00:00,2.0,3.0
15300,2026-07-17T20:30:00+00:00,2.0,3.0
15301,2026-07-17T20:35:00+00:00,2.0,3.0
15302,2026-07-17T20:40:00+00:00,2.0,3.0
15303,2026-07-17T20:45:00+00:00,2.0,3.0
15304,2026-07-17T20:50:00+00:00,2.0,3.0
15305,2026-07-17T20:55:00+00:00,2.0,3.0
15306,2026-07-19T22:00:00+00:00,2.0,3.0
15307,2026-07-19T22:05:00+00:00,2.0,3.0
15308,2026-07-19T22:10:00+00:00,2.0,3.0
15309,2026-07-19T22:15:00+00:00,2.0,3.0
15310,2026-07-19T22:20:00+00:00,2.0,3.0
15311,2026-07-19T22:25:00+00:00,2.0,3.0
15312,2026-07-19T22:30:00+00:00,2.0,3.0
15313,2026-07-19T22:35:00+00:00,2.0,3.0
15314,2026-07-19T22:40:00+00:00,2.0,3.0
15315,2026-07-19T22:45:00+00:00,2.0,3.0
15316,2026-07-19T22:50:00+00:00,2.0,3.0
15317,2026-07-19T22:55:00+00:00,2.0,3.0
15318,2026-07-19T23:00:00+00:00,2.0,3.0
15319,2026-07-19T23:05:00+00:00,2.0,3.0
15320,2026-07-19T23:10:00+00:00,2.0,3.0
15321,2026-07-19T23:15:00+00:00,2.0,3.0
15322,2026-07-19T23:20:00+00:00,2.0,3.0
15323,2026-07-19T23:25:00+00:00,2.0,3.0
15324,2026-07-19T23:30:00+00:00,2.0,3.0
15325,2026-07-19T23:35:00+00:00,2.0,3.0
15326,2026-07-19T23:40:00+00:00,2.0,3.0
15327,2026-07-19T23:45:00+00:00,2.0,3.0
15328,2026-07-19T23:50:00+00:00,2.0,3.0
15329,2026-07-19T23:55:00+00:00,2.0,3.0
15330,2026-07-20T00:00:00+00:00,2.0,3.0
15331,2026-07-20T00:05:00+00:00,2.0,3.0
15332,2026-07-20T00:10:00+00:00,2.0,3.0
15333,2026-07-20T00:15:00+00:00,2.0,3.0
15334,2026-07-20T00:20:00+00:00,2.0,3.0
15335,2026-07-20T00:25:00+00:00,2.0,3.0
15336,2026-07-20T00:30:00+00:00,2.0,3.0
15337,2026-07-20T00:35:00+00:00,2.0,3.0
15338,2026-07-20T00:40:00+00:00,2.0,3.0
15339,2026-07-20T00:45:00+00:00,2.0,3.0
15340,2026-07-20T00:50:00+00:00,2.0,3.0
15341,2026-07-20T00:55:00+00:00,2.0,3.0
15342,2026-07-20T01:00:00+00:00,2.0,3.0
15343,2026-07-20T01:05:00+00:00,2.0,3.0
15344,2026-07-20T01:10:00+00:00,2.0,3.0
15345,2026-07-20T01:15:00+00:00,2.0,3.0
15346,2026-07-20T01:20:00+00:00,2.0,3.0
15347,2026-07-20T01:25:00+00:00,2.0,3.0
15348,2026-07-20T01:30:00+00:00,2.0,3.0
15349,2026-07-20T01:35:00+00:00,2.0,3.0
15350,2026-07-20T01:40:00+00:00,2.0,3.0
15351,2026-07-20T01:45:00+00:00,2.0,3.0
15352,2026-07-20T01:50:00+00:00,2.0,3.0
15353,2026-07-20T01:55:00+00:00,2.0,3.0
15354,2026-07-20T02:00:00+00:00,2.0,3.0
15355,2026-07-20T02:05:00+00:00,2.0,3.0
15356,2026-07-20T02:10:00+00:00,2.0,3.0
15357,2026-07-20T02:15:00+00:00,2.0,3.0
15358,2026-07-20T02:20:00+00:00,2.0,3.0
15359,2026-07-20T02:25:00+00:00,2.0,3.0
15360,2026-07-20T02:30:00+00:00,2.0,3.0
15361,2026-07-20T02:35:00+00:00,2.0,3.0
15362,2026-07-20T02:40:00+00:00,2.0,3.0
15363,2026-07-20T02:45:00+00:00,2.0,3.0
15364,2026-07-20T02:50:00+00:00,2.0,3.0
15365,2026-07-20T02:55:00+00:00,2.0,3.0
15366,2026-07-20T03:00:00+00:00,2.0,3.0
15367,2026-07-20T03:05:00+00:00,2.0,3.0
15368,2026-07-20T03:10:00+00:00,2.0,3.0
15369,2026-07-20T03:15:00+00:00,2.0,3.0
15370,2026-07-20T03:20:00+00:00,2.0,3.0
15371,2026-07-20T03:25:00+00:00,2.0,3.0
15372,2026-07-20T03:30:00+00:00,2.0,3.0
15373,2026-07-20T03:35:00+00:00,2.0,3.0
15374,2026-07-20T03:40:00+00:00,2.0,3.0
15375,2026-07-20T03:45:00+00:00,2.0,3.0
15376,2026-07-20T03:50:00+00:00,2.0,3.0
15377,2026-07-20T03:55:00+00:00,2.0,3.0
15378,2026-07-20T04:00:00+00:00,2.0,3.0
15379,2026-07-20T04:05:00+00:00,2.0,3.0
15380,2026-07-20T04:10:00+00:00,2.0,3.0
15381,2026-07-20T04:15:00+00:00,2.0,3.0
15382,2026-07-20T04:20:00+00:00,2.0,3.0
15383,2026-07-20T04:25:00+00:00,2.0,3.0
15384,2026-07-20T04:30:00+00:00,2.0,3.0
15385,2026-07-20T04:35:00+00:00,2.0,3.0
15386,2026-07-20T04:40:00+00:00,2.0,3.0
15387,2026-07-20T04:45:00+00:00,2.0,3.0
15388,2026-07-20T04:50:00+00:00,2.0,3.0
15389,2026-07-20T04:55:00+00:00,2.0,3.0
15390,2026-07-20T05:00:00+00:00,2.0,3.0
15391,2026-07-20T05:05:00+00:00,2.0,3.0
15392,2026-07-20T05:10:00+00:00,2.0,3.0
15393,2026-07-20T05:15:00+00:00,2.0,3.0
15394,2026-07-20T05:20:00+00:00,2.0,3.0
15395,2026-07-20T05:25:00+00:00,2.0,3.0
15396,2026-07-20T05:30:00+00:00,2.0,3.0
15397,2026-07-20T05:35:00+00:00,2.0,3.0
15398,2026-07-20T05:40:00+00:00,2.0,3.0
15399,2026-07-20T05:45:00+00:00,2.0,3.0
15400,2026-07-20T05:50:00+00:00,2.0,3.0
15401,2026-07-20T05:55:00+00:00,2.0,3.0
15402,2026-07-20T06:00:00+00:00,2.0,3.0
15403,2026-07-20T06:05:00+00:00,2.0,3.0
15404,2026-07-20T06:10:00+00:00,2.0,3.0
15405,2026-07-20T06:15:00+00:00,2.0,3.0
15406,2026-07-20T06:20:00+00:00,2.0,3.0
15407,2026-07-20T06:25:00+00:00,2.0,3.0
15408,2026-07-20T06:30:00+00:00,2.0,3.0
15409,2026-07-20T06:35:00+00:00,2.0,3.0
15410,2026-07-20T06:40:00+00:00,2.0,3.0
15411,2026-07-20T06:45:00+00:00,2.0,3.0
15412,2026-07-20T06:50:00+00:00,2.0,3.0
15413,2026-07-20T06:55:00+00:00,2.0,3.0
15414,2026-07-20T07:00:00+00:00,2.0,3.0
15415,2026-07-20T07:05:00+00:00,2.0,3.0
15416,2026-07-20T07:10:00+00:00,2.0,3.0
15417,2026-07-20T07:15:00+00:00,2.0,3.0
15418,2026-07-20T07:20:00+00:00,2.0,3.0
15419,2026-07-20T07:25:00+00:00,2.0,3.0
15420,2026-07-20T07:30:00+00:00,2.0,3.0
15421,2026-07-20T07:35:00+00:00,2.0,3.0
15422,2026-07-20T07:40:00+00:00,2.0,3.0
15423,2026-07-20T07:45:00+00:00,2.0,3.0
15424,2026-07-20T07:50:00+00:00,2.0,3.0
15425,2026-07-20T07:55:00+00:00,2.0,3.0
15426,2026-07-20T08:00:00+00:00,1.0,4.0
15427,2026-07-20T08:05:00+00:00,1.0,4.0
15428,2026-07-20T08:10:00+00:00,1.0,4.0
15429,2026-07-20T08:15:00+00:00,1.0,4.0
15430,2026-07-20T08:20:00+00:00,1.0,4.0
15431,2026-07-20T08:25:00+00:00,1.0,4.0
15432,2026-07-20T08:30:00+00:00,1.0,4.0
15433,2026-07-20T08:35:00+00:00,1.0,4.0
15434,2026-07-20T08:40:00+00:00,1.0,4.0
15435,2026-07-20T08:45:00+00:00,1.0,4.0
15436,2026-07-20T08:50:00+00:00,1.0,4.0
15437,2026-07-20T08:55:00+00:00,1.0,4.0
15438,2026-07-20T09:00:00+00:00,1.0,4.0
15439,2026-07-20T09:05:00+00:00,1.0,4.0
15440,2026-07-20T09:10:00+00:00,1.0,4.0
15441,2026-07-20T09:15:00+00:00,1.0,4.0
15442,2026-07-20T09:20:00+00:00,1.0,4.0
15443,2026-07-20T09:25:00+00:00,1.0,4.0
15444,2026-07-20T09:30:00+00:00,1.0,4.0
15445,2026-07-20T09:35:00+00:00,1.0,4.0
15446,2026-07-20T09:40:00+00:00,1.0,4.0
15447,2026-07-20T09:45:00+00:00,1.0,4.0
15448,2026-07-20T09:50:00+00:00,1.0,4.0
15449,2026-07-20T09:55:00+00:00,1.0,4.0
15450,2026-07-20T10:00:00+00:00,1.0,4.0
15451,2026-07-20T10:05:00+00:00,1.0,4.0
15452,2026-07-20T10:10:00+00:00,1.0,4.0
15453,2026-07-20T10:15:00+00:00,1.0,4.0
15454,2026-07-20T10:20:00+00:00,1.0,4.0
15455,2026-07-20T10:25:00+00:00,1.0,4.0
15456,2026-07-20T10:30:00+00:00,1.0,4.0
15457,2026-07-20T10:35:00+00:00,1.0,4.0
15458,2026-07-20T10:40:00+00:00,1.0,4.0
15459,2026-07-20T10:45:00+00:00,1.0,4.0
15460,2026-07-20T10:50:00+00:00,1.0,4.0
15461,2026-07-20T10:55:00+00:00,1.0,4.0
15462,2026-07-20T11:00:00+00:00,1.0,4.0
15463,2026-07-20T11:05:00+00:00,1.0,4.0
15464,2026-07-20T11:10:00+00:00,1.0,4.0
15465,2026-07-20T11:15:00+00:00,1.0,4.0
15466,2026-07-20T11:20:00+00:00,1.0,4.0
15467,2026-07-20T11:25:00+00:00,1.0,4.0
15468,2026-07-20T11:30:00+00:00,1.0,4.0
15469,2026-07-20T11:35:00+00:00,1.0,4.0
15470,2026-07-20T11:40:00+00:00,1.0,4.0
15471,2026-07-20T11:45:00+00:00,1.0,4.0
15472,2026-07-20T11:50:00+00:00,1.0,4.0
15473,2026-07-20T11:55:00+00:00,1.0,4.0
15474,2026-07-20T12:00:00+00:00,1.0,4.0
15475,2026-07-20T12:05:00+00:00,1.0,4.0
15476,2026-07-20T12:10:00+00:00,1.0,4.0
15477,2026-07-20T12:15:00+00:00,1.0,4.0
15478,2026-07-20T12:20:00+00:00,1.0,4.0
15479,2026-07-20T12:25:00+00:00,1.0,4.0
15480,2026-07-20T12:30:00+00:00,1.0,4.0
15481,2026-07-20T12:35:00+00:00,1.0,4.0
15482,2026-07-20T12:40:00+00:00,1.0,4.0
15483,2026-07-20T12:45:00+00:00,1.0,4.0
15484,2026-07-20T12:50:00+00:00,1.0,4.0
15485,2026-07-20T12:55:00+00:00,1.0,4.0
15486,2026-07-20T13:00:00+00:00,1.0,4.0
15487,2026-07-20T13:05:00+00:00,1.0,4.0
15488,2026-07-20T13:10:00+00:00,1.0,4.0
15489,2026-07-20T13:15:00+00:00,1.0,4.0
15490,2026-07-20T13:20:00+00:00,1.0,4.0
15491,2026-07-20T13:25:00+00:00,1.0,4.0
15492,2026-07-20T13:30:00+00:00,1.0,4.0
15493,2026-07-20T13:35:00+00:00,1.0,4.0
15494,2026-07-20T13:40:00+00:00,1.0,4.0
15495,2026-07-20T13:45:00+00:00,1.0,4.0
15496,2026-07-20T13:50:00+00:00,1.0,4.0
15497,2026-07-20T13:55:00+00:00,1.0,4.0
15498,2026-07-20T14:00:00+00:00,1.0,4.0
15499,2026-07-20T14:05:00+00:00,1.0,4.0
15500,2026-07-20T14:10:00+00:00,1.0,4.0
15501,2026-07-20T14:15:00+00:00,1.0,4.0
15502,2026-07-20T14:20:00+00:00,1.0,4.0
15503,2026-07-20T14:25:00+00:00,1.0,4.0
15504,2026-07-20T14:30:00+00:00,1.0,4.0
15505,2026-07-20T14:35:00+00:00,1.0,4.0
15506,2026-07-20T14:40:00+00:00,1.0,4.0
15507,2026-07-20T14:45:00+00:00,1.0,4.0
15508,2026-07-20T14:50:00+00:00,1.0,4.0
15509,2026-07-20T14:55:00+00:00,1.0,4.0
15510,2026-07-20T15:00:00+00:00,1.0,4.0
15511,2026-07-20T15:05:00+00:00,1.0,4.0
15512,2026-07-20T15:10:00+00:00,1.0,4.0
15513,2026-07-20T15:15:00+00:00,1.0,4.0
15514,2026-07-20T15:20:00+00:00,1.0,4.0
15515,2026-07-20T15:25:00+00:00,1.0,4.0
15516,2026-07-20T15:30:00+00:00,1.0,4.0
15517,2026-07-20T15:35:00+00:00,1.0,4.0
15518,2026-07-20T15:40:00+00:00,1.0,4.0
15519,2026-07-20T15:45:00+00:00,1.0,4.0
15520,2026-07-20T15:50:00+00:00,1.0,4.0
15521,2026-07-20T15:55:00+00:00,1.0,4.0
15522,2026-07-20T16:00:00+00:00,1.0,4.0
15523,2026-07-20T16:05:00+00:00,1.0,4.0
15524,2026-07-20T16:10:00+00:00,1.0,4.0
15525,2026-07-20T16:15:00+00:00,1.0,4.0
15526,2026-07-20T16:20:00+00:00,1.0,4.0
15527,2026-07-20T16:25:00+00:00,1.0,4.0
15528,2026-07-20T16:30:00+00:00,1.0,4.0
15529,2026-07-20T16:35:00+00:00,1.0,4.0
15530,2026-07-20T16:40:00+00:00,1.0,4.0
15531,2026-07-20T16:45:00+00:00,1.0,4.0
15532,2026-07-20T16:50:00+00:00,1.0,4.0
15533,2026-07-20T16:55:00+00:00,1.0,4.0
15534,2026-07-20T17:00:00+00:00,1.0,4.0
15535,2026-07-20T17:05:00+00:00,1.0,4.0
15536,2026-07-20T17:10:00+00:00,1.0,4.0
15537,2026-07-20T17:15:00+00:00,1.0,4.0
15538,2026-07-20T17:20:00+00:00,1.0,4.0
15539,2026-07-20T17:25:00+00:00,1.0,4.0
15540,2026-07-20T17:30:00+00:00,1.0,4.0
15541,2026-07-20T17:35:00+00:00,1.0,4.0
15542,2026-07-20T17:40:00+00:00,1.0,4.0
15543,2026-07-20T17:45:00+00:00,1.0,4.0
15544,2026-07-20T17:50:00+00:00,1.0,4.0
15545,2026-07-20T17:55:00+00:00,1.0,4.0
15546,2026-07-20T18:00:00+00:00,1.0,4.0
15547,2026-07-20T18:05:00+00:00,1.0,4.0
15548,2026-07-20T18:10:00+00:00,1.0,4.0
15549,2026-07-20T18:15:00+00:00,1.0,4.0
15550,2026-07-20T18:20:00+00:00,1.0,4.0
15551,2026-07-20T18:25:00+00:00,1.0,4.0
15552,2026-07-20T18:30:00+00:00,1.0,4.0
15553,2026-07-20T18:35:00+00:00,1.0,4.0
15554,2026-07-20T18:40:00+00:00,1.0,4.0
15555,2026-07-20T18:45:00+00:00,1.0,4.0
15556,2026-07-20T18:50:00+00:00,1.0,4.0
15557,2026-07-20T18:55:00+00:00,1.0,4.0
15558,2026-07-20T19:00:00+00:00,1.0,4.0
15559,2026-07-20T19:05:00+00:00,1.0,4.0
15560,2026-07-20T19:10:00+00:00,1.0,4.0
15561,2026-07-20T19:15:00+00:00,1.0,4.0
15562,2026-07-20T19:20:00+00:00,1.0,4.0
15563,2026-07-20T19:25:00+00:00,1.0,4.0
15564,2026-07-20T19:30:00+00:00,1.0,4.0
15565,2026-07-20T19:35:00+00:00,1.0,4.0
15566,2026-07-20T19:40:00+00:00,1.0,4.0
15567,2026-07-20T19:45:00+00:00,1.0,4.0
15568,2026-07-20T19:50:00+00:00,1.0,4.0
15569,2026-07-20T19:55:00+00:00,1.0,4.0
15570,2026-07-20T20:00:00+00:00,1.0,4.0
15571,2026-07-20T20:05:00+00:00,1.0,4.0
15572,2026-07-20T20:10:00+00:00,1.0,4.0
15573,2026-07-20T20:15:00+00:00,1.0,4.0
15574,2026-07-20T20:20:00+00:00,1.0,4.0
15575,2026-07-20T20:25:00+00:00,1.0,4.0
15576,2026-07-20T20:30:00+00:00,1.0,4.0
15577,2026-07-20T20:35:00+00:00,1.0,4.0
15578,2026-07-20T20:40:00+00:00,1.0,4.0
15579,2026-07-20T20:45:00+00:00,1.0,4.0
15580,2026-07-20T20:50:00+00:00,1.0,4.0
15581,2026-07-20T20:55:00+00:00,1.0,4.0
15582,2026-07-20T22:00:00+00:00,1.0,4.0
15583,2026-07-20T22:05:00+00:00,1.0,4.0
15584,2026-07-20T22:10:00+00:00,1.0,4.0
15585,2026-07-20T22:15:00+00:00,1.0,4.0
15586,2026-07-20T22:20:00+00:00,1.0,4.0
15587,2026-07-20T22:25:00+00:00,1.0,4.0
15588,2026-07-20T22:30:00+00:00,1.0,4.0
15589,2026-07-20T22:35:00+00:00,1.0,4.0
15590,2026-07-20T22:40:00+00:00,1.0,4.0
15591,2026-07-20T22:45:00+00:00,0.0,5.0
15592,2026-07-20T22:50:00+00:00,0.0,5.0
15593,2026-07-20T22:55:00+00:00,0.0,5.0
15594,2026-07-20T23:00:00+00:00,0.0,5.0
15595,2026-07-20T23:05:00+00:00,0.0,5.0
15596,2026-07-20T23:10:00+00:00,0.0,5.0
15597,2026-07-20T23:15:00+00:00,0.0,5.0
15598,2026-07-20T23:20:00+00:00,0.0,5.0
15599,2026-07-20T23:25:00+00:00,0.0,5.0
15600,2026-07-20T23:30:00+00:00,0.0,5.0
15601,2026-07-20T23:35:00+00:00,0.0,5.0
15602,2026-07-20T23:40:00+00:00,0.0,5.0
15603,2026-07-20T23:45:00+00:00,0.0,5.0
15604,2026-07-20T23:50:00+00:00,0.0,5.0
15605,2026-07-20T23:55:00+00:00,0.0,5.0
15606,2026-07-21T00:00:00+00:00,0.0,5.0
15607,2026-07-21T00:05:00+00:00,0.0,5.0
15608,2026-07-21T00:10:00+00:00,0.0,5.0
15609,2026-07-21T00:15:00+00:00,0.0,5.0
15610,2026-07-21T00:20:00+00:00,0.0,5.0
15611,2026-07-21T00:25:00+00:00,0.0,5.0
15612,2026-07-21T00:30:00+00:00,0.0,5.0
15613,2026-07-21T00:35:00+00:00,0.0,5.0
15614,2026-07-21T00:40:00+00:00,0.0,5.0
15615,2026-07-21T00:45:00+00:00,0.0,5.0
15616,2026-07-21T00:50:00+00:00,0.0,5.0
15617,2026-07-21T00:55:00+00:00,0.0,5.0
15618,2026-07-21T01:00:00+00:00,0.0,5.0
15619,2026-07-21T01:05:00+00:00,0.0,5.0
15620,2026-07-21T01:10:00+00:00,0.0,5.0
15621,2026-07-21T01:15:00+00:00,0.0,5.0
15622,2026-07-21T01:20:00+00:00,0.0,5.0
15623,2026-07-21T01:25:00+00:00,0.0,5.0
15624,2026-07-21T01:30:00+00:00,0.0,5.0
15625,2026-07-21T01:35:00+00:00,0.0,5.0
15626,2026-07-21T01:40:00+00:00,0.0,5.0
15627,2026-07-21T01:45:00+00:00,0.0,5.0
15628,2026-07-21T01:50:00+00:00,0.0,5.0
15629,2026-07-21T01:55:00+00:00,0.0,5.0
15630,2026-07-21T02:00:00+00:00,0.0,5.0
15631,2026-07-21T02:05:00+00:00,0.0,5.0
15632,2026-07-21T02:10:00+00:00,0.0,5.0
15633,2026-07-21T02:15:00+00:00,0.0,5.0
15634,2026-07-21T02:20:00+00:00,0.0,5.0
15635,2026-07-21T02:25:00+00:00,0.0,5.0
15636,2026-07-21T02:30:00+00:00,0.0,5.0
15637,2026-07-21T02:35:00+00:00,0.0,5.0
15638,2026-07-21T02:40:00+00:00,0.0,5.0
15639,2026-07-21T02:45:00+00:00,0.0,5.0
15640,2026-07-21T02:50:00+00:00,0.0,5.0
15641,2026-07-21T02:55:00+00:00,0.0,5.0
15642,2026-07-21T03:00:00+00:00,0.0,5.0
15643,2026-07-21T03:05:00+00:00,0.0,5.0
15644,2026-07-21T03:10:00+00:00,0.0,5.0
15645,2026-07-21T03:15:00+00:00,0.0,5.0
15646,2026-07-21T03:20:00+00:00,0.0,5.0
15647,2026-07-21T03:25:00+00:00,0.0,5.0
15648,2026-07-21T03:30:00+00:00,0.0,5.0
15649,2026-07-21T03:35:00+00:00,0.0,5.0
15650,2026-07-21T03:40:00+00:00,0.0,5.0
15651,2026-07-21T03:45:00+00:00,0.0,5.0
15652,2026-07-21T03:50:00+00:00,0.0,5.0
15653,2026-07-21T03:55:00+00:00,0.0,5.0
15654,2026-07-21T04:00:00+00:00,0.0,5.0
15655,2026-07-21T04:05:00+00:00,0.0,5.0
15656,2026-07-21T04:10:00+00:00,0.0,5.0
15657,2026-07-21T04:15:00+00:00,0.0,5.0
15658,2026-07-21T04:20:00+00:00,0.0,5.0
15659,2026-07-21T04:25:00+00:00,0.0,5.0
15660,2026-07-21T04:30:00+00:00,0.0,5.0
15661,2026-07-21T04:35:00+00:00,0.0,5.0
15662,2026-07-21T04:40:00+00:00,0.0,5.0
15663,2026-07-21T04:45:00+00:00,0.0,5.0
15664,2026-07-21T04:50:00+00:00,0.0,5.0
15665,2026-07-21T04:55:00+00:00,0.0,5.0
15666,2026-07-21T05:00:00+00:00,0.0,5.0
15667,2026-07-21T05:05:00+00:00,0.0,5.0
15668,2026-07-21T05:10:00+00:00,0.0,5.0
15669,2026-07-21T05:15:00+00:00,0.0,5.0
15670,2026-07-21T05:20:00+00:00,0.0,5.0
15671,2026-07-21T05:25:00+00:00,0.0,5.0
15672,2026-07-21T05:30:00+00:00,0.0,5.0
15673,2026-07-21T05:35:00+00:00,0.0,5.0
15674,2026-07-21T05:40:00+00:00,0.0,5.0
15675,2026-07-21T05:45:00+00:00,0.0,5.0
15676,2026-07-21T05:50:00+00:00,0.0,5.0
15677,2026-07-21T05:55:00+00:00,0.0,5.0
15678,2026-07-21T06:00:00+00:00,0.0,5.0
15679,2026-07-21T06:05:00+00:00,0.0,5.0
15680,2026-07-21T06:10:00+00:00,0.0,5.0
15681,2026-07-21T06:15:00+00:00,0.0,5.0
15682,2026-07-21T06:20:00+00:00,0.0,5.0
15683,2026-07-21T06:25:00+00:00,0.0,5.0
15684,2026-07-21T06:30:00+00:00,0.0,5.0
15685,2026-07-21T06:35:00+00:00,0.0,5.0
15686,2026-07-21T06:40:00+00:00,0.0,5.0
15687,2026-07-21T06:45:00+00:00,0.0,5.0
15688,2026-07-21T06:50:00+00:00,0.0,5.0
15689,2026-07-21T06:55:00+00:00,0.0,5.0
15690,2026-07-21T07:00:00+00:00,0.0,5.0
15691,2026-07-21T07:05:00+00:00,0.0,5.0
15692,2026-07-21T07:10:00+00:00,0.0,5.0
15693,2026-07-21T07:15:00+00:00,0.0,5.0
15694,2026-07-21T07:20:00+00:00,0.0,5.0
15695,2026-07-21T07:25:00+00:00,0.0,5.0
15696,2026-07-21T07:30:00+00:00,0.0,5.0
15697,2026-07-21T07:35:00+00:00,0.0,5.0
15698,2026-07-21T07:40:00+00:00,0.0,5.0
15699,2026-07-21T07:45:00+00:00,0.0,5.0
15700,2026-07-21T07:50:00+00:00,0.0,5.0
15701,2026-07-21T07:55:00+00:00,0.0,5.0
15702,2026-07-21T08:00:00+00:00,0.0,5.0
15703,2026-07-21T08:05:00+00:00,0.0,5.0
15704,2026-07-21T08:10:00+00:00,0.0,5.0
15705,2026-07-21T08:15:00+00:00,0.0,5.0
15706,2026-07-21T08:20:00+00:00,0.0,5.0
15707,2026-07-21T08:25:00+00:00,0.0,5.0
15708,2026-07-21T08:30:00+00:00,0.0,5.0
15709,2026-07-21T08:35:00+00:00,0.0,5.0
15710,2026-07-21T08:40:00+00:00,0.0,5.0
15711,2026-07-21T08:45:00+00:00,0.0,5.0
15712,2026-07-21T08:50:00+00:00,0.0,5.0
15713,2026-07-21T08:55:00+00:00,0.0,5.0
15714,2026-07-21T09:00:00+00:00,0.0,5.0
15715,2026-07-21T09:05:00+00:00,0.0,5.0
15716,2026-07-21T09:10:00+00:00,0.0,5.0
15717,2026-07-21T09:15:00+00:00,0.0,5.0
15718,2026-07-21T09:20:00+00:00,0.0,5.0
15719,2026-07-21T09:25:00+00:00,0.0,5.0
15720,2026-07-21T09:30:00+00:00,0.0,5.0
15721,2026-07-21T09:35:00+00:00,0.0,5.0
15722,2026-07-21T09:40:00+00:00,0.0,5.0
15723,2026-07-21T09:45:00+00:00,0.0,5.0
15724,2026-07-21T09:50:00+00:00,0.0,5.0
15725,2026-07-21T09:55:00+00:00,0.0,5.0
15726,2026-07-21T10:00:00+00:00,0.0,5.0
15727,2026-07-21T10:05:00+00:00,0.0,5.0
15728,2026-07-21T10:10:00+00:00,0.0,5.0
15729,2026-07-21T10:15:00+00:00,0.0,5.0
15730,2026-07-21T10:20:00+00:00,0.0,5.0
15731,2026-07-21T10:25:00+00:00,0.0,5.0
15732,2026-07-21T10:30:00+00:00,0.0,5.0
15733,2026-07-21T10:35:00+00:00,0.0,5.0
15734,2026-07-21T10:40:00+00:00,0.0,5.0
15735,2026-07-21T10:45:00+00:00,0.0,5.0
15736,2026-07-21T10:50:00+00:00,0.0,5.0
15737,2026-07-21T10:55:00+00:00,0.0,5.0
15738,2026-07-21T11:00:00+00:00,0.0,5.0
15739,2026-07-21T11:05:00+00:00,0.0,5.0
15740,2026-07-21T11:10:00+00:00,0.0,5.0
15741,2026-07-21T11:15:00+00:00,0.0,5.0
15742,2026-07-21T11:20:00+00:00,0.0,5.0
15743,2026-07-21T11:25:00+00:00,0.0,5.0
15744,2026-07-21T11:30:00+00:00,0.0,5.0
15745,2026-07-21T11:35:00+00:00,0.0,5.0
15746,2026-07-21T11:40:00+00:00,0.0,5.0
15747,2026-07-21T11:45:00+00:00,0.0,5.0
15748,2026-07-21T11:50:00+00:00,0.0,5.0
15749,2026-07-21T11:55:00+00:00,0.0,5.0
15750,2026-07-21T12:00:00+00:00,0.0,5.0
15751,2026-07-21T12:05:00+00:00,0.0,5.0
15752,2026-07-21T12:10:00+00:00,0.0,5.0
15753,2026-07-21T12:15:00+00:00,0.0,5.0
15754,2026-07-21T12:20:00+00:00,0.0,5.0
15755,2026-07-21T12:25:00+00:00,0.0,5.0
15756,2026-07-21T12:30:00+00:00,0.0,5.0
15757,2026-07-21T12:35:00+00:00,0.0,5.0
15758,2026-07-21T12:40:00+00:00,0.0,5.0
15759,2026-07-21T12:45:00+00:00,0.0,5.0
15760,2026-07-21T12:50:00+00:00,0.0,5.0
15761,2026-07-21T12:55:00+00:00,0.0,5.0
15762,2026-07-21T13:00:00+00:00,0.0,5.0
15763,2026-07-21T13:05:00+00:00,0.0,5.0
15764,2026-07-21T13:10:00+00:00,0.0,5.0
15765,2026-07-21T13:15:00+00:00,0.0,5.0
15766,2026-07-21T13:20:00+00:00,0.0,5.0
15767,2026-07-21T13:25:00+00:00,0.0,5.0
15768,2026-07-21T13:30:00+00:00,0.0,5.0
15769,2026-07-21T13:35:00+00:00,0.0,5.0
15770,2026-07-21T13:40:00+00:00,0.0,5.0
15771,2026-07-21T13:45:00+00:00,0.0,5.0
15772,2026-07-21T13:50:00+00:00,0.0,5.0
15773,2026-07-21T13:55:00+00:00,0.0,5.0
15774,2026-07-21T14:00:00+00:00,0.0,5.0
15775,2026-07-21T14:05:00+00:00,0.0,5.0
15776,2026-07-21T14:10:00+00:00,0.0,5.0
15777,2026-07-21T14:15:00+00:00,0.0,5.0
15778,2026-07-21T14:20:00+00:00,0.0,5.0
15779,2026-07-21T14:25:00+00:00,0.0,5.0
15780,2026-07-21T14:30:00+00:00,-1.0,6.0
15781,2026-07-21T14:35:00+00:00,-1.0,6.0
15782,2026-07-21T14:40:00+00:00,-1.0,6.0
15783,2026-07-21T14:45:00+00:00,-1.0,6.0
15784,2026-07-21T14:50:00+00:00,-1.0,6.0
15785,2026-07-21T14:55:00+00:00,-1.0,6.0
15786,2026-07-21T15:00:00+00:00,-1.0,6.0
15787,2026-07-21T15:05:00+00:00,-1.0,6.0
15788,2026-07-21T15:10:00+00:00,-1.0,6.0
15789,2026-07-21T15:15:00+00:00,1.0,4.0
15790,2026-07-21T15:20:00+00:00,1.0,4.0
15791,2026-07-21T15:25:00+00:00,1.0,4.0
15792,2026-07-21T15:30:00+00:00,1.0,4.0
15793,2026-07-21T15:35:00+00:00,1.0,4.0
15794,2026-07-21T15:40:00+00:00,1.0,4.0
15795,2026-07-21T15:45:00+00:00,1.0,4.0
15796,2026-07-21T15:50:00+00:00,1.0,4.0
15797,2026-07-21T15:55:00+00:00,1.0,4.0
15798,2026-07-21T16:00:00+00:00,1.0,4.0
15799,2026-07-21T16:05:00+00:00,1.0,4.0
15800,2026-07-21T16:10:00+00:00,1.0,4.0
15801,2026-07-21T16:15:00+00:00,1.0,4.0
15802,2026-07-21T16:20:00+00:00,1.0,4.0
15803,2026-07-21T16:25:00+00:00,1.0,4.0
15804,2026-07-21T16:30:00+00:00,1.0,4.0
15805,2026-07-21T16:35:00+00:00,1.0,4.0
15806,2026-07-21T16:40:00+00:00,1.0,4.0
15807,2026-07-21T16:45:00+00:00,1.0,4.0
15808,2026-07-21T16:50:00+00:00,1.0,4.0
15809,2026-07-21T16:55:00+00:00,1.0,4.0
15810,2026-07-21T17:00:00+00:00,1.0,4.0
15811,2026-07-21T17:05:00+00:00,1.0,4.0
15812,2026-07-21T17:10:00+00:00,1.0,4.0
15813,2026-07-21T17:15:00+00:00,1.0,4.0
15814,2026-07-21T17:20:00+00:00,1.0,4.0
15815,2026-07-21T17:25:00+00:00,1.0,4.0
15816,2026-07-21T17:30:00+00:00,1.0,4.0
15817,2026-07-21T17:35:00+00:00,1.0,4.0
15818,2026-07-21T17:40:00+00:00,1.0,4.0
15819,2026-07-21T17:45:00+00:00,1.0,4.0
15820,2026-07-21T17:50:00+00:00,1.0,4.0
15821,2026-07-21T17:55:00+00:00,1.0,4.0
15822,2026-07-21T18:00:00+00:00,1.0,4.0
15823,2026-07-21T18:05:00+00:00,1.0,4.0
15824,2026-07-21T18:10:00+00:00,1.0,4.0
15825,2026-07-21T18:15:00+00:00,1.0,4.0
15826,2026-07-21T18:20:00+00:00,1.0,4.0
15827,2026-07-21T18:25:00+00:00,1.0,4.0
15828,2026-07-21T18:30:00+00:00,1.0,4.0
15829,2026-07-21T18:35:00+00:00,1.0,4.0
15830,2026-07-21T18:40:00+00:00,1.0,4.0
15831,2026-07-21T18:45:00+00:00,1.0,4.0
15832,2026-07-21T18:50:00+00:00,1.0,4.0
15833,2026-07-21T18:55:00+00:00,1.0,4.0
15834,2026-07-21T19:00:00+00:00,1.0,4.0
15835,2026-07-21T19:05:00+00:00,1.0,4.0
15836,2026-07-21T19:10:00+00:00,1.0,4.0
15837,2026-07-21T19:15:00+00:00,1.0,4.0
15838,2026-07-21T19:20:00+00:00,1.0,4.0
15839,2026-07-21T19:25:00+00:00,1.0,4.0
15840,2026-07-21T19:30:00+00:00,1.0,4.0
15841,2026-07-21T19:35:00+00:00,1.0,4.0
15842,2026-07-21T19:40:00+00:00,1.0,4.0
15843,2026-07-21T19:45:00+00:00,1.0,4.0
15844,2026-07-21T19:50:00+00:00,1.0,4.0
15845,2026-07-21T19:55:00+00:00,1.0,4.0
15846,2026-07-21T20:00:00+00:00,1.0,4.0
15847,2026-07-21T20:05:00+00:00,1.0,4.0
15848,2026-07-21T20:10:00+00:00,1.0,4.0
15849,2026-07-21T20:15:00+00:00,1.0,4.0
15850,2026-07-21T20:20:00+00:00,1.0,4.0
15851,2026-07-21T20:25:00+00:00,1.0,4.0
15852,2026-07-21T20:30:00+00:00,1.0,4.0
15853,2026-07-21T20:35:00+00:00,1.0,4.0
15854,2026-07-21T20:40:00+00:00,1.0,4.0
15855,2026-07-21T20:45:00+00:00,1.0,4.0
15856,2026-07-21T20:50:00+00:00,1.0,4.0
15857,2026-07-21T20:55:00+00:00,1.0,4.0
15858,2026-07-21T22:00:00+00:00,1.0,4.0
15859,2026-07-21T22:05:00+00:00,1.0,4.0
15860,2026-07-21T22:10:00+00:00,1.0,4.0
15861,2026-07-21T22:15:00+00:00,1.0,4.0
15862,2026-07-21T22:20:00+00:00,1.0,4.0
15863,2026-07-21T22:25:00+00:00,1.0,4.0
15864,2026-07-21T22:30:00+00:00,1.0,4.0
15865,2026-07-21T22:35:00+00:00,1.0,4.0
15866,2026-07-21T22:40:00+00:00,1.0,4.0
15867,2026-07-21T22:45:00+00:00,1.0,4.0
15868,2026-07-21T22:50:00+00:00,1.0,4.0
15869,2026-07-21T22:55:00+00:00,1.0,4.0
15870,2026-07-21T23:00:00+00:00,1.0,4.0
15871,2026-07-21T23:05:00+00:00,1.0,4.0
15872,2026-07-21T23:10:00+00:00,1.0,4.0
15873,2026-07-21T23:15:00+00:00,1.0,4.0
15874,2026-07-21T23:20:00+00:00,1.0,4.0
15875,2026-07-21T23:25:00+00:00,1.0,4.0
15876,2026-07-21T23:30:00+00:00,1.0,4.0
15877,2026-07-21T23:35:00+00:00,1.0,4.0
15878,2026-07-21T23:40:00+00:00,1.0,4.0
15879,2026-07-21T23:45:00+00:00,1.0,4.0
15880,2026-07-21T23:50:00+00:00,1.0,4.0
15881,2026-07-21T23:55:00+00:00,1.0,4.0
15882,2026-07-22T00:00:00+00:00,1.0,4.0
15883,2026-07-22T00:05:00+00:00,0.0,5.0
15884,2026-07-22T00:10:00+00:00,0.0,5.0
15885,2026-07-22T00:15:00+00:00,0.0,5.0
15886,2026-07-22T00:20:00+00:00,0.0,5.0
15887,2026-07-22T00:25:00+00:00,0.0,5.0
15888,2026-07-22T00:30:00+00:00,0.0,5.0
15889,2026-07-22T00:35:00+00:00,0.0,5.0
15890,2026-07-22T00:40:00+00:00,0.0,5.0
15891,2026-07-22T00:45:00+00:00,0.0,5.0
15892,2026-07-22T00:50:00+00:00,0.0,5.0
15893,2026-07-22T00:55:00+00:00,0.0,5.0
15894,2026-07-22T01:00:00+00:00,0.0,5.0
15895,2026-07-22T01:05:00+00:00,0.0,5.0
15896,2026-07-22T01:10:00+00:00,0.0,5.0
15897,2026-07-22T01:15:00+00:00,0.0,5.0
15898,2026-07-22T01:20:00+00:00,0.0,5.0
15899,2026-07-22T01:25:00+00:00,0.0,5.0
15900,2026-07-22T01:30:00+00:00,0.0,5.0
15901,2026-07-22T01:35:00+00:00,0.0,5.0
15902,2026-07-22T01:40:00+00:00,0.0,5.0
15903,2026-07-22T01:45:00+00:00,0.0,5.0
15904,2026-07-22T01:50:00+00:00,0.0,5.0
15905,2026-07-22T01:55:00+00:00,0.0,5.0
15906,2026-07-22T02:00:00+00:00,0.0,5.0
15907,2026-07-22T02:05:00+00:00,0.0,5.0
15908,2026-07-22T02:10:00+00:00,0.0,5.0
15909,2026-07-22T02:15:00+00:00,0.0,5.0
15910,2026-07-22T02:20:00+00:00,0.0,5.0
15911,2026-07-22T02:25:00+00:00,0.0,5.0
15912,2026-07-22T02:30:00+00:00,0.0,5.0
15913,2026-07-22T02:35:00+00:00,0.0,5.0
15914,2026-07-22T02:40:00+00:00,0.0,5.0
15915,2026-07-22T02:45:00+00:00,0.0,5.0
15916,2026-07-22T02:50:00+00:00,0.0,5.0
15917,2026-07-22T02:55:00+00:00,0.0,5.0
15918,2026-07-22T03:00:00+00:00,0.0,5.0
15919,2026-07-22T03:05:00+00:00,0.0,5.0
15920,2026-07-22T03:10:00+00:00,0.0,5.0
15921,2026-07-22T03:15:00+00:00,0.0,5.0
15922,2026-07-22T03:20:00+00:00,0.0,5.0
15923,2026-07-22T03:25:00+00:00,0.0,5.0
15924,2026-07-22T03:30:00+00:00,0.0,5.0
15925,2026-07-22T03:35:00+00:00,0.0,5.0
15926,2026-07-22T03:40:00+00:00,0.0,5.0
15927,2026-07-22T03:45:00+00:00,0.0,5.0
15928,2026-07-22T03:50:00+00:00,0.0,5.0
15929,2026-07-22T03:55:00+00:00,0.0,5.0
15930,2026-07-22T04:00:00+00:00,0.0,5.0
15931,2026-07-22T04:05:00+00:00,0.0,5.0
15932,2026-07-22T04:10:00+00:00,0.0,5.0
15933,2026-07-22T04:15:00+00:00,0.0,5.0
15934,2026-07-22T04:20:00+00:00,0.0,5.0
15935,2026-07-22T04:25:00+00:00,0.0,5.0
15936,2026-07-22T04:30:00+00:00,0.0,5.0
15937,2026-07-22T04:35:00+00:00,0.0,5.0
15938,2026-07-22T04:40:00+00:00,0.0,5.0
15939,2026-07-22T04:45:00+00:00,0.0,5.0
15940,2026-07-22T04:50:00+00:00,0.0,5.0
15941,2026-07-22T04:55:00+00:00,0.0,5.0
15942,2026-07-22T05:00:00+00:00,0.0,5.0
15943,2026-07-22T05:05:00+00:00,0.0,5.0
15944,2026-07-22T05:10:00+00:00,0.0,5.0
15945,2026-07-22T05:15:00+00:00,0.0,5.0
15946,2026-07-22T05:20:00+00:00,0.0,5.0
15947,2026-07-22T05:25:00+00:00,0.0,5.0
15948,2026-07-22T05:30:00+00:00,0.0,5.0
15949,2026-07-22T05:35:00+00:00,0.0,5.0
15950,2026-07-22T05:40:00+00:00,0.0,5.0
15951,2026-07-22T05:45:00+00:00,0.0,5.0
15952,2026-07-22T05:50:00+00:00,0.0,5.0
15953,2026-07-22T05:55:00+00:00,0.0,5.0
15954,2026-07-22T06:00:00+00:00,0.0,5.0
15955,2026-07-22T06:05:00+00:00,0.0,5.0
15956,2026-07-22T06:10:00+00:00,0.0,5.0
15957,2026-07-22T06:15:00+00:00,0.0,5.0
15958,2026-07-22T06:20:00+00:00,0.0,5.0
15959,2026-07-22T06:25:00+00:00,0.0,5.0
15960,2026-07-22T06:30:00+00:00,0.0,5.0
15961,2026-07-22T06:35:00+00:00,0.0,5.0
15962,2026-07-22T06:40:00+00:00,0.0,5.0
15963,2026-07-22T06:45:00+00:00,0.0,5.0
15964,2026-07-22T06:50:00+00:00,0.0,5.0
15965,2026-07-22T06:55:00+00:00,0.0,5.0
15966,2026-07-22T07:00:00+00:00,0.0,5.0
15967,2026-07-22T07:05:00+00:00,0.0,5.0
15968,2026-07-22T07:10:00+00:00,0.0,5.0
15969,2026-07-22T07:15:00+00:00,0.0,5.0
15970,2026-07-22T07:20:00+00:00,0.0,5.0
15971,2026-07-22T07:25:00+00:00,0.0,5.0
15972,2026-07-22T07:30:00+00:00,0.0,5.0
15973,2026-07-22T07:35:00+00:00,0.0,5.0
15974,2026-07-22T07:40:00+00:00,0.0,5.0
15975,2026-07-22T07:45:00+00:00,0.0,5.0
15976,2026-07-22T07:50:00+00:00,0.0,5.0
15977,2026-07-22T07:55:00+00:00,0.0,5.0
15978,2026-07-22T08:00:00+00:00,0.0,5.0
15979,2026-07-22T08:05:00+00:00,0.0,5.0
15980,2026-07-22T08:10:00+00:00,0.0,5.0
15981,2026-07-22T08:15:00+00:00,0.0,5.0
15982,2026-07-22T08:20:00+00:00,0.0,5.0
15983,2026-07-22T08:25:00+00:00,0.0,5.0
15984,2026-07-22T08:30:00+00:00,0.0,5.0
15985,2026-07-22T08:35:00+00:00,0.0,5.0
15986,2026-07-22T08:40:00+00:00,0.0,5.0
15987,2026-07-22T08:45:00+00:00,0.0,5.0
15988,2026-07-22T08:50:00+00:00,0.0,5.0
15989,2026-07-22T08:55:00+00:00,0.0,5.0
15990,2026-07-22T09:00:00+00:00,0.0,5.0
15991,2026-07-22T09:05:00+00:00,0.0,5.0
15992,2026-07-22T09:10:00+00:00,0.0,5.0
15993,2026-07-22T09:15:00+00:00,0.0,5.0
15994,2026-07-22T09:20:00+00:00,0.0,5.0
15995,2026-07-22T09:25:00+00:00,0.0,5.0
15996,2026-07-22T09:30:00+00:00,0.0,5.0
15997,2026-07-22T09:35:00+00:00,0.0,5.0
15998,2026-07-22T09:40:00+00:00,0.0,5.0
15999,2026-07-22T09:45:00+00:00,0.0,5.0
16000,2026-07-22T09:50:00+00:00,0.0,5.0
16001,2026-07-22T09:55:00+00:00,0.0,5.0
16002,2026-07-22T10:00:00+00:00,0.0,5.0
16003,2026-07-22T10:05:00+00:00,0.0,5.0
16004,2026-07-22T10:10:00+00:00,0.0,5.0
16005,2026-07-22T10:15:00+00:00,0.0,5.0
16006,2026-07-22T10:20:00+00:00,0.0,5.0
16007,2026-07-22T10:25:00+00:00,0.0,5.0
16008,2026-07-22T10:30:00+00:00,0.0,5.0
16009,2026-07-22T10:35:00+00:00,0.0,5.0
16010,2026-07-22T10:40:00+00:00,0.0,5.0
16011,2026-07-22T10:45:00+00:00,0.0,5.0
16012,2026-07-22T10:50:00+00:00,0.0,5.0
16013,2026-07-22T10:55:00+00:00,0.0,5.0
16014,2026-07-22T11:00:00+00:00,0.0,5.0
16015,2026-07-22T11:05:00+00:00,0.0,5.0
16016,2026-07-22T11:10:00+00:00,0.0,5.0
16017,2026-07-22T11:15:00+00:00,0.0,5.0
16018,2026-07-22T11:20:00+00:00,0.0,5.0
16019,2026-07-22T11:25:00+00:00,0.0,5.0
16020,2026-07-22T11:30:00+00:00,0.0,5.0
16021,2026-07-22T11:35:00+00:00,0.0,5.0
16022,2026-07-22T11:40:00+00:00,0.0,5.0
16023,2026-07-22T11:45:00+00:00,0.0,5.0
16024,2026-07-22T11:50:00+00:00,0.0,5.0
16025,2026-07-22T11:55:00+00:00,0.0,5.0
16026,2026-07-22T12:00:00+00:00,0.0,5.0
16027,2026-07-22T12:05:00+00:00,0.0,5.0
16028,2026-07-22T12:10:00+00:00,0.0,5.0
16029,2026-07-22T12:15:00+00:00,0.0,5.0
16030,2026-07-22T12:20:00+00:00,0.0,5.0
16031,2026-07-22T12:25:00+00:00,0.0,5.0
16032,2026-07-22T12:30:00+00:00,0.0,5.0
16033,2026-07-22T12:35:00+00:00,0.0,5.0
16034,2026-07-22T12:40:00+00:00,0.0,5.0
16035,2026-07-22T12:45:00+00:00,0.0,5.0
16036,2026-07-22T12:50:00+00:00,0.0,5.0
16037,2026-07-22T12:55:00+00:00,0.0,5.0
16038,2026-07-22T13:00:00+00:00,0.0,5.0
16039,2026-07-22T13:05:00+00:00,0.0,5.0
16040,2026-07-22T13:10:00+00:00,0.0,5.0
16041,2026-07-22T13:15:00+00:00,0.0,5.0
16042,2026-07-22T13:20:00+00:00,0.0,5.0
16043,2026-07-22T13:25:00+00:00,0.0,5.0
16044,2026-07-22T13:30:00+00:00,0.0,5.0
16045,2026-07-22T13:35:00+00:00,0.0,5.0
16046,2026-07-22T13:40:00+00:00,0.0,5.0
16047,2026-07-22T13:45:00+00:00,0.0,5.0
16048,2026-07-22T13:50:00+00:00,0.0,5.0
16049,2026-07-22T13:55:00+00:00,0.0,5.0
16050,2026-07-22T14:00:00+00:00,0.0,5.0
16051,2026-07-22T14:05:00+00:00,0.0,5.0
16052,2026-07-22T14:10:00+00:00,0.0,5.0
16053,2026-07-22T14:15:00+00:00,0.0,5.0
16054,2026-07-22T14:20:00+00:00,0.0,5.0
16055,2026-07-22T14:25:00+00:00,0.0,5.0
16056,2026-07-22T14:30:00+00:00,0.0,5.0
16057,2026-07-22T14:35:00+00:00,0.0,5.0
16058,2026-07-22T14:40:00+00:00,0.0,5.0
16059,2026-07-22T14:45:00+00:00,0.0,5.0
16060,2026-07-22T14:50:00+00:00,0.0,5.0
16061,2026-07-22T14:55:00+00:00,0.0,5.0
16062,2026-07-22T15:00:00+00:00,0.0,5.0
16063,2026-07-22T15:05:00+00:00,0.0,5.0
16064,2026-07-22T15:10:00+00:00,0.0,5.0
16065,2026-07-22T15:15:00+00:00,0.0,5.0
16066,2026-07-22T15:20:00+00:00,0.0,5.0
16067,2026-07-22T15:25:00+00:00,0.0,5.0
16068,2026-07-22T15:30:00+00:00,0.0,5.0
16069,2026-07-22T15:35:00+00:00,0.0,5.0
16070,2026-07-22T15:40:00+00:00,0.0,5.0
16071,2026-07-22T15:45:00+00:00,0.0,5.0
16072,2026-07-22T15:50:00+00:00,0.0,5.0
16073,2026-07-22T15:55:00+00:00,0.0,5.0
16074,2026-07-22T16:00:00+00:00,0.0,5.0
16075,2026-07-22T16:05:00+00:00,0.0,5.0
16076,2026-07-22T16:10:00+00:00,0.0,5.0
16077,2026-07-22T16:15:00+00:00,0.0,5.0
16078,2026-07-22T16:20:00+00:00,0.0,5.0
16079,2026-07-22T16:25:00+00:00,0.0,5.0
16080,2026-07-22T16:30:00+00:00,0.0,5.0
16081,2026-07-22T16:35:00+00:00,0.0,5.0
16082,2026-07-22T16:40:00+00:00,0.0,5.0
16083,2026-07-22T16:45:00+00:00,0.0,5.0
16084,2026-07-22T16:50:00+00:00,0.0,5.0
16085,2026-07-22T16:55:00+00:00,0.0,5.0
16086,2026-07-22T17:00:00+00:00,0.0,5.0
16087,2026-07-22T17:05:00+00:00,0.0,5.0
16088,2026-07-22T17:10:00+00:00,0.0,5.0
16089,2026-07-22T17:15:00+00:00,0.0,5.0
16090,2026-07-22T17:20:00+00:00,0.0,5.0
16091,2026-07-22T17:25:00+00:00,0.0,5.0
16092,2026-07-22T17:30:00+00:00,0.0,5.0
16093,2026-07-22T17:35:00+00:00,0.0,5.0
16094,2026-07-22T17:40:00+00:00,0.0,5.0
16095,2026-07-22T17:45:00+00:00,0.0,5.0
16096,2026-07-22T17:50:00+00:00,0.0,5.0
16097,2026-07-22T17:55:00+00:00,0.0,5.0
16098,2026-07-22T18:00:00+00:00,0.0,5.0
16099,2026-07-22T18:05:00+00:00,0.0,5.0
16100,2026-07-22T18:10:00+00:00,0.0,5.0
16101,2026-07-22T18:15:00+00:00,0.0,5.0
16102,2026-07-22T18:20:00+00:00,0.0,5.0
16103,2026-07-22T18:25:00+00:00,0.0,5.0
16104,2026-07-22T18:30:00+00:00,0.0,5.0
16105,2026-07-22T18:35:00+00:00,0.0,5.0
16106,2026-07-22T18:40:00+00:00,0.0,5.0
16107,2026-07-22T18:45:00+00:00,0.0,5.0
16108,2026-07-22T18:50:00+00:00,0.0,5.0
16109,2026-07-22T18:55:00+00:00,0.0,5.0
16110,2026-07-22T19:00:00+00:00,0.0,5.0
16111,2026-07-22T19:05:00+00:00,0.0,5.0
16112,2026-07-22T19:10:00+00:00,0.0,5.0
16113,2026-07-22T19:15:00+00:00,0.0,5.0
16114,2026-07-22T19:20:00+00:00,0.0,5.0
16115,2026-07-22T19:25:00+00:00,0.0,5.0
16116,2026-07-22T19:30:00+00:00,0.0,5.0
16117,2026-07-22T19:35:00+00:00,0.0,5.0
16118,2026-07-22T19:40:00+00:00,0.0,5.0
16119,2026-07-22T19:45:00+00:00,0.0,5.0
16120,2026-07-22T19:50:00+00:00,-1.0,6.0
16121,2026-07-22T19:55:00+00:00,-1.0,6.0
16122,2026-07-22T20:00:00+00:00,-1.0,6.0
16123,2026-07-22T20:05:00+00:00,-1.0,6.0
16124,2026-07-22T20:10:00+00:00,-1.0,6.0
16125,2026-07-22T20:15:00+00:00,-1.0,6.0
16126,2026-07-22T20:20:00+00:00,-1.0,6.0
16127,2026-07-22T20:25:00+00:00,-1.0,6.0
16128,2026-07-22T20:30:00+00:00,-1.0,6.0
16129,2026-07-22T20:35:00+00:00,-1.0,6.0
16130,2026-07-22T20:40:00+00:00,-1.0,6.0
16131,2026-07-22T20:45:00+00:00,-1.0,6.0
16132,2026-07-22T20:50:00+00:00,-1.0,6.0
16133,2026-07-22T20:55:00+00:00,-1.0,6.0
16134,2026-07-22T22:00:00+00:00,-1.0,6.0
16135,2026-07-22T22:05:00+00:00,-1.0,6.0
16136,2026-07-22T22:10:00+00:00,-1.0,6.0
16137,2026-07-22T22:15:00+00:00,-1.0,6.0
16138,2026-07-22T22:20:00+00:00,-1.0,6.0
16139,2026-07-22T22:25:00+00:00,-1.0,6.0
16140,2026-07-22T22:30:00+00:00,-1.0,6.0
16141,2026-07-22T22:35:00+00:00,-1.0,6.0
16142,2026-07-22T22:40:00+00:00,-1.0,6.0
16143,2026-07-22T22:45:00+00:00,-1.0,6.0
16144,2026-07-22T22:50:00+00:00,-1.0,6.0
16145,2026-07-22T22:55:00+00:00,-1.0,6.0
16146,2026-07-22T23:00:00+00:00,-1.0,6.0
16147,2026-07-22T23:05:00+00:00,-1.0,6.0
16148,2026-07-22T23:10:00+00:00,-1.0,6.0
16149,2026-07-22T23:15:00+00:00,-1.0,6.0
16150,2026-07-22T23:20:00+00:00,-1.0,6.0
16151,2026-07-22T23:25:00+00:00,-1.0,6.0
16152,2026-07-22T23:30:00+00:00,-1.0,6.0
16153,2026-07-22T23:35:00+00:00,-1.0,6.0
16154,2026-07-22T23:40:00+00:00,-1.0,6.0
16155,2026-07-22T23:45:00+00:00,-1.0,6.0
16156,2026-07-22T23:50:00+00:00,-1.0,6.0
16157,2026-07-22T23:55:00+00:00,-1.0,6.0
16158,2026-07-23T00:00:00+00:00,-1.0,6.0
16159,2026-07-23T00:05:00+00:00,-1.0,6.0
16160,2026-07-23T00:10:00+00:00,-1.0,6.0
16161,2026-07-23T00:15:00+00:00,-1.0,6.0
16162,2026-07-23T00:20:00+00:00,-1.0,6.0
16163,2026-07-23T00:25:00+00:00,-1.0,6.0
16164,2026-07-23T00:30:00+00:00,-1.0,6.0
16165,2026-07-23T00:35:00+00:00,-1.0,6.0
16166,2026-07-23T00:40:00+00:00,-1.0,6.0
16167,2026-07-23T00:45:00+00:00,-1.0,6.0
16168,2026-07-23T00:50:00+00:00,-1.0,6.0
16169,2026-07-23T00:55:00+00:00,-1.0,6.0
16170,2026-07-23T01:00:00+00:00,-1.0,6.0
16171,2026-07-23T01:05:00+00:00,-1.0,6.0
16172,2026-07-23T01:10:00+00:00,-1.0,6.0
16173,2026-07-23T01:15:00+00:00,-1.0,6.0
16174,2026-07-23T01:20:00+00:00,-1.0,6.0
16175,2026-07-23T01:25:00+00:00,-1.0,6.0
16176,2026-07-23T01:30:00+00:00,-1.0,6.0
16177,2026-07-23T01:35:00+00:00,-1.0,6.0
16178,2026-07-23T01:40:00+00:00,-1.0,6.0
16179,2026-07-23T01:45:00+00:00,-1.0,6.0
16180,2026-07-23T01:50:00+00:00,-1.0,6.0
16181,2026-07-23T01:55:00+00:00,-1.0,6.0
16182,2026-07-23T02:00:00+00:00,-1.0,6.0
16183,2026-07-23T02:05:00+00:00,-1.0,6.0
16184,2026-07-23T02:10:00+00:00,-1.0,6.0
16185,2026-07-23T02:15:00+00:00,-1.0,6.0
16186,2026-07-23T02:20:00+00:00,-1.0,6.0
16187,2026-07-23T02:25:00+00:00,-1.0,6.0
16188,2026-07-23T02:30:00+00:00,-1.0,6.0
16189,2026-07-23T02:35:00+00:00,-1.0,6.0
16190,2026-07-23T02:40:00+00:00,-1.0,6.0
16191,2026-07-23T02:45:00+00:00,-1.0,6.0
16192,2026-07-23T02:50:00+00:00,-1.0,6.0
16193,2026-07-23T02:55:00+00:00,-1.0,6.0
16194,2026-07-23T03:00:00+00:00,-1.0,6.0
16195,2026-07-23T03:05:00+00:00,-1.0,6.0
16196,2026-07-23T03:10:00+00:00,-1.0,6.0
16197,2026-07-23T03:15:00+00:00,-1.0,6.0
16198,2026-07-23T03:20:00+00:00,-1.0,6.0
16199,2026-07-23T03:25:00+00:00,-1.0,6.0
16200,2026-07-23T03:30:00+00:00,-1.0,6.0
16201,2026-07-23T03:35:00+00:00,-1.0,6.0
16202,2026-07-23T03:40:00+00:00,-1.0,6.0
16203,2026-07-23T03:45:00+00:00,-1.0,6.0
16204,2026-07-23T03:50:00+00:00,-1.0,6.0
16205,2026-07-23T03:55:00+00:00,-1.0,6.0
16206,2026-07-23T04:00:00+00:00,-1.0,6.0
16207,2026-07-23T04:05:00+00:00,-1.0,6.0
16208,2026-07-23T04:10:00+00:00,-1.0,6.0
16209,2026-07-23T04:15:00+00:00,-1.0,6.0
16210,2026-07-23T04:20:00+00:00,-1.0,6.0
16211,2026-07-23T04:25:00+00:00,-1.0,6.0
16212,2026-07-23T04:30:00+00:00,-1.0,6.0
16213,2026-07-23T04:35:00+00:00,-1.0,6.0
16214,2026-07-23T04:40:00+00:00,-1.0,6.0
16215,2026-07-23T04:45:00+00:00,-1.0,6.0
16216,2026-07-23T04:50:00+00:00,-1.0,6.0
16217,2026-07-23T04:55:00+00:00,-1.0,6.0
16218,2026-07-23T05:00:00+00:00,-1.0,6.0
16219,2026-07-23T05:05:00+00:00,-1.0,6.0
16220,2026-07-23T05:10:00+00:00,-1.0,6.0
16221,2026-07-23T05:15:00+00:00,-1.0,6.0
16222,2026-07-23T05:20:00+00:00,-1.0,6.0
16223,2026-07-23T05:25:00+00:00,-1.0,6.0
16224,2026-07-23T05:30:00+00:00,-1.0,6.0
16225,2026-07-23T05:35:00+00:00,-1.0,6.0
16226,2026-07-23T05:40:00+00:00,-1.0,6.0
16227,2026-07-23T05:45:00+00:00,-1.0,6.0
16228,2026-07-23T05:50:00+00:00,-1.0,6.0
16229,2026-07-23T05:55:00+00:00,-1.0,6.0
16230,2026-07-23T06:00:00+00:00,-1.0,6.0
16231,2026-07-23T06:05:00+00:00,-1.0,6.0
16232,2026-07-23T06:10:00+00:00,-1.0,6.0
16233,2026-07-23T06:15:00+00:00,-1.0,6.0
16234,2026-07-23T06:20:00+00:00,-1.0,6.0
16235,2026-07-23T06:25:00+00:00,-1.0,6.0
16236,2026-07-23T06:30:00+00:00,-1.0,6.0
16237,2026-07-23T06:35:00+00:00,-1.0,6.0
16238,2026-07-23T06:40:00+00:00,-1.0,6.0
16239,2026-07-23T06:45:00+00:00,-1.0,6.0
16240,2026-07-23T06:50:00+00:00,-1.0,6.0
16241,2026-07-23T06:55:00+00:00,-1.0,6.0
16242,2026-07-23T07:00:00+00:00,-1.0,6.0
16243,2026-07-23T07:05:00+00:00,1.0,4.0
16244,2026-07-23T07:10:00+00:00,1.0,4.0
16245,2026-07-23T07:15:00+00:00,1.0,4.0
16246,2026-07-23T07:20:00+00:00,1.0,4.0
16247,2026-07-23T07:25:00+00:00,1.0,4.0
16248,2026-07-23T07:30:00+00:00,1.0,4.0
16249,2026-07-23T07:35:00+00:00,1.0,4.0
16250,2026-07-23T07:40:00+00:00,1.0,4.0
16251,2026-07-23T07:45:00+00:00,1.0,4.0
16252,2026-07-23T07:50:00+00:00,1.0,4.0
16253,2026-07-23T07:55:00+00:00,1.0,4.0
16254,2026-07-23T08:00:00+00:00,1.0,4.0
16255,2026-07-23T08:05:00+00:00,1.0,4.0
16256,2026-07-23T08:10:00+00:00,1.0,4.0
16257,2026-07-23T08:15:00+00:00,1.0,4.0
16258,2026-07-23T08:20:00+00:00,1.0,4.0
16259,2026-07-23T08:25:00+00:00,1.0,4.0
16260,2026-07-23T08:30:00+00:00,1.0,4.0
16261,2026-07-23T08:35:00+00:00,1.0,4.0
16262,2026-07-23T08:40:00+00:00,1.0,4.0
16263,2026-07-23T08:45:00+00:00,1.0,4.0
16264,2026-07-23T08:50:00+00:00,1.0,4.0
16265,2026-07-23T08:55:00+00:00,1.0,4.0
16266,2026-07-23T09:00:00+00:00,1.0,4.0
16267,2026-07-23T09:05:00+00:00,1.0,4.0
16268,2026-07-23T09:10:00+00:00,1.0,4.0
16269,2026-07-23T09:15:00+00:00,1.0,4.0
16270,2026-07-23T09:20:00+00:00,1.0,4.0
16271,2026-07-23T09:25:00+00:00,1.0,4.0
16272,2026-07-23T09:30:00+00:00,1.0,4.0
16273,2026-07-23T09:35:00+00:00,1.0,4.0
16274,2026-07-23T09:40:00+00:00,1.0,4.0
16275,2026-07-23T09:45:00+00:00,1.0,4.0
16276,2026-07-23T09:50:00+00:00,1.0,4.0
16277,2026-07-23T09:55:00+00:00,1.0,4.0
16278,2026-07-23T10:00:00+00:00,1.0,4.0
16279,2026-07-23T10:05:00+00:00,1.0,4.0
16280,2026-07-23T10:10:00+00:00,1.0,4.0
16281,2026-07-23T10:15:00+00:00,1.0,4.0
16282,2026-07-23T10:20:00+00:00,1.0,4.0
16283,2026-07-23T10:25:00+00:00,1.0,4.0
16284,2026-07-23T10:30:00+00:00,1.0,4.0
16285,2026-07-23T10:35:00+00:00,1.0,4.0
16286,2026-07-23T10:40:00+00:00,1.0,4.0
16287,2026-07-23T10:45:00+00:00,1.0,4.0
16288,2026-07-23T10:50:00+00:00,1.0,4.0
16289,2026-07-23T10:55:00+00:00,1.0,4.0
16290,2026-07-23T11:00:00+00:00,1.0,4.0
16291,2026-07-23T11:05:00+00:00,1.0,4.0
16292,2026-07-23T11:10:00+00:00,1.0,4.0
16293,2026-07-23T11:15:00+00:00,3.0,2.0
16294,2026-07-23T11:20:00+00:00,3.0,2.0
16295,2026-07-23T11:25:00+00:00,3.0,2.0
16296,2026-07-23T11:30:00+00:00,3.0,2.0
16297,2026-07-23T11:35:00+00:00,3.0,2.0
16298,2026-07-23T11:40:00+00:00,3.0,2.0
16299,2026-07-23T11:45:00+00:00,3.0,2.0
16300,2026-07-23T11:50:00+00:00,3.0,2.0
16301,2026-07-23T11:55:00+00:00,3.0,2.0
16302,2026-07-23T12:00:00+00:00,3.0,2.0
16303,2026-07-23T12:05:00+00:00,3.0,2.0
16304,2026-07-23T12:10:00+00:00,3.0,2.0
16305,2026-07-23T12:15:00+00:00,3.0,2.0
16306,2026-07-23T12:20:00+00:00,3.0,2.0
16307,2026-07-23T12:25:00+00:00,3.0,2.0
16308,2026-07-23T12:30:00+00:00,3.0,2.0
16309,2026-07-23T12:35:00+00:00,3.0,2.0
16310,2026-07-23T12:40:00+00:00,3.0,2.0
16311,2026-07-23T12:45:00+00:00,3.0,2.0
16312,2026-07-23T12:50:00+00:00,3.0,2.0
16313,2026-07-23T12:55:00+00:00,3.0,2.0
16314,2026-07-23T13:00:00+00:00,3.0,2.0
16315,2026-07-23T13:05:00+00:00,3.0,2.0
16316,2026-07-23T13:10:00+00:00,3.0,2.0
16317,2026-07-23T13:15:00+00:00,3.0,2.0
16318,2026-07-23T13:20:00+00:00,3.0,2.0
16319,2026-07-23T13:25:00+00:00,3.0,2.0
16320,2026-07-23T13:30:00+00:00,3.0,2.0
16321,2026-07-23T13:35:00+00:00,3.0,2.0
16322,2026-07-23T13:40:00+00:00,3.0,2.0
16323,2026-07-23T13:45:00+00:00,3.0,2.0
16324,2026-07-23T13:50:00+00:00,3.0,2.0
16325,2026-07-23T13:55:00+00:00,3.0,2.0
16326,2026-07-23T14:00:00+00:00,3.0,2.0
16327,2026-07-23T14:05:00+00:00,3.0,2.0
16328,2026-07-23T14:10:00+00:00,3.0,2.0
16329,2026-07-23T14:15:00+00:00,3.0,2.0
16330,2026-07-23T14:20:00+00:00,3.0,2.0
16331,2026-07-23T14:25:00+00:00,3.0,2.0
16332,2026-07-23T14:30:00+00:00,3.0,2.0
16333,2026-07-23T14:35:00+00:00,3.0,2.0
16334,2026-07-23T14:40:00+00:00,3.0,2.0
16335,2026-07-23T14:45:00+00:00,3.0,2.0
16336,2026-07-23T14:50:00+00:00,3.0,2.0
16337,2026-07-23T14:55:00+00:00,3.0,2.0
16338,2026-07-23T15:00:00+00:00,3.0,2.0
16339,2026-07-23T15:05:00+00:00,3.0,2.0
16340,2026-07-23T15:10:00+00:00,3.0,2.0
16341,2026-07-23T15:15:00+00:00,3.0,2.0
16342,2026-07-23T15:20:00+00:00,3.0,2.0
16343,2026-07-23T15:25:00+00:00,3.0,2.0
16344,2026-07-23T15:30:00+00:00,3.0,2.0
16345,2026-07-23T15:35:00+00:00,3.0,2.0
16346,2026-07-23T15:40:00+00:00,3.0,2.0
16347,2026-07-23T15:45:00+00:00,3.0,2.0
16348,2026-07-23T15:50:00+00:00,3.0,2.0
16349,2026-07-23T15:55:00+00:00,3.0,2.0
16350,2026-07-23T16:00:00+00:00,3.0,2.0
16351,2026-07-23T16:05:00+00:00,3.0,2.0
16352,2026-07-23T16:10:00+00:00,3.0,2.0
16353,2026-07-23T16:15:00+00:00,3.0,2.0
16354,2026-07-23T16:20:00+00:00,3.0,2.0
16355,2026-07-23T16:25:00+00:00,3.0,2.0
16356,2026-07-23T16:30:00+00:00,3.0,2.0
16357,2026-07-23T16:35:00+00:00,3.0,2.0
16358,2026-07-23T16:40:00+00:00,3.0,2.0
16359,2026-07-23T16:45:00+00:00,3.0,2.0
16360,2026-07-23T16:50:00+00:00,3.0,2.0
16361,2026-07-23T16:55:00+00:00,3.0,2.0
16362,2026-07-23T17:00:00+00:00,3.0,2.0
16363,2026-07-23T17:05:00+00:00,3.0,2.0
16364,2026-07-23T17:10:00+00:00,3.0,2.0
16365,2026-07-23T17:15:00+00:00,3.0,2.0
16366,2026-07-23T17:20:00+00:00,3.0,2.0
16367,2026-07-23T17:25:00+00:00,3.0,2.0
16368,2026-07-23T17:30:00+00:00,3.0,2.0
16369,2026-07-23T17:35:00+00:00,3.0,2.0
16370,2026-07-23T17:40:00+00:00,3.0,2.0
16371,2026-07-23T17:45:00+00:00,3.0,2.0
16372,2026-07-23T17:50:00+00:00,3.0,2.0
16373,2026-07-23T17:55:00+00:00,3.0,2.0
16374,2026-07-23T18:00:00+00:00,3.0,2.0
16375,2026-07-23T18:05:00+00:00,3.0,2.0
16376,2026-07-23T18:10:00+00:00,3.0,2.0
16377,2026-07-23T18:15:00+00:00,3.0,2.0
16378,2026-07-23T18:20:00+00:00,3.0,2.0
16379,2026-07-23T18:25:00+00:00,3.0,2.0
16380,2026-07-23T18:30:00+00:00,3.0,2.0
16381,2026-07-23T18:35:00+00:00,3.0,2.0
16382,2026-07-23T18:40:00+00:00,3.0,2.0
16383,2026-07-23T18:45:00+00:00,3.0,2.0
16384,2026-07-23T18:50:00+00:00,3.0,2.0
16385,2026-07-23T18:55:00+00:00,3.0,2.0
16386,2026-07-23T19:00:00+00:00,3.0,2.0
16387,2026-07-23T19:05:00+00:00,3.0,2.0
16388,2026-07-23T19:10:00+00:00,3.0,2.0
16389,2026-07-23T19:15:00+00:00,3.0,2.0
16390,2026-07-23T19:20:00+00:00,3.0,2.0
16391,2026-07-23T19:25:00+00:00,3.0,2.0
16392,2026-07-23T19:30:00+00:00,3.0,2.0
16393,2026-07-23T19:35:00+00:00,3.0,2.0
16394,2026-07-23T19:40:00+00:00,3.0,2.0
16395,2026-07-23T19:45:00+00:00,3.0,2.0
16396,2026-07-23T19:50:00+00:00,3.0,2.0
16397,2026-07-23T19:55:00+00:00,3.0,2.0
16398,2026-07-23T20:00:00+00:00,3.0,2.0
16399,2026-07-23T20:05:00+00:00,3.0,2.0
16400,2026-07-23T20:10:00+00:00,3.0,2.0
16401,2026-07-23T20:15:00+00:00,3.0,2.0
16402,2026-07-23T20:20:00+00:00,3.0,2.0
16403,2026-07-23T20:25:00+00:00,3.0,2.0
16404,2026-07-23T20:30:00+00:00,3.0,2.0
16405,2026-07-23T20:35:00+00:00,3.0,2.0
16406,2026-07-23T20:40:00+00:00,3.0,2.0
16407,2026-07-23T20:45:00+00:00,3.0,2.0
16408,2026-07-23T20:50:00+00:00,3.0,2.0
16409,2026-07-23T20:55:00+00:00,3.0,2.0
16410,2026-07-23T22:00:00+00:00,3.0,2.0
16411,2026-07-23T22:05:00+00:00,3.0,2.0
16412,2026-07-23T22:10:00+00:00,3.0,2.0
16413,2026-07-23T22:15:00+00:00,3.0,2.0
16414,2026-07-23T22:20:00+00:00,3.0,2.0
16415,2026-07-23T22:25:00+00:00,3.0,2.0
16416,2026-07-23T22:30:00+00:00,3.0,2.0
16417,2026-07-23T22:35:00+00:00,3.0,2.0
16418,2026-07-23T22:40:00+00:00,3.0,2.0
16419,2026-07-23T22:45:00+00:00,3.0,2.0
16420,2026-07-23T22:50:00+00:00,3.0,2.0
16421,2026-07-23T22:55:00+00:00,3.0,2.0
16422,2026-07-23T23:00:00+00:00,3.0,2.0
16423,2026-07-23T23:05:00+00:00,3.0,2.0
16424,2026-07-23T23:10:00+00:00,3.0,2.0
16425,2026-07-23T23:15:00+00:00,3.0,2.0
16426,2026-07-23T23:20:00+00:00,3.0,2.0
16427,2026-07-23T23:25:00+00:00,3.0,2.0
16428,2026-07-23T23:30:00+00:00,3.0,2.0
16429,2026-07-23T23:35:00+00:00,3.0,2.0
16430,2026-07-23T23:40:00+00:00,3.0,2.0
16431,2026-07-23T23:45:00+00:00,3.0,2.0
16432,2026-07-23T23:50:00+00:00,3.0,2.0
16433,2026-07-23T23:55:00+00:00,3.0,2.0
16434,2026-07-24T00:00:00+00:00,3.0,2.0
16435,2026-07-24T00:05:00+00:00,3.0,2.0
16436,2026-07-24T00:10:00+00:00,3.0,2.0
16437,2026-07-24T00:15:00+00:00,3.0,2.0
16438,2026-07-24T00:20:00+00:00,3.0,2.0
16439,2026-07-24T00:25:00+00:00,3.0,2.0
16440,2026-07-24T00:30:00+00:00,3.0,2.0
16441,2026-07-24T00:35:00+00:00,3.0,2.0
16442,2026-07-24T00:40:00+00:00,3.0,2.0
16443,2026-07-24T00:45:00+00:00,3.0,2.0
16444,2026-07-24T00:50:00+00:00,3.0,2.0
16445,2026-07-24T00:55:00+00:00,3.0,2.0
16446,2026-07-24T01:00:00+00:00,3.0,2.0
16447,2026-07-24T01:05:00+00:00,3.0,2.0
16448,2026-07-24T01:10:00+00:00,3.0,2.0
16449,2026-07-24T01:15:00+00:00,3.0,2.0
16450,2026-07-24T01:20:00+00:00,3.0,2.0
16451,2026-07-24T01:25:00+00:00,3.0,2.0
16452,2026-07-24T01:30:00+00:00,3.0,2.0
16453,2026-07-24T01:35:00+00:00,3.0,2.0
16454,2026-07-24T01:40:00+00:00,3.0,2.0
16455,2026-07-24T01:45:00+00:00,3.0,2.0
16456,2026-07-24T01:50:00+00:00,3.0,2.0
16457,2026-07-24T01:55:00+00:00,3.0,2.0
16458,2026-07-24T02:00:00+00:00,3.0,2.0
16459,2026-07-24T02:05:00+00:00,3.0,2.0
16460,2026-07-24T02:10:00+00:00,3.0,2.0
16461,2026-07-24T02:15:00+00:00,3.0,2.0
16462,2026-07-24T02:20:00+00:00,3.0,2.0
16463,2026-07-24T02:25:00+00:00,3.0,2.0
16464,2026-07-24T02:30:00+00:00,3.0,2.0
16465,2026-07-24T02:35:00+00:00,3.0,2.0
16466,2026-07-24T02:40:00+00:00,3.0,2.0
16467,2026-07-24T02:45:00+00:00,3.0,2.0
16468,2026-07-24T02:50:00+00:00,3.0,2.0
16469,2026-07-24T02:55:00+00:00,3.0,2.0
16470,2026-07-24T03:00:00+00:00,3.0,2.0
16471,2026-07-24T03:05:00+00:00,3.0,2.0
16472,2026-07-24T03:10:00+00:00,3.0,2.0
16473,2026-07-24T03:15:00+00:00,3.0,2.0
16474,2026-07-24T03:20:00+00:00,3.0,2.0
16475,2026-07-24T03:25:00+00:00,3.0,2.0
16476,2026-07-24T03:30:00+00:00,3.0,2.0
16477,2026-07-24T03:35:00+00:00,3.0,2.0
16478,2026-07-24T03:40:00+00:00,3.0,2.0
16479,2026-07-24T03:45:00+00:00,3.0,2.0
16480,2026-07-24T03:50:00+00:00,3.0,2.0
16481,2026-07-24T03:55:00+00:00,3.0,2.0
16482,2026-07-24T04:00:00+00:00,3.0,2.0
16483,2026-07-24T04:05:00+00:00,3.0,2.0
16484,2026-07-24T04:10:00+00:00,3.0,2.0
16485,2026-07-24T04:15:00+00:00,3.0,2.0
16486,2026-07-24T04:20:00+00:00,3.0,2.0
16487,2026-07-24T04:25:00+00:00,3.0,2.0
16488,2026-07-24T04:30:00+00:00,3.0,2.0
16489,2026-07-24T04:35:00+00:00,3.0,2.0
16490,2026-07-24T04:40:00+00:00,3.0,2.0
16491,2026-07-24T04:45:00+00:00,3.0,2.0
16492,2026-07-24T04:50:00+00:00,3.0,2.0
16493,2026-07-24T04:55:00+00:00,3.0,2.0
16494,2026-07-24T05:00:00+00:00,3.0,2.0
16495,2026-07-24T05:05:00+00:00,3.0,2.0
16496,2026-07-24T05:10:00+00:00,3.0,2.0
16497,2026-07-24T05:15:00+00:00,3.0,2.0
16498,2026-07-24T05:20:00+00:00,3.0,2.0
16499,2026-07-24T05:25:00+00:00,3.0,2.0
16500,2026-07-24T05:30:00+00:00,3.0,2.0
16501,2026-07-24T05:35:00+00:00,3.0,2.0
16502,2026-07-24T05:40:00+00:00,3.0,2.0
16503,2026-07-24T05:45:00+00:00,3.0,2.0
16504,2026-07-24T05:50:00+00:00,3.0,2.0
16505,2026-07-24T05:55:00+00:00,3.0,2.0
16506,2026-07-24T06:00:00+00:00,3.0,2.0
16507,2026-07-24T06:05:00+00:00,3.0,2.0
16508,2026-07-24T06:10:00+00:00,3.0,2.0
16509,2026-07-24T06:15:00+00:00,3.0,2.0
16510,2026-07-24T06:20:00+00:00,3.0,2.0
16511,2026-07-24T06:25:00+00:00,3.0,2.0
16512,2026-07-24T06:30:00+00:00,3.0,2.0
16513,2026-07-24T06:35:00+00:00,3.0,2.0
16514,2026-07-24T06:40:00+00:00,3.0,2.0
16515,2026-07-24T06:45:00+00:00,3.0,2.0
16516,2026-07-24T06:50:00+00:00,3.0,2.0
16517,2026-07-24T06:55:00+00:00,3.0,2.0
16518,2026-07-24T07:00:00+00:00,3.0,2.0
16519,2026-07-24T07:05:00+00:00,3.0,2.0
16520,2026-07-24T07:10:00+00:00,3.0,2.0
16521,2026-07-24T07:15:00+00:00,3.0,2.0
16522,2026-07-24T07:20:00+00:00,3.0,2.0
16523,2026-07-24T07:25:00+00:00,3.0,2.0
16524,2026-07-24T07:30:00+00:00,3.0,2.0
16525,2026-07-24T07:35:00+00:00,3.0,2.0
16526,2026-07-24T07:40:00+00:00,3.0,2.0
16527,2026-07-24T07:45:00+00:00,3.0,2.0
16528,2026-07-24T07:50:00+00:00,3.0,2.0
16529,2026-07-24T07:55:00+00:00,3.0,2.0
16530,2026-07-24T08:00:00+00:00,3.0,2.0
16531,2026-07-24T08:05:00+00:00,3.0,2.0
16532,2026-07-24T08:10:00+00:00,3.0,2.0
16533,2026-07-24T08:15:00+00:00,3.0,2.0
16534,2026-07-24T08:20:00+00:00,3.0,2.0
16535,2026-07-24T08:25:00+00:00,3.0,2.0
16536,2026-07-24T08:30:00+00:00,3.0,2.0
16537,2026-07-24T08:35:00+00:00,3.0,2.0
16538,2026-07-24T08:40:00+00:00,3.0,2.0
16539,2026-07-24T08:45:00+00:00,3.0,2.0
16540,2026-07-24T08:50:00+00:00,3.0,2.0
16541,2026-07-24T08:55:00+00:00,3.0,2.0
16542,2026-07-24T09:00:00+00:00,3.0,2.0
16543,2026-07-24T09:05:00+00:00,3.0,2.0
16544,2026-07-24T09:10:00+00:00,3.0,2.0
16545,2026-07-24T09:15:00+00:00,3.0,2.0
16546,2026-07-24T09:20:00+00:00,3.0,2.0
16547,2026-07-24T09:25:00+00:00,3.0,2.0
16548,2026-07-24T09:30:00+00:00,3.0,2.0
16549,2026-07-24T09:35:00+00:00,3.0,2.0
16550,2026-07-24T09:40:00+00:00,3.0,2.0
16551,2026-07-24T09:45:00+00:00,3.0,2.0
16552,2026-07-24T09:50:00+00:00,3.0,2.0
16553,2026-07-24T09:55:00+00:00,3.0,2.0
16554,2026-07-24T10:00:00+00:00,3.0,2.0
16555,2026-07-24T10:05:00+00:00,3.0,2.0
16556,2026-07-24T10:10:00+00:00,3.0,2.0
16557,2026-07-24T10:15:00+00:00,3.0,2.0
16558,2026-07-24T10:20:00+00:00,3.0,2.0
16559,2026-07-24T10:25:00+00:00,3.0,2.0
16560,2026-07-24T10:30:00+00:00,3.0,2.0
16561,2026-07-24T10:35:00+00:00,3.0,2.0
16562,2026-07-24T10:40:00+00:00,3.0,2.0
16563,2026-07-24T10:45:00+00:00,3.0,2.0
16564,2026-07-24T10:50:00+00:00,3.0,2.0
16565,2026-07-24T10:55:00+00:00,3.0,2.0
16566,2026-07-24T11:00:00+00:00,3.0,2.0
16567,2026-07-24T11:05:00+00:00,3.0,2.0
16568,2026-07-24T11:10:00+00:00,3.0,2.0
16569,2026-07-24T11:15:00+00:00,3.0,2.0
16570,2026-07-24T11:20:00+00:00,3.0,2.0
16571,2026-07-24T11:25:00+00:00,3.0,2.0
16572,2026-07-24T11:30:00+00:00,3.0,2.0
16573,2026-07-24T11:35:00+00:00,3.0,2.0
16574,2026-07-24T11:40:00+00:00,3.0,2.0
16575,2026-07-24T11:45:00+00:00,3.0,2.0
16576,2026-07-24T11:50:00+00:00,3.0,2.0
16577,2026-07-24T11:55:00+00:00,3.0,2.0
16578,2026-07-24T12:00:00+00:00,3.0,2.0
16579,2026-07-24T12:05:00+00:00,3.0,2.0
16580,2026-07-24T12:10:00+00:00,3.0,2.0
16581,2026-07-24T12:15:00+00:00,3.0,2.0
16582,2026-07-24T12:20:00+00:00,3.0,2.0
16583,2026-07-24T12:25:00+00:00,3.0,2.0
16584,2026-07-24T12:30:00+00:00,3.0,2.0
16585,2026-07-24T12:35:00+00:00,3.0,2.0
16586,2026-07-24T12:40:00+00:00,3.0,2.0
16587,2026-07-24T12:45:00+00:00,3.0,2.0
16588,2026-07-24T12:50:00+00:00,3.0,2.0
16589,2026-07-24T12:55:00+00:00,3.0,2.0
16590,2026-07-24T13:00:00+00:00,3.0,2.0
16591,2026-07-24T13:05:00+00:00,3.0,2.0
16592,2026-07-24T13:10:00+00:00,3.0,2.0
16593,2026-07-24T13:15:00+00:00,3.0,2.0
16594,2026-07-24T13:20:00+00:00,3.0,2.0
16595,2026-07-24T13:25:00+00:00,3.0,2.0
16596,2026-07-24T13:30:00+00:00,3.0,2.0
16597,2026-07-24T13:35:00+00:00,3.0,2.0
16598,2026-07-24T13:40:00+00:00,3.0,2.0
16599,2026-07-24T13:45:00+00:00,3.0,2.0
16600,2026-07-24T13:50:00+00:00,3.0,2.0
16601,2026-07-24T13:55:00+00:00,3.0,2.0
16602,2026-07-24T14:00:00+00:00,3.0,2.0
16603,2026-07-24T14:05:00+00:00,3.0,2.0
16604,2026-07-24T14:10:00+00:00,3.0,2.0
16605,2026-07-24T14:15:00+00:00,3.0,2.0
16606,2026-07-24T14:20:00+00:00,3.0,2.0
16607,2026-07-24T14:25:00+00:00,3.0,2.0
16608,2026-07-24T14:30:00+00:00,3.0,2.0
16609,2026-07-24T14:35:00+00:00,3.0,2.0
16610,2026-07-24T14:40:00+00:00,3.0,2.0
16611,2026-07-24T14:45:00+00:00,3.0,2.0
16612,2026-07-24T14:50:00+00:00,3.0,2.0
16613,2026-07-24T14:55:00+00:00,3.0,2.0
16614,2026-07-24T15:00:00+00:00,3.0,2.0
16615,2026-07-24T15:05:00+00:00,3.0,2.0
16616,2026-07-24T15:10:00+00:00,3.0,2.0
16617,2026-07-24T15:15:00+00:00,3.0,2.0
16618,2026-07-24T15:20:00+00:00,3.0,2.0
16619,2026-07-24T15:25:00+00:00,3.0,2.0
16620,2026-07-24T15:30:00+00:00,3.0,2.0
16621,2026-07-24T15:35:00+00:00,3.0,2.0
16622,2026-07-24T15:40:00+00:00,3.0,2.0
16623,2026-07-24T15:45:00+00:00,3.0,2.0
16624,2026-07-24T15:50:00+00:00,3.0,2.0
16625,2026-07-24T15:55:00+00:00,3.0,2.0
16626,2026-07-24T16:00:00+00:00,3.0,2.0
16627,2026-07-24T16:05:00+00:00,3.0,2.0
16628,2026-07-24T16:10:00+00:00,3.0,2.0
16629,2026-07-24T16:15:00+00:00,3.0,2.0
16630,2026-07-24T16:20:00+00:00,3.0,2.0
16631,2026-07-24T16:25:00+00:00,3.0,2.0
16632,2026-07-24T16:30:00+00:00,3.0,2.0
16633,2026-07-24T16:35:00+00:00,3.0,2.0
16634,2026-07-24T16:40:00+00:00,3.0,2.0
16635,2026-07-24T16:45:00+00:00,3.0,2.0
16636,2026-07-24T16:50:00+00:00,3.0,2.0
16637,2026-07-24T16:55:00+00:00,3.0,2.0
16638,2026-07-24T17:00:00+00:00,3.0,2.0
16639,2026-07-24T17:05:00+00:00,3.0,2.0
16640,2026-07-24T17:10:00+00:00,3.0,2.0
16641,2026-07-24T17:15:00+00:00,3.0,2.0
16642,2026-07-24T17:20:00+00:00,3.0,2.0
16643,2026-07-24T17:25:00+00:00,3.0,2.0
16644,2026-07-24T17:30:00+00:00,3.0,2.0
16645,2026-07-24T17:35:00+00:00,3.0,2.0
16646,2026-07-24T17:40:00+00:00,3.0,2.0
16647,2026-07-24T17:45:00+00:00,3.0,2.0
16648,2026-07-24T17:50:00+00:00,3.0,2.0
16649,2026-07-24T17:55:00+00:00,3.0,2.0
16650,2026-07-24T18:00:00+00:00,3.0,2.0
16651,2026-07-24T18:05:00+00:00,3.0,2.0
16652,2026-07-24T18:10:00+00:00,3.0,2.0
16653,2026-07-24T18:15:00+00:00,3.0,2.0
16654,2026-07-24T18:20:00+00:00,3.0,2.0
16655,2026-07-24T18:25:00+00:00,3.0,2.0
16656,2026-07-24T18:30:00+00:00,3.0,2.0
16657,2026-07-24T18:35:00+00:00,3.0,2.0
16658,2026-07-24T18:40:00+00:00,3.0,2.0
16659,2026-07-24T18:45:00+00:00,3.0,2.0
16660,2026-07-24T18:50:00+00:00,3.0,2.0
16661,2026-07-24T18:55:00+00:00,3.0,2.0
16662,2026-07-24T19:00:00+00:00,3.0,2.0
16663,2026-07-24T19:05:00+00:00,3.0,2.0
16664,2026-07-24T19:10:00+00:00,3.0,2.0
16665,2026-07-24T19:15:00+00:00,3.0,2.0
16666,2026-07-24T19:20:00+00:00,3.0,2.0
16667,2026-07-24T19:25:00+00:00,3.0,2.0
16668,2026-07-24T19:30:00+00:00,3.0,2.0
16669,2026-07-24T19:35:00+00:00,3.0,2.0
16670,2026-07-24T19:40:00+00:00,3.0,2.0
16671,2026-07-24T19:45:00+00:00,3.0,2.0
16672,2026-07-24T19:50:00+00:00,3.0,2.0
16673,2026-07-24T19:55:00+00:00,3.0,2.0
16674,2026-07-24T20:00:00+00:00,3.0,2.0
16675,2026-07-24T20:05:00+00:00,3.0,2.0
16676,2026-07-24T20:10:00+00:00,3.0,2.0
16677,2026-07-24T20:15:00+00:00,3.0,2.0
16678,2026-07-24T20:20:00+00:00,3.0,2.0
16679,2026-07-24T20:25:00+00:00,3.0,2.0
16680,2026-07-24T20:30:00+00:00,3.0,2.0
16681,2026-07-24T20:35:00+00:00,3.0,2.0
16682,2026-07-24T20:40:00+00:00,3.0,2.0
16683,2026-07-24T20:45:00+00:00,3.0,2.0
16684,2026-07-24T20:50:00+00:00,3.0,2.0
16685,2026-07-24T20:55:00+00:00,3.0,2.0
16686,2026-07-26T22:00:00+00:00,3.0,2.0
16687,2026-07-26T22:05:00+00:00,3.0,2.0
16688,2026-07-26T22:10:00+00:00,3.0,2.0
16689,2026-07-26T22:15:00+00:00,3.0,2.0
16690,2026-07-26T22:20:00+00:00,3.0,2.0
16691,2026-07-26T22:25:00+00:00,3.0,2.0
16692,2026-07-26T22:30:00+00:00,3.0,2.0
16693,2026-07-26T22:35:00+00:00,3.0,2.0
16694,2026-07-26T22:40:00+00:00,3.0,2.0
16695,2026-07-26T22:45:00+00:00,3.0,2.0
16696,2026-07-26T22:50:00+00:00,3.0,2.0
16697,2026-07-26T22:55:00+00:00,3.0,2.0
16698,2026-07-26T23:00:00+00:00,3.0,2.0
16699,2026-07-26T23:05:00+00:00,3.0,2.0
16700,2026-07-26T23:10:00+00:00,3.0,2.0
16701,2026-07-26T23:15:00+00:00,3.0,2.0
16702,2026-07-26T23:20:00+00:00,3.0,2.0
16703,2026-07-26T23:25:00+00:00,3.0,2.0
16704,2026-07-26T23:30:00+00:00,3.0,2.0
16705,2026-07-26T23:35:00+00:00,3.0,2.0
16706,2026-07-26T23:40:00+00:00,3.0,2.0
16707,2026-07-26T23:45:00+00:00,3.0,2.0
16708,2026-07-26T23:50:00+00:00,3.0,2.0
16709,2026-07-26T23:55:00+00:00,3.0,2.0
16710,2026-07-27T00:00:00+00:00,3.0,2.0
16711,2026-07-27T00:05:00+00:00,3.0,2.0
16712,2026-07-27T00:10:00+00:00,3.0,2.0
16713,2026-07-27T00:15:00+00:00,3.0,2.0
16714,2026-07-27T00:20:00+00:00,3.0,2.0
16715,2026-07-27T00:25:00+00:00,3.0,2.0
16716,2026-07-27T00:30:00+00:00,3.0,2.0
16717,2026-07-27T00:35:00+00:00,3.0,2.0
16718,2026-07-27T00:40:00+00:00,3.0,2.0
16719,2026-07-27T00:45:00+00:00,3.0,2.0
16720,2026-07-27T00:50:00+00:00,3.0,2.0
16721,2026-07-27T00:55:00+00:00,3.0,2.0
16722,2026-07-27T01:00:00+00:00,3.0,2.0
16723,2026-07-27T01:05:00+00:00,3.0,2.0
16724,2026-07-27T01:10:00+00:00,3.0,2.0
16725,2026-07-27T01:15:00+00:00,3.0,2.0
16726,2026-07-27T01:20:00+00:00,3.0,2.0
16727,2026-07-27T01:25:00+00:00,3.0,2.0
16728,2026-07-27T01:30:00+00:00,3.0,2.0
16729,2026-07-27T01:35:00+00:00,3.0,2.0
16730,2026-07-27T01:40:00+00:00,3.0,2.0
16731,2026-07-27T01:45:00+00:00,3.0,2.0
16732,2026-07-27T01:50:00+00:00,3.0,2.0
16733,2026-07-27T01:55:00+00:00,3.0,2.0
16734,2026-07-27T02:00:00+00:00,3.0,2.0
16735,2026-07-27T02:05:00+00:00,3.0,2.0
16736,2026-07-27T02:10:00+00:00,3.0,2.0
16737,2026-07-27T02:15:00+00:00,3.0,2.0
16738,2026-07-27T02:20:00+00:00,3.0,2.0
16739,2026-07-27T02:25:00+00:00,3.0,2.0
16740,2026-07-27T02:30:00+00:00,3.0,2.0
16741,2026-07-27T02:35:00+00:00,3.0,2.0
16742,2026-07-27T02:40:00+00:00,3.0,2.0
16743,2026-07-27T02:45:00+00:00,3.0,2.0
16744,2026-07-27T02:50:00+00:00,3.0,2.0
16745,2026-07-27T02:55:00+00:00,3.0,2.0
16746,2026-07-27T03:00:00+00:00,3.0,2.0
16747,2026-07-27T03:05:00+00:00,3.0,2.0
16748,2026-07-27T03:10:00+00:00,3.0,2.0
16749,2026-07-27T03:15:00+00:00,3.0,2.0
16750,2026-07-27T03:20:00+00:00,3.0,2.0
16751,2026-07-27T03:25:00+00:00,3.0,2.0
16752,2026-07-27T03:30:00+00:00,3.0,2.0
16753,2026-07-27T03:35:00+00:00,3.0,2.0
16754,2026-07-27T03:40:00+00:00,3.0,2.0
16755,2026-07-27T03:45:00+00:00,3.0,2.0
16756,2026-07-27T03:50:00+00:00,3.0,2.0
16757,2026-07-27T03:55:00+00:00,3.0,2.0
16758,2026-07-27T04:00:00+00:00,3.0,2.0
16759,2026-07-27T04:05:00+00:00,3.0,2.0
16760,2026-07-27T04:10:00+00:00,3.0,2.0
16761,2026-07-27T04:15:00+00:00,3.0,2.0
16762,2026-07-27T04:20:00+00:00,3.0,2.0
16763,2026-07-27T04:25:00+00:00,3.0,2.0
16764,2026-07-27T04:30:00+00:00,3.0,2.0
16765,2026-07-27T04:35:00+00:00,3.0,2.0
16766,2026-07-27T04:40:00+00:00,3.0,2.0
16767,2026-07-27T04:45:00+00:00,3.0,2.0
16768,2026-07-27T04:50:00+00:00,3.0,2.0
16769,2026-07-27T04:55:00+00:00,3.0,2.0
16770,2026-07-27T05:00:00+00:00,3.0,2.0
16771,2026-07-27T05:05:00+00:00,3.0,2.0
16772,2026-07-27T05:10:00+00:00,3.0,2.0
16773,2026-07-27T05:15:00+00:00,3.0,2.0
16774,2026-07-27T05:20:00+00:00,3.0,2.0
16775,2026-07-27T05:25:00+00:00,3.0,2.0
16776,2026-07-27T05:30:00+00:00,3.0,2.0
16777,2026-07-27T05:35:00+00:00,3.0,2.0
16778,2026-07-27T05:40:00+00:00,3.0,2.0
16779,2026-07-27T05:45:00+00:00,3.0,2.0
16780,2026-07-27T05:50:00+00:00,3.0,2.0
16781,2026-07-27T05:55:00+00:00,3.0,2.0
16782,2026-07-27T06:00:00+00:00,3.0,2.0
16783,2026-07-27T06:05:00+00:00,3.0,2.0
16784,2026-07-27T06:10:00+00:00,3.0,2.0
16785,2026-07-27T06:15:00+00:00,3.0,2.0
16786,2026-07-27T06:20:00+00:00,3.0,2.0
16787,2026-07-27T06:25:00+00:00,3.0,2.0
16788,2026-07-27T06:30:00+00:00,3.0,2.0
16789,2026-07-27T06:35:00+00:00,3.0,2.0
16790,2026-07-27T06:40:00+00:00,3.0,2.0
16791,2026-07-27T06:45:00+00:00,3.0,2.0
16792,2026-07-27T06:50:00+00:00,3.0,2.0
16793,2026-07-27T06:55:00+00:00,3.0,2.0
16794,2026-07-27T07:00:00+00:00,3.0,2.0
16795,2026-07-27T07:05:00+00:00,3.0,2.0
16796,2026-07-27T07:10:00+00:00,3.0,2.0
16797,2026-07-27T07:15:00+00:00,3.0,2.0
16798,2026-07-27T07:20:00+00:00,3.0,2.0
16799,2026-07-27T07:25:00+00:00,3.0,2.0
16800,2026-07-27T07:30:00+00:00,3.0,2.0
16801,2026-07-27T07:35:00+00:00,3.0,2.0
16802,2026-07-27T07:40:00+00:00,3.0,2.0
16803,2026-07-27T07:45:00+00:00,3.0,2.0
16804,2026-07-27T07:50:00+00:00,3.0,2.0
16805,2026-07-27T07:55:00+00:00,3.0,2.0
16806,2026-07-27T08:00:00+00:00,3.0,2.0
16807,2026-07-27T08:05:00+00:00,3.0,2.0
16808,2026-07-27T08:10:00+00:00,3.0,2.0
16809,2026-07-27T08:15:00+00:00,3.0,2.0
16810,2026-07-27T08:20:00+00:00,3.0,2.0
16811,2026-07-27T08:25:00+00:00,3.0,2.0
16812,2026-07-27T08:30:00+00:00,3.0,2.0
16813,2026-07-27T08:35:00+00:00,3.0,2.0
16814,2026-07-27T08:40:00+00:00,3.0,2.0
16815,2026-07-27T08:45:00+00:00,3.0,2.0
16816,2026-07-27T08:50:00+00:00,3.0,2.0
16817,2026-07-27T08:55:00+00:00,3.0,2.0
16818,2026-07-27T09:00:00+00:00,3.0,2.0
16819,2026-07-27T09:05:00+00:00,3.0,2.0
16820,2026-07-27T09:10:00+00:00,3.0,2.0
16821,2026-07-27T09:15:00+00:00,3.0,2.0
16822,2026-07-27T09:20:00+00:00,3.0,2.0
16823,2026-07-27T09:25:00+00:00,3.0,2.0
16824,2026-07-27T09:30:00+00:00,3.0,2.0
16825,2026-07-27T09:35:00+00:00,3.0,2.0
16826,2026-07-27T09:40:00+00:00,3.0,2.0
16827,2026-07-27T09:45:00+00:00,3.0,2.0
16828,2026-07-27T09:50:00+00:00,3.0,2.0
16829,2026-07-27T09:55:00+00:00,3.0,2.0
16830,2026-07-27T10:00:00+00:00,3.0,2.0
16831,2026-07-27T10:05:00+00:00,3.0,2.0
16832,2026-07-27T10:10:00+00:00,3.0,2.0
16833,2026-07-27T10:15:00+00:00,3.0,2.0
16834,2026-07-27T10:20:00+00:00,3.0,2.0
16835,2026-07-27T10:25:00+00:00,3.0,2.0
16836,2026-07-27T10:30:00+00:00,3.0,2.0
16837,2026-07-27T10:35:00+00:00,3.0,2.0
16838,2026-07-27T10:40:00+00:00,3.0,2.0
16839,2026-07-27T10:45:00+00:00,3.0,2.0
16840,2026-07-27T10:50:00+00:00,3.0,2.0
16841,2026-07-27T10:55:00+00:00,3.0,2.0
16842,2026-07-27T11:00:00+00:00,3.0,2.0
16843,2026-07-27T11:05:00+00:00,3.0,2.0
16844,2026-07-27T11:10:00+00:00,3.0,2.0
16845,2026-07-27T11:15:00+00:00,3.0,2.0
16846,2026-07-27T11:20:00+00:00,3.0,2.0
16847,2026-07-27T11:25:00+00:00,3.0,2.0
16848,2026-07-27T11:30:00+00:00,3.0,2.0
16849,2026-07-27T11:35:00+00:00,3.0,2.0
16850,2026-07-27T11:40:00+00:00,3.0,2.0
16851,2026-07-27T11:45:00+00:00,3.0,2.0
16852,2026-07-27T11:50:00+00:00,3.0,2.0
16853,2026-07-27T11:55:00+00:00,3.0,2.0
16854,2026-07-27T12:00:00+00:00,3.0,2.0
16855,2026-07-27T12:05:00+00:00,3.0,2.0
16856,2026-07-27T12:10:00+00:00,3.0,2.0
16857,2026-07-27T12:15:00+00:00,3.0,2.0
16858,2026-07-27T12:20:00+00:00,3.0,2.0
16859,2026-07-27T12:25:00+00:00,3.0,2.0
16860,2026-07-27T12:30:00+00:00,3.0,2.0
16861,2026-07-27T12:35:00+00:00,3.0,2.0
16862,2026-07-27T12:40:00+00:00,3.0,2.0
16863,2026-07-27T12:45:00+00:00,3.0,2.0
16864,2026-07-27T12:50:00+00:00,3.0,2.0
16865,2026-07-27T12:55:00+00:00,3.0,2.0
16866,2026-07-27T13:00:00+00:00,3.0,2.0
16867,2026-07-27T13:05:00+00:00,3.0,2.0
16868,2026-07-27T13:10:00+00:00,3.0,2.0
16869,2026-07-27T13:15:00+00:00,3.0,2.0
16870,2026-07-27T13:20:00+00:00,3.0,2.0
16871,2026-07-27T13:25:00+00:00,3.0,2.0
16872,2026-07-27T13:30:00+00:00,3.0,2.0
16873,2026-07-27T13:35:00+00:00,3.0,2.0
16874,2026-07-27T13:40:00+00:00,3.0,2.0
16875,2026-07-27T13:45:00+00:00,3.0,2.0
16876,2026-07-27T13:50:00+00:00,3.0,2.0
16877,2026-07-27T13:55:00+00:00,3.0,2.0
16878,2026-07-27T14:00:00+00:00,3.0,2.0
16879,2026-07-27T14:05:00+00:00,3.0,2.0
16880,2026-07-27T14:10:00+00:00,3.0,2.0
16881,2026-07-27T14:15:00+00:00,3.0,2.0
16882,2026-07-27T14:20:00+00:00,3.0,2.0
16883,2026-07-27T14:25:00+00:00,3.0,2.0
16884,2026-07-27T14:30:00+00:00,3.0,2.0
16885,2026-07-27T14:35:00+00:00,3.0,2.0
16886,2026-07-27T14:40:00+00:00,3.0,2.0
16887,2026-07-27T14:45:00+00:00,3.0,2.0
16888,2026-07-27T14:50:00+00:00,3.0,2.0
16889,2026-07-27T14:55:00+00:00,3.0,2.0
16890,2026-07-27T15:00:00+00:00,3.0,2.0
16891,2026-07-27T15:05:00+00:00,3.0,2.0
16892,2026-07-27T15:10:00+00:00,3.0,2.0
16893,2026-07-27T15:15:00+00:00,3.0,2.0
16894,2026-07-27T15:20:00+00:00,3.0,2.0
16895,2026-07-27T15:25:00+00:00,3.0,2.0
16896,2026-07-27T15:30:00+00:00,3.0,2.0
16897,2026-07-27T15:35:00+00:00,3.0,2.0
16898,2026-07-27T15:40:00+00:00,3.0,2.0
16899,2026-07-27T15:45:00+00:00,3.0,2.0
16900,2026-07-27T15:50:00+00:00,3.0,2.0
16901,2026-07-27T15:55:00+00:00,3.0,2.0
16902,2026-07-27T16:00:00+00:00,3.0,2.0
16903,2026-07-27T16:05:00+00:00,3.0,2.0
16904,2026-07-27T16:10:00+00:00,3.0,2.0
16905,2026-07-27T16:15:00+00:00,3.0,2.0
16906,2026-07-27T16:20:00+00:00,3.0,2.0
16907,2026-07-27T16:25:00+00:00,3.0,2.0
16908,2026-07-27T16:30:00+00:00,3.0,2.0
16909,2026-07-27T16:35:00+00:00,3.0,2.0
16910,2026-07-27T16:40:00+00:00,3.0,2.0
16911,2026-07-27T16:45:00+00:00,3.0,2.0
16912,2026-07-27T16:50:00+00:00,3.0,2.0
16913,2026-07-27T16:55:00+00:00,3.0,2.0
16914,2026-07-27T17:00:00+00:00,3.0,2.0
16915,2026-07-27T17:05:00+00:00,3.0,2.0
16916,2026-07-27T17:10:00+00:00,3.0,2.0
16917,2026-07-27T17:15:00+00:00,3.0,2.0
16918,2026-07-27T17:20:00+00:00,3.0,2.0
16919,2026-07-27T17:25:00+00:00,3.0,2.0
16920,2026-07-27T17:30:00+00:00,3.0,2.0
16921,2026-07-27T17:35:00+00:00,3.0,2.0
16922,2026-07-27T17:40:00+00:00,3.0,2.0
16923,2026-07-27T17:45:00+00:00,3.0,2.0
16924,2026-07-27T17:50:00+00:00,3.0,2.0
16925,2026-07-27T17:55:00+00:00,3.0,2.0
16926,2026-07-27T18:00:00+00:00,3.0,2.0
16927,2026-07-27T18:05:00+00:00,3.0,2.0
16928,2026-07-27T18:10:00+00:00,3.0,2.0
16929,2026-07-27T18:15:00+00:00,3.0,2.0
16930,2026-07-27T18:20:00+00:00,3.0,2.0
16931,2026-07-27T18:25:00+00:00,3.0,2.0
16932,2026-07-27T18:30:00+00:00,3.0,2.0
16933,2026-07-27T18:35:00+00:00,3.0,2.0
16934,2026-07-27T18:40:00+00:00,3.0,2.0
16935,2026-07-27T18:45:00+00:00,3.0,2.0
16936,2026-07-27T18:50:00+00:00,3.0,2.0
16937,2026-07-27T18:55:00+00:00,3.0,2.0
16938,2026-07-27T19:00:00+00:00,3.0,2.0
16939,2026-07-27T19:05:00+00:00,3.0,2.0
16940,2026-07-27T19:10:00+00:00,3.0,2.0
16941,2026-07-27T19:15:00+00:00,3.0,2.0
16942,2026-07-27T19:20:00+00:00,3.0,2.0
16943,2026-07-27T19:25:00+00:00,3.0,2.0
16944,2026-07-27T19:30:00+00:00,3.0,2.0
16945,2026-07-27T19:35:00+00:00,3.0,2.0
16946,2026-07-27T19:40:00+00:00,3.0,2.0
16947,2026-07-27T19:45:00+00:00,3.0,2.0
16948,2026-07-27T19:50:00+00:00,3.0,2.0
16949,2026-07-27T19:55:00+00:00,3.0,2.0
16950,2026-07-27T20:00:00+00:00,3.0,2.0
16951,2026-07-27T20:05:00+00:00,3.0,2.0
16952,2026-07-27T20:10:00+00:00,3.0,2.0
16953,2026-07-27T20:15:00+00:00,3.0,2.0
16954,2026-07-27T20:20:00+00:00,3.0,2.0
16955,2026-07-27T20:25:00+00:00,3.0,2.0
16956,2026-07-27T20:30:00+00:00,3.0,2.0
16957,2026-07-27T20:35:00+00:00,3.0,2.0
16958,2026-07-27T20:40:00+00:00,3.0,2.0
16959,2026-07-27T20:45:00+00:00,3.0,2.0
16960,2026-07-27T20:50:00+00:00,3.0,2.0
16961,2026-07-27T20:55:00+00:00,3.0,2.0
16962,2026-07-27T22:00:00+00:00,3.0,2.0
16963,2026-07-27T22:05:00+00:00,3.0,2.0
16964,2026-07-27T22:10:00+00:00,3.0,2.0
16965,2026-07-27T22:15:00+00:00,3.0,2.0
16966,2026-07-27T22:20:00+00:00,3.0,2.0
16967,2026-07-27T22:25:00+00:00,3.0,2.0
16968,2026-07-27T22:30:00+00:00,3.0,2.0
16969,2026-07-27T22:35:00+00:00,3.0,2.0
16970,2026-07-27T22:40:00+00:00,3.0,2.0
16971,2026-07-27T22:45:00+00:00,3.0,2.0
16972,2026-07-27T22:50:00+00:00,3.0,2.0
16973,2026-07-27T22:55:00+00:00,3.0,2.0
16974,2026-07-27T23:00:00+00:00,3.0,2.0
16975,2026-07-27T23:05:00+00:00,3.0,2.0
16976,2026-07-27T23:10:00+00:00,3.0,2.0
16977,2026-07-27T23:15:00+00:00,3.0,2.0
16978,2026-07-27T23:20:00+00:00,3.0,2.0
16979,2026-07-27T23:25:00+00:00,3.0,2.0
16980,2026-07-27T23:30:00+00:00,3.0,2.0
16981,2026-07-27T23:35:00+00:00,3.0,2.0
16982,2026-07-27T23:40:00+00:00,3.0,2.0
16983,2026-07-27T23:45:00+00:00,3.0,2.0
16984,2026-07-27T23:50:00+00:00,3.0,2.0
16985,2026-07-27T23:55:00+00:00,3.0,2.0
16986,2026-07-28T00:00:00+00:00,3.0,2.0
16987,2026-07-28T00:05:00+00:00,5.0,0.0
16988,2026-07-28T00:10:00+00:00,5.0,0.0
16989,2026-07-28T00:15:00+00:00,5.0,0.0
16990,2026-07-28T00:20:00+00:00,5.0,0.0
16991,2026-07-28T00:25:00+00:00,5.0,0.0
16992,2026-07-28T00:30:00+00:00,5.0,0.0
16993,2026-07-28T00:35:00+00:00,5.0,0.0
16994,2026-07-28T00:40:00+00:00,5.0,0.0
16995,2026-07-28T00:45:00+00:00,5.0,0.0
16996,2026-07-28T00:50:00+00:00,5.0,0.0
16997,2026-07-28T00:55:00+00:00,5.0,0.0
16998,2026-07-28T01:00:00+00:00,5.0,0.0
16999,2026-07-28T01:05:00+00:00,5.0,0.0
17000,2026-07-28T01:10:00+00:00,5.0,0.0
17001,2026-07-28T01:15:00+00:00,5.0,0.0
17002,2026-07-28T01:20:00+00:00,5.0,0.0
17003,2026-07-28T01:25:00+00:00,5.0,0.0
17004,2026-07-28T01:30:00+00:00,5.0,0.0
17005,2026-07-28T01:35:00+00:00,5.0,0.0
17006,2026-07-28T01:40:00+00:00,5.0,0.0
17007,2026-07-28T01:45:00+00:00,5.0,0.0
17008,2026-07-28T01:50:00+00:00,5.0,0.0
17009,2026-07-28T01:55:00+00:00,5.0,0.0
17010,2026-07-28T02:00:00+00:00,5.0,0.0
17011,2026-07-28T02:05:00+00:00,5.0,0.0
17012,2026-07-28T02:10:00+00:00,5.0,0.0
17013,2026-07-28T02:15:00+00:00,5.0,0.0
17014,2026-07-28T02:20:00+00:00,5.0,0.0
17015,2026-07-28T02:25:00+00:00,5.0,0.0
17016,2026-07-28T02:30:00+00:00,5.0,0.0
17017,2026-07-28T02:35:00+00:00,5.0,0.0
17018,2026-07-28T02:40:00+00:00,5.0,0.0
17019,2026-07-28T02:45:00+00:00,5.0,0.0
17020,2026-07-28T02:50:00+00:00,5.0,0.0
17021,2026-07-28T02:55:00+00:00,5.0,0.0
17022,2026-07-28T03:00:00+00:00,5.0,0.0
17023,2026-07-28T03:05:00+00:00,5.0,0.0
17024,2026-07-28T03:10:00+00:00,5.0,0.0
17025,2026-07-28T03:15:00+00:00,5.0,0.0
17026,2026-07-28T03:20:00+00:00,5.0,0.0
17027,2026-07-28T03:25:00+00:00,5.0,0.0
17028,2026-07-28T03:30:00+00:00,5.0,0.0
17029,2026-07-28T03:35:00+00:00,5.0,0.0
17030,2026-07-28T03:40:00+00:00,5.0,0.0
17031,2026-07-28T03:45:00+00:00,5.0,0.0
17032,2026-07-28T03:50:00+00:00,5.0,0.0
17033,2026-07-28T03:55:00+00:00,5.0,0.0
17034,2026-07-28T04:00:00+00:00,5.0,0.0
17035,2026-07-28T04:05:00+00:00,5.0,0.0
17036,2026-07-28T04:10:00+00:00,5.0,0.0
17037,2026-07-28T04:15:00+00:00,5.0,0.0
17038,2026-07-28T04:20:00+00:00,5.0,0.0
17039,2026-07-28T04:25:00+00:00,5.0,0.0
17040,2026-07-28T04:30:00+00:00,5.0,0.0
17041,2026-07-28T04:35:00+00:00,5.0,0.0
17042,2026-07-28T04:40:00+00:00,5.0,0.0
17043,2026-07-28T04:45:00+00:00,5.0,0.0
17044,2026-07-28T04:50:00+00:00,5.0,0.0
17045,2026-07-28T04:55:00+00:00,5.0,0.0
17046,2026-07-28T05:00:00+00:00,5.0,0.0
17047,2026-07-28T05:05:00+00:00,5.0,0.0
17048,2026-07-28T05:10:00+00:00,5.0,0.0
17049,2026-07-28T05:15:00+00:00,5.0,0.0
17050,2026-07-28T05:20:00+00:00,5.0,0.0
17051,2026-07-28T05:25:00+00:00,5.0,0.0
17052,2026-07-28T05:30:00+00:00,5.0,0.0
17053,2026-07-28T05:35:00+00:00,5.0,0.0
17054,2026-07-28T05:40:00+00:00,5.0,0.0
17055,2026-07-28T05:45:00+00:00,5.0,0.0
17056,2026-07-28T05:50:00+00:00,5.0,0.0
17057,2026-07-28T05:55:00+00:00,5.0,0.0
17058,2026-07-28T06:00:00+00:00,5.0,0.0
17059,2026-07-28T06:05:00+00:00,5.0,0.0
17060,2026-07-28T06:10:00+00:00,5.0,0.0
17061,2026-07-28T06:15:00+00:00,5.0,0.0
17062,2026-07-28T06:20:00+00:00,5.0,0.0
17063,2026-07-28T06:25:00+00:00,5.0,0.0
17064,2026-07-28T06:30:00+00:00,5.0,0.0
17065,2026-07-28T06:35:00+00:00,5.0,0.0
17066,2026-07-28T06:40:00+00:00,5.0,0.0
17067,2026-07-28T06:45:00+00:00,5.0,0.0
17068,2026-07-28T06:50:00+00:00,5.0,0.0
17069,2026-07-28T06:55:00+00:00,5.0,0.0
17070,2026-07-28T07:00:00+00:00,5.0,0.0
17071,2026-07-28T07:05:00+00:00,5.0,0.0
17072,2026-07-28T07:10:00+00:00,5.0,0.0
17073,2026-07-28T07:15:00+00:00,5.0,0.0
17074,2026-07-28T07:20:00+00:00,5.0,0.0
17075,2026-07-28T07:25:00+00:00,5.0,0.0
17076,2026-07-28T07:30:00+00:00,5.0,0.0
17077,2026-07-28T07:35:00+00:00,5.0,0.0
17078,2026-07-28T07:40:00+00:00,5.0,0.0
17079,2026-07-28T07:45:00+00:00,5.0,0.0
17080,2026-07-28T07:50:00+00:00,5.0,0.0
17081,2026-07-28T07:55:00+00:00,5.0,0.0
17082,2026-07-28T08:00:00+00:00,5.0,0.0
17083,2026-07-28T08:05:00+00:00,5.0,0.0
17084,2026-07-28T08:10:00+00:00,5.0,0.0
17085,2026-07-28T08:15:00+00:00,5.0,0.0
17086,2026-07-28T08:20:00+00:00,5.0,0.0
17087,2026-07-28T08:25:00+00:00,5.0,0.0
17088,2026-07-28T08:30:00+00:00,5.0,0.0
17089,2026-07-28T08:35:00+00:00,5.0,0.0
17090,2026-07-28T08:40:00+00:00,5.0,0.0
17091,2026-07-28T08:45:00+00:00,5.0,0.0
17092,2026-07-28T08:50:00+00:00,5.0,0.0
17093,2026-07-28T08:55:00+00:00,5.0,0.0
17094,2026-07-28T09:00:00+00:00,5.0,0.0
17095,2026-07-28T09:05:00+00:00,5.0,0.0
17096,2026-07-28T09:10:00+00:00,5.0,0.0
17097,2026-07-28T09:15:00+00:00,5.0,0.0
17098,2026-07-28T09:20:00+00:00,5.0,0.0
17099,2026-07-28T09:25:00+00:00,5.0,0.0
17100,2026-07-28T09:30:00+00:00,5.0,0.0
17101,2026-07-28T09:35:00+00:00,5.0,0.0
17102,2026-07-28T09:40:00+00:00,5.0,0.0
17103,2026-07-28T09:45:00+00:00,5.0,0.0
17104,2026-07-28T09:50:00+00:00,5.0,0.0
17105,2026-07-28T09:55:00+00:00,5.0,0.0
17106,2026-07-28T10:00:00+00:00,5.0,0.0
17107,2026-07-28T10:05:00+00:00,5.0,0.0
17108,2026-07-28T10:10:00+00:00,5.0,0.0
17109,2026-07-28T10:15:00+00:00,5.0,0.0
17110,2026-07-28T10:20:00+00:00,5.0,0.0
17111,2026-07-28T10:25:00+00:00,5.0,0.0
17112,2026-07-28T10:30:00+00:00,5.0,0.0
17113,2026-07-28T10:35:00+00:00,5.0,0.0
17114,2026-07-28T10:40:00+00:00,5.0,0.0
17115,2026-07-28T10:45:00+00:00,5.0,0.0
17116,2026-07-28T10:50:00+00:00,5.0,0.0
17117,2026-07-28T10:55:00+00:00,5.0,0.0
17118,2026-07-28T11:00:00+00:00,5.0,0.0
17119,2026-07-28T11:05:00+00:00,5.0,0.0
17120,2026-07-28T11:10:00+00:00,5.0,0.0
17121,2026-07-28T11:15:00+00:00,5.0,0.0
17122,2026-07-28T11:20:00+00:00,5.0,0.0
17123,2026-07-28T11:25:00+00:00,5.0,0.0
17124,2026-07-28T11:30:00+00:00,5.0,0.0
17125,2026-07-28T11:35:00+00:00,5.0,0.0
17126,2026-07-28T11:40:00+00:00,5.0,0.0
17127,2026-07-28T11:45:00+00:00,5.0,0.0
17128,2026-07-28T11:50:00+00:00,5.0,0.0
17129,2026-07-28T11:55:00+00:00,5.0,0.0
17130,2026-07-28T12:00:00+00:00,5.0,0.0
17131,2026-07-28T12:05:00+00:00,5.0,0.0
17132,2026-07-28T12:10:00+00:00,5.0,0.0
17133,2026-07-28T12:15:00+00:00,5.0,0.0
17134,2026-07-28T12:20:00+00:00,5.0,0.0
17135,2026-07-28T12:25:00+00:00,5.0,0.0
17136,2026-07-28T12:30:00+00:00,5.0,0.0
17137,2026-07-28T12:35:00+00:00,5.0,0.0
17138,2026-07-28T12:40:00+00:00,5.0,0.0
17139,2026-07-28T12:45:00+00:00,5.0,0.0
17140,2026-07-28T12:50:00+00:00,5.0,0.0
17141,2026-07-28T12:55:00+00:00,5.0,0.0
17142,2026-07-28T13:00:00+00:00,5.0,0.0
17143,2026-07-28T13:05:00+00:00,5.0,0.0
17144,2026-07-28T13:10:00+00:00,5.0,0.0
17145,2026-07-28T13:15:00+00:00,5.0,0.0
17146,2026-07-28T13:20:00+00:00,5.0,0.0
17147,2026-07-28T13:25:00+00:00,5.0,0.0
17148,2026-07-28T13:30:00+00:00,5.0,0.0
17149,2026-07-28T13:35:00+00:00,5.0,0.0
17150,2026-07-28T13:40:00+00:00,5.0,0.0
17151,2026-07-28T13:45:00+00:00,5.0,0.0
17152,2026-07-28T13:50:00+00:00,5.0,0.0
17153,2026-07-28T13:55:00+00:00,5.0,0.0
17154,2026-07-28T14:00:00+00:00,5.0,0.0
17155,2026-07-28T14:05:00+00:00,5.0,0.0
17156,2026-07-28T14:10:00+00:00,5.0,0.0
17157,2026-07-28T14:15:00+00:00,5.0,0.0
17158,2026-07-28T14:20:00+00:00,5.0,0.0
17159,2026-07-28T14:25:00+00:00,5.0,0.0
17160,2026-07-28T14:30:00+00:00,5.0,0.0
17161,2026-07-28T14:35:00+00:00,5.0,0.0
17162,2026-07-28T14:40:00+00:00,5.0,0.0
17163,2026-07-28T14:45:00+00:00,5.0,0.0
17164,2026-07-28T14:50:00+00:00,5.0,0.0
17165,2026-07-28T14:55:00+00:00,5.0,0.0
17166,2026-07-28T15:00:00+00:00,5.0,0.0
17167,2026-07-28T15:05:00+00:00,5.0,0.0
17168,2026-07-28T15:10:00+00:00,5.0,0.0
17169,2026-07-28T15:15:00+00:00,5.0,0.0
17170,2026-07-28T15:20:00+00:00,5.0,0.0
17171,2026-07-28T15:25:00+00:00,5.0,0.0
17172,2026-07-28T15:30:00+00:00,5.0,0.0
17173,2026-07-28T15:35:00+00:00,5.0,0.0
17174,2026-07-28T15:40:00+00:00,5.0,0.0
17175,2026-07-28T15:45:00+00:00,5.0,0.0
17176,2026-07-28T15:50:00+00:00,5.0,0.0
17177,2026-07-28T15:55:00+00:00,5.0,0.0
17178,2026-07-28T16:00:00+00:00,5.0,0.0
17179,2026-07-28T16:05:00+00:00,5.0,0.0
17180,2026-07-28T16:10:00+00:00,5.0,0.0
17181,2026-07-28T16:15:00+00:00,5.0,0.0
17182,2026-07-28T16:20:00+00:00,5.0,0.0
17183,2026-07-28T16:25:00+00:00,5.0,0.0
17184,2026-07-28T16:30:00+00:00,5.0,0.0
17185,2026-07-28T16:35:00+00:00,5.0,0.0
17186,2026-07-28T16:40:00+00:00,5.0,0.0
17187,2026-07-28T16:45:00+00:00,5.0,0.0
17188,2026-07-28T16:50:00+00:00,5.0,0.0
17189,2026-07-28T16:55:00+00:00,5.0,0.0
17190,2026-07-28T17:00:00+00:00,5.0,0.0
17191,2026-07-28T17:05:00+00:00,5.0,0.0
17192,2026-07-28T17:10:00+00:00,5.0,0.0
17193,2026-07-28T17:15:00+00:00,5.0,0.0
17194,2026-07-28T17:20:00+00:00,5.0,0.0
17195,2026-07-28T17:25:00+00:00,5.0,0.0
17196,2026-07-28T17:30:00+00:00,5.0,0.0
17197,2026-07-28T17:35:00+00:00,5.0,0.0
17198,2026-07-28T17:40:00+00:00,5.0,0.0
17199,2026-07-28T17:45:00+00:00,5.0,0.0
17200,2026-07-28T17:50:00+00:00,5.0,0.0
17201,2026-07-28T17:55:00+00:00,5.0,0.0
17202,2026-07-28T18:00:00+00:00,5.0,0.0
17203,2026-07-28T18:05:00+00:00,5.0,0.0
17204,2026-07-28T18:10:00+00:00,5.0,0.0
17205,2026-07-28T18:15:00+00:00,5.0,0.0
17206,2026-07-28T18:20:00+00:00,5.0,0.0
17207,2026-07-28T18:25:00+00:00,5.0,0.0
17208,2026-07-28T18:30:00+00:00,5.0,0.0
17209,2026-07-28T18:35:00+00:00,5.0,0.0
17210,2026-07-28T18:40:00+00:00,5.0,0.0
17211,2026-07-28T18:45:00+00:00,5.0,0.0
17212,2026-07-28T18:50:00+00:00,5.0,0.0
17213,2026-07-28T18:55:00+00:00,5.0,0.0
17214,2026-07-28T19:00:00+00:00,5.0,0.0
17215,2026-07-28T19:05:00+00:00,5.0,0.0
17216,2026-07-28T19:10:00+00:00,5.0,0.0
17217,2026-07-28T19:15:00+00:00,5.0,0.0
17218,2026-07-28T19:20:00+00:00,5.0,0.0
17219,2026-07-28T19:25:00+00:00,5.0,0.0
17220,2026-07-28T19:30:00+00:00,5.0,0.0
17221,2026-07-28T19:35:00+00:00,5.0,0.0
17222,2026-07-28T19:40:00+00:00,5.0,0.0
17223,2026-07-28T19:45:00+00:00,5.0,0.0
17224,2026-07-28T19:50:00+00:00,5.0,0.0
17225,2026-07-28T19:55:00+00:00,5.0,0.0
17226,2026-07-28T20:00:00+00:00,5.0,0.0
17227,2026-07-28T20:05:00+00:00,5.0,0.0
17228,2026-07-28T20:10:00+00:00,5.0,0.0
17229,2026-07-28T20:15:00+00:00,5.0,0.0
17230,2026-07-28T20:20:00+00:00,5.0,0.0
17231,2026-07-28T20:25:00+00:00,5.0,0.0
17232,2026-07-28T20:30:00+00:00,5.0,0.0
17233,2026-07-28T20:35:00+00:00,5.0,0.0
17234,2026-07-28T20:40:00+00:00,5.0,0.0
17235,2026-07-28T20:45:00+00:00,5.0,0.0
17236,2026-07-28T20:50:00+00:00,5.0,0.0
17237,2026-07-28T20:55:00+00:00,5.0,0.0
17238,2026-07-28T22:00:00+00:00,5.0,0.0
17239,2026-07-28T22:05:00+00:00,5.0,0.0
17240,2026-07-28T22:10:00+00:00,5.0,0.0
17241,2026-07-28T22:15:00+00:00,5.0,0.0
17242,2026-07-28T22:20:00+00:00,5.0,0.0
17243,2026-07-28T22:25:00+00:00,5.0,0.0
17244,2026-07-28T22:30:00+00:00,5.0,0.0
17245,2026-07-28T22:35:00+00:00,5.0,0.0
17246,2026-07-28T22:40:00+00:00,5.0,0.0
17247,2026-07-28T22:45:00+00:00,5.0,0.0
17248,2026-07-28T22:50:00+00:00,5.0,0.0
17249,2026-07-28T22:55:00+00:00,5.0,0.0
17250,2026-07-28T23:00:00+00:00,5.0,0.0
17251,2026-07-28T23:05:00+00:00,5.0,0.0
17252,2026-07-28T23:10:00+00:00,5.0,0.0
17253,2026-07-28T23:15:00+00:00,5.0,0.0
17254,2026-07-28T23:20:00+00:00,5.0,0.0
17255,2026-07-28T23:25:00+00:00,5.0,0.0
17256,2026-07-28T23:30:00+00:00,5.0,0.0
17257,2026-07-28T23:35:00+00:00,5.0,0.0
17258,2026-07-28T23:40:00+00:00,5.0,0.0
17259,2026-07-28T23:45:00+00:00,5.0,0.0
17260,2026-07-28T23:50:00+00:00,5.0,0.0
17261,2026-07-28T23:55:00+00:00,5.0,0.0
17262,2026-07-29T00:00:00+00:00,5.0,0.0
17263,2026-07-29T00:05:00+00:00,5.0,0.0
17264,2026-07-29T00:10:00+00:00,5.0,0.0
17265,2026-07-29T00:15:00+00:00,5.0,0.0
17266,2026-07-29T00:20:00+00:00,5.0,0.0
17267,2026-07-29T00:25:00+00:00,5.0,0.0
17268,2026-07-29T00:30:00+00:00,5.0,0.0
17269,2026-07-29T00:35:00+00:00,5.0,0.0
17270,2026-07-29T00:40:00+00:00,5.0,0.0
17271,2026-07-29T00:45:00+00:00,5.0,0.0
17272,2026-07-29T00:50:00+00:00,5.0,0.0
17273,2026-07-29T00:55:00+00:00,5.0,0.0
17274,2026-07-29T01:00:00+00:00,5.0,0.0
17275,2026-07-29T01:05:00+00:00,5.0,0.0
17276,2026-07-29T01:10:00+00:00,5.0,0.0
17277,2026-07-29T01:15:00+00:00,5.0,0.0
17278,2026-07-29T01:20:00+00:00,5.0,0.0
17279,2026-07-29T01:25:00+00:00,5.0,0.0
17280,2026-07-29T01:30:00+00:00,5.0,0.0
17281,2026-07-29T01:35:00+00:00,5.0,0.0
17282,2026-07-29T01:40:00+00:00,5.0,0.0
17283,2026-07-29T01:45:00+00:00,5.0,0.0
17284,2026-07-29T01:50:00+00:00,5.0,0.0
17285,2026-07-29T01:55:00+00:00,5.0,0.0
17286,2026-07-29T02:00:00+00:00,5.0,0.0
17287,2026-07-29T02:05:00+00:00,5.0,0.0
17288,2026-07-29T02:10:00+00:00,5.0,0.0
17289,2026-07-29T02:15:00+00:00,5.0,0.0
17290,2026-07-29T02:20:00+00:00,5.0,0.0
17291,2026-07-29T02:25:00+00:00,5.0,0.0
17292,2026-07-29T02:30:00+00:00,5.0,0.0
17293,2026-07-29T02:35:00+00:00,5.0,0.0
17294,2026-07-29T02:40:00+00:00,5.0,0.0
17295,2026-07-29T02:45:00+00:00,5.0,0.0
17296,2026-07-29T02:50:00+00:00,5.0,0.0
17297,2026-07-29T02:55:00+00:00,5.0,0.0
17298,2026-07-29T03:00:00+00:00,5.0,0.0
17299,2026-07-29T03:05:00+00:00,5.0,0.0
17300,2026-07-29T03:10:00+00:00,5.0,0.0
17301,2026-07-29T03:15:00+00:00,5.0,0.0
17302,2026-07-29T03:20:00+00:00,5.0,0.0
17303,2026-07-29T03:25:00+00:00,5.0,0.0
17304,2026-07-29T03:30:00+00:00,5.0,0.0
17305,2026-07-29T03:35:00+00:00,5.0,0.0
17306,2026-07-29T03:40:00+00:00,5.0,0.0
17307,2026-07-29T03:45:00+00:00,5.0,0.0
17308,2026-07-29T03:50:00+00:00,5.0,0.0
17309,2026-07-29T03:55:00+00:00,5.0,0.0
17310,2026-07-29T04:00:00+00:00,5.0,0.0
17311,2026-07-29T04:05:00+00:00,5.0,0.0
17312,2026-07-29T04:10:00+00:00,5.0,0.0
17313,2026-07-29T04:15:00+00:00,5.0,0.0
17314,2026-07-29T04:20:00+00:00,5.0,0.0
17315,2026-07-29T04:25:00+00:00,5.0,0.0
17316,2026-07-29T04:30:00+00:00,5.0,0.0
17317,2026-07-29T04:35:00+00:00,5.0,0.0
17318,2026-07-29T04:40:00+00:00,5.0,0.0
17319,2026-07-29T04:45:00+00:00,5.0,0.0
17320,2026-07-29T04:50:00+00:00,5.0,0.0
17321,2026-07-29T04:55:00+00:00,5.0,0.0
17322,2026-07-29T05:00:00+00:00,5.0,0.0
17323,2026-07-29T05:05:00+00:00,5.0,0.0
17324,2026-07-29T05:10:00+00:00,5.0,0.0
17325,2026-07-29T05:15:00+00:00,5.0,0.0
17326,2026-07-29T05:20:00+00:00,5.0,0.0
17327,2026-07-29T05:25:00+00:00,5.0,0.0
17328,2026-07-29T05:30:00+00:00,5.0,0.0
17329,2026-07-29T05:35:00+00:00,5.0,0.0
17330,2026-07-29T05:40:00+00:00,5.0,0.0
17331,2026-07-29T05:45:00+00:00,5.0,0.0
17332,2026-07-29T05:50:00+00:00,5.0,0.0
17333,2026-07-29T05:55:00+00:00,5.0,0.0
17334,2026-07-29T06:00:00+00:00,5.0,0.0
17335,2026-07-29T06:05:00+00:00,5.0,0.0
17336,2026-07-29T06:10:00+00:00,5.0,0.0
17337,2026-07-29T06:15:00+00:00,5.0,0.0
17338,2026-07-29T06:20:00+00:00,4.0,1.0
17339,2026-07-29T06:25:00+00:00,4.0,1.0
17340,2026-07-29T06:30:00+00:00,4.0,1.0
17341,2026-07-29T06:35:00+00:00,4.0,1.0
17342,2026-07-29T06:40:00+00:00,4.0,1.0
17343,2026-07-29T06:45:00+00:00,4.0,1.0
17344,2026-07-29T06:50:00+00:00,4.0,1.0
17345,2026-07-29T06:55:00+00:00,4.0,1.0
17346,2026-07-29T07:00:00+00:00,4.0,1.0
17347,2026-07-29T07:05:00+00:00,4.0,1.0
17348,2026-07-29T07:10:00+00:00,4.0,1.0
17349,2026-07-29T07:15:00+00:00,4.0,1.0
17350,2026-07-29T07:20:00+00:00,4.0,1.0
17351,2026-07-29T07:25:00+00:00,4.0,1.0
17352,2026-07-29T07:30:00+00:00,4.0,1.0
17353,2026-07-29T07:35:00+00:00,4.0,1.0
17354,2026-07-29T07:40:00+00:00,4.0,1.0
17355,2026-07-29T07:45:00+00:00,4.0,1.0
17356,2026-07-29T07:50:00+00:00,4.0,1.0
17357,2026-07-29T07:55:00+00:00,4.0,1.0
17358,2026-07-29T08:00:00+00:00,4.0,1.0
17359,2026-07-29T08:05:00+00:00,4.0,1.0
17360,2026-07-29T08:10:00+00:00,4.0,1.0
17361,2026-07-29T08:15:00+00:00,4.0,1.0
17362,2026-07-29T08:20:00+00:00,4.0,1.0
17363,2026-07-29T08:25:00+00:00,4.0,1.0
17364,2026-07-29T08:30:00+00:00,4.0,1.0
17365,2026-07-29T08:35:00+00:00,4.0,1.0
17366,2026-07-29T08:40:00+00:00,4.0,1.0
17367,2026-07-29T08:45:00+00:00,4.0,1.0
17368,2026-07-29T08:50:00+00:00,4.0,1.0
17369,2026-07-29T08:55:00+00:00,4.0,1.0
17370,2026-07-29T09:00:00+00:00,4.0,1.0
17371,2026-07-29T09:05:00+00:00,4.0,1.0
17372,2026-07-29T09:10:00+00:00,4.0,1.0
17373,2026-07-29T09:15:00+00:00,4.0,1.0
17374,2026-07-29T09:20:00+00:00,4.0,1.0
17375,2026-07-29T09:25:00+00:00,4.0,1.0
17376,2026-07-29T09:30:00+00:00,4.0,1.0
17377,2026-07-29T09:35:00+00:00,4.0,1.0
17378,2026-07-29T09:40:00+00:00,4.0,1.0
17379,2026-07-29T09:45:00+00:00,4.0,1.0
17380,2026-07-29T09:50:00+00:00,4.0,1.0
17381,2026-07-29T09:55:00+00:00,4.0,1.0
17382,2026-07-29T10:00:00+00:00,4.0,1.0
17383,2026-07-29T10:05:00+00:00,4.0,1.0
17384,2026-07-29T10:10:00+00:00,4.0,1.0
17385,2026-07-29T10:15:00+00:00,4.0,1.0
17386,2026-07-29T10:20:00+00:00,4.0,1.0
17387,2026-07-29T10:25:00+00:00,4.0,1.0
17388,2026-07-29T10:30:00+00:00,4.0,1.0
17389,2026-07-29T10:35:00+00:00,4.0,1.0
17390,2026-07-29T10:40:00+00:00,4.0,1.0
17391,2026-07-29T10:45:00+00:00,4.0,1.0
17392,2026-07-29T10:50:00+00:00,4.0,1.0
17393,2026-07-29T10:55:00+00:00,4.0,1.0
17394,2026-07-29T11:00:00+00:00,4.0,1.0
17395,2026-07-29T11:05:00+00:00,4.0,1.0
17396,2026-07-29T11:10:00+00:00,4.0,1.0
17397,2026-07-29T11:15:00+00:00,4.0,1.0
17398,2026-07-29T11:20:00+00:00,4.0,1.0
17399,2026-07-29T11:25:00+00:00,4.0,1.0
17400,2026-07-29T11:30:00+00:00,4.0,1.0
17401,2026-07-29T11:35:00+00:00,4.0,1.0
17402,2026-07-29T11:40:00+00:00,4.0,1.0
17403,2026-07-29T11:45:00+00:00,4.0,1.0
17404,2026-07-29T11:50:00+00:00,4.0,1.0
17405,2026-07-29T11:55:00+00:00,4.0,1.0
17406,2026-07-29T12:00:00+00:00,4.0,1.0
17407,2026-07-29T12:05:00+00:00,4.0,1.0
17408,2026-07-29T12:10:00+00:00,4.0,1.0
17409,2026-07-29T12:15:00+00:00,4.0,1.0
17410,2026-07-29T12:20:00+00:00,4.0,1.0
17411,2026-07-29T12:25:00+00:00,4.0,1.0
17412,2026-07-29T12:30:00+00:00,4.0,1.0
17413,2026-07-29T12:35:00+00:00,4.0,1.0
17414,2026-07-29T12:40:00+00:00,4.0,1.0
17415,2026-07-29T12:45:00+00:00,4.0,1.0
17416,2026-07-29T12:50:00+00:00,4.0,1.0
17417,2026-07-29T12:55:00+00:00,4.0,1.0
17418,2026-07-29T13:00:00+00:00,4.0,1.0
17419,2026-07-29T13:05:00+00:00,4.0,1.0
17420,2026-07-29T13:10:00+00:00,4.0,1.0
17421,2026-07-29T13:15:00+00:00,4.0,1.0
17422,2026-07-29T13:20:00+00:00,4.0,1.0
17423,2026-07-29T13:25:00+00:00,4.0,1.0
17424,2026-07-29T13:30:00+00:00,4.0,1.0
17425,2026-07-29T13:35:00+00:00,4.0,1.0
17426,2026-07-29T13:40:00+00:00,4.0,1.0
17427,2026-07-29T13:45:00+00:00,4.0,1.0
17428,2026-07-29T13:50:00+00:00,4.0,1.0
17429,2026-07-29T13:55:00+00:00,4.0,1.0
17430,2026-07-29T14:00:00+00:00,4.0,1.0
17431,2026-07-29T14:05:00+00:00,4.0,1.0
17432,2026-07-29T14:10:00+00:00,4.0,1.0
17433,2026-07-29T14:15:00+00:00,4.0,1.0
17434,2026-07-29T14:20:00+00:00,4.0,1.0
17435,2026-07-29T14:25:00+00:00,4.0,1.0
17436,2026-07-29T14:30:00+00:00,4.0,1.0
17437,2026-07-29T14:35:00+00:00,4.0,1.0
17438,2026-07-29T14:40:00+00:00,4.0,1.0
17439,2026-07-29T14:45:00+00:00,4.0,1.0
17440,2026-07-29T14:50:00+00:00,4.0,1.0
17441,2026-07-29T14:55:00+00:00,4.0,1.0
17442,2026-07-29T15:00:00+00:00,4.0,1.0
17443,2026-07-29T15:05:00+00:00,4.0,1.0
17444,2026-07-29T15:10:00+00:00,4.0,1.0
17445,2026-07-29T15:15:00+00:00,4.0,1.0
17446,2026-07-29T15:20:00+00:00,4.0,1.0
17447,2026-07-29T15:25:00+00:00,4.0,1.0
17448,2026-07-29T15:30:00+00:00,4.0,1.0
17449,2026-07-29T15:35:00+00:00,4.0,1.0
17450,2026-07-29T15:40:00+00:00,4.0,1.0
17451,2026-07-29T15:45:00+00:00,4.0,1.0
17452,2026-07-29T15:50:00+00:00,4.0,1.0
17453,2026-07-29T15:55:00+00:00,4.0,1.0
17454,2026-07-29T16:00:00+00:00,4.0,1.0
17455,2026-07-29T16:05:00+00:00,4.0,1.0
17456,2026-07-29T16:10:00+00:00,4.0,1.0
17457,2026-07-29T16:15:00+00:00,4.0,1.0
17458,2026-07-29T16:20:00+00:00,4.0,1.0
17459,2026-07-29T16:25:00+00:00,4.0,1.0
17460,2026-07-29T16:30:00+00:00,4.0,1.0
17461,2026-07-29T16:35:00+00:00,4.0,1.0
17462,2026-07-29T16:40:00+00:00,4.0,1.0
17463,2026-07-29T16:45:00+00:00,4.0,1.0
17464,2026-07-29T16:50:00+00:00,4.0,1.0
17465,2026-07-29T16:55:00+00:00,4.0,1.0
17466,2026-07-29T17:00:00+00:00,4.0,1.0
17467,2026-07-29T17:05:00+00:00,4.0,1.0
17468,2026-07-29T17:10:00+00:00,4.0,1.0
17469,2026-07-29T17:15:00+00:00,4.0,1.0
17470,2026-07-29T17:20:00+00:00,4.0,1.0
17471,2026-07-29T17:25:00+00:00,4.0,1.0
17472,2026-07-29T17:30:00+00:00,4.0,1.0
17473,2026-07-29T17:35:00+00:00,4.0,1.0
17474,2026-07-29T17:40:00+00:00,4.0,1.0
17475,2026-07-29T17:45:00+00:00,4.0,1.0
17476,2026-07-29T17:50:00+00:00,4.0,1.0
17477,2026-07-29T17:55:00+00:00,4.0,1.0
17478,2026-07-29T18:00:00+00:00,4.0,1.0
17479,2026-07-29T18:05:00+00:00,4.0,1.0
17480,2026-07-29T18:10:00+00:00,4.0,1.0
17481,2026-07-29T18:15:00+00:00,4.0,1.0
17482,2026-07-29T18:20:00+00:00,4.0,1.0
17483,2026-07-29T18:25:00+00:00,4.0,1.0
17484,2026-07-29T18:30:00+00:00,4.0,1.0
17485,2026-07-29T18:35:00+00:00,4.0,1.0
17486,2026-07-29T18:40:00+00:00,4.0,1.0
17487,2026-07-29T18:45:00+00:00,4.0,1.0
17488,2026-07-29T18:50:00+00:00,4.0,1.0
17489,2026-07-29T18:55:00+00:00,4.0,1.0
17490,2026-07-29T19:00:00+00:00,4.0,1.0
17491,2026-07-29T19:05:00+00:00,4.0,1.0
17492,2026-07-29T19:10:00+00:00,4.0,1.0
17493,2026-07-29T19:15:00+00:00,4.0,1.0
17494,2026-07-29T19:20:00+00:00,4.0,1.0
17495,2026-07-29T19:25:00+00:00,4.0,1.0
17496,2026-07-29T19:30:00+00:00,4.0,1.0
17497,2026-07-29T19:35:00+00:00,4.0,1.0
17498,2026-07-29T19:40:00+00:00,4.0,1.0
17499,2026-07-29T19:45:00+00:00,4.0,1.0
17500,2026-07-29T19:50:00+00:00,4.0,1.0
17501,2026-07-29T19:55:00+00:00,4.0,1.0
17502,2026-07-29T20:00:00+00:00,4.0,1.0
17503,2026-07-29T20:05:00+00:00,4.0,1.0
17504,2026-07-29T20:10:00+00:00,4.0,1.0
17505,2026-07-29T20:15:00+00:00,4.0,1.0
17506,2026-07-29T20:20:00+00:00,4.0,1.0
17507,2026-07-29T20:25:00+00:00,4.0,1.0
17508,2026-07-29T20:30:00+00:00,4.0,1.0
17509,2026-07-29T20:35:00+00:00,4.0,1.0
17510,2026-07-29T20:40:00+00:00,4.0,1.0
17511,2026-07-29T20:45:00+00:00,4.0,1.0
17512,2026-07-29T20:50:00+00:00,4.0,1.0
17513,2026-07-29T20:55:00+00:00,4.0,1.0
17514,2026-07-29T22:00:00+00:00,4.0,1.0
17515,2026-07-29T22:05:00+00:00,4.0,1.0
17516,2026-07-29T22:10:00+00:00,4.0,1.0
17517,2026-07-29T22:15:00+00:00,4.0,1.0
17518,2026-07-29T22:20:00+00:00,4.0,1.0
17519,2026-07-29T22:25:00+00:00,4.0,1.0
17520,2026-07-29T22:30:00+00:00,4.0,1.0
17521,2026-07-29T22:35:00+00:00,4.0,1.0
17522,2026-07-29T22:40:00+00:00,4.0,1.0
17523,2026-07-29T22:45:00+00:00,4.0,1.0
17524,2026-07-29T22:50:00+00:00,4.0,1.0
17525,2026-07-29T22:55:00+00:00,4.0,1.0
17526,2026-07-29T23:00:00+00:00,4.0,1.0
17527,2026-07-29T23:05:00+00:00,4.0,1.0
17528,2026-07-29T23:10:00+00:00,4.0,1.0
17529,2026-07-29T23:15:00+00:00,4.0,1.0
17530,2026-07-29T23:20:00+00:00,4.0,1.0
17531,2026-07-29T23:25:00+00:00,4.0,1.0
17532,2026-07-29T23:30:00+00:00,4.0,1.0
17533,2026-07-29T23:35:00+00:00,4.0,1.0
17534,2026-07-29T23:40:00+00:00,4.0,1.0
17535,2026-07-29T23:45:00+00:00,4.0,1.0
17536,2026-07-29T23:50:00+00:00,4.0,1.0
17537,2026-07-29T23:55:00+00:00,4.0,1.0
17538,2026-07-30T00:00:00+00:00,4.0,1.0
17539,2026-07-30T00:05:00+00:00,4.0,1.0
17540,2026-07-30T00:10:00+00:00,4.0,1.0
17541,2026-07-30T00:15:00+00:00,4.0,1.0
17542,2026-07-30T00:20:00+00:00,4.0,1.0
17543,2026-07-30T00:25:00+00:00,4.0,1.0
17544,2026-07-30T00:30:00+00:00,4.0,1.0
17545,2026-07-30T00:35:00+00:00,4.0,1.0
17546,2026-07-30T00:40:00+00:00,4.0,1.0
17547,2026-07-30T00:45:00+00:00,4.0,1.0
17548,2026-07-30T00:50:00+00:00,4.0,1.0
17549,2026-07-30T00:55:00+00:00,4.0,1.0
17550,2026-07-30T01:00:00+00:00,4.0,1.0
17551,2026-07-30T01:05:00+00:00,4.0,1.0
17552,2026-07-30T01:10:00+00:00,4.0,1.0
17553,2026-07-30T01:15:00+00:00,4.0,1.0
17554,2026-07-30T01:20:00+00:00,4.0,1.0
17555,2026-07-30T01:25:00+00:00,4.0,1.0
17556,2026-07-30T01:30:00+00:00,4.0,1.0
17557,2026-07-30T01:35:00+00:00,4.0,1.0
17558,2026-07-30T01:40:00+00:00,4.0,1.0
17559,2026-07-30T01:45:00+00:00,4.0,1.0
17560,2026-07-30T01:50:00+00:00,4.0,1.0
17561,2026-07-30T01:55:00+00:00,4.0,1.0
17562,2026-07-30T02:00:00+00:00,4.0,1.0
17563,2026-07-30T02:05:00+00:00,4.0,1.0
17564,2026-07-30T02:10:00+00:00,4.0,1.0
17565,2026-07-30T02:15:00+00:00,4.0,1.0
17566,2026-07-30T02:20:00+00:00,4.0,1.0
17567,2026-07-30T02:25:00+00:00,4.0,1.0
17568,2026-07-30T02:30:00+00:00,4.0,1.0
17569,2026-07-30T02:35:00+00:00,4.0,1.0
17570,2026-07-30T02:40:00+00:00,4.0,1.0
17571,2026-07-30T02:45:00+00:00,4.0,1.0
17572,2026-07-30T02:50:00+00:00,4.0,1.0
17573,2026-07-30T02:55:00+00:00,4.0,1.0
17574,2026-07-30T03:00:00+00:00,4.0,1.0
17575,2026-07-30T03:05:00+00:00,4.0,1.0
17576,2026-07-30T03:10:00+00:00,4.0,1.0
17577,2026-07-30T03:15:00+00:00,4.0,1.0
17578,2026-07-30T03:20:00+00:00,4.0,1.0
17579,2026-07-30T03:25:00+00:00,4.0,1.0
17580,2026-07-30T03:30:00+00:00,4.0,1.0
17581,2026-07-30T03:35:00+00:00,4.0,1.0
17582,2026-07-30T03:40:00+00:00,4.0,1.0
17583,2026-07-30T03:45:00+00:00,4.0,1.0
17584,2026-07-30T03:50:00+00:00,4.0,1.0
17585,2026-07-30T03:55:00+00:00,4.0,1.0
17586,2026-07-30T04:00:00+00:00,4.0,1.0
17587,2026-07-30T04:05:00+00:00,4.0,1.0
17588,2026-07-30T04:10:00+00:00,4.0,1.0
17589,2026-07-30T04:15:00+00:00,4.0,1.0
17590,2026-07-30T04:20:00+00:00,4.0,1.0
17591,2026-07-30T04:25:00+00:00,4.0,1.0
17592,2026-07-30T04:30:00+00:00,4.0,1.0
17593,2026-07-30T04:35:00+00:00,4.0,1.0
17594,2026-07-30T04:40:00+00:00,4.0,1.0
17595,2026-07-30T04:45:00+00:00,4.0,1.0
17596,2026-07-30T04:50:00+00:00,4.0,1.0
17597,2026-07-30T04:55:00+00:00,4.0,1.0
17598,2026-07-30T05:00:00+00:00,4.0,1.0
17599,2026-07-30T05:05:00+00:00,4.0,1.0
17600,2026-07-30T05:10:00+00:00,4.0,1.0
17601,2026-07-30T05:15:00+00:00,4.0,1.0
17602,2026-07-30T05:20:00+00:00,4.0,1.0
17603,2026-07-30T05:25:00+00:00,4.0,1.0
17604,2026-07-30T05:30:00+00:00,4.0,1.0
17605,2026-07-30T05:35:00+00:00,4.0,1.0
17606,2026-07-30T05:40:00+00:00,4.0,1.0
17607,2026-07-30T05:45:00+00:00,4.0,1.0
17608,2026-07-30T05:50:00+00:00,4.0,1.0
17609,2026-07-30T05:55:00+00:00,4.0,1.0
17610,2026-07-30T06:00:00+00:00,4.0,1.0
17611,2026-07-30T06:05:00+00:00,4.0,1.0
17612,2026-07-30T06:10:00+00:00,4.0,1.0
17613,2026-07-30T06:15:00+00:00,4.0,1.0
17614,2026-07-30T06:20:00+00:00,4.0,1.0
17615,2026-07-30T06:25:00+00:00,4.0,1.0
17616,2026-07-30T06:30:00+00:00,4.0,1.0
17617,2026-07-30T06:35:00+00:00,4.0,1.0
17618,2026-07-30T06:40:00+00:00,4.0,1.0
17619,2026-07-30T06:45:00+00:00,4.0,1.0
17620,2026-07-30T06:50:00+00:00,4.0,1.0
17621,2026-07-30T06:55:00+00:00,4.0,1.0
17622,2026-07-30T07:00:00+00:00,4.0,1.0
17623,2026-07-30T07:05:00+00:00,4.0,1.0
17624,2026-07-30T07:10:00+00:00,4.0,1.0
17625,2026-07-30T07:15:00+00:00,4.0,1.0
17626,2026-07-30T07:20:00+00:00,4.0,1.0
17627,2026-07-30T07:25:00+00:00,4.0,1.0
17628,2026-07-30T07:30:00+00:00,4.0,1.0
17629,2026-07-30T07:35:00+00:00,4.0,1.0
17630,2026-07-30T07:40:00+00:00,4.0,1.0
17631,2026-07-30T07:45:00+00:00,4.0,1.0
17632,2026-07-30T07:50:00+00:00,4.0,1.0
17633,2026-07-30T07:55:00+00:00,4.0,1.0
17634,2026-07-30T08:00:00+00:00,4.0,1.0
17635,2026-07-30T08:05:00+00:00,4.0,1.0
17636,2026-07-30T08:10:00+00:00,4.0,1.0
17637,2026-07-30T08:15:00+00:00,4.0,1.0
17638,2026-07-30T08:20:00+00:00,4.0,1.0
17639,2026-07-30T08:25:00+00:00,4.0,1.0
17640,2026-07-30T08:30:00+00:00,4.0,1.0
17641,2026-07-30T08:35:00+00:00,4.0,1.0
17642,2026-07-30T08:40:00+00:00,4.0,1.0
17643,2026-07-30T08:45:00+00:00,4.0,1.0
17644,2026-07-30T08:50:00+00:00,4.0,1.0
17645,2026-07-30T08:55:00+00:00,4.0,1.0
17646,2026-07-30T09:00:00+00:00,4.0,1.0
17647,2026-07-30T09:05:00+00:00,4.0,1.0
17648,2026-07-30T09:10:00+00:00,4.0,1.0
17649,2026-07-30T09:15:00+00:00,4.0,1.0
17650,2026-07-30T09:20:00+00:00,4.0,1.0
17651,2026-07-30T09:25:00+00:00,4.0,1.0
17652,2026-07-30T09:30:00+00:00,4.0,1.0
17653,2026-07-30T09:35:00+00:00,4.0,1.0
17654,2026-07-30T09:40:00+00:00,4.0,1.0
17655,2026-07-30T09:45:00+00:00,4.0,1.0
17656,2026-07-30T09:50:00+00:00,4.0,1.0
17657,2026-07-30T09:55:00+00:00,4.0,1.0
17658,2026-07-30T10:00:00+00:00,4.0,1.0
17659,2026-07-30T10:05:00+00:00,4.0,1.0
17660,2026-07-30T10:10:00+00:00,4.0,1.0
17661,2026-07-30T10:15:00+00:00,4.0,1.0
17662,2026-07-30T10:20:00+00:00,4.0,1.0
17663,2026-07-30T10:25:00+00:00,4.0,1.0
17664,2026-07-30T10:30:00+00:00,4.0,1.0
17665,2026-07-30T10:35:00+00:00,4.0,1.0
17666,2026-07-30T10:40:00+00:00,4.0,1.0
17667,2026-07-30T10:45:00+00:00,4.0,1.0
17668,2026-07-30T10:50:00+00:00,4.0,1.0
17669,2026-07-30T10:55:00+00:00,4.0,1.0
17670,2026-07-30T11:00:00+00:00,4.0,1.0
17671,2026-07-30T11:05:00+00:00,4.0,1.0
17672,2026-07-30T11:10:00+00:00,4.0,1.0
17673,2026-07-30T11:15:00+00:00,4.0,1.0
17674,2026-07-30T11:20:00+00:00,4.0,1.0
17675,2026-07-30T11:25:00+00:00,4.0,1.0
17676,2026-07-30T11:30:00+00:00,4.0,1.0
17677,2026-07-30T11:35:00+00:00,4.0,1.0
17678,2026-07-30T11:40:00+00:00,4.0,1.0
17679,2026-07-30T11:45:00+00:00,4.0,1.0
17680,2026-07-30T11:50:00+00:00,4.0,1.0
17681,2026-07-30T11:55:00+00:00,4.0,1.0
17682,2026-07-30T12:00:00+00:00,4.0,1.0
17683,2026-07-30T12:05:00+00:00,4.0,1.0
17684,2026-07-30T12:10:00+00:00,4.0,1.0
17685,2026-07-30T12:15:00+00:00,4.0,1.0
17686,2026-07-30T12:20:00+00:00,4.0,1.0
17687,2026-07-30T12:25:00+00:00,4.0,1.0
17688,2026-07-30T12:30:00+00:00,4.0,1.0
17689,2026-07-30T12:35:00+00:00,4.0,1.0
17690,2026-07-30T12:40:00+00:00,4.0,1.0
17691,2026-07-30T12:45:00+00:00,4.0,1.0
17692,2026-07-30T12:50:00+00:00,4.0,1.0
17693,2026-07-30T12:55:00+00:00,4.0,1.0
17694,2026-07-30T13:00:00+00:00,4.0,1.0
17695,2026-07-30T13:05:00+00:00,4.0,1.0
17696,2026-07-30T13:10:00+00:00,4.0,1.0
17697,2026-07-30T13:15:00+00:00,4.0,1.0
17698,2026-07-30T13:20:00+00:00,4.0,1.0
17699,2026-07-30T13:25:00+00:00,4.0,1.0
17700,2026-07-30T13:30:00+00:00,4.0,1.0
17701,2026-07-30T13:35:00+00:00,4.0,1.0
17702,2026-07-30T13:40:00+00:00,4.0,1.0
17703,2026-07-30T13:45:00+00:00,3.0,2.0
17704,2026-07-30T13:50:00+00:00,3.0,2.0
17705,2026-07-30T13:55:00+00:00,3.0,2.0
17706,2026-07-30T14:00:00+00:00,3.0,2.0
17707,2026-07-30T14:05:00+00:00,3.0,2.0
17708,2026-07-30T14:10:00+00:00,3.0,2.0
17709,2026-07-30T14:15:00+00:00,3.0,2.0
17710,2026-07-30T14:20:00+00:00,3.0,2.0
17711,2026-07-30T14:25:00+00:00,3.0,2.0
17712,2026-07-30T14:30:00+00:00,3.0,2.0
17713,2026-07-30T14:35:00+00:00,3.0,2.0
17714,2026-07-30T14:40:00+00:00,3.0,2.0
17715,2026-07-30T14:45:00+00:00,3.0,2.0
17716,2026-07-30T14:50:00+00:00,3.0,2.0
17717,2026-07-30T14:55:00+00:00,3.0,2.0
17718,2026-07-30T15:00:00+00:00,3.0,2.0
17719,2026-07-30T15:05:00+00:00,3.0,2.0
17720,2026-07-30T15:10:00+00:00,3.0,2.0
17721,2026-07-30T15:15:00+00:00,3.0,2.0
17722,2026-07-30T15:20:00+00:00,3.0,2.0
17723,2026-07-30T15:25:00+00:00,3.0,2.0
17724,2026-07-30T15:30:00+00:00,3.0,2.0
17725,2026-07-30T15:35:00+00:00,3.0,2.0
17726,2026-07-30T15:40:00+00:00,3.0,2.0
17727,2026-07-30T15:45:00+00:00,3.0,2.0
17728,2026-07-30T15:50:00+00:00,3.0,2.0
17729,2026-07-30T15:55:00+00:00,3.0,2.0
17730,2026-07-30T16:00:00+00:00,3.0,2.0
17731,2026-07-30T16:05:00+00:00,3.0,2.0
17732,2026-07-30T16:10:00+00:00,3.0,2.0
17733,2026-07-30T16:15:00+00:00,3.0,2.0
17734,2026-07-30T16:20:00+00:00,3.0,2.0
17735,2026-07-30T16:25:00+00:00,3.0,2.0
17736,2026-07-30T16:30:00+00:00,3.0,2.0
17737,2026-07-30T16:35:00+00:00,3.0,2.0
17738,2026-07-30T16:40:00+00:00,3.0,2.0
17739,2026-07-30T16:45:00+00:00,3.0,2.0
17740,2026-07-30T16:50:00+00:00,3.0,2.0
17741,2026-07-30T16:55:00+00:00,3.0,2.0
17742,2026-07-30T17:00:00+00:00,3.0,2.0
17743,2026-07-30T17:05:00+00:00,3.0,2.0
17744,2026-07-30T17:10:00+00:00,3.0,2.0
17745,2026-07-30T17:15:00+00:00,3.0,2.0
17746,2026-07-30T17:20:00+00:00,3.0,2.0
17747,2026-07-30T17:25:00+00:00,3.0,2.0
17748,2026-07-30T17:30:00+00:00,3.0,2.0
17749,2026-07-30T17:35:00+00:00,3.0,2.0
17750,2026-07-30T17:40:00+00:00,3.0,2.0
17751,2026-07-30T17:45:00+00:00,3.0,2.0
17752,2026-07-30T17:50:00+00:00,3.0,2.0
17753,2026-07-30T17:55:00+00:00,3.0,2.0
17754,2026-07-30T18:00:00+00:00,3.0,2.0
17755,2026-07-30T18:05:00+00:00,3.0,2.0
17756,2026-07-30T18:10:00+00:00,3.0,2.0
17757,2026-07-30T18:15:00+00:00,3.0,2.0
17758,2026-07-30T18:20:00+00:00,3.0,2.0
17759,2026-07-30T18:25:00+00:00,3.0,2.0
17760,2026-07-30T18:30:00+00:00,3.0,2.0
17761,2026-07-30T18:35:00+00:00,3.0,2.0
17762,2026-07-30T18:40:00+00:00,3.0,2.0
17763,2026-07-30T18:45:00+00:00,3.0,2.0
17764,2026-07-30T18:50:00+00:00,3.0,2.0
17765,2026-07-30T18:55:00+00:00,3.0,2.0
17766,2026-07-30T19:00:00+00:00,3.0,2.0
17767,2026-07-30T19:05:00+00:00,3.0,2.0
17768,2026-07-30T19:10:00+00:00,3.0,2.0
17769,2026-07-30T19:15:00+00:00,3.0,2.0
17770,2026-07-30T19:20:00+00:00,3.0,2.0
17771,2026-07-30T19:25:00+00:00,3.0,2.0
17772,2026-07-30T19:30:00+00:00,3.0,2.0
17773,2026-07-30T19:35:00+00:00,3.0,2.0
17774,2026-07-30T19:40:00+00:00,3.0,2.0
17775,2026-07-30T19:45:00+00:00,3.0,2.0
17776,2026-07-30T19:50:00+00:00,3.0,2.0
17777,2026-07-30T19:55:00+00:00,3.0,2.0
17778,2026-07-30T20:00:00+00:00,3.0,2.0
17779,2026-07-30T20:05:00+00:00,3.0,2.0
17780,2026-07-30T20:10:00+00:00,3.0,2.0
17781,2026-07-30T20:15:00+00:00,3.0,2.0
17782,2026-07-30T20:20:00+00:00,3.0,2.0
17783,2026-07-30T20:25:00+00:00,3.0,2.0
17784,2026-07-30T20:30:00+00:00,3.0,2.0
17785,2026-07-30T20:35:00+00:00,3.0,2.0
17786,2026-07-30T20:40:00+00:00,3.0,2.0
17787,2026-07-30T20:45:00+00:00,3.0,2.0
17788,2026-07-30T20:50:00+00:00,3.0,2.0
17789,2026-07-30T20:55:00+00:00,3.0,2.0
17790,2026-07-30T22:00:00+00:00,3.0,2.0
17791,2026-07-30T22:05:00+00:00,3.0,2.0
17792,2026-07-30T22:10:00+00:00,3.0,2.0
17793,2026-07-30T22:15:00+00:00,3.0,2.0
17794,2026-07-30T22:20:00+00:00,3.0,2.0
17795,2026-07-30T22:25:00+00:00,3.0,2.0
17796,2026-07-30T22:30:00+00:00,3.0,2.0
17797,2026-07-30T22:35:00+00:00,3.0,2.0
17798,2026-07-30T22:40:00+00:00,3.0,2.0
17799,2026-07-30T22:45:00+00:00,3.0,2.0
17800,2026-07-30T22:50:00+00:00,3.0,2.0
17801,2026-07-30T22:55:00+00:00,3.0,2.0
17802,2026-07-30T23:00:00+00:00,3.0,2.0
17803,2026-07-30T23:05:00+00:00,3.0,2.0
17804,2026-07-30T23:10:00+00:00,3.0,2.0
17805,2026-07-30T23:15:00+00:00,3.0,2.0
17806,2026-07-30T23:20:00+00:00,3.0,2.0
17807,2026-07-30T23:25:00+00:00,3.0,2.0
17808,2026-07-30T23:30:00+00:00,3.0,2.0
17809,2026-07-30T23:35:00+00:00,3.0,2.0
17810,2026-07-30T23:40:00+00:00,3.0,2.0
17811,2026-07-30T23:45:00+00:00,3.0,2.0
17812,2026-07-30T23:50:00+00:00,3.0,2.0
17813,2026-07-30T23:55:00+00:00,3.0,2.0
17814,2026-07-31T00:00:00+00:00,3.0,2.0
