idx,time,event,direction,level,reason,mtf_bias,setup_id,low,high,quality,prior_target,mtf_score,mtf_details,bars_since_ob,depth_percent,age,trade_id,entry,sl,tp,entry_mode,sl_source,target_reachable,result,R
27,2026-05-01T02:15:00+00:00,SWEEP,bearish,4634.585,,,,,,,,,,,,,,,,,,,,,
33,2026-05-01T02:45:00+00:00,SETUP_REJECTED,,,mtf_bias_mismatch,bullish,,,,,,,,,,,,,,,,,,,
34,2026-05-01T02:50:00+00:00,SETUP_REJECTED,,,mtf_bias_mismatch,bullish,,,,,,,,,,,,,,,,,,,
60,2026-05-01T05:00:00+00:00,SWEEP,bullish,4609.098,,,,,,,,,,,,,,,,,,,,,
69,2026-05-01T05:45:00+00:00,SWEEP,bullish,4607.377,,,,,,,,,,,,,,,,,,,,,
73,2026-05-01T06:05:00+00:00,SWEEP,bullish,4602.796,,,,,,,,,,,,,,,,,,,,,
74,2026-05-01T06:10:00+00:00,SWEEP,bullish,4601.359,,,,,,,,,,,,,,,,,,,,,
76,2026-05-01T06:20:00+00:00,SWEEP,bullish,4595.564,,,,,,,,,,,,,,,,,,,,,
78,2026-05-01T06:30:00+00:00,SWEEP,bullish,4593.371,,,,,,,,,,,,,,,,,,,,,
79,2026-05-01T06:35:00+00:00,SWEEP,bullish,4592.003,,,,,,,,,,,,,,,,,,,,,
80,2026-05-01T06:40:00+00:00,SWEEP,bullish,4591.151,,,,,,,,,,,,,,,,,,,,,
85,2026-05-01T07:05:00+00:00,SWEEP,bullish,4590.674,,,,,,,,,,,,,,,,,,,,,
88,2026-05-01T07:20:00+00:00,SWEEP,bullish,4589.508,,,,,,,,,,,,,,,,,,,,,
90,2026-05-01T07:30:00+00:00,SWEEP,bullish,4585.163,,,,,,,,,,,,,,,,,,,,,
102,2026-05-01T08:30:00+00:00,SWEEP,bullish,4566.386,,,,,,,,,,,,,,,,,,,,,
103,2026-05-01T08:35:00+00:00,SWEEP,bullish,4566.036,,,,,,,,,,,,,,,,,,,,,
106,2026-05-01T08:50:00+00:00,SWEEP,bullish,4565.975,,,,,,,,,,,,,,,,,,,,,
108,2026-05-01T09:00:00+00:00,SWEEP,bullish,4564.984,,,,,,,,,,,,,,,,,,,,,
109,2026-05-01T09:05:00+00:00,SWEEP,bullish,4564.298,,,,,,,,,,,,,,,,,,,,,
110,2026-05-01T09:10:00+00:00,SWEEP,bullish,4564.226,,,,,,,,,,,,,,,,,,,,,
119,2026-05-01T09:55:00+00:00,SWEEP,bullish,4560.712,,,,,,,,,,,,,,,,,,,,,
126,2026-05-01T10:30:00+00:00,SWEEP,bearish,4572.818,,,,,,,,,,,,,,,,,,,,,
128,2026-05-01T10:40:00+00:00,SETUP_REJECTED,,,mtf_bias_mismatch,bullish,,,,,,,,,,,,,,,,,,,
131,2026-05-01T10:55:00+00:00,SETUP_REJECTED,,,mtf_bias_mismatch,bullish,,,,,,,,,,,,,,,,,,,
137,2026-05-01T11:25:00+00:00,SWEEP,bearish,4575.997,,,,,,,,,,,,,,,,,,,,,
139,2026-05-01T11:35:00+00:00,SWEEP,bearish,4576.54,,,,,,,,,,,,,,,,,,,,,
140,2026-05-01T11:40:00+00:00,SWEEP,bearish,4577.11,,,,,,,,,,,,,,,,,,,,,
145,2026-05-01T12:05:00+00:00,SWEEP,bearish,4579.571,,,,,,,,,,,,,,,,,,,,,
153,2026-05-01T12:45:00+00:00,SETUP_REJECTED,,,mtf_bias_mismatch,bullish,,,,,,,,,,,,,,,,,,,
164,2026-05-01T13:40:00+00:00,SWEEP,bearish,4607.838,,,,,,,,,,,,,,,,,,,,,
165,2026-05-01T13:45:00+00:00,SWEEP,bearish,4609.012,,,,,,,,,,,,,,,,,,,,,
171,2026-05-01T14:15:00+00:00,SWEEP,bearish,4659.962,,,,,,,,,,,,,,,,,,,,,
174,2026-05-01T14:30:00+00:00,SETUP_REJECTED,,,mtf_bias_mismatch,bullish,,,,,,,,,,,,,,,,,,,
174,2026-05-01T14:30:00+00:00,SETUP_REJECTED,,,mtf_bias_mismatch,bullish,,,,,,,,,,,,,,,,,,,
174,2026-05-01T14:30:00+00:00,SETUP_REJECTED,,,mtf_bias_mismatch,bullish,,,,,,,,,,,,,,,,,,,
175,2026-05-01T14:35:00+00:00,SETUP_REJECTED,,,mtf_bias_mismatch,bullish,,,,,,,,,,,,,,,,,,,
175,2026-05-01T14:35:00+00:00,SETUP_REJECTED,,,mtf_bias_mismatch,bullish,,,,,,,,,,,,,,,,,,,
175,2026-05-01T14:35:00+00:00,SETUP_REJECTED,,,mtf_bias_mismatch,bullish,,,,,,,,,,,,,,,,,,,
177,2026-05-01T14:45:00+00:00,SETUP_REJECTED,,,mtf_bias_mismatch,bullish,,,,,,,,,,,,,,,,,,,
177,2026-05-01T14:45:00+00:00,SETUP_REJECTED,,,mtf_bias_mismatch,bullish,,,,,,,,,,,,,,,,,,,
181,2026-05-01T15:05:00+00:00,SETUP_REJECTED,,,mtf_bias_mismatch,bullish,,,,,,,,,,,,,,,,,,,
195,2026-05-01T16:15:00+00:00,SWEEP,bearish,4648.018,,,,,,,,,,,,,,,,,,,,,
211,2026-05-01T17:35:00+00:00,SWEEP,bullish,4628.6,,,,,,,,,,,,,,,,,,,,,
212,2026-05-01T17:40:00+00:00,SWEEP,bullish,4628.128,,,,,,,,,,,,,,,,,,,,,
217,2026-05-01T18:05:00+00:00,SWEEP,bullish,4623.517,,,,,,,,,,,,,,,,,,,,,
219,2026-05-01T18:15:00+00:00,SWEEP,bullish,4615.59,,,,,,,,,,,,,,,,,,,,,
228,2026-05-01T19:00:00+00:00,OB_FORMED,bullish,,,bullish,1.0,4620.557,4625.014,82.95,4660.228,6.0,"{'D1': 'bullish', 'H1': 'bullish', 'M15': 'bearish', 'M5': 'bullish'}",,,,,,,,,,,,
233,2026-05-01T19:25:00+00:00,OB_TOUCH,,,,,1.0,,,,,,,5.0,,,,,,,,,,,
233,2026-05-01T19:25:00+00:00,ENTRY_WAIT_REVERSAL,,,,,1.0,,,,,,,,83.6,,,,,,,,,,
234,2026-05-01T19:30:00+00:00,OB_INVALIDATED,,,,,1.0,,,,,,,,,,,,,,,,,,
237,2026-05-01T19:45:00+00:00,SWEEP,bullish,4611.315,,,,,,,,,,,,,,,,,,,,,
238,2026-05-01T19:50:00+00:00,SWEEP,bullish,4610.874,,,,,,,,,,,,,,,,,,,,,
239,2026-05-01T19:55:00+00:00,SWEEP,bullish,4608.875,,,,,,,,,,,,,,,,,,,,,
240,2026-05-01T20:00:00+00:00,SWEEP,bullish,4608.813,,,,,,,,,,,,,,,,,,,,,
241,2026-05-01T20:05:00+00:00,SWEEP,bullish,4607.265,,,,,,,,,,,,,,,,,,,,,
252,2026-05-03T22:00:00+00:00,SETUP_REJECTED,,,mtf_bias_mismatch,bearish,,,,,,,,,,,,,,,,,,,
252,2026-05-03T22:00:00+00:00,SETUP_REJECTED,,,mtf_bias_mismatch,bearish,,,,,,,,,,,,,,,,,,,
253,2026-05-03T22:05:00+00:00,SETUP_REJECTED,,,mtf_bias_mismatch,bearish,,,,,,,,,,,,,,,,,,,
280,2026-05-04T00:20:00+00:00,SWEEP,bullish,4604.45,,,,,,,,,,,,,,,,,,,,,
281,2026-05-04T00:25:00+00:00,SWEEP,bullish,4602.022,,,,,,,,,,,,,,,,,,,,,
290,2026-05-04T01:10:00+00:00,SWEEP,bullish,4597.443,,,,,,,,,,,,,,,,,,,,,
294,2026-05-04T01:30:00+00:00,SWEEP,bullish,4594.21,,,,,,,,,,,,,,,,,,,,,
297,2026-05-04T01:45:00+00:00,SETUP_REJECTED,,,mtf_bias_mismatch,bearish,,,,,,,,,,,,,,,,,,,
297,2026-05-04T01:45:00+00:00,SETUP_REJECTED,,,mtf_bias_mismatch,bearish,,,,,,,,,,,,,,,,,,,
299,2026-05-04T01:55:00+00:00,SETUP_REJECTED,,,mtf_bias_mismatch,bearish,,,,,,,,,,,,,,,,,,,
299,2026-05-04T01:55:00+00:00,SETUP_REJECTED,,,mtf_bias_mismatch,bearish,,,,,,,,,,,,,,,,,,,
300,2026-05-04T02:00:00+00:00,SWEEP,bearish,4614.112,,,,,,,,,,,,,,,,,,,,,
300,2026-05-04T02:00:00+00:00,SETUP_REJECTED,,,mtf_bias_mismatch,bearish,,,,,,,,,,,,,,,,,,,
300,2026-05-04T02:00:00+00:00,SETUP_REJECTED,,,mtf_bias_mismatch,bearish,,,,,,,,,,,,,,,,,,,
305,2026-05-04T02:25:00+00:00,SWEEP,bullish,4592.737,,,,,,,,,,,,,,,,,,,,,
306,2026-05-04T02:30:00+00:00,SWEEP,bullish,4591.447,,,,,,,,,,,,,,,,,,,,,
308,2026-05-04T02:40:00+00:00,SETUP_REJECTED,,,mtf_bias_mismatch,bearish,,,,,,,,,,,,,,,,,,,
308,2026-05-04T02:40:00+00:00,SETUP_REJECTED,,,mtf_bias_mismatch,bearish,,,,,,,,,,,,,,,,,,,
311,2026-05-04T02:55:00+00:00,SETUP_REJECTED,,,mtf_bias_mismatch,bearish,,,,,,,,,,,,,,,,,,,
311,2026-05-04T02:55:00+00:00,SETUP_REJECTED,,,mtf_bias_mismatch,bearish,,,,,,,,,,,,,,,,,,,
348,2026-05-04T06:00:00+00:00,SWEEP,bullish,4592.275,,,,,,,,,,,,,,,,,,,,,
349,2026-05-04T06:05:00+00:00,SWEEP,bullish,4591.391,,,,,,,,,,,,,,,,,,,,,
354,2026-05-04T06:30:00+00:00,SWEEP,bullish,4587.708,,,,,,,,,,,,,,,,,,,,,
356,2026-05-04T06:40:00+00:00,SWEEP,bullish,4584.613,,,,,,,,,,,,,,,,,,,,,
357,2026-05-04T06:45:00+00:00,SWEEP,bullish,4584.166,,,,,,,,,,,,,,,,,,,,,
358,2026-05-04T06:50:00+00:00,SETUP_REJECTED,,,mtf_bias_mismatch,bearish,,,,,,,,,,,,,,,,,,,
358,2026-05-04T06:50:00+00:00,SETUP_REJECTED,,,mtf_bias_mismatch,bearish,,,,,,,,,,,,,,,,,,,
358,2026-05-04T06:50:00+00:00,SETUP_REJECTED,,,mtf_bias_mismatch,bearish,,,,,,,,,,,,,,,,,,,
358,2026-05-04T06:50:00+00:00,SETUP_REJECTED,,,mtf_bias_mismatch,bearish,,,,,,,,,,,,,,,,,,,
358,2026-05-04T06:50:00+00:00,SETUP_REJECTED,,,mtf_bias_mismatch,bearish,,,,,,,,,,,,,,,,,,,
365,2026-05-04T07:25:00+00:00,SWEEP,bullish,4583.441,,,,,,,,,,,,,,,,,,,,,
366,2026-05-04T07:30:00+00:00,SWEEP,bullish,4583.221,,,,,,,,,,,,,,,,,,,,,
367,2026-05-04T07:35:00+00:00,SWEEP,bullish,4582.863,,,,,,,,,,,,,,,,,,,,,
373,2026-05-04T08:05:00+00:00,SWEEP,bullish,4575.41,,,,,,,,,,,,,,,,,,,,,
377,2026-05-04T08:25:00+00:00,SWEEP,bullish,4574.343,,,,,,,,,,,,,,,,,,,,,
378,2026-05-04T08:30:00+00:00,SWEEP,bullish,4574.01,,,,,,,,,,,,,,,,,,,,,
395,2026-05-04T09:55:00+00:00,SWEEP,bullish,4573.564,,,,,,,,,,,,,,,,,,,,,
399,2026-05-04T10:15:00+00:00,SWEEP,bullish,4537.479,,,,,,,,,,,,,,,,,,,,,
400,2026-05-04T10:20:00+00:00,SWEEP,bullish,4534.105,,,,,,,,,,,,,,,,,,,,,
402,2026-05-04T10:30:00+00:00,SETUP_REJECTED,,,mtf_bias_mismatch,bearish,,,,,,,,,,,,,,,,,,,
402,2026-05-04T10:30:00+00:00,SETUP_REJECTED,,,mtf_bias_mismatch,bearish,,,,,,,,,,,,,,,,,,,
402,2026-05-04T10:30:00+00:00,SETUP_REJECTED,,,mtf_bias_mismatch,bearish,,,,,,,,,,,,,,,,,,,
403,2026-05-04T10:35:00+00:00,SETUP_REJECTED,,,mtf_bias_mismatch,bearish,,,,,,,,,,,,,,,,,,,
403,2026-05-04T10:35:00+00:00,SETUP_REJECTED,,,mtf_bias_mismatch,bearish,,,,,,,,,,,,,,,,,,,
403,2026-05-04T10:35:00+00:00,SETUP_REJECTED,,,mtf_bias_mismatch,bearish,,,,,,,,,,,,,,,,,,,
424,2026-05-04T12:20:00+00:00,SWEEP,bearish,4574.642,,,,,,,,,,,,,,,,,,,,,
446,2026-05-04T14:10:00+00:00,SWEEP,bullish,4553.518,,,,,,,,,,,,,,,,,,,,,
448,2026-05-04T14:20:00+00:00,SETUP_REJECTED,,,mtf_bias_mismatch,bearish,,,,,,,,,,,,,,,,,,,
452,2026-05-04T14:40:00+00:00,SWEEP,bearish,4582.172,,,,,,,,,,,,,,,,,,,,,
466,2026-05-04T15:50:00+00:00,SWEEP,bullish,4514.071,,,,,,,,,,,,,,,,,,,,,
470,2026-05-04T16:10:00+00:00,SWEEP,bullish,4504.273,,,,,,,,,,,,,,,,,,,,,
472,2026-05-04T16:20:00+00:00,SETUP_REJECTED,,,mtf_bias_mismatch,bearish,,,,,,,,,,,,,,,,,,,
472,2026-05-04T16:20:00+00:00,SETUP_REJECTED,,,mtf_bias_mismatch,bearish,,,,,,,,,,,,,,,,,,,
481,2026-05-04T17:05:00+00:00,SETUP_REJECTED,,,mtf_bias_mismatch,bearish,,,,,,,,,,,,,,,,,,,
482,2026-05-04T17:10:00+00:00,SETUP_REJECTED,,,mtf_bias_mismatch,bearish,,,,,,,,,,,,,,,,,,,
511,2026-05-04T19:35:00+00:00,SWEEP,bearish,4525.757,,,,,,,,,,,,,,,,,,,,,
557,2026-05-05T00:25:00+00:00,SWEEP,bullish,4515.506,,,,,,,,,,,,,,,,,,,,,
560,2026-05-05T00:40:00+00:00,SETUP_REJECTED,,,mtf_bias_mismatch,bearish,,,,,,,,,,,,,,,,,,,
561,2026-05-05T00:45:00+00:00,SETUP_REJECTED,,,mtf_bias_mismatch,bearish,,,,,,,,,,,,,,,,,,,
562,2026-05-05T00:50:00+00:00,SWEEP,bearish,4528.559,,,,,,,,,,,,,,,,,,,,,
562,2026-05-05T00:50:00+00:00,SETUP_REJECTED,,,mtf_bias_mismatch,bearish,,,,,,,,,,,,,,,,,,,
565,2026-05-05T01:05:00+00:00,SWEEP,bearish,4534.423,,,,,,,,,,,,,,,,,,,,,
565,2026-05-05T01:05:00+00:00,SETUP_REJECTED,,,mtf_bias_mismatch,bearish,,,,,,,,,,,,,,,,,,,
567,2026-05-05T01:15:00+00:00,SWEEP,bearish,4539.36,,,,,,,,,,,,,,,,,,,,,
567,2026-05-05T01:15:00+00:00,SETUP_REJECTED,,,mtf_bias_mismatch,bearish,,,,,,,,,,,,,,,,,,,
571,2026-05-05T01:35:00+00:00,SWEEP,bearish,4539.987,,,,,,,,,,,,,,,,,,,,,
576,2026-05-05T02:00:00+00:00,SWEEP,bearish,4542.133,,,,,,,,,,,,,,,,,,,,,
582,2026-05-05T02:30:00+00:00,SWEEP,bearish,4542.575,,,,,,,,,,,,,,,,,,,,,
585,2026-05-05T02:45:00+00:00,SWEEP,bearish,4545.91,,,,,,,,,,,,,,,,,,,,,
595,2026-05-05T03:35:00+00:00,OB_FORMED,bearish,,,bearish,2.0,4537.306,4539.26,69.86,4500.541,6.0,"{'D1': 'bearish', 'H1': 'bearish', 'M15': 'bullish', 'M5': 'bearish'}",,,,,,,,,,,,
599,2026-05-05T03:55:00+00:00,SWEEP,bullish,4534.55,,,,,,,,,,,,,,,,,,,,,
604,2026-05-05T04:20:00+00:00,SWEEP,bullish,4530.513,,,,,,,,,,,,,,,,,,,,,
606,2026-05-05T04:30:00+00:00,SWEEP,bullish,4529.455,,,,,,,,,,,,,,,,,,,,,
607,2026-05-05T04:35:00+00:00,SETUP_REJECTED,,,mtf_bias_mismatch,bearish,,,,,,,,,,,,,,,,,,,
607,2026-05-05T04:35:00+00:00,SETUP_REJECTED,,,mtf_bias_mismatch,bearish,,,,,,,,,,,,,,,,,,,
607,2026-05-05T04:35:00+00:00,SETUP_REJECTED,,,mtf_bias_mismatch,bearish,,,,,,,,,,,,,,,,,,,
610,2026-05-05T04:50:00+00:00,SETUP_REJECTED,,,mtf_bias_mismatch,bearish,,,,,,,,,,,,,,,,,,,
610,2026-05-05T04:50:00+00:00,SETUP_REJECTED,,,mtf_bias_mismatch,bearish,,,,,,,,,,,,,,,,,,,
610,2026-05-05T04:50:00+00:00,SETUP_REJECTED,,,mtf_bias_mismatch,bearish,,,,,,,,,,,,,,,,,,,
613,2026-05-05T05:05:00+00:00,SETUP_REJECTED,,,mtf_bias_mismatch,bearish,,,,,,,,,,,,,,,,,,,
613,2026-05-05T05:05:00+00:00,SETUP_REJECTED,,,mtf_bias_mismatch,bearish,,,,,,,,,,,,,,,,,,,
613,2026-05-05T05:05:00+00:00,OB_INVALIDATED,,,,,2.0,,,,,,,,,,,,,,,,,,
614,2026-05-05T05:10:00+00:00,SETUP_REJECTED,,,mtf_bias_mismatch,bearish,,,,,,,,,,,,,,,,,,,
614,2026-05-05T05:10:00+00:00,SETUP_REJECTED,,,mtf_bias_mismatch,bearish,,,,,,,,,,,,,,,,,,,
618,2026-05-05T05:30:00+00:00,SETUP_REJECTED,,,mtf_bias_mismatch,bearish,,,,,,,,,,,,,,,,,,,
620,2026-05-05T05:40:00+00:00,SWEEP,bearish,4550.979,,,,,,,,,,,,,,,,,,,,,
624,2026-05-05T06:00:00+00:00,SWEEP,bearish,4551.766,,,,,,,,,,,,,,,,,,,,,
637,2026-05-05T07:05:00+00:00,SWEEP,bearish,4554.218,,,,,,,,,,,,,,,,,,,,,
638,2026-05-05T07:10:00+00:00,SWEEP,bearish,4554.678,,,,,,,,,,,,,,,,,,,,,
639,2026-05-05T07:15:00+00:00,SWEEP,bearish,4555.212,,,,,,,,,,,,,,,,,,,,,
643,2026-05-05T07:35:00+00:00,SWEEP,bearish,4555.604,,,,,,,,,,,,,,,,,,,,,
659,2026-05-05T08:55:00+00:00,SWEEP,bearish,4558.4,,,,,,,,,,,,,,,,,,,,,
661,2026-05-05T09:05:00+00:00,SWEEP,bearish,4559.54,,,,,,,,,,,,,,,,,,,,,
681,2026-05-05T10:45:00+00:00,SWEEP,bullish,4544.407,,,,,,,,,,,,,,,,,,,,,
684,2026-05-05T11:00:00+00:00,SWEEP,bullish,4540.094,,,,,,,,,,,,,,,,,,,,,
686,2026-05-05T11:10:00+00:00,SETUP_REJECTED,,,mtf_bias_mismatch,neutral,,,,,,,,,,,,,,,,,,,
686,2026-05-05T11:10:00+00:00,SETUP_REJECTED,,,mtf_bias_mismatch,neutral,,,,,,,,,,,,,,,,,,,
689,2026-05-05T11:25:00+00:00,SWEEP,bearish,4557.314,,,,,,,,,,,,,,,,,,,,,
690,2026-05-05T11:30:00+00:00,SWEEP,bearish,4557.671,,,,,,,,,,,,,,,,,,,,,
691,2026-05-05T11:35:00+00:00,SWEEP,bearish,4558.738,,,,,,,,,,,,,,,,,,,,,
693,2026-05-05T11:45:00+00:00,SWEEP,bearish,4564.612,,,,,,,,,,,,,,,,,,,,,
698,2026-05-05T12:10:00+00:00,SWEEP,bearish,4564.93,,,,,,,,,,,,,,,,,,,,,
702,2026-05-05T12:30:00+00:00,SWEEP,bearish,4574.142,,,,,,,,,,,,,,,,,,,,,
706,2026-05-05T12:50:00+00:00,SETUP_REJECTED,,,mtf_bias_mismatch,bullish,,,,,,,,,,,,,,,,,,,
706,2026-05-05T12:50:00+00:00,SETUP_REJECTED,,,mtf_bias_mismatch,bullish,,,,,,,,,,,,,,,,,,,
708,2026-05-05T13:00:00+00:00,SWEEP,bearish,4574.721,,,,,,,,,,,,,,,,,,,,,
710,2026-05-05T13:10:00+00:00,SWEEP,bearish,4580.503,,,,,,,,,,,,,,,,,,,,,
711,2026-05-05T13:15:00+00:00,SWEEP,bearish,4581.119,,,,,,,,,,,,,,,,,,,,,
723,2026-05-05T14:15:00+00:00,SETUP_REJECTED,,,mtf_bias_mismatch,bullish,,,,,,,,,,,,,,,,,,,
725,2026-05-05T14:25:00+00:00,SWEEP,bearish,4584.982,,,,,,,,,,,,,,,,,,,,,
730,2026-05-05T14:50:00+00:00,SETUP_REJECTED,,,mtf_bias_mismatch,bullish,,,,,,,,,,,,,,,,,,,
745,2026-05-05T16:05:00+00:00,SWEEP,bullish,4564.393,,,,,,,,,,,,,,,,,,,,,
746,2026-05-05T16:10:00+00:00,SWEEP,bullish,4562.567,,,,,,,,,,,,,,,,,,,,,
750,2026-05-05T16:30:00+00:00,SWEEP,bullish,4555.994,,,,,,,,,,,,,,,,,,,,,
755,2026-05-05T16:55:00+00:00,SETUP_REJECTED,,,mtf_bias_mismatch,neutral,,,,,,,,,,,,,,,,,,,
755,2026-05-05T16:55:00+00:00,SETUP_REJECTED,,,mtf_bias_mismatch,neutral,,,,,,,,,,,,,,,,,,,
755,2026-05-05T16:55:00+00:00,SETUP_REJECTED,,,mtf_bias_mismatch,neutral,,,,,,,,,,,,,,,,,,,
757,2026-05-05T17:05:00+00:00,SWEEP,bullish,4553.662,,,,,,,,,,,,,,,,,,,,,
758,2026-05-05T17:10:00+00:00,SWEEP,bullish,4553.215,,,,,,,,,,,,,,,,,,,,,
760,2026-05-05T17:20:00+00:00,SETUP_REJECTED,,,mtf_bias_mismatch,neutral,,,,,,,,,,,,,,,,,,,
760,2026-05-05T17:20:00+00:00,SETUP_REJECTED,,,mtf_bias_mismatch,neutral,,,,,,,,,,,,,,,,,,,
760,2026-05-05T17:20:00+00:00,SETUP_REJECTED,,,mtf_bias_mismatch,neutral,,,,,,,,,,,,,,,,,,,
771,2026-05-05T18:15:00+00:00,SWEEP,bearish,4564.888,,,,,,,,,,,,,,,,,,,,,
777,2026-05-05T18:45:00+00:00,SWEEP,bearish,4565.382,,,,,,,,,,,,,,,,,,,,,
783,2026-05-05T19:15:00+00:00,SWEEP,bullish,4556.782,,,,,,,,,,,,,,,,,,,,,
789,2026-05-05T19:45:00+00:00,SWEEP,bullish,4555.034,,,,,,,,,,,,,,,,,,,,,
791,2026-05-05T19:55:00+00:00,SWEEP,bullish,4554.044,,,,,,,,,,,,,,,,,,,,,
798,2026-05-05T20:30:00+00:00,SETUP_REJECTED,,,mtf_bias_mismatch,bearish,,,,,,,,,,,,,,,,,,,
798,2026-05-05T20:30:00+00:00,SETUP_REJECTED,,,mtf_bias_mismatch,bearish,,,,,,,,,,,,,,,,,,,
804,2026-05-05T22:00:00+00:00,SWEEP,bullish,4551.557,,,,,,,,,,,,,,,,,,,,,
805,2026-05-05T22:05:00+00:00,SWEEP,bullish,4550.236,,,,,,,,,,,,,,,,,,,,,
808,2026-05-05T22:20:00+00:00,SWEEP,bullish,4548.309,,,,,,,,,,,,,,,,,,,,,
810,2026-05-05T22:30:00+00:00,SWEEP,bullish,4546.473,,,,,,,,,,,,,,,,,,,,,
815,2026-05-05T22:55:00+00:00,SETUP_REJECTED,,,mtf_bias_mismatch,bearish,,,,,,,,,,,,,,,,,,,
815,2026-05-05T22:55:00+00:00,SETUP_REJECTED,,,mtf_bias_mismatch,bearish,,,,,,,,,,,,,,,,,,,
815,2026-05-05T22:55:00+00:00,SETUP_REJECTED,,,mtf_bias_mismatch,bearish,,,,,,,,,,,,,,,,,,,
815,2026-05-05T22:55:00+00:00,SETUP_REJECTED,,,mtf_bias_mismatch,bearish,,,,,,,,,,,,,,,,,,,
816,2026-05-05T23:00:00+00:00,SETUP_REJECTED,,,mtf_bias_mismatch,bearish,,,,,,,,,,,,,,,,,,,
816,2026-05-05T23:00:00+00:00,SETUP_REJECTED,,,mtf_bias_mismatch,bearish,,,,,,,,,,,,,,,,,,,
816,2026-05-05T23:00:00+00:00,SETUP_REJECTED,,,mtf_bias_mismatch,bearish,,,,,,,,,,,,,,,,,,,
816,2026-05-05T23:00:00+00:00,SETUP_REJECTED,,,mtf_bias_mismatch,bearish,,,,,,,,,,,,,,,,,,,
818,2026-05-05T23:10:00+00:00,SETUP_REJECTED,,,mtf_bias_mismatch,bearish,,,,,,,,,,,,,,,,,,,
818,2026-05-05T23:10:00+00:00,SETUP_REJECTED,,,mtf_bias_mismatch,bearish,,,,,,,,,,,,,,,,,,,
819,2026-05-05T23:15:00+00:00,SETUP_REJECTED,,,mtf_bias_mismatch,bearish,,,,,,,,,,,,,,,,,,,
819,2026-05-05T23:15:00+00:00,SETUP_REJECTED,,,mtf_bias_mismatch,bearish,,,,,,,,,,,,,,,,,,,
826,2026-05-05T23:50:00+00:00,SWEEP,bearish,4593.943,,,,,,,,,,,,,,,,,,,,,
827,2026-05-05T23:55:00+00:00,SWEEP,bearish,4594.851,,,,,,,,,,,,,,,,,,,,,
828,2026-05-06T00:00:00+00:00,SWEEP,bearish,4595.722,,,,,,,,,,,,,,,,,,,,,
833,2026-05-06T00:25:00+00:00,SWEEP,bearish,4602.753,,,,,,,,,,,,,,,,,,,,,
835,2026-05-06T00:35:00+00:00,SWEEP,bearish,4608.889,,,,,,,,,,,,,,,,,,,,,
836,2026-05-06T00:40:00+00:00,SWEEP,bearish,4610.36,,,,,,,,,,,,,,,,,,,,,
838,2026-05-06T00:50:00+00:00,SWEEP,bearish,4611.26,,,,,,,,,,,,,,,,,,,,,
840,2026-05-06T01:00:00+00:00,SWEEP,bearish,4620.04,,,,,,,,,,,,,,,,,,,,,
842,2026-05-06T01:10:00+00:00,SETUP_REJECTED,,,mtf_bias_mismatch,bullish,,,,,,,,,,,,,,,,,,,
842,2026-05-06T01:10:00+00:00,SETUP_REJECTED,,,mtf_bias_mismatch,bullish,,,,,,,,,,,,,,,,,,,
842,2026-05-06T01:10:00+00:00,SETUP_REJECTED,,,mtf_bias_mismatch,bullish,,,,,,,,,,,,,,,,,,,
842,2026-05-06T01:10:00+00:00,SETUP_REJECTED,,,mtf_bias_mismatch,bullish,,,,,,,,,,,,,,,,,,,
842,2026-05-06T01:10:00+00:00,SETUP_REJECTED,,,mtf_bias_mismatch,bullish,,,,,,,,,,,,,,,,,,,
846,2026-05-06T01:30:00+00:00,SWEEP,bearish,4625.635,,,,,,,,,,,,,,,,,,,,,
852,2026-05-06T02:00:00+00:00,SWEEP,bearish,4628.554,,,,,,,,,,,,,,,,,,,,,
854,2026-05-06T02:10:00+00:00,SWEEP,bearish,4633.58,,,,,,,,,,,,,,,,,,,,,
855,2026-05-06T02:15:00+00:00,SWEEP,bearish,4634.136,,,,,,,,,,,,,,,,,,,,,
861,2026-05-06T02:45:00+00:00,SWEEP,bearish,4636.36,,,,,,,,,,,,,,,,,,,,,
862,2026-05-06T02:50:00+00:00,SWEEP,bearish,4638.502,,,,,,,,,,,,,,,,,,,,,
864,2026-05-06T03:00:00+00:00,SWEEP,bearish,4641.871,,,,,,,,,,,,,,,,,,,,,
868,2026-05-06T03:20:00+00:00,SWEEP,bearish,4650.47,,,,,,,,,,,,,,,,,,,,,
900,2026-05-06T06:00:00+00:00,SWEEP,bearish,4663.884,,,,,,,,,,,,,,,,,,,,,
901,2026-05-06T06:05:00+00:00,SWEEP,bearish,4665.523,,,,,,,,,,,,,,,,,,,,,
906,2026-05-06T06:30:00+00:00,SWEEP,bearish,4666.733,,,,,,,,,,,,,,,,,,,,,
907,2026-05-06T06:35:00+00:00,SWEEP,bearish,4668.386,,,,,,,,,,,,,,,,,,,,,
912,2026-05-06T07:00:00+00:00,SWEEP,bearish,4669.629,,,,,,,,,,,,,,,,,,,,,
915,2026-05-06T07:15:00+00:00,SETUP_REJECTED,,,mtf_bias_mismatch,bullish,,,,,,,,,,,,,,,,,,,
915,2026-05-06T07:15:00+00:00,SETUP_REJECTED,,,mtf_bias_mismatch,bullish,,,,,,,,,,,,,,,,,,,
915,2026-05-06T07:15:00+00:00,SETUP_REJECTED,,,mtf_bias_mismatch,bullish,,,,,,,,,,,,,,,,,,,
922,2026-05-06T07:50:00+00:00,SWEEP,bearish,4677.366,,,,,,,,,,,,,,,,,,,,,
924,2026-05-06T08:00:00+00:00,SWEEP,bearish,4681.798,,,,,,,,,,,,,,,,,,,,,
931,2026-05-06T08:35:00+00:00,SETUP_REJECTED,,,mtf_bias_mismatch,bullish,,,,,,,,,,,,,,,,,,,
931,2026-05-06T08:35:00+00:00,SETUP_REJECTED,,,mtf_bias_mismatch,bullish,,,,,,,,,,,,,,,,,,,
936,2026-05-06T09:00:00+00:00,SWEEP,bearish,4702.704,,,,,,,,,,,,,,,,,,,,,
973,2026-05-06T12:05:00+00:00,SWEEP,bullish,4681.016,,,,,,,,,,,,,,,,,,,,,
977,2026-05-06T12:25:00+00:00,SETUP_REJECTED,,,mtf_bias_mismatch,neutral,,,,,,,,,,,,,,,,,,,
991,2026-05-06T13:35:00+00:00,SWEEP,bearish,4698.784,,,,,,,,,,,,,,,,,,,,,
996,2026-05-06T14:00:00+00:00,SWEEP,bearish,4707.736,,,,,,,,,,,,,,,,,,,,,
1014,2026-05-06T15:30:00+00:00,SWEEP,bullish,4693.221,,,,,,,,,,,,,,,,,,,,,
1016,2026-05-06T15:40:00+00:00,SWEEP,bullish,4691.346,,,,,,,,,,,,,,,,,,,,,
1026,2026-05-06T16:30:00+00:00,SETUP_REJECTED,,,mtf_bias_mismatch,bearish,,,,,,,,,,,,,,,,,,,
1026,2026-05-06T16:30:00+00:00,SETUP_REJECTED,,,mtf_bias_mismatch,bearish,,,,,,,,,,,,,,,,,,,
1031,2026-05-06T16:55:00+00:00,SWEEP,bullish,4681.228,,,,,,,,,,,,,,,,,,,,,
1040,2026-05-06T17:40:00+00:00,SWEEP,bullish,4679.175,,,,,,,,,,,,,,,,,,,,,
1047,2026-05-06T18:15:00+00:00,SETUP_REJECTED,,,mtf_bias_mismatch,bearish,,,,,,,,,,,,,,,,,,,
1077,2026-05-06T20:45:00+00:00,SWEEP,bullish,4688.765,,,,,,,,,,,,,,,,,,,,,
1079,2026-05-06T20:55:00+00:00,SETUP_REJECTED,,,mtf_bias_mismatch,bearish,,,,,,,,,,,,,,,,,,,
1083,2026-05-06T22:15:00+00:00,SETUP_REJECTED,,,mtf_bias_mismatch,bearish,,,,,,,,,,,,,,,,,,,
1084,2026-05-06T22:20:00+00:00,SWEEP,bearish,4699.578,,,,,,,,,,,,,,,,,,,,,
1104,2026-05-07T00:00:00+00:00,SWEEP,bearish,4699.744,,,,,,,,,,,,,,,,,,,,,
1105,2026-05-07T00:05:00+00:00,SWEEP,bullish,4690.024,,,,,,,,,,,,,,,,,,,,,
1105,2026-05-07T00:05:00+00:00,SETUP_REJECTED,,,mtf_bias_mismatch,bullish,,,,,,,,,,,,,,,,,,,
1106,2026-05-07T00:10:00+00:00,SWEEP,bearish,4700.694,,,,,,,,,,,,,,,,,,,,,
1108,2026-05-07T00:20:00+00:00,SWEEP,bearish,4700.969,,,,,,,,,,,,,,,,,,,,,
1110,2026-05-07T00:30:00+00:00,SWEEP,bullish,4689.795,,,,,,,,,,,,,,,,,,,,,
1110,2026-05-07T00:30:00+00:00,SETUP_REJECTED,,,mtf_bias_mismatch,neutral,,,,,,,,,,,,,,,,,,,
1110,2026-05-07T00:30:00+00:00,SETUP_REJECTED,,,mtf_bias_mismatch,neutral,,,,,,,,,,,,,,,,,,,
1110,2026-05-07T00:30:00+00:00,SETUP_REJECTED,,,mtf_bias_mismatch,neutral,,,,,,,,,,,,,,,,,,,
1115,2026-05-07T00:55:00+00:00,SWEEP,bullish,4685.844,,,,,,,,,,,,,,,,,,,,,
1116,2026-05-07T01:00:00+00:00,SWEEP,bullish,4685.401,,,,,,,,,,,,,,,,,,,,,
1117,2026-05-07T01:05:00+00:00,SETUP_REJECTED,,,mtf_bias_mismatch,neutral,,,,,,,,,,,,,,,,,,,
1117,2026-05-07T01:05:00+00:00,SETUP_REJECTED,,,mtf_bias_mismatch,neutral,,,,,,,,,,,,,,,,,,,
1117,2026-05-07T01:05:00+00:00,SETUP_REJECTED,,,mtf_bias_mismatch,neutral,,,,,,,,,,,,,,,,,,,
1117,2026-05-07T01:05:00+00:00,SETUP_REJECTED,,,mtf_bias_mismatch,neutral,,,,,,,,,,,,,,,,,,,
1124,2026-05-07T01:40:00+00:00,SWEEP,bearish,4716.359,,,,,,,,,,,,,,,,,,,,,
1126,2026-05-07T01:50:00+00:00,SWEEP,bearish,4720.025,,,,,,,,,,,,,,,,,,,,,
1130,2026-05-07T02:10:00+00:00,SETUP_REJECTED,,,mtf_bias_mismatch,bullish,,,,,,,,,,,,,,,,,,,
1130,2026-05-07T02:10:00+00:00,SETUP_REJECTED,,,mtf_bias_mismatch,bullish,,,,,,,,,,,,,,,,,,,
1131,2026-05-07T02:15:00+00:00,SETUP_REJECTED,,,mtf_bias_mismatch,bullish,,,,,,,,,,,,,,,,,,,
1131,2026-05-07T02:15:00+00:00,SETUP_REJECTED,,,mtf_bias_mismatch,bullish,,,,,,,,,,,,,,,,,,,
1159,2026-05-07T04:35:00+00:00,SWEEP,bullish,4693.39,,,,,,,,,,,,,,,,,,,,,
1165,2026-05-07T05:05:00+00:00,SETUP_REJECTED,,,mtf_bias_mismatch,bearish,,,,,,,,,,,,,,,,,,,
1170,2026-05-07T05:30:00+00:00,SWEEP,bearish,4704.88,,,,,,,,,,,,,,,,,,,,,
1171,2026-05-07T05:35:00+00:00,SWEEP,bearish,4705.797,,,,,,,,,,,,,,,,,,,,,
1171,2026-05-07T05:35:00+00:00,SETUP_REJECTED,,,mtf_bias_mismatch,bearish,,,,,,,,,,,,,,,,,,,
1174,2026-05-07T05:50:00+00:00,SWEEP,bearish,4705.814,,,,,,,,,,,,,,,,,,,,,
1176,2026-05-07T06:00:00+00:00,SWEEP,bearish,4706.577,,,,,,,,,,,,,,,,,,,,,
1178,2026-05-07T06:10:00+00:00,SWEEP,bearish,4708.054,,,,,,,,,,,,,,,,,,,,,
1179,2026-05-07T06:15:00+00:00,SWEEP,bearish,4710.351,,,,,,,,,,,,,,,,,,,,,
1190,2026-05-07T07:10:00+00:00,SWEEP,bearish,4750.155,,,,,,,,,,,,,,,,,,,,,
1191,2026-05-07T07:15:00+00:00,SWEEP,bearish,4750.392,,,,,,,,,,,,,,,,,,,,,
1200,2026-05-07T08:00:00+00:00,SWEEP,bearish,4750.605,,,,,,,,,,,,,,,,,,,,,
1201,2026-05-07T08:05:00+00:00,SWEEP,bearish,4751.445,,,,,,,,,,,,,,,,,,,,,
1203,2026-05-07T08:15:00+00:00,SETUP_REJECTED,,,mtf_bias_mismatch,neutral,,,,,,,,,,,,,,,,,,,
1203,2026-05-07T08:15:00+00:00,SETUP_REJECTED,,,mtf_bias_mismatch,neutral,,,,,,,,,,,,,,,,,,,
1203,2026-05-07T08:15:00+00:00,SETUP_REJECTED,,,mtf_bias_mismatch,neutral,,,,,,,,,,,,,,,,,,,
1204,2026-05-07T08:20:00+00:00,SETUP_REJECTED,,,mtf_bias_mismatch,neutral,,,,,,,,,,,,,,,,,,,
1204,2026-05-07T08:20:00+00:00,SETUP_REJECTED,,,mtf_bias_mismatch,neutral,,,,,,,,,,,,,,,,,,,
1210,2026-05-07T08:50:00+00:00,SWEEP,bullish,4733.062,,,,,,,,,,,,,,,,,,,,,
1212,2026-05-07T09:00:00+00:00,SETUP_REJECTED,,,mtf_bias_mismatch,neutral,,,,,,,,,,,,,,,,,,,
1212,2026-05-07T09:00:00+00:00,SETUP_REJECTED,,,mtf_bias_mismatch,neutral,,,,,,,,,,,,,,,,,,,
1214,2026-05-07T09:10:00+00:00,SETUP_REJECTED,,,mtf_bias_mismatch,neutral,,,,,,,,,,,,,,,,,,,
1232,2026-05-07T10:40:00+00:00,SWEEP,bearish,4739.259,,,,,,,,,,,,,,,,,,,,,
1233,2026-05-07T10:45:00+00:00,SWEEP,bearish,4739.591,,,,,,,,,,,,,,,,,,,,,
1238,2026-05-07T11:10:00+00:00,SETUP_REJECTED,,,mtf_bias_mismatch,bullish,,,,,,,,,,,,,,,,,,,
1238,2026-05-07T11:10:00+00:00,SETUP_REJECTED,,,mtf_bias_mismatch,bullish,,,,,,,,,,,,,,,,,,,
1239,2026-05-07T11:15:00+00:00,SETUP_REJECTED,,,mtf_bias_mismatch,bullish,,,,,,,,,,,,,,,,,,,
1239,2026-05-07T11:15:00+00:00,SETUP_REJECTED,,,mtf_bias_mismatch,bullish,,,,,,,,,,,,,,,,,,,
1248,2026-05-07T12:00:00+00:00,SWEEP,bearish,4743.669,,,,,,,,,,,,,,,,,,,,,
1250,2026-05-07T12:10:00+00:00,SWEEP,bearish,4745.953,,,,,,,,,,,,,,,,,,,,,
1251,2026-05-07T12:15:00+00:00,SWEEP,bearish,4746.16,,,,,,,,,,,,,,,,,,,,,
1253,2026-05-07T12:25:00+00:00,SETUP_REJECTED,,,mtf_bias_mismatch,bullish,,,,,,,,,,,,,,,,,,,
1253,2026-05-07T12:25:00+00:00,SETUP_REJECTED,,,mtf_bias_mismatch,bullish,,,,,,,,,,,,,,,,,,,
1253,2026-05-07T12:25:00+00:00,SETUP_REJECTED,,,mtf_bias_mismatch,bullish,,,,,,,,,,,,,,,,,,,
1255,2026-05-07T12:35:00+00:00,SWEEP,bearish,4749.393,,,,,,,,,,,,,,,,,,,,,
1261,2026-05-07T13:05:00+00:00,SETUP_REJECTED,,,mtf_bias_mismatch,neutral,,,,,,,,,,,,,,,,,,,
1261,2026-05-07T13:05:00+00:00,SETUP_REJECTED,,,mtf_bias_mismatch,neutral,,,,,,,,,,,,,,,,,,,
1261,2026-05-07T13:05:00+00:00,SETUP_REJECTED,,,mtf_bias_mismatch,neutral,,,,,,,,,,,,,,,,,,,
1262,2026-05-07T13:10:00+00:00,SWEEP,bullish,4731.604,,,,,,,,,,,,,,,,,,,,,
1277,2026-05-07T14:25:00+00:00,SWEEP,bearish,4758.103,,,,,,,,,,,,,,,,,,,,,
1279,2026-05-07T14:35:00+00:00,SETUP_REJECTED,,,mtf_bias_mismatch,bullish,,,,,,,,,,,,,,,,,,,
1284,2026-05-07T15:00:00+00:00,SWEEP,bearish,4763.382,,,,,,,,,,,,,,,,,,,,,
1285,2026-05-07T15:05:00+00:00,SETUP_REJECTED,,,mtf_bias_mismatch,bullish,,,,,,,,,,,,,,,,,,,
1285,2026-05-07T15:05:00+00:00,SETUP_REJECTED,,,mtf_bias_mismatch,bullish,,,,,,,,,,,,,,,,,,,
1289,2026-05-07T15:25:00+00:00,SWEEP,bullish,4737.301,,,,,,,,,,,,,,,,,,,,,
1295,2026-05-07T15:55:00+00:00,SWEEP,bullish,4728.657,,,,,,,,,,,,,,,,,,,,,
1301,2026-05-07T16:25:00+00:00,SETUP_REJECTED,,,mtf_bias_mismatch,bearish,,,,,,,,,,,,,,,,,,,
1301,2026-05-07T16:25:00+00:00,SETUP_REJECTED,,,mtf_bias_mismatch,bearish,,,,,,,,,,,,,,,,,,,
1352,2026-05-07T20:40:00+00:00,SWEEP,bullish,4697.672,,,,,,,,,,,,,,,,,,,,,
1357,2026-05-07T22:05:00+00:00,SWEEP,bullish,4686.305,,,,,,,,,,,,,,,,,,,,,
1364,2026-05-07T22:40:00+00:00,SWEEP,bullish,4686.063,,,,,,,,,,,,,,,,,,,,,
1366,2026-05-07T22:50:00+00:00,SWEEP,bullish,4682.522,,,,,,,,,,,,,,,,,,,,,
1370,2026-05-07T23:10:00+00:00,SETUP_REJECTED,,,mtf_bias_mismatch,bearish,,,,,,,,,,,,,,,,,,,
1370,2026-05-07T23:10:00+00:00,SETUP_REJECTED,,,mtf_bias_mismatch,bearish,,,,,,,,,,,,,,,,,,,
1373,2026-05-07T23:25:00+00:00,SETUP_REJECTED,,,mtf_bias_mismatch,bearish,,,,,,,,,,,,,,,,,,,
1373,2026-05-07T23:25:00+00:00,SETUP_REJECTED,,,mtf_bias_mismatch,bearish,,,,,,,,,,,,,,,,,,,
1378,2026-05-07T23:50:00+00:00,SETUP_REJECTED,,,mtf_bias_mismatch,bearish,,,,,,,,,,,,,,,,,,,
1379,2026-05-07T23:55:00+00:00,SWEEP,bearish,4704.602,,,,,,,,,,,,,,,,,,,,,
1380,2026-05-08T00:00:00+00:00,SWEEP,bearish,4705.563,,,,,,,,,,,,,,,,,,,,,
1382,2026-05-08T00:10:00+00:00,SWEEP,bearish,4708.145,,,,,,,,,,,,,,,,,,,,,
1393,2026-05-08T01:05:00+00:00,SWEEP,bearish,4715.56,,,,,,,,,,,,,,,,,,,,,
1403,2026-05-08T01:55:00+00:00,SWEEP,bearish,4723.414,,,,,,,,,,,,,,,,,,,,,
1436,2026-05-08T04:40:00+00:00,SWEEP,bullish,4710.945,,,,,,,,,,,,,,,,,,,,,
1446,2026-05-08T05:30:00+00:00,SETUP_REJECTED,,,mtf_bias_mismatch,neutral,,,,,,,,,,,,,,,,,,,
1450,2026-05-08T05:50:00+00:00,SWEEP,bearish,4728.521,,,,,,,,,,,,,,,,,,,,,
1451,2026-05-08T05:55:00+00:00,SWEEP,bearish,4730.22,,,,,,,,,,,,,,,,,,,,,
1467,2026-05-08T07:15:00+00:00,SWEEP,bullish,4712.621,,,,,,,,,,,,,,,,,,,,,
1469,2026-05-08T07:25:00+00:00,SWEEP,bullish,4703.391,,,,,,,,,,,,,,,,,,,,,
1471,2026-05-08T07:35:00+00:00,SETUP_REJECTED,,,mtf_bias_mismatch,bearish,,,,,,,,,,,,,,,,,,,
1471,2026-05-08T07:35:00+00:00,SETUP_REJECTED,,,mtf_bias_mismatch,bearish,,,,,,,,,,,,,,,,,,,
1479,2026-05-08T08:15:00+00:00,SETUP_REJECTED,,,mtf_bias_mismatch,bearish,,,,,,,,,,,,,,,,,,,
1479,2026-05-08T08:15:00+00:00,SETUP_REJECTED,,,mtf_bias_mismatch,bearish,,,,,,,,,,,,,,,,,,,
1480,2026-05-08T08:20:00+00:00,SETUP_REJECTED,,,mtf_bias_mismatch,bearish,,,,,,,,,,,,,,,,,,,
1481,2026-05-08T08:25:00+00:00,SETUP_REJECTED,,,mtf_bias_mismatch,bearish,,,,,,,,,,,,,,,,,,,
1498,2026-05-08T09:50:00+00:00,SWEEP,bullish,4708.133,,,,,,,,,,,,,,,,,,,,,
1503,2026-05-08T10:15:00+00:00,SETUP_REJECTED,,,mtf_bias_mismatch,bearish,,,,,,,,,,,,,,,,,,,
1504,2026-05-08T10:20:00+00:00,SWEEP,bearish,4722.871,,,,,,,,,,,,,,,,,,,,,
1505,2026-05-08T10:25:00+00:00,SWEEP,bearish,4723.211,,,,,,,,,,,,,,,,,,,,,
1505,2026-05-08T10:25:00+00:00,SETUP_REJECTED,,,mtf_bias_mismatch,bearish,,,,,,,,,,,,,,,,,,,
1508,2026-05-08T10:40:00+00:00,SWEEP,bearish,4727.58,,,,,,,,,,,,,,,,,,,,,
1508,2026-05-08T10:40:00+00:00,SETUP_REJECTED,,,mtf_bias_mismatch,neutral,,,,,,,,,,,,,,,,,,,
1510,2026-05-08T10:50:00+00:00,SETUP_REJECTED,,,mtf_bias_mismatch,neutral,,,,,,,,,,,,,,,,,,,
1510,2026-05-08T10:50:00+00:00,SETUP_REJECTED,,,mtf_bias_mismatch,neutral,,,,,,,,,,,,,,,,,,,
1510,2026-05-08T10:50:00+00:00,SETUP_REJECTED,,,mtf_bias_mismatch,neutral,,,,,,,,,,,,,,,,,,,
1527,2026-05-08T12:15:00+00:00,SWEEP,bullish,4703.67,,,,,,,,,,,,,,,,,,,,,
1531,2026-05-08T12:35:00+00:00,SWEEP,bearish,4727.278,,,,,,,,,,,,,,,,,,,,,
1531,2026-05-08T12:35:00+00:00,SETUP_REJECTED,,,mtf_bias_mismatch,neutral,,,,,,,,,,,,,,,,,,,
1532,2026-05-08T12:40:00+00:00,SWEEP,bearish,4728.045,,,,,,,,,,,,,,,,,,,,,
1534,2026-05-08T12:50:00+00:00,SWEEP,bearish,4730.878,,,,,,,,,,,,,,,,,,,,,
1535,2026-05-08T12:55:00+00:00,SWEEP,bearish,4731.478,,,,,,,,,,,,,,,,,,,,,
1543,2026-05-08T13:35:00+00:00,SWEEP,bearish,4743.92,,,,,,,,,,,,,,,,,,,,,
1546,2026-05-08T13:50:00+00:00,SWEEP,bearish,4744.368,,,,,,,,,,,,,,,,,,,,,
1548,2026-05-08T14:00:00+00:00,SWEEP,bearish,4747.709,,,,,,,,,,,,,,,,,,,,,
1549,2026-05-08T14:05:00+00:00,SETUP_REJECTED,,,mtf_bias_mismatch,bullish,,,,,,,,,,,,,,,,,,,
1549,2026-05-08T14:05:00+00:00,SETUP_REJECTED,,,mtf_bias_mismatch,bullish,,,,,,,,,,,,,,,,,,,
1549,2026-05-08T14:05:00+00:00,SETUP_REJECTED,,,mtf_bias_mismatch,bullish,,,,,,,,,,,,,,,,,,,
1550,2026-05-08T14:10:00+00:00,SETUP_REJECTED,,,mtf_bias_mismatch,bullish,,,,,,,,,,,,,,,,,,,
1550,2026-05-08T14:10:00+00:00,SETUP_REJECTED,,,mtf_bias_mismatch,bullish,,,,,,,,,,,,,,,,,,,
1550,2026-05-08T14:10:00+00:00,SETUP_REJECTED,,,mtf_bias_mismatch,bullish,,,,,,,,,,,,,,,,,,,
1554,2026-05-08T14:30:00+00:00,SWEEP,bullish,4716.343,,,,,,,,,,,,,,,,,,,,,
1558,2026-05-08T14:50:00+00:00,SWEEP,bullish,4714.065,,,,,,,,,,,,,,,,,,,,,
1560,2026-05-08T15:00:00+00:00,SWEEP,bullish,4713.292,,,,,,,,,,,,,,,,,,,,,
1563,2026-05-08T15:15:00+00:00,SWEEP,bullish,4705.898,,,,,,,,,,,,,,,,,,,,,
1564,2026-05-08T15:20:00+00:00,SWEEP,bullish,4704.469,,,,,,,,,,,,,,,,,,,,,
1568,2026-05-08T15:40:00+00:00,SWEEP,bullish,4704.235,,,,,,,,,,,,,,,,,,,,,
1569,2026-05-08T15:45:00+00:00,SWEEP,bullish,4703.828,,,,,,,,,,,,,,,,,,,,,
1577,2026-05-08T16:25:00+00:00,SETUP_REJECTED,,,mtf_bias_mismatch,bearish,,,,,,,,,,,,,,,,,,,
1577,2026-05-08T16:25:00+00:00,SETUP_REJECTED,,,mtf_bias_mismatch,bearish,,,,,,,,,,,,,,,,,,,
1578,2026-05-08T16:30:00+00:00,SETUP_REJECTED,,,mtf_bias_mismatch,bearish,,,,,,,,,,,,,,,,,,,
1578,2026-05-08T16:30:00+00:00,SETUP_REJECTED,,,mtf_bias_mismatch,bearish,,,,,,,,,,,,,,,,,,,
1588,2026-05-08T17:20:00+00:00,SWEEP,bearish,4720.133,,,,,,,,,,,,,,,,,,,,,
1589,2026-05-08T17:25:00+00:00,SWEEP,bearish,4720.759,,,,,,,,,,,,,,,,,,,,,
1595,2026-05-08T17:55:00+00:00,SWEEP,bearish,4722.035,,,,,,,,,,,,,,,,,,,,,
1597,2026-05-08T18:05:00+00:00,SWEEP,bearish,4727.542,,,,,,,,,,,,,,,,,,,,,
1598,2026-05-08T18:10:00+00:00,SWEEP,bearish,4727.832,,,,,,,,,,,,,,,,,,,,,
1599,2026-05-08T18:15:00+00:00,SWEEP,bearish,4728.647,,,,,,,,,,,,,,,,,,,,,
1624,2026-05-08T20:20:00+00:00,SWEEP,bullish,4715.292,,,,,,,,,,,,,,,,,,,,,
1630,2026-05-08T20:50:00+00:00,SWEEP,bullish,4714.672,,,,,,,,,,,,,,,,,,,,,
1652,2026-05-10T23:40:00+00:00,SWEEP,bearish,4698.254,,,,,,,,,,,,,,,,,,,,,
1654,2026-05-10T23:50:00+00:00,SWEEP,bearish,4698.335,,,,,,,,,,,,,,,,,,,,,
1656,2026-05-11T00:00:00+00:00,SWEEP,bullish,4685.527,,,,,,,,,,,,,,,,,,,,,
1658,2026-05-11T00:10:00+00:00,SWEEP,bullish,4682.137,,,,,,,,,,,,,,,,,,,,,
1659,2026-05-11T00:15:00+00:00,SETUP_REJECTED,,,mtf_bias_mismatch,neutral,,,,,,,,,,,,,,,,,,,
1659,2026-05-11T00:15:00+00:00,SETUP_REJECTED,,,mtf_bias_mismatch,neutral,,,,,,,,,,,,,,,,,,,
1660,2026-05-11T00:20:00+00:00,SWEEP,bullish,4676.613,,,,,,,,,,,,,,,,,,,,,
1666,2026-05-11T00:50:00+00:00,SWEEP,bullish,4675.672,,,,,,,,,,,,,,,,,,,,,
1669,2026-05-11T01:05:00+00:00,SWEEP,bearish,4698.608,,,,,,,,,,,,,,,,,,,,,
1669,2026-05-11T01:05:00+00:00,SETUP_REJECTED,,,mtf_bias_mismatch,bearish,,,,,,,,,,,,,,,,,,,
1669,2026-05-11T01:05:00+00:00,SETUP_REJECTED,,,mtf_bias_mismatch,bearish,,,,,,,,,,,,,,,,,,,
1669,2026-05-11T01:05:00+00:00,SETUP_REJECTED,,,mtf_bias_mismatch,bearish,,,,,,,,,,,,,,,,,,,
1673,2026-05-11T01:25:00+00:00,SWEEP,bearish,4705.228,,,,,,,,,,,,,,,,,,,,,
1673,2026-05-11T01:25:00+00:00,SETUP_REJECTED,,,mtf_bias_mismatch,neutral,,,,,,,,,,,,,,,,,,,
1675,2026-05-11T01:35:00+00:00,SETUP_REJECTED,,,mtf_bias_mismatch,neutral,,,,,,,,,,,,,,,,,,,
1675,2026-05-11T01:35:00+00:00,SETUP_REJECTED,,,mtf_bias_mismatch,neutral,,,,,,,,,,,,,,,,,,,
1691,2026-05-11T02:55:00+00:00,SWEEP,bullish,4678.303,,,,,,,,,,,,,,,,,,,,,
1692,2026-05-11T03:00:00+00:00,SWEEP,bullish,4676.648,,,,,,,,,,,,,,,,,,,,,
1704,2026-05-11T04:00:00+00:00,SWEEP,bullish,4674.794,,,,,,,,,,,,,,,,,,,,,
1708,2026-05-11T04:20:00+00:00,SWEEP,bullish,4673.547,,,,,,,,,,,,,,,,,,,,,
1710,2026-05-11T04:30:00+00:00,SWEEP,bullish,4670.217,,,,,,,,,,,,,,,,,,,,,
1723,2026-05-11T05:35:00+00:00,SWEEP,bearish,4679.674,,,,,,,,,,,,,,,,,,,,,
1725,2026-05-11T05:45:00+00:00,SETUP_REJECTED,,,mtf_bias_mismatch,neutral,,,,,,,,,,,,,,,,,,,
1726,2026-05-11T05:50:00+00:00,SETUP_REJECTED,,,mtf_bias_mismatch,neutral,,,,,,,,,,,,,,,,,,,
1727,2026-05-11T05:55:00+00:00,SETUP_REJECTED,,,mtf_bias_mismatch,neutral,,,,,,,,,,,,,,,,,,,
1754,2026-05-11T08:10:00+00:00,SWEEP,bullish,4664.403,,,,,,,,,,,,,,,,,,,,,
1755,2026-05-11T08:15:00+00:00,SETUP_REJECTED,,,mtf_bias_mismatch,bearish,,,,,,,,,,,,,,,,,,,
1794,2026-05-11T11:30:00+00:00,SWEEP,bearish,4672.412,,,,,,,,,,,,,,,,,,,,,
1796,2026-05-11T11:40:00+00:00,SWEEP,bearish,4676.039,,,,,,,,,,,,,,,,,,,,,
1802,2026-05-11T12:10:00+00:00,SETUP_REJECTED,,,mtf_bias_mismatch,bullish,,,,,,,,,,,,,,,,,,,
1802,2026-05-11T12:10:00+00:00,SETUP_REJECTED,,,mtf_bias_mismatch,bullish,,,,,,,,,,,,,,,,,,,
1806,2026-05-11T12:30:00+00:00,SWEEP,bearish,4695.266,,,,,,,,,,,,,,,,,,,,,
1807,2026-05-11T12:35:00+00:00,SWEEP,bearish,4696.284,,,,,,,,,,,,,,,,,,,,,
1818,2026-05-11T13:30:00+00:00,SWEEP,bearish,4735.571,,,,,,,,,,,,,,,,,,,,,
1819,2026-05-11T13:35:00+00:00,SWEEP,bearish,4736.897,,,,,,,,,,,,,,,,,,,,,
1821,2026-05-11T13:45:00+00:00,SWEEP,bearish,4745.473,,,,,,,,,,,,,,,,,,,,,
1825,2026-05-11T14:05:00+00:00,SETUP_REJECTED,,,mtf_bias_mismatch,bullish,,,,,,,,,,,,,,,,,,,
1825,2026-05-11T14:05:00+00:00,SETUP_REJECTED,,,mtf_bias_mismatch,bullish,,,,,,,,,,,,,,,,,,,
1825,2026-05-11T14:05:00+00:00,SETUP_REJECTED,,,mtf_bias_mismatch,bullish,,,,,,,,,,,,,,,,,,,
1830,2026-05-11T14:30:00+00:00,SETUP_REJECTED,,,mtf_bias_mismatch,bullish,,,,,,,,,,,,,,,,,,,
1830,2026-05-11T14:30:00+00:00,SETUP_REJECTED,,,mtf_bias_mismatch,bullish,,,,,,,,,,,,,,,,,,,
1830,2026-05-11T14:30:00+00:00,SETUP_REJECTED,,,mtf_bias_mismatch,bullish,,,,,,,,,,,,,,,,,,,
1853,2026-05-11T16:25:00+00:00,SWEEP,bullish,4722.72,,,,,,,,,,,,,,,,,,,,,
1854,2026-05-11T16:30:00+00:00,SWEEP,bullish,4722.25,,,,,,,,,,,,,,,,,,,,,
1873,2026-05-11T18:05:00+00:00,SWEEP,bearish,4726.09,,,,,,,,,,,,,,,,,,,,,
1878,2026-05-11T18:30:00+00:00,SWEEP,bearish,4727.551,,,,,,,,,,,,,,,,,,,,,
1879,2026-05-11T18:35:00+00:00,SWEEP,bearish,4727.744,,,,,,,,,,,,,,,,,,,,,
1895,2026-05-11T19:55:00+00:00,SWEEP,bearish,4734.347,,,,,,,,,,,,,,,,,,,,,
1906,2026-05-11T20:50:00+00:00,SETUP_REJECTED,,,mtf_bias_mismatch,bullish,,,,,,,,,,,,,,,,,,,
1907,2026-05-11T20:55:00+00:00,SETUP_REJECTED,,,mtf_bias_mismatch,bullish,,,,,,,,,,,,,,,,,,,
1909,2026-05-11T22:05:00+00:00,SWEEP,bearish,4743.128,,,,,,,,,,,,,,,,,,,,,
1927,2026-05-11T23:35:00+00:00,SWEEP,bearish,4758.065,,,,,,,,,,,,,,,,,,,,,
1937,2026-05-12T00:25:00+00:00,SETUP_REJECTED,,,mtf_bias_mismatch,bullish,,,,,,,,,,,,,,,,,,,
1952,2026-05-12T01:40:00+00:00,SWEEP,bullish,4723.006,,,,,,,,,,,,,,,,,,,,,
1979,2026-05-12T03:55:00+00:00,SWEEP,bullish,4718.8,,,,,,,,,,,,,,,,,,,,,
1991,2026-05-12T04:55:00+00:00,SWEEP,bullish,4712.62,,,,,,,,,,,,,,,,,,,,,
1992,2026-05-12T05:00:00+00:00,SWEEP,bullish,4710.869,,,,,,,,,,,,,,,,,,,,,
1993,2026-05-12T05:05:00+00:00,SWEEP,bullish,4710.827,,,,,,,,,,,,,,,,,,,,,
1994,2026-05-12T05:10:00+00:00,SWEEP,bullish,4709.721,,,,,,,,,,,,,,,,,,,,,
2005,2026-05-12T06:05:00+00:00,SWEEP,bullish,4704.303,,,,,,,,,,,,,,,,,,,,,
2007,2026-05-12T06:15:00+00:00,SWEEP,bullish,4702.763,,,,,,,,,,,,,,,,,,,,,
2015,2026-05-12T06:55:00+00:00,SWEEP,bullish,4695.022,,,,,,,,,,,,,,,,,,,,,
2017,2026-05-12T07:05:00+00:00,SWEEP,bullish,4689.84,,,,,,,,,,,,,,,,,,,,,
2028,2026-05-12T08:00:00+00:00,SWEEP,bearish,4705.29,,,,,,,,,,,,,,,,,,,,,
2031,2026-05-12T08:15:00+00:00,SETUP_REJECTED,,,mtf_bias_mismatch,bullish,,,,,,,,,,,,,,,,,,,
2054,2026-05-12T10:10:00+00:00,SWEEP,bearish,4708.143,,,,,,,,,,,,,,,,,,,,,
2058,2026-05-12T10:30:00+00:00,SWEEP,bullish,4694.197,,,,,,,,,,,,,,,,,,,,,
2059,2026-05-12T10:35:00+00:00,SETUP_REJECTED,,,mtf_bias_mismatch,neutral,,,,,,,,,,,,,,,,,,,
2060,2026-05-12T10:40:00+00:00,SWEEP,bullish,4685.182,,,,,,,,,,,,,,,,,,,,,
2070,2026-05-12T11:30:00+00:00,SETUP_REJECTED,,,mtf_bias_mismatch,neutral,,,,,,,,,,,,,,,,,,,
2070,2026-05-12T11:30:00+00:00,SETUP_REJECTED,,,mtf_bias_mismatch,neutral,,,,,,,,,,,,,,,,,,,
2072,2026-05-12T11:40:00+00:00,SETUP_REJECTED,,,mtf_bias_mismatch,neutral,,,,,,,,,,,,,,,,,,,
2075,2026-05-12T11:55:00+00:00,SWEEP,bearish,4707.94,,,,,,,,,,,,,,,,,,,,,
2077,2026-05-12T12:05:00+00:00,SETUP_REJECTED,,,mtf_bias_mismatch,neutral,,,,,,,,,,,,,,,,,,,
2081,2026-05-12T12:25:00+00:00,SETUP_REJECTED,,,mtf_bias_mismatch,neutral,,,,,,,,,,,,,,,,,,,
2085,2026-05-12T12:45:00+00:00,SWEEP,bearish,4709.371,,,,,,,,,,,,,,,,,,,,,
2086,2026-05-12T12:50:00+00:00,SWEEP,bearish,4710.937,,,,,,,,,,,,,,,,,,,,,
2100,2026-05-12T14:00:00+00:00,SWEEP,bullish,4676.83,,,,,,,,,,,,,,,,,,,,,
2106,2026-05-12T14:30:00+00:00,SWEEP,bullish,4675.785,,,,,,,,,,,,,,,,,,,,,
2110,2026-05-12T14:50:00+00:00,SWEEP,bullish,4671.42,,,,,,,,,,,,,,,,,,,,,
2111,2026-05-12T14:55:00+00:00,SWEEP,bullish,4670.864,,,,,,,,,,,,,,,,,,,,,
2112,2026-05-12T15:00:00+00:00,SWEEP,bullish,4669.123,,,,,,,,,,,,,,,,,,,,,
2117,2026-05-12T15:25:00+00:00,SWEEP,bullish,4638.191,,,,,,,,,,,,,,,,,,,,,
2119,2026-05-12T15:35:00+00:00,SETUP_REJECTED,,,mtf_bias_mismatch,bearish,,,,,,,,,,,,,,,,,,,
2119,2026-05-12T15:35:00+00:00,SETUP_REJECTED,,,mtf_bias_mismatch,bearish,,,,,,,,,,,,,,,,,,,
2119,2026-05-12T15:35:00+00:00,SETUP_REJECTED,,,mtf_bias_mismatch,bearish,,,,,,,,,,,,,,,,,,,
2119,2026-05-12T15:35:00+00:00,SETUP_REJECTED,,,mtf_bias_mismatch,bearish,,,,,,,,,,,,,,,,,,,
2140,2026-05-12T17:20:00+00:00,SWEEP,bearish,4681.056,,,,,,,,,,,,,,,,,,,,,
2141,2026-05-12T17:25:00+00:00,SWEEP,bearish,4681.275,,,,,,,,,,,,,,,,,,,,,
2148,2026-05-12T18:00:00+00:00,SWEEP,bearish,4682.34,,,,,,,,,,,,,,,,,,,,,
2152,2026-05-12T18:20:00+00:00,SWEEP,bearish,4683.599,,,,,,,,,,,,,,,,,,,,,
2158,2026-05-12T18:50:00+00:00,SWEEP,bearish,4697.641,,,,,,,,,,,,,,,,,,,,,
2160,2026-05-12T19:00:00+00:00,SWEEP,bearish,4698.24,,,,,,,,,,,,,,,,,,,,,
2161,2026-05-12T19:05:00+00:00,SWEEP,bearish,4699.25,,,,,,,,,,,,,,,,,,,,,
2162,2026-05-12T19:10:00+00:00,SWEEP,bearish,4700.093,,,,,,,,,,,,,,,,,,,,,
2165,2026-05-12T19:25:00+00:00,SWEEP,bearish,4703.91,,,,,,,,,,,,,,,,,,,,,
2167,2026-05-12T19:35:00+00:00,SWEEP,bearish,4709.253,,,,,,,,,,,,,,,,,,,,,
2169,2026-05-12T19:45:00+00:00,SWEEP,bearish,4710.495,,,,,,,,,,,,,,,,,,,,,
2172,2026-05-12T20:00:00+00:00,SWEEP,bearish,4715.876,,,,,,,,,,,,,,,,,,,,,
2194,2026-05-12T22:50:00+00:00,SWEEP,bearish,4721.273,,,,,,,,,,,,,,,,,,,,,
2197,2026-05-12T23:05:00+00:00,SWEEP,bearish,4722.39,,,,,,,,,,,,,,,,,,,,,
2201,2026-05-12T23:25:00+00:00,SWEEP,bearish,4723.1,,,,,,,,,,,,,,,,,,,,,
2209,2026-05-13T00:05:00+00:00,SWEEP,bearish,4725.382,,,,,,,,,,,,,,,,,,,,,
2221,2026-05-13T01:05:00+00:00,SWEEP,bullish,4707.44,,,,,,,,,,,,,,,,,,,,,
2221,2026-05-13T01:05:00+00:00,SETUP_REJECTED,,,mtf_bias_mismatch,bullish,,,,,,,,,,,,,,,,,,,
2226,2026-05-13T01:30:00+00:00,SWEEP,bullish,4702.747,,,,,,,,,,,,,,,,,,,,,
2227,2026-05-13T01:35:00+00:00,SWEEP,bullish,4702.621,,,,,,,,,,,,,,,,,,,,,
2231,2026-05-13T01:55:00+00:00,SWEEP,bullish,4701.686,,,,,,,,,,,,,,,,,,,,,
2235,2026-05-13T02:15:00+00:00,SWEEP,bullish,4699.086,,,,,,,,,,,,,,,,,,,,,
2237,2026-05-13T02:25:00+00:00,SWEEP,bullish,4698.78,,,,,,,,,,,,,,,,,,,,,
2241,2026-05-13T02:45:00+00:00,SWEEP,bullish,4693.889,,,,,,,,,,,,,,,,,,,,,
2243,2026-05-13T02:55:00+00:00,SWEEP,bullish,4688.785,,,,,,,,,,,,,,,,,,,,,
2251,2026-05-13T03:35:00+00:00,SETUP_REJECTED,,,mtf_bias_mismatch,neutral,,,,,,,,,,,,,,,,,,,
2251,2026-05-13T03:35:00+00:00,SETUP_REJECTED,,,mtf_bias_mismatch,neutral,,,,,,,,,,,,,,,,,,,
2269,2026-05-13T05:05:00+00:00,SWEEP,bearish,4706.583,,,,,,,,,,,,,,,,,,,,,
2270,2026-05-13T05:10:00+00:00,SWEEP,bearish,4706.92,,,,,,,,,,,,,,,,,,,,,
2272,2026-05-13T05:20:00+00:00,SETUP_REJECTED,,,mtf_bias_mismatch,bullish,,,,,,,,,,,,,,,,,,,
2272,2026-05-13T05:20:00+00:00,SETUP_REJECTED,,,mtf_bias_mismatch,bullish,,,,,,,,,,,,,,,,,,,
2273,2026-05-13T05:25:00+00:00,SETUP_REJECTED,,,mtf_bias_mismatch,bullish,,,,,,,,,,,,,,,,,,,
2273,2026-05-13T05:25:00+00:00,SETUP_REJECTED,,,mtf_bias_mismatch,bullish,,,,,,,,,,,,,,,,,,,
2274,2026-05-13T05:30:00+00:00,SWEEP,bullish,4694.39,,,,,,,,,,,,,,,,,,,,,
2283,2026-05-13T06:15:00+00:00,SWEEP,bearish,4712.84,,,,,,,,,,,,,,,,,,,,,
2285,2026-05-13T06:25:00+00:00,SETUP_REJECTED,,,mtf_bias_mismatch,bullish,,,,,,,,,,,,,,,,,,,
2290,2026-05-13T06:50:00+00:00,SETUP_REJECTED,,,mtf_bias_mismatch,bullish,,,,,,,,,,,,,,,,,,,
2291,2026-05-13T06:55:00+00:00,SETUP_REJECTED,,,mtf_bias_mismatch,bullish,,,,,,,,,,,,,,,,,,,
2309,2026-05-13T08:25:00+00:00,SWEEP,bullish,4696.556,,,,,,,,,,,,,,,,,,,,,
2310,2026-05-13T08:30:00+00:00,SWEEP,bullish,4694.606,,,,,,,,,,,,,,,,,,,,,
2318,2026-05-13T09:10:00+00:00,SWEEP,bullish,4694.282,,,,,,,,,,,,,,,,,,,,,
2328,2026-05-13T10:00:00+00:00,OB_FORMED,bullish,,,bullish,3.0,4698.558,4701.551,77.74,4727.045,6.0,"{'D1': 'bullish', 'H1': 'bullish', 'M15': 'bearish', 'M5': 'bullish'}",,,,,,,,,,,,
2331,2026-05-13T10:15:00+00:00,OB_TOUCH,,,,,3.0,,,,,,,3.0,,,,,,,,,,,
2331,2026-05-13T10:15:00+00:00,ENTRY_WAIT_REVERSAL,,,,,3.0,,,,,,,,70.66,,,,,,,,,,
2332,2026-05-13T10:20:00+00:00,ENTRY_WAIT_REVERSAL,,,,,3.0,,,,,,,,151.29,,,,,,,,,,
2333,2026-05-13T10:25:00+00:00,ENTRY_WAIT_70_REENTRY,,,,,3.0,,,,,,,,38.22,,,,,,,,,,
2334,2026-05-13T10:30:00+00:00,OB_INVALIDATED,,,,,3.0,,,,,,,,,,,,,,,,,,
2355,2026-05-13T12:15:00+00:00,SWEEP,bullish,4691.323,,,,,,,,,,,,,,,,,,,,,
2357,2026-05-13T12:25:00+00:00,SWEEP,bullish,4684.738,,,,,,,,,,,,,,,,,,,,,
2373,2026-05-13T13:45:00+00:00,SWEEP,bullish,4672.834,,,,,,,,,,,,,,,,,,,,,
2382,2026-05-13T14:30:00+00:00,SETUP_REJECTED,,,mtf_bias_mismatch,bearish,,,,,,,,,,,,,,,,,,,
2402,2026-05-13T16:10:00+00:00,SWEEP,bearish,4701.912,,,,,,,,,,,,,,,,,,,,,
2403,2026-05-13T16:15:00+00:00,SWEEP,bearish,4703.021,,,,,,,,,,,,,,,,,,,,,
2405,2026-05-13T16:25:00+00:00,SWEEP,bearish,4709.665,,,,,,,,,,,,,,,,,,,,,
2409,2026-05-13T16:45:00+00:00,SETUP_REJECTED,,,mtf_bias_mismatch,neutral,,,,,,,,,,,,,,,,,,,
2409,2026-05-13T16:45:00+00:00,SETUP_REJECTED,,,mtf_bias_mismatch,neutral,,,,,,,,,,,,,,,,,,,
2409,2026-05-13T16:45:00+00:00,SETUP_REJECTED,,,mtf_bias_mismatch,neutral,,,,,,,,,,,,,,,,,,,
2410,2026-05-13T16:50:00+00:00,SETUP_REJECTED,,,mtf_bias_mismatch,neutral,,,,,,,,,,,,,,,,,,,
2410,2026-05-13T16:50:00+00:00,SETUP_REJECTED,,,mtf_bias_mismatch,neutral,,,,,,,,,,,,,,,,,,,
2410,2026-05-13T16:50:00+00:00,SETUP_REJECTED,,,mtf_bias_mismatch,neutral,,,,,,,,,,,,,,,,,,,
2411,2026-05-13T16:55:00+00:00,SETUP_REJECTED,,,mtf_bias_mismatch,neutral,,,,,,,,,,,,,,,,,,,
2411,2026-05-13T16:55:00+00:00,SETUP_REJECTED,,,mtf_bias_mismatch,neutral,,,,,,,,,,,,,,,,,,,
2411,2026-05-13T16:55:00+00:00,SETUP_REJECTED,,,mtf_bias_mismatch,neutral,,,,,,,,,,,,,,,,,,,
2419,2026-05-13T17:35:00+00:00,SWEEP,bullish,4690.12,,,,,,,,,,,,,,,,,,,,,
2424,2026-05-13T18:00:00+00:00,SWEEP,bullish,4684.559,,,,,,,,,,,,,,,,,,,,,
2453,2026-05-13T20:25:00+00:00,SWEEP,bearish,4693.389,,,,,,,,,,,,,,,,,,,,,
2458,2026-05-13T20:50:00+00:00,SETUP_REJECTED,,,mtf_bias_mismatch,neutral,,,,,,,,,,,,,,,,,,,
2460,2026-05-13T22:00:00+00:00,SWEEP,bearish,4693.562,,,,,,,,,,,,,,,,,,,,,
2464,2026-05-13T22:20:00+00:00,SWEEP,bearish,4696.125,,,,,,,,,,,,,,,,,,,,,
2466,2026-05-13T22:30:00+00:00,SWEEP,bearish,4697.187,,,,,,,,,,,,,,,,,,,,,
2468,2026-05-13T22:40:00+00:00,SWEEP,bearish,4699.178,,,,,,,,,,,,,,,,,,,,,
2470,2026-05-13T22:50:00+00:00,SWEEP,bearish,4700.528,,,,,,,,,,,,,,,,,,,,,
2472,2026-05-13T23:00:00+00:00,SWEEP,bearish,4700.668,,,,,,,,,,,,,,,,,,,,,
2473,2026-05-13T23:05:00+00:00,SWEEP,bearish,4701.018,,,,,,,,,,,,,,,,,,,,,
2474,2026-05-13T23:10:00+00:00,SWEEP,bearish,4701.709,,,,,,,,,,,,,,,,,,,,,
2477,2026-05-13T23:25:00+00:00,SETUP_REJECTED,,,mtf_bias_mismatch,bullish,,,,,,,,,,,,,,,,,,,
2477,2026-05-13T23:25:00+00:00,SETUP_REJECTED,,,mtf_bias_mismatch,bullish,,,,,,,,,,,,,,,,,,,
2477,2026-05-13T23:25:00+00:00,SETUP_REJECTED,,,mtf_bias_mismatch,bullish,,,,,,,,,,,,,,,,,,,
2477,2026-05-13T23:25:00+00:00,SETUP_REJECTED,,,mtf_bias_mismatch,bullish,,,,,,,,,,,,,,,,,,,
2477,2026-05-13T23:25:00+00:00,SETUP_REJECTED,,,mtf_bias_mismatch,bullish,,,,,,,,,,,,,,,,,,,
2477,2026-05-13T23:25:00+00:00,SETUP_REJECTED,,,mtf_bias_mismatch,bullish,,,,,,,,,,,,,,,,,,,
2478,2026-05-13T23:30:00+00:00,SETUP_REJECTED,,,mtf_bias_mismatch,bullish,,,,,,,,,,,,,,,,,,,
2478,2026-05-13T23:30:00+00:00,SETUP_REJECTED,,,mtf_bias_mismatch,bullish,,,,,,,,,,,,,,,,,,,
2478,2026-05-13T23:30:00+00:00,SETUP_REJECTED,,,mtf_bias_mismatch,bullish,,,,,,,,,,,,,,,,,,,
2478,2026-05-13T23:30:00+00:00,SETUP_REJECTED,,,mtf_bias_mismatch,bullish,,,,,,,,,,,,,,,,,,,
2478,2026-05-13T23:30:00+00:00,SETUP_REJECTED,,,mtf_bias_mismatch,bullish,,,,,,,,,,,,,,,,,,,
2478,2026-05-13T23:30:00+00:00,SETUP_REJECTED,,,mtf_bias_mismatch,bullish,,,,,,,,,,,,,,,,,,,
2487,2026-05-14T00:15:00+00:00,SWEEP,bearish,4702.281,,,,,,,,,,,,,,,,,,,,,
2491,2026-05-14T00:35:00+00:00,SETUP_REJECTED,,,mtf_bias_mismatch,bullish,,,,,,,,,,,,,,,,,,,
2495,2026-05-14T00:55:00+00:00,SWEEP,bearish,4705.497,,,,,,,,,,,,,,,,,,,,,
2496,2026-05-14T01:00:00+00:00,SWEEP,bearish,4706.891,,,,,,,,,,,,,,,,,,,,,
2498,2026-05-14T01:10:00+00:00,SWEEP,bullish,4686.261,,,,,,,,,,,,,,,,,,,,,
2504,2026-05-14T01:40:00+00:00,SWEEP,bullish,4684.085,,,,,,,,,,,,,,,,,,,,,
2506,2026-05-14T01:50:00+00:00,SWEEP,bullish,4683.45,,,,,,,,,,,,,,,,,,,,,
2515,2026-05-14T02:35:00+00:00,SETUP_REJECTED,,,mtf_bias_mismatch,bearish,,,,,,,,,,,,,,,,,,,
2515,2026-05-14T02:35:00+00:00,SETUP_REJECTED,,,mtf_bias_mismatch,bearish,,,,,,,,,,,,,,,,,,,
2518,2026-05-14T02:50:00+00:00,SWEEP,bullish,4680.51,,,,,,,,,,,,,,,,,,,,,
2525,2026-05-14T03:25:00+00:00,SETUP_REJECTED,,,mtf_bias_mismatch,bearish,,,,,,,,,,,,,,,,,,,
2527,2026-05-14T03:35:00+00:00,SWEEP,bullish,4679.91,,,,,,,,,,,,,,,,,,,,,
2529,2026-05-14T03:45:00+00:00,SWEEP,bullish,4675.683,,,,,,,,,,,,,,,,,,,,,
2530,2026-05-14T03:50:00+00:00,SWEEP,bullish,4674.384,,,,,,,,,,,,,,,,,,,,,
2531,2026-05-14T03:55:00+00:00,SWEEP,bullish,4674.249,,,,,,,,,,,,,,,,,,,,,
2534,2026-05-14T04:10:00+00:00,SETUP_REJECTED,,,mtf_bias_mismatch,bearish,,,,,,,,,,,,,,,,,,,
2534,2026-05-14T04:10:00+00:00,SETUP_REJECTED,,,mtf_bias_mismatch,bearish,,,,,,,,,,,,,,,,,,,
2534,2026-05-14T04:10:00+00:00,SETUP_REJECTED,,,mtf_bias_mismatch,bearish,,,,,,,,,,,,,,,,,,,
2534,2026-05-14T04:10:00+00:00,SETUP_REJECTED,,,mtf_bias_mismatch,bearish,,,,,,,,,,,,,,,,,,,
2535,2026-05-14T04:15:00+00:00,SETUP_REJECTED,,,mtf_bias_mismatch,bearish,,,,,,,,,,,,,,,,,,,
2535,2026-05-14T04:15:00+00:00,SETUP_REJECTED,,,mtf_bias_mismatch,bearish,,,,,,,,,,,,,,,,,,,
2535,2026-05-14T04:15:00+00:00,SETUP_REJECTED,,,mtf_bias_mismatch,bearish,,,,,,,,,,,,,,,,,,,
2535,2026-05-14T04:15:00+00:00,SETUP_REJECTED,,,mtf_bias_mismatch,bearish,,,,,,,,,,,,,,,,,,,
2536,2026-05-14T04:20:00+00:00,SETUP_REJECTED,,,mtf_bias_mismatch,bearish,,,,,,,,,,,,,,,,,,,
2536,2026-05-14T04:20:00+00:00,SETUP_REJECTED,,,mtf_bias_mismatch,bearish,,,,,,,,,,,,,,,,,,,
2536,2026-05-14T04:20:00+00:00,SETUP_REJECTED,,,mtf_bias_mismatch,bearish,,,,,,,,,,,,,,,,,,,
2536,2026-05-14T04:20:00+00:00,SETUP_REJECTED,,,mtf_bias_mismatch,bearish,,,,,,,,,,,,,,,,,,,
2537,2026-05-14T04:25:00+00:00,SETUP_REJECTED,,,mtf_bias_mismatch,bearish,,,,,,,,,,,,,,,,,,,
2537,2026-05-14T04:25:00+00:00,SETUP_REJECTED,,,mtf_bias_mismatch,bearish,,,,,,,,,,,,,,,,,,,
2537,2026-05-14T04:25:00+00:00,SETUP_REJECTED,,,mtf_bias_mismatch,bearish,,,,,,,,,,,,,,,,,,,
2537,2026-05-14T04:25:00+00:00,SETUP_REJECTED,,,mtf_bias_mismatch,bearish,,,,,,,,,,,,,,,,,,,
2538,2026-05-14T04:30:00+00:00,SETUP_REJECTED,,,mtf_bias_mismatch,bearish,,,,,,,,,,,,,,,,,,,
2538,2026-05-14T04:30:00+00:00,SETUP_REJECTED,,,mtf_bias_mismatch,bearish,,,,,,,,,,,,,,,,,,,
2538,2026-05-14T04:30:00+00:00,SETUP_REJECTED,,,mtf_bias_mismatch,bearish,,,,,,,,,,,,,,,,,,,
2538,2026-05-14T04:30:00+00:00,SETUP_REJECTED,,,mtf_bias_mismatch,bearish,,,,,,,,,,,,,,,,,,,
2539,2026-05-14T04:35:00+00:00,SWEEP,bearish,4710.732,,,,,,,,,,,,,,,,,,,,,
2557,2026-05-14T06:05:00+00:00,SWEEP,bullish,4687.454,,,,,,,,,,,,,,,,,,,,,
2558,2026-05-14T06:10:00+00:00,SWEEP,bullish,4687.149,,,,,,,,,,,,,,,,,,,,,
2592,2026-05-14T09:00:00+00:00,SWEEP,bullish,4690.688,,,,,,,,,,,,,,,,,,,,,
2598,2026-05-14T09:30:00+00:00,SWEEP,bullish,4689.987,,,,,,,,,,,,,,,,,,,,,
2599,2026-05-14T09:35:00+00:00,SWEEP,bullish,4688.901,,,,,,,,,,,,,,,,,,,,,
2601,2026-05-14T09:45:00+00:00,SETUP_REJECTED,,,mtf_bias_mismatch,neutral,,,,,,,,,,,,,,,,,,,
2601,2026-05-14T09:45:00+00:00,SETUP_REJECTED,,,mtf_bias_mismatch,neutral,,,,,,,,,,,,,,,,,,,
2601,2026-05-14T09:45:00+00:00,SETUP_REJECTED,,,mtf_bias_mismatch,neutral,,,,,,,,,,,,,,,,,,,
2602,2026-05-14T09:50:00+00:00,SETUP_REJECTED,,,mtf_bias_mismatch,neutral,,,,,,,,,,,,,,,,,,,
2602,2026-05-14T09:50:00+00:00,SETUP_REJECTED,,,mtf_bias_mismatch,neutral,,,,,,,,,,,,,,,,,,,
2602,2026-05-14T09:50:00+00:00,SETUP_REJECTED,,,mtf_bias_mismatch,neutral,,,,,,,,,,,,,,,,,,,
2621,2026-05-14T11:25:00+00:00,SWEEP,bullish,4690.998,,,,,,,,,,,,,,,,,,,,,
2624,2026-05-14T11:40:00+00:00,SETUP_REJECTED,,,mtf_bias_mismatch,bearish,,,,,,,,,,,,,,,,,,,
2626,2026-05-14T11:50:00+00:00,SETUP_REJECTED,,,mtf_bias_mismatch,bearish,,,,,,,,,,,,,,,,,,,
2627,2026-05-14T11:55:00+00:00,SWEEP,bearish,4704.465,,,,,,,,,,,,,,,,,,,,,
2634,2026-05-14T12:30:00+00:00,SWEEP,bearish,4707.587,,,,,,,,,,,,,,,,,,,,,
2635,2026-05-14T12:35:00+00:00,SWEEP,bearish,4708.163,,,,,,,,,,,,,,,,,,,,,
2643,2026-05-14T13:15:00+00:00,SWEEP,bullish,4692.199,,,,,,,,,,,,,,,,,,,,,
2644,2026-05-14T13:20:00+00:00,SWEEP,bullish,4691.239,,,,,,,,,,,,,,,,,,,,,
2644,2026-05-14T13:20:00+00:00,SETUP_REJECTED,,,mtf_bias_mismatch,neutral,,,,,,,,,,,,,,,,,,,
2644,2026-05-14T13:20:00+00:00,SETUP_REJECTED,,,mtf_bias_mismatch,neutral,,,,,,,,,,,,,,,,,,,
2646,2026-05-14T13:30:00+00:00,SETUP_REJECTED,,,mtf_bias_mismatch,neutral,,,,,,,,,,,,,,,,,,,
2646,2026-05-14T13:30:00+00:00,SETUP_REJECTED,,,mtf_bias_mismatch,neutral,,,,,,,,,,,,,,,,,,,
2647,2026-05-14T13:35:00+00:00,SWEEP,bullish,4681.823,,,,,,,,,,,,,,,,,,,,,
2647,2026-05-14T13:35:00+00:00,SETUP_REJECTED,,,mtf_bias_mismatch,neutral,,,,,,,,,,,,,,,,,,,
2656,2026-05-14T14:20:00+00:00,SETUP_REJECTED,,,mtf_bias_mismatch,bearish,,,,,,,,,,,,,,,,,,,
2656,2026-05-14T14:20:00+00:00,SETUP_REJECTED,,,mtf_bias_mismatch,bearish,,,,,,,,,,,,,,,,,,,
2677,2026-05-14T16:05:00+00:00,SWEEP,bullish,4676.83,,,,,,,,,,,,,,,,,,,,,
2678,2026-05-14T16:10:00+00:00,SWEEP,bullish,4674.588,,,,,,,,,,,,,,,,,,,,,
2682,2026-05-14T16:30:00+00:00,SWEEP,bullish,4674.077,,,,,,,,,,,,,,,,,,,,,
2689,2026-05-14T17:05:00+00:00,SETUP_REJECTED,,,mtf_bias_mismatch,bearish,,,,,,,,,,,,,,,,,,,
2689,2026-05-14T17:05:00+00:00,SETUP_REJECTED,,,mtf_bias_mismatch,bearish,,,,,,,,,,,,,,,,,,,
2689,2026-05-14T17:05:00+00:00,SETUP_REJECTED,,,mtf_bias_mismatch,bearish,,,,,,,,,,,,,,,,,,,
2708,2026-05-14T18:40:00+00:00,SWEEP,bullish,4668.62,,,,,,,,,,,,,,,,,,,,,
2709,2026-05-14T18:45:00+00:00,SWEEP,bullish,4668.437,,,,,,,,,,,,,,,,,,,,,
2713,2026-05-14T19:05:00+00:00,SWEEP,bullish,4666.922,,,,,,,,,,,,,,,,,,,,,
2714,2026-05-14T19:10:00+00:00,SWEEP,bullish,4666.749,,,,,,,,,,,,,,,,,,,,,
2715,2026-05-14T19:15:00+00:00,SWEEP,bullish,4666.543,,,,,,,,,,,,,,,,,,,,,
2718,2026-05-14T19:30:00+00:00,SWEEP,bullish,4662.894,,,,,,,,,,,,,,,,,,,,,
2721,2026-05-14T19:45:00+00:00,SWEEP,bullish,4655.479,,,,,,,,,,,,,,,,,,,,,
2725,2026-05-14T20:05:00+00:00,SWEEP,bullish,4649.686,,,,,,,,,,,,,,,,,,,,,
2727,2026-05-14T20:15:00+00:00,SWEEP,bullish,4649.091,,,,,,,,,,,,,,,,,,,,,
2728,2026-05-14T20:20:00+00:00,SWEEP,bullish,4648.381,,,,,,,,,,,,,,,,,,,,,
2733,2026-05-14T20:45:00+00:00,SETUP_REJECTED,,,mtf_bias_mismatch,bearish,,,,,,,,,,,,,,,,,,,
2733,2026-05-14T20:45:00+00:00,SETUP_REJECTED,,,mtf_bias_mismatch,bearish,,,,,,,,,,,,,,,,,,,
2733,2026-05-14T20:45:00+00:00,SETUP_REJECTED,,,mtf_bias_mismatch,bearish,,,,,,,,,,,,,,,,,,,
2733,2026-05-14T20:45:00+00:00,SETUP_REJECTED,,,mtf_bias_mismatch,bearish,,,,,,,,,,,,,,,,,,,
2738,2026-05-14T22:10:00+00:00,SETUP_REJECTED,,,mtf_bias_mismatch,bearish,,,,,,,,,,,,,,,,,,,
2738,2026-05-14T22:10:00+00:00,SETUP_REJECTED,,,mtf_bias_mismatch,bearish,,,,,,,,,,,,,,,,,,,
2741,2026-05-14T22:25:00+00:00,SWEEP,bearish,4659.39,,,,,,,,,,,,,,,,,,,,,
2744,2026-05-14T22:40:00+00:00,SWEEP,bearish,4662.451,,,,,,,,,,,,,,,,,,,,,
2746,2026-05-14T22:50:00+00:00,SWEEP,bearish,4662.472,,,,,,,,,,,,,,,,,,,,,
2749,2026-05-14T23:05:00+00:00,SWEEP,bearish,4663.16,,,,,,,,,,,,,,,,,,,,,
2754,2026-05-14T23:30:00+00:00,SWEEP,bearish,4664.288,,,,,,,,,,,,,,,,,,,,,
2755,2026-05-14T23:35:00+00:00,SWEEP,bullish,4646.868,,,,,,,,,,,,,,,,,,,,,
2753,2026-05-14T23:25:00+00:00,OB_FORMED,bearish,,,bearish,4.0,4657.824,4664.288,70.12,4644.307,6.5,"{'D1': 'bearish', 'H1': 'bearish', 'M15': 'bearish', 'M5': 'bullish'}",,,,,,,,,,,,
2760,2026-05-15T00:00:00+00:00,SWEEP,bullish,4646.59,,,,,,,,,,,,,,,,,,,,,
2763,2026-05-15T00:15:00+00:00,OB_TOUCH,,,,,4.0,,,,,,,10.0,,,,,,,,,,,
2763,2026-05-15T00:15:00+00:00,ENTRY_WAIT_REVERSAL,,,,,4.0,,,,,,,,160.32,,,,,,,,,,
2768,2026-05-15T00:40:00+00:00,SWEEP,bullish,4618.298,,,,,,,,,,,,,,,,,,,,,
2774,2026-05-15T01:10:00+00:00,SWEEP,bullish,4609.84,,,,,,,,,,,,,,,,,,,,,
2776,2026-05-15T01:20:00+00:00,SETUP_REJECTED,,,mtf_bias_mismatch,bearish,,,,,,,,,,,,,,,,,,,
2776,2026-05-15T01:20:00+00:00,SETUP_REJECTED,,,mtf_bias_mismatch,bearish,,,,,,,,,,,,,,,,,,,
2778,2026-05-15T01:30:00+00:00,SWEEP,bullish,4607.615,,,,,,,,,,,,,,,,,,,,,
2780,2026-05-15T01:40:00+00:00,SETUP_REJECTED,,,mtf_bias_mismatch,bearish,,,,,,,,,,,,,,,,,,,
2780,2026-05-15T01:40:00+00:00,SETUP_REJECTED,,,mtf_bias_mismatch,bearish,,,,,,,,,,,,,,,,,,,
2780,2026-05-15T01:40:00+00:00,SETUP_REJECTED,,,mtf_bias_mismatch,bearish,,,,,,,,,,,,,,,,,,,
2782,2026-05-15T01:50:00+00:00,SWEEP,bullish,4607.467,,,,,,,,,,,,,,,,,,,,,
2824,2026-05-15T05:20:00+00:00,SWEEP,bullish,4581.679,,,,,,,,,,,,,,,,,,,,,
2827,2026-05-15T05:35:00+00:00,SWEEP,bullish,4567.326,,,,,,,,,,,,,,,,,,,,,
2829,2026-05-15T05:45:00+00:00,SWEEP,bullish,4563.684,,,,,,,,,,,,,,,,,,,,,
2832,2026-05-15T06:00:00+00:00,SWEEP,bullish,4556.567,,,,,,,,,,,,,,,,,,,,,
2847,2026-05-15T07:15:00+00:00,SWEEP,bearish,4586.218,,,,,,,,,,,,,,,,,,,,,
2848,2026-05-15T07:20:00+00:00,SWEEP,bearish,4587.42,,,,,,,,,,,,,,,,,,,,,
2854,2026-05-15T07:50:00+00:00,SETUP_REJECTED,,,mtf_bias_mismatch,neutral,,,,,,,,,,,,,,,,,,,
2854,2026-05-15T07:50:00+00:00,SETUP_REJECTED,,,mtf_bias_mismatch,neutral,,,,,,,,,,,,,,,,,,,
2854,2026-05-15T07:50:00+00:00,OB_EXPIRED,,,,,4.0,,,,,,,,,101.0,,,,,,,,,
2855,2026-05-15T07:55:00+00:00,SETUP_REJECTED,,,mtf_bias_mismatch,neutral,,,,,,,,,,,,,,,,,,,
2855,2026-05-15T07:55:00+00:00,SETUP_REJECTED,,,mtf_bias_mismatch,neutral,,,,,,,,,,,,,,,,,,,
2857,2026-05-15T08:05:00+00:00,SETUP_REJECTED,,,mtf_bias_mismatch,neutral,,,,,,,,,,,,,,,,,,,
2857,2026-05-15T08:05:00+00:00,SETUP_REJECTED,,,mtf_bias_mismatch,neutral,,,,,,,,,,,,,,,,,,,
2857,2026-05-15T08:05:00+00:00,OB_FORMED,bearish,,,bearish,5.0,4559.612,4567.836,66.32,4556.169,4.5,"{'D1': 'bullish', 'H1': 'bearish', 'M15': 'bearish', 'M5': 'bearish'}",,,,,,,,,,,,
2860,2026-05-15T08:20:00+00:00,OB_TOUCH,,,,,5.0,,,,,,,3.0,,,,,,,,,,,
2860,2026-05-15T08:20:00+00:00,ENTRY_WAIT_REVERSAL,,,,,5.0,,,,,,,,95.82,,,,,,,,,,
2861,2026-05-15T08:25:00+00:00,ENTRY_WAIT_REVERSAL,,,,,5.0,,,,,,,,118.47,,,,,,,,,,
2862,2026-05-15T08:30:00+00:00,SWEEP,bullish,4552.858,,,,,,,,,,,,,,,,,,,,,
2864,2026-05-15T08:40:00+00:00,ENTRY_WAIT_70_REENTRY,,,,,5.0,,,,,,,,68.45,,,,,,,,,,
2865,2026-05-15T08:45:00+00:00,ENTRY_WAIT_REVERSAL,,,,,5.0,,,,,,,,70.99,,,,,,,,,,
2866,2026-05-15T08:50:00+00:00,ENTRY,bearish,,,bearish,5.0,,,,4556.169,4.5,,,,,1.0,4557.513,4588.668,4495.203,crossed_ob_reentry_70pct,retracement_swing,False,,
2871,2026-05-15T09:15:00+00:00,SWEEP,bullish,4545.752,,,,,,,,,,,,,,,,,,,,,
2873,2026-05-15T09:25:00+00:00,SETUP_REJECTED,,,mtf_bias_mismatch,bearish,,,,,,,,,,,,,,,,,,,
2873,2026-05-15T09:25:00+00:00,SETUP_REJECTED,,,mtf_bias_mismatch,bearish,,,,,,,,,,,,,,,,,,,
2878,2026-05-15T09:50:00+00:00,SWEEP,bullish,4537.496,,,,,,,,,,,,,,,,,,,,,
2880,2026-05-15T10:00:00+00:00,SETUP_REJECTED,,,mtf_bias_mismatch,bearish,,,,,,,,,,,,,,,,,,,
2880,2026-05-15T10:00:00+00:00,SETUP_REJECTED,,,mtf_bias_mismatch,bearish,,,,,,,,,,,,,,,,,,,
2882,2026-05-15T10:10:00+00:00,SETUP_REJECTED,,,mtf_bias_mismatch,bearish,,,,,,,,,,,,,,,,,,,
2882,2026-05-15T10:10:00+00:00,SETUP_REJECTED,,,mtf_bias_mismatch,bearish,,,,,,,,,,,,,,,,,,,
2890,2026-05-15T10:50:00+00:00,SETUP_REJECTED,,,mtf_bias_mismatch,neutral,,,,,,,,,,,,,,,,,,,
2904,2026-05-15T12:00:00+00:00,SWEEP,bullish,4549.585,,,,,,,,,,,,,,,,,,,,,
2907,2026-05-15T12:15:00+00:00,SWEEP,bullish,4544.987,,,,,,,,,,,,,,,,,,,,,
2909,2026-05-15T12:25:00+00:00,SETUP_REJECTED,,,mtf_bias_mismatch,bearish,,,,,,,,,,,,,,,,,,,
2909,2026-05-15T12:25:00+00:00,SETUP_REJECTED,,,mtf_bias_mismatch,bearish,,,,,,,,,,,,,,,,,,,
2912,2026-05-15T12:40:00+00:00,SWEEP,bullish,4544.824,,,,,,,,,,,,,,,,,,,,,
2916,2026-05-15T13:00:00+00:00,SWEEP,bullish,4543.612,,,,,,,,,,,,,,,,,,,,,
2917,2026-05-15T13:05:00+00:00,SWEEP,bullish,4538.214,,,,,,,,,,,,,,,,,,,,,
2920,2026-05-15T13:20:00+00:00,SETUP_REJECTED,,,mtf_bias_mismatch,bearish,,,,,,,,,,,,,,,,,,,
2920,2026-05-15T13:20:00+00:00,SETUP_REJECTED,,,mtf_bias_mismatch,bearish,,,,,,,,,,,,,,,,,,,
2920,2026-05-15T13:20:00+00:00,SETUP_REJECTED,,,mtf_bias_mismatch,bearish,,,,,,,,,,,,,,,,,,,
2925,2026-05-15T13:45:00+00:00,SWEEP,bullish,4519.923,,,,,,,,,,,,,,,,,,,,,
2927,2026-05-15T13:55:00+00:00,SETUP_REJECTED,,,mtf_bias_mismatch,bearish,,,,,,,,,,,,,,,,,,,
2927,2026-05-15T13:55:00+00:00,SETUP_REJECTED,,,mtf_bias_mismatch,bearish,,,,,,,,,,,,,,,,,,,
2927,2026-05-15T13:55:00+00:00,SETUP_REJECTED,,,mtf_bias_mismatch,bearish,,,,,,,,,,,,,,,,,,,
2932,2026-05-15T14:20:00+00:00,SWEEP,bearish,4558.654,,,,,,,,,,,,,,,,,,,,,
2939,2026-05-15T14:55:00+00:00,SWEEP,bearish,4562.953,,,,,,,,,,,,,,,,,,,,,
2951,2026-05-15T15:55:00+00:00,SWEEP,bullish,4536.296,,,,,,,,,,,,,,,,,,,,,
2952,2026-05-15T16:00:00+00:00,SWEEP,bullish,4533.635,,,,,,,,,,,,,,,,,,,,,
2954,2026-05-15T16:10:00+00:00,SWEEP,bullish,4529.442,,,,,,,,,,,,,,,,,,,,,
2957,2026-05-15T16:25:00+00:00,SETUP_REJECTED,,,mtf_bias_mismatch,neutral,,,,,,,,,,,,,,,,,,,
2957,2026-05-15T16:25:00+00:00,SETUP_REJECTED,,,mtf_bias_mismatch,neutral,,,,,,,,,,,,,,,,,,,
2957,2026-05-15T16:25:00+00:00,SETUP_REJECTED,,,mtf_bias_mismatch,neutral,,,,,,,,,,,,,,,,,,,
2964,2026-05-15T17:00:00+00:00,SWEEP,bearish,4552.214,,,,,,,,,,,,,,,,,,,,,
2969,2026-05-15T17:25:00+00:00,SWEEP,bearish,4563.794,,,,,,,,,,,,,,,,,,,,,
2991,2026-05-15T19:15:00+00:00,SWEEP,bullish,4549.471,,,,,,,,,,,,,,,,,,,,,
2993,2026-05-15T19:25:00+00:00,SWEEP,bullish,4548.841,,,,,,,,,,,,,,,,,,,,,
2998,2026-05-15T19:50:00+00:00,SWEEP,bullish,4548.38,,,,,,,,,,,,,,,,,,,,,
3003,2026-05-15T20:15:00+00:00,SWEEP,bullish,4536.08,,,,,,,,,,,,,,,,,,,,,
3004,2026-05-15T20:20:00+00:00,SWEEP,bullish,4535.357,,,,,,,,,,,,,,,,,,,,,
3009,2026-05-15T20:45:00+00:00,OB_FORMED,bullish,,,bullish,6.0,4537.793,4541.502,93.63,4631.447,4.5,"{'D1': 'bullish', 'H1': 'bearish', 'M15': 'bullish', 'M5': 'bearish'}",,,,,,,,,,,,
3016,2026-05-17T22:20:00+00:00,OB_TOUCH,,,,,6.0,,,,,,,7.0,,,,,,,,,,,
3016,2026-05-17T22:20:00+00:00,ENTRY_WAIT_REVERSAL,,,,,6.0,,,,,,,,192.96,,,,,,,,,,
3017,2026-05-17T22:25:00+00:00,ENTRY_WAIT_REVERSAL,,,,,6.0,,,,,,,,98.52,,,,,,,,,,
3018,2026-05-17T22:30:00+00:00,ENTRY_WAIT_REVERSAL,,,,,6.0,,,,,,,,192.18,,,,,,,,,,
3025,2026-05-17T23:05:00+00:00,ENTRY_WAIT_REVERSAL,,,,,6.0,,,,,,,,103.32,,,,,,,,,,
3026,2026-05-17T23:10:00+00:00,ENTRY_WAIT_REVERSAL,,,,,6.0,,,,,,,,106.34,,,,,,,,,,
3027,2026-05-17T23:15:00+00:00,ENTRY_WAIT_70_REENTRY,,,,,6.0,,,,,,,,50.61,,,,,,,,,,
3028,2026-05-17T23:20:00+00:00,ENTRY_WAIT_REVERSAL,,,,,6.0,,,,,,,,100.97,,,,,,,,,,
3029,2026-05-17T23:25:00+00:00,ENTRY_WAIT_70_REENTRY,,,,,6.0,,,,,,,,8.17,,,,,,,,,,
3030,2026-05-17T23:30:00+00:00,SWEEP,bullish,4536.242,,,,,,,,,,,,,,,,,,,,,
3030,2026-05-17T23:30:00+00:00,ENTRY_WAIT_70_REENTRY,,,,,6.0,,,,,,,,28.85,,,,,,,,,,
3031,2026-05-17T23:35:00+00:00,ENTRY_WAIT_70_REENTRY,,,,,6.0,,,,,,,,33.43,,,,,,,,,,
3032,2026-05-17T23:40:00+00:00,SWEEP,bullish,4534.842,,,,,,,,,,,,,,,,,,,,,
3032,2026-05-17T23:40:00+00:00,ENTRY_WAIT_70_REENTRY,,,,,6.0,,,,,,,,40.36,,,,,,,,,,
3033,2026-05-17T23:45:00+00:00,SWEEP,bullish,4532.392,,,,,,,,,,,,,,,,,,,,,
3033,2026-05-17T23:45:00+00:00,OB_INVALIDATED,,,,,6.0,,,,,,,,,,,,,,,,,,
3042,2026-05-18T00:30:00+00:00,TRADE_EXIT,,,TP,,,,,,,,,,,,1.0,,,,,,,WIN,2.0
3045,2026-05-18T00:45:00+00:00,SWEEP,bullish,4480.265,,,,,,,,,,,,,,,,,,,,,
3058,2026-05-18T01:50:00+00:00,SWEEP,bearish,4533.344,,,,,,,,,,,,,,,,,,,,,
3060,2026-05-18T02:00:00+00:00,SWEEP,bearish,4535.646,,,,,,,,,,,,,,,,,,,,,
3064,2026-05-18T02:20:00+00:00,SWEEP,bearish,4538.656,,,,,,,,,,,,,,,,,,,,,
3068,2026-05-18T02:40:00+00:00,SWEEP,bearish,4540.663,,,,,,,,,,,,,,,,,,,,,
3069,2026-05-18T02:45:00+00:00,SWEEP,bearish,4541.242,,,,,,,,,,,,,,,,,,,,,
3084,2026-05-18T04:00:00+00:00,SWEEP,bearish,4548.037,,,,,,,,,,,,,,,,,,,,,
3085,2026-05-18T04:05:00+00:00,SWEEP,bearish,4548.475,,,,,,,,,,,,,,,,,,,,,
3089,2026-05-18T04:25:00+00:00,SETUP_REJECTED,,,mtf_bias_mismatch,bullish,,,,,,,,,,,,,,,,,,,
3089,2026-05-18T04:25:00+00:00,SETUP_REJECTED,,,mtf_bias_mismatch,bullish,,,,,,,,,,,,,,,,,,,
3101,2026-05-18T05:25:00+00:00,SWEEP,bearish,4549.977,,,,,,,,,,,,,,,,,,,,,
3102,2026-05-18T05:30:00+00:00,SWEEP,bearish,4550.639,,,,,,,,,,,,,,,,,,,,,
3107,2026-05-18T05:55:00+00:00,SWEEP,bullish,4530.156,,,,,,,,,,,,,,,,,,,,,
3108,2026-05-18T06:00:00+00:00,SWEEP,bullish,4529.993,,,,,,,,,,,,,,,,,,,,,
3153,2026-05-18T09:45:00+00:00,SWEEP,bullish,4540.511,,,,,,,,,,,,,,,,,,,,,
3154,2026-05-18T09:50:00+00:00,SWEEP,bullish,4540.454,,,,,,,,,,,,,,,,,,,,,
3158,2026-05-18T10:10:00+00:00,SWEEP,bullish,4536.902,,,,,,,,,,,,,,,,,,,,,
3163,2026-05-18T10:35:00+00:00,SWEEP,bullish,4532.479,,,,,,,,,,,,,,,,,,,,,
3170,2026-05-18T11:10:00+00:00,SWEEP,bullish,4532.229,,,,,,,,,,,,,,,,,,,,,
3192,2026-05-18T13:00:00+00:00,SWEEP,bearish,4574.919,,,,,,,,,,,,,,,,,,,,,
3203,2026-05-18T13:55:00+00:00,SWEEP,bearish,4584.134,,,,,,,,,,,,,,,,,,,,,
3205,2026-05-18T14:05:00+00:00,SETUP_REJECTED,,,mtf_bias_mismatch,bullish,,,,,,,,,,,,,,,,,,,
3208,2026-05-18T14:20:00+00:00,SWEEP,bullish,4558.365,,,,,,,,,,,,,,,,,,,,,
3211,2026-05-18T14:35:00+00:00,SWEEP,bullish,4544.767,,,,,,,,,,,,,,,,,,,,,
3211,2026-05-18T14:35:00+00:00,SETUP_REJECTED,,,mtf_bias_mismatch,bullish,,,,,,,,,,,,,,,,,,,
3212,2026-05-18T14:40:00+00:00,SWEEP,bullish,4543.138,,,,,,,,,,,,,,,,,,,,,
3213,2026-05-18T14:45:00+00:00,SWEEP,bullish,4538.313,,,,,,,,,,,,,,,,,,,,,
3232,2026-05-18T16:20:00+00:00,SWEEP,bearish,4550.193,,,,,,,,,,,,,,,,,,,,,
3234,2026-05-18T16:30:00+00:00,SETUP_REJECTED,,,mtf_bias_mismatch,bullish,,,,,,,,,,,,,,,,,,,
3239,2026-05-18T16:55:00+00:00,SWEEP,bearish,4554.152,,,,,,,,,,,,,,,,,,,,,
3241,2026-05-18T17:05:00+00:00,SWEEP,bearish,4557.124,,,,,,,,,,,,,,,,,,,,,
3247,2026-05-18T17:35:00+00:00,SETUP_REJECTED,,,mtf_bias_mismatch,bullish,,,,,,,,,,,,,,,,,,,
3247,2026-05-18T17:35:00+00:00,SETUP_REJECTED,,,mtf_bias_mismatch,bullish,,,,,,,,,,,,,,,,,,,
3257,2026-05-18T18:25:00+00:00,SWEEP,bullish,4540.449,,,,,,,,,,,,,,,,,,,,,
3264,2026-05-18T19:00:00+00:00,SWEEP,bearish,4555.266,,,,,,,,,,,,,,,,,,,,,
3279,2026-05-18T20:15:00+00:00,SWEEP,bearish,4564.981,,,,,,,,,,,,,,,,,,,,,
3280,2026-05-18T20:20:00+00:00,SWEEP,bearish,4566.51,,,,,,,,,,,,,,,,,,,,,
3287,2026-05-18T20:55:00+00:00,SWEEP,bearish,4566.634,,,,,,,,,,,,,,,,,,,,,
3299,2026-05-18T22:55:00+00:00,SETUP_REJECTED,,,mtf_bias_mismatch,bullish,,,,,,,,,,,,,,,,,,,
3301,2026-05-18T23:05:00+00:00,SWEEP,bearish,4581.199,,,,,,,,,,,,,,,,,,,,,
3304,2026-05-18T23:20:00+00:00,SWEEP,bearish,4586.823,,,,,,,,,,,,,,,,,,,,,
3310,2026-05-18T23:50:00+00:00,SETUP_REJECTED,,,mtf_bias_mismatch,bullish,,,,,,,,,,,,,,,,,,,
3310,2026-05-18T23:50:00+00:00,SETUP_REJECTED,,,mtf_bias_mismatch,bullish,,,,,,,,,,,,,,,,,,,
3311,2026-05-18T23:55:00+00:00,SETUP_REJECTED,,,mtf_bias_mismatch,bullish,,,,,,,,,,,,,,,,,,,
3311,2026-05-18T23:55:00+00:00,SETUP_REJECTED,,,mtf_bias_mismatch,bullish,,,,,,,,,,,,,,,,,,,
3312,2026-05-19T00:00:00+00:00,SWEEP,bearish,4588.92,,,,,,,,,,,,,,,,,,,,,
3317,2026-05-19T00:25:00+00:00,SWEEP,bullish,4572.454,,,,,,,,,,,,,,,,,,,,,
3319,2026-05-19T00:35:00+00:00,SWEEP,bullish,4568.715,,,,,,,,,,,,,,,,,,,,,
3320,2026-05-19T00:40:00+00:00,SWEEP,bullish,4568.275,,,,,,,,,,,,,,,,,,,,,
3323,2026-05-19T00:55:00+00:00,SETUP_REJECTED,,,mtf_bias_mismatch,bullish,,,,,,,,,,,,,,,,,,,
3324,2026-05-19T01:00:00+00:00,SWEEP,bullish,4561.147,,,,,,,,,,,,,,,,,,,,,
3338,2026-05-19T02:10:00+00:00,SWEEP,bullish,4553.887,,,,,,,,,,,,,,,,,,,,,
3339,2026-05-19T02:15:00+00:00,SWEEP,bullish,4552.86,,,,,,,,,,,,,,,,,,,,,
3344,2026-05-19T02:40:00+00:00,SWEEP,bullish,4551.408,,,,,,,,,,,,,,,,,,,,,
3345,2026-05-19T02:45:00+00:00,SWEEP,bullish,4551.04,,,,,,,,,,,,,,,,,,,,,
3346,2026-05-19T02:50:00+00:00,SWEEP,bullish,4550.146,,,,,,,,,,,,,,,,,,,,,
3348,2026-05-19T03:00:00+00:00,SWEEP,bullish,4545.962,,,,,,,,,,,,,,,,,,,,,
3360,2026-05-19T04:00:00+00:00,SWEEP,bullish,4543.543,,,,,,,,,,,,,,,,,,,,,
3361,2026-05-19T04:05:00+00:00,SWEEP,bullish,4541.301,,,,,,,,,,,,,,,,,,,,,
3363,2026-05-19T04:15:00+00:00,SWEEP,bullish,4538.572,,,,,,,,,,,,,,,,,,,,,
3365,2026-05-19T04:25:00+00:00,SWEEP,bullish,4538.273,,,,,,,,,,,,,,,,,,,,,
3366,2026-05-19T04:30:00+00:00,SWEEP,bullish,4538.117,,,,,,,,,,,,,,,,,,,,,
3388,2026-05-19T06:20:00+00:00,SWEEP,bearish,4550.059,,,,,,,,,,,,,,,,,,,,,
3389,2026-05-19T06:25:00+00:00,SWEEP,bearish,4550.993,,,,,,,,,,,,,,,,,,,,,
3394,2026-05-19T06:50:00+00:00,SETUP_REJECTED,,,mtf_bias_mismatch,bullish,,,,,,,,,,,,,,,,,,,
3394,2026-05-19T06:50:00+00:00,SETUP_REJECTED,,,mtf_bias_mismatch,bullish,,,,,,,,,,,,,,,,,,,
3397,2026-05-19T07:05:00+00:00,SWEEP,bearish,4553.761,,,,,,,,,,,,,,,,,,,,,
3408,2026-05-19T08:00:00+00:00,SWEEP,bearish,4559.058,,,,,,,,,,,,,,,,,,,,,
3410,2026-05-19T08:10:00+00:00,SETUP_REJECTED,,,mtf_bias_mismatch,bullish,,,,,,,,,,,,,,,,,,,
3413,2026-05-19T08:25:00+00:00,SETUP_REJECTED,,,mtf_bias_mismatch,bullish,,,,,,,,,,,,,,,,,,,
3423,2026-05-19T09:15:00+00:00,SWEEP,bullish,4536.212,,,,,,,,,,,,,,,,,,,,,
3425,2026-05-19T09:25:00+00:00,SETUP_REJECTED,,,mtf_bias_mismatch,bearish,,,,,,,,,,,,,,,,,,,
3433,2026-05-19T10:05:00+00:00,SWEEP,bullish,4535.946,,,,,,,,,,,,,,,,,,,,,
3439,2026-05-19T10:35:00+00:00,SWEEP,bullish,4535.843,,,,,,,,,,,,,,,,,,,,,
3443,2026-05-19T10:55:00+00:00,SETUP_REJECTED,,,mtf_bias_mismatch,bearish,,,,,,,,,,,,,,,,,,,
3443,2026-05-19T10:55:00+00:00,SETUP_REJECTED,,,mtf_bias_mismatch,bearish,,,,,,,,,,,,,,,,,,,
3444,2026-05-19T11:00:00+00:00,SWEEP,bearish,4546.837,,,,,,,,,,,,,,,,,,,,,
3444,2026-05-19T11:00:00+00:00,SETUP_REJECTED,,,mtf_bias_mismatch,neutral,,,,,,,,,,,,,,,,,,,
3444,2026-05-19T11:00:00+00:00,SETUP_REJECTED,,,mtf_bias_mismatch,neutral,,,,,,,,,,,,,,,,,,,
3446,2026-05-19T11:10:00+00:00,SETUP_REJECTED,,,mtf_bias_mismatch,neutral,,,,,,,,,,,,,,,,,,,
3455,2026-05-19T11:55:00+00:00,SETUP_REJECTED,,,mtf_bias_mismatch,neutral,,,,,,,,,,,,,,,,,,,
3469,2026-05-19T13:05:00+00:00,SWEEP,bullish,4521.856,,,,,,,,,,,,,,,,,,,,,
3479,2026-05-19T13:55:00+00:00,SETUP_REJECTED,,,mtf_bias_mismatch,bearish,,,,,,,,,,,,,,,,,,,
3504,2026-05-19T16:00:00+00:00,SWEEP,bearish,4509.073,,,,,,,,,,,,,,,,,,,,,
3506,2026-05-19T16:10:00+00:00,SETUP_REJECTED,,,mtf_bias_mismatch,neutral,,,,,,,,,,,,,,,,,,,
3509,2026-05-19T16:25:00+00:00,SWEEP,bearish,4510.071,,,,,,,,,,,,,,,,,,,,,
3510,2026-05-19T16:30:00+00:00,SWEEP,bearish,4512.026,,,,,,,,,,,,,,,,,,,,,
3534,2026-05-19T18:30:00+00:00,SWEEP,bullish,4495.32,,,,,,,,,,,,,,,,,,,,,
3539,2026-05-19T18:55:00+00:00,SWEEP,bullish,4493.174,,,,,,,,,,,,,,,,,,,,,
3545,2026-05-19T19:25:00+00:00,SWEEP,bullish,4486.385,,,,,,,,,,,,,,,,,,,,,
3552,2026-05-19T20:00:00+00:00,SWEEP,bullish,4481.071,,,,,,,,,,,,,,,,,,,,,
3570,2026-05-19T22:30:00+00:00,SWEEP,bullish,4477.966,,,,,,,,,,,,,,,,,,,,,
3578,2026-05-19T23:10:00+00:00,SWEEP,bearish,4486.327,,,,,,,,,,,,,,,,,,,,,
3583,2026-05-19T23:35:00+00:00,SWEEP,bearish,4493.475,,,,,,,,,,,,,,,,,,,,,
3584,2026-05-19T23:40:00+00:00,SWEEP,bearish,4494.113,,,,,,,,,,,,,,,,,,,,,
3588,2026-05-20T00:00:00+00:00,SETUP_REJECTED,,,mtf_bias_mismatch,neutral,,,,,,,,,,,,,,,,,,,
3588,2026-05-20T00:00:00+00:00,SETUP_REJECTED,,,mtf_bias_mismatch,neutral,,,,,,,,,,,,,,,,,,,
3588,2026-05-20T00:00:00+00:00,SETUP_REJECTED,,,mtf_bias_mismatch,neutral,,,,,,,,,,,,,,,,,,,
3589,2026-05-20T00:05:00+00:00,SETUP_REJECTED,,,mtf_bias_mismatch,neutral,,,,,,,,,,,,,,,,,,,
3589,2026-05-20T00:05:00+00:00,SETUP_REJECTED,,,mtf_bias_mismatch,neutral,,,,,,,,,,,,,,,,,,,
3589,2026-05-20T00:05:00+00:00,SETUP_REJECTED,,,mtf_bias_mismatch,neutral,,,,,,,,,,,,,,,,,,,
3597,2026-05-20T00:45:00+00:00,SWEEP,bearish,4507.289,,,,,,,,,,,,,,,,,,,,,
3601,2026-05-20T01:05:00+00:00,SETUP_REJECTED,,,mtf_bias_mismatch,neutral,,,,,,,,,,,,,,,,,,,
3603,2026-05-20T01:15:00+00:00,OB_FORMED,bearish,,,bearish,7.0,4491.645,4496.228,84.52,4464.373,4.5,"{'D1': 'bullish', 'H1': 'bearish', 'M15': 'bearish', 'M5': 'bearish'}",,,,,,,,,,,,
3606,2026-05-20T01:30:00+00:00,SWEEP,bullish,4472.514,,,,,,,,,,,,,,,,,,,,,
3607,2026-05-20T01:35:00+00:00,SWEEP,bullish,4467.537,,,,,,,,,,,,,,,,,,,,,
3625,2026-05-20T03:05:00+00:00,SWEEP,bullish,4456.028,,,,,,,,,,,,,,,,,,,,,
3636,2026-05-20T04:00:00+00:00,SETUP_REJECTED,,,mtf_bias_mismatch,bearish,,,,,,,,,,,,,,,,,,,
3637,2026-05-20T04:05:00+00:00,SETUP_REJECTED,,,mtf_bias_mismatch,bearish,,,,,,,,,,,,,,,,,,,
3649,2026-05-20T05:05:00+00:00,SWEEP,bearish,4471.556,,,,,,,,,,,,,,,,,,,,,
3652,2026-05-20T05:20:00+00:00,SWEEP,bearish,4473.236,,,,,,,,,,,,,,,,,,,,,
3657,2026-05-20T05:45:00+00:00,SETUP_REJECTED,,,mtf_bias_mismatch,neutral,,,,,,,,,,,,,,,,,,,
3657,2026-05-20T05:45:00+00:00,SETUP_REJECTED,,,mtf_bias_mismatch,neutral,,,,,,,,,,,,,,,,,,,
3672,2026-05-20T07:00:00+00:00,SWEEP,bearish,4478.899,,,,,,,,,,,,,,,,,,,,,
3674,2026-05-20T07:10:00+00:00,SWEEP,bearish,4483.327,,,,,,,,,,,,,,,,,,,,,
3678,2026-05-20T07:30:00+00:00,SWEEP,bearish,4485.122,,,,,,,,,,,,,,,,,,,,,
3688,2026-05-20T08:20:00+00:00,SWEEP,bearish,4486.053,,,,,,,,,,,,,,,,,,,,,
3690,2026-05-20T08:30:00+00:00,SWEEP,bearish,4486.531,,,,,,,,,,,,,,,,,,,,,
3695,2026-05-20T08:55:00+00:00,SWEEP,bearish,4489.609,,,,,,,,,,,,,,,,,,,,,
3698,2026-05-20T09:10:00+00:00,SETUP_REJECTED,,,mtf_bias_mismatch,bullish,,,,,,,,,,,,,,,,,,,
3698,2026-05-20T09:10:00+00:00,SETUP_REJECTED,,,mtf_bias_mismatch,bullish,,,,,,,,,,,,,,,,,,,
3698,2026-05-20T09:10:00+00:00,SETUP_REJECTED,,,mtf_bias_mismatch,bullish,,,,,,,,,,,,,,,,,,,
3704,2026-05-20T09:40:00+00:00,OB_EXPIRED,,,,,7.0,,,,,,,,,101.0,,,,,,,,,
3707,2026-05-20T09:55:00+00:00,SWEEP,bearish,4490.221,,,,,,,,,,,,,,,,,,,,,
3709,2026-05-20T10:05:00+00:00,SWEEP,bearish,4491.22,,,,,,,,,,,,,,,,,,,,,
3712,2026-05-20T10:20:00+00:00,SWEEP,bearish,4492.355,,,,,,,,,,,,,,,,,,,,,
3739,2026-05-20T12:35:00+00:00,SWEEP,bearish,4504.424,,,,,,,,,,,,,,,,,,,,,
3741,2026-05-20T12:45:00+00:00,SWEEP,bearish,4504.735,,,,,,,,,,,,,,,,,,,,,
3743,2026-05-20T12:55:00+00:00,SETUP_REJECTED,,,mtf_bias_mismatch,bullish,,,,,,,,,,,,,,,,,,,
3743,2026-05-20T12:55:00+00:00,SETUP_REJECTED,,,mtf_bias_mismatch,bullish,,,,,,,,,,,,,,,,,,,
3746,2026-05-20T13:10:00+00:00,SWEEP,bearish,4505.385,,,,,,,,,,,,,,,,,,,,,
3749,2026-05-20T13:25:00+00:00,SETUP_REJECTED,,,mtf_bias_mismatch,bullish,,,,,,,,,,,,,,,,,,,
3749,2026-05-20T13:25:00+00:00,SETUP_REJECTED,,,mtf_bias_mismatch,bullish,,,,,,,,,,,,,,,,,,,
3749,2026-05-20T13:25:00+00:00,SETUP_REJECTED,,,mtf_bias_mismatch,bullish,,,,,,,,,,,,,,,,,,,
3750,2026-05-20T13:30:00+00:00,SWEEP,bullish,4489.123,,,,,,,,,,,,,,,,,,,,,
3750,2026-05-20T13:30:00+00:00,SETUP_REJECTED,,,mtf_bias_mismatch,bullish,,,,,,,,,,,,,,,,,,,
3750,2026-05-20T13:30:00+00:00,SETUP_REJECTED,,,mtf_bias_mismatch,bullish,,,,,,,,,,,,,,,,,,,
3750,2026-05-20T13:30:00+00:00,SETUP_REJECTED,,,mtf_bias_mismatch,bullish,,,,,,,,,,,,,,,,,,,
3752,2026-05-20T13:40:00+00:00,SWEEP,bullish,4484.681,,,,,,,,,,,,,,,,,,,,,
3755,2026-05-20T13:55:00+00:00,SWEEP,bullish,4482.883,,,,,,,,,,,,,,,,,,,,,
3757,2026-05-20T14:05:00+00:00,SETUP_REJECTED,,,mtf_bias_mismatch,bullish,,,,,,,,,,,,,,,,,,,
3758,2026-05-20T14:10:00+00:00,SWEEP,bullish,4474.79,,,,,,,,,,,,,,,,,,,,,
3760,2026-05-20T14:20:00+00:00,SWEEP,bearish,4506.092,,,,,,,,,,,,,,,,,,,,,
3757,2026-05-20T14:05:00+00:00,OB_FORMED,bullish,,,bullish,8.0,4474.79,4481.677,87.41,4511.074,5.5,"{'D1': 'bullish', 'H1': 'bearish', 'M15': 'bullish', 'M5': 'bullish'}",,,,,,,,,,,,
3764,2026-05-20T14:40:00+00:00,OB_FORMED,bullish,,,bullish,9.0,4517.196,4524.074,78.7,4528.863,5.5,"{'D1': 'bullish', 'H1': 'bearish', 'M15': 'bullish', 'M5': 'bullish'}",,,,,,,,,,,,
3769,2026-05-20T15:05:00+00:00,OB_TOUCH,,,,,9.0,,,,,,,5.0,,,,,,,,,,,
3769,2026-05-20T15:05:00+00:00,ENTRY_WAIT_REVERSAL,,,,,9.0,,,,,,,,134.27,,,,,,,,,,
3770,2026-05-20T15:10:00+00:00,SETUP_REJECTED,,,mtf_bias_mismatch,bullish,,,,,,,,,,,,,,,,,,,
3770,2026-05-20T15:10:00+00:00,ENTRY_WAIT_REVERSAL,,,,,9.0,,,,,,,,108.17,,,,,,,,,,
3785,2026-05-20T16:25:00+00:00,ENTRY_WAIT_REVERSAL,,,,,9.0,,,,,,,,123.86,,,,,,,,,,
3815,2026-05-20T18:55:00+00:00,SWEEP,bearish,4543.444,,,,,,,,,,,,,,,,,,,,,
3818,2026-05-20T19:10:00+00:00,SWEEP,bearish,4545.065,,,,,,,,,,,,,,,,,,,,,
3820,2026-05-20T19:20:00+00:00,SWEEP,bearish,4545.78,,,,,,,,,,,,,,,,,,,,,
3822,2026-05-20T19:30:00+00:00,SWEEP,bearish,4546.034,,,,,,,,,,,,,,,,,,,,,
3830,2026-05-20T20:10:00+00:00,SWEEP,bearish,4550.411,,,,,,,,,,,,,,,,,,,,,
3838,2026-05-20T20:50:00+00:00,SWEEP,bullish,4542.438,,,,,,,,,,,,,,,,,,,,,
3842,2026-05-20T22:10:00+00:00,SWEEP,bullish,4539.122,,,,,,,,,,,,,,,,,,,,,
3842,2026-05-20T22:10:00+00:00,SETUP_REJECTED,,,mtf_bias_mismatch,bullish,,,,,,,,,,,,,,,,,,,
3857,2026-05-20T23:25:00+00:00,SWEEP,bullish,4535.169,,,,,,,,,,,,,,,,,,,,,
3858,2026-05-20T23:30:00+00:00,OB_EXPIRED,,,,,8.0,,,,,,,,,101.0,,,,,,,,,
3861,2026-05-20T23:45:00+00:00,SWEEP,bearish,4546.891,,,,,,,,,,,,,,,,,,,,,
3864,2026-05-21T00:00:00+00:00,SWEEP,bearish,4546.955,,,,,,,,,,,,,,,,,,,,,
3865,2026-05-21T00:05:00+00:00,OB_EXPIRED,,,,,9.0,,,,,,,,,101.0,,,,,,,,,
3867,2026-05-21T00:15:00+00:00,SWEEP,bearish,4548.955,,,,,,,,,,,,,,,,,,,,,
3879,2026-05-21T01:15:00+00:00,SWEEP,bearish,4560.2,,,,,,,,,,,,,,,,,,,,,
3882,2026-05-21T01:30:00+00:00,SWEEP,bearish,4567.798,,,,,,,,,,,,,,,,,,,,,
3884,2026-05-21T01:40:00+00:00,SWEEP,bearish,4569.392,,,,,,,,,,,,,,,,,,,,,
3887,2026-05-21T01:55:00+00:00,SETUP_REJECTED,,,mtf_bias_mismatch,bullish,,,,,,,,,,,,,,,,,,,
3887,2026-05-21T01:55:00+00:00,SETUP_REJECTED,,,mtf_bias_mismatch,bullish,,,,,,,,,,,,,,,,,,,
3887,2026-05-21T01:55:00+00:00,SETUP_REJECTED,,,mtf_bias_mismatch,bullish,,,,,,,,,,,,,,,,,,,
3890,2026-05-21T02:10:00+00:00,SETUP_REJECTED,,,mtf_bias_mismatch,bullish,,,,,,,,,,,,,,,,,,,
3890,2026-05-21T02:10:00+00:00,SETUP_REJECTED,,,mtf_bias_mismatch,bullish,,,,,,,,,,,,,,,,,,,
3890,2026-05-21T02:10:00+00:00,SETUP_REJECTED,,,mtf_bias_mismatch,bullish,,,,,,,,,,,,,,,,,,,
3891,2026-05-21T02:15:00+00:00,SETUP_REJECTED,,,mtf_bias_mismatch,bullish,,,,,,,,,,,,,,,,,,,
3891,2026-05-21T02:15:00+00:00,SETUP_REJECTED,,,mtf_bias_mismatch,bullish,,,,,,,,,,,,,,,,,,,
3891,2026-05-21T02:15:00+00:00,SETUP_REJECTED,,,mtf_bias_mismatch,bullish,,,,,,,,,,,,,,,,,,,
3892,2026-05-21T02:20:00+00:00,SETUP_REJECTED,,,mtf_bias_mismatch,bullish,,,,,,,,,,,,,,,,,,,
3892,2026-05-21T02:20:00+00:00,SETUP_REJECTED,,,mtf_bias_mismatch,bullish,,,,,,,,,,,,,,,,,,,
3893,2026-05-21T02:25:00+00:00,SWEEP,bullish,4539.755,,,,,,,,,,,,,,,,,,,,,
3894,2026-05-21T02:30:00+00:00,SETUP_REJECTED,,,mtf_bias_mismatch,bullish,,,,,,,,,,,,,,,,,,,
3894,2026-05-21T02:30:00+00:00,SETUP_REJECTED,,,mtf_bias_mismatch,bullish,,,,,,,,,,,,,,,,,,,
3897,2026-05-21T02:45:00+00:00,SWEEP,bullish,4533.768,,,,,,,,,,,,,,,,,,,,,
3918,2026-05-21T04:30:00+00:00,SWEEP,bearish,4540.042,,,,,,,,,,,,,,,,,,,,,
3924,2026-05-21T05:00:00+00:00,SWEEP,bearish,4540.379,,,,,,,,,,,,,,,,,,,,,
3926,2026-05-21T05:10:00+00:00,SETUP_REJECTED,,,mtf_bias_mismatch,bullish,,,,,,,,,,,,,,,,,,,
3926,2026-05-21T05:10:00+00:00,SETUP_REJECTED,,,mtf_bias_mismatch,bullish,,,,,,,,,,,,,,,,,,,
3928,2026-05-21T05:20:00+00:00,SETUP_REJECTED,,,mtf_bias_mismatch,bullish,,,,,,,,,,,,,,,,,,,
3928,2026-05-21T05:20:00+00:00,SETUP_REJECTED,,,mtf_bias_mismatch,bullish,,,,,,,,,,,,,,,,,,,
3930,2026-05-21T05:30:00+00:00,SWEEP,bullish,4521.35,,,,,,,,,,,,,,,,,,,,,
3935,2026-05-21T05:55:00+00:00,OB_FORMED,bullish,,,bullish,10.0,4525.617,4529.889,66.67,4571.018,6.0,"{'D1': 'bullish', 'H1': 'bullish', 'M15': 'bearish', 'M5': 'bullish'}",,,,,,,,,,,,
3938,2026-05-21T06:10:00+00:00,OB_TOUCH,,,,,10.0,,,,,,,3.0,,,,,,,,,,,
3938,2026-05-21T06:10:00+00:00,ENTRY_WAIT_REVERSAL,,,,,10.0,,,,,,,,134.29,,,,,,,,,,
3939,2026-05-21T06:15:00+00:00,ENTRY_WAIT_REVERSAL,,,,,10.0,,,,,,,,109.25,,,,,,,,,,
3940,2026-05-21T06:20:00+00:00,ENTRY_WAIT_REVERSAL,,,,,10.0,,,,,,,,195.81,,,,,,,,,,
3942,2026-05-21T06:30:00+00:00,ENTRY_WAIT_REVERSAL,,,,,10.0,,,,,,,,92.46,,,,,,,,,,
3943,2026-05-21T06:35:00+00:00,ENTRY_WAIT_70_REENTRY,,,,,10.0,,,,,,,,48.88,,,,,,,,,,
3944,2026-05-21T06:40:00+00:00,OB_INVALIDATED,,,,,10.0,,,,,,,,,,,,,,,,,,
3949,2026-05-21T07:05:00+00:00,SWEEP,bullish,4518.15,,,,,,,,,,,,,,,,,,,,,
3951,2026-05-21T07:15:00+00:00,SWEEP,bullish,4518.027,,,,,,,,,,,,,,,,,,,,,
3952,2026-05-21T07:20:00+00:00,SWEEP,bullish,4517.295,,,,,,,,,,,,,,,,,,,,,
3962,2026-05-21T08:10:00+00:00,SWEEP,bearish,4535.06,,,,,,,,,,,,,,,,,,,,,
3963,2026-05-21T08:15:00+00:00,SWEEP,bearish,4535.779,,,,,,,,,,,,,,,,,,,,,
3965,2026-05-21T08:25:00+00:00,SWEEP,bearish,4536.79,,,,,,,,,,,,,,,,,,,,,
3976,2026-05-21T09:20:00+00:00,SWEEP,bearish,4541.046,,,,,,,,,,,,,,,,,,,,,
3978,2026-05-21T09:30:00+00:00,SWEEP,bearish,4542.391,,,,,,,,,,,,,,,,,,,,,
3981,2026-05-21T09:45:00+00:00,SETUP_REJECTED,,,mtf_bias_mismatch,bullish,,,,,,,,,,,,,,,,,,,
3981,2026-05-21T09:45:00+00:00,SETUP_REJECTED,,,mtf_bias_mismatch,bullish,,,,,,,,,,,,,,,,,,,
3990,2026-05-21T10:30:00+00:00,SWEEP,bullish,4510.467,,,,,,,,,,,,,,,,,,,,,
3988,2026-05-21T10:20:00+00:00,OB_FORMED,bearish,,,bearish,11.0,4532.063,4534.434,98.69,4467.014,4.5,"{'D1': 'bullish', 'H1': 'bearish', 'M15': 'bearish', 'M5': 'bearish'}",,,,,,,,,,,,
3991,2026-05-21T10:35:00+00:00,SWEEP,bullish,4508.107,,,,,,,,,,,,,,,,,,,,,
3992,2026-05-21T10:40:00+00:00,SWEEP,bullish,4507.509,,,,,,,,,,,,,,,,,,,,,
4013,2026-05-21T12:25:00+00:00,SWEEP,bullish,4505.904,,,,,,,,,,,,,,,,,,,,,
4015,2026-05-21T12:35:00+00:00,SETUP_REJECTED,,,mtf_bias_mismatch,neutral,,,,,,,,,,,,,,,,,,,
4019,2026-05-21T12:55:00+00:00,SWEEP,bullish,4503.821,,,,,,,,,,,,,,,,,,,,,
4020,2026-05-21T13:00:00+00:00,SWEEP,bullish,4501.902,,,,,,,,,,,,,,,,,,,,,
4024,2026-05-21T13:20:00+00:00,SWEEP,bullish,4496.848,,,,,,,,,,,,,,,,,,,,,
4025,2026-05-21T13:25:00+00:00,SWEEP,bullish,4496.571,,,,,,,,,,,,,,,,,,,,,
4027,2026-05-21T13:35:00+00:00,SWEEP,bullish,4490.027,,,,,,,,,,,,,,,,,,,,,
4030,2026-05-21T13:50:00+00:00,SWEEP,bearish,4519.075,,,,,,,,,,,,,,,,,,,,,
4031,2026-05-21T13:55:00+00:00,SETUP_REJECTED,,,mtf_bias_mismatch,bearish,,,,,,,,,,,,,,,,,,,
4031,2026-05-21T13:55:00+00:00,SETUP_REJECTED,,,mtf_bias_mismatch,bearish,,,,,,,,,,,,,,,,,,,
4031,2026-05-21T13:55:00+00:00,SETUP_REJECTED,,,mtf_bias_mismatch,bearish,,,,,,,,,,,,,,,,,,,
4031,2026-05-21T13:55:00+00:00,SETUP_REJECTED,,,mtf_bias_mismatch,bearish,,,,,,,,,,,,,,,,,,,
4031,2026-05-21T13:55:00+00:00,SETUP_REJECTED,,,mtf_bias_mismatch,bearish,,,,,,,,,,,,,,,,,,,
4038,2026-05-21T14:30:00+00:00,SETUP_REJECTED,,,mtf_bias_mismatch,neutral,,,,,,,,,,,,,,,,,,,
4056,2026-05-21T16:00:00+00:00,SWEEP,bearish,4515.629,,,,,,,,,,,,,,,,,,,,,
4068,2026-05-21T17:00:00+00:00,SWEEP,bearish,4520.527,,,,,,,,,,,,,,,,,,,,,
4071,2026-05-21T17:15:00+00:00,OB_INVALIDATED,,,,,11.0,,,,,,,,,,,,,,,,,,
4072,2026-05-21T17:20:00+00:00,SWEEP,bearish,4540.668,,,,,,,,,,,,,,,,,,,,,
4074,2026-05-21T17:30:00+00:00,SWEEP,bearish,4546.39,,,,,,,,,,,,,,,,,,,,,
4079,2026-05-21T17:55:00+00:00,SWEEP,bearish,4557.854,,,,,,,,,,,,,,,,,,,,,
4081,2026-05-21T18:05:00+00:00,SETUP_REJECTED,,,mtf_bias_mismatch,bullish,,,,,,,,,,,,,,,,,,,
4081,2026-05-21T18:05:00+00:00,SETUP_REJECTED,,,mtf_bias_mismatch,bullish,,,,,,,,,,,,,,,,,,,
4081,2026-05-21T18:05:00+00:00,SETUP_REJECTED,,,mtf_bias_mismatch,bullish,,,,,,,,,,,,,,,,,,,
4087,2026-05-21T18:35:00+00:00,SETUP_REJECTED,,,mtf_bias_mismatch,bullish,,,,,,,,,,,,,,,,,,,
4090,2026-05-21T18:50:00+00:00,SETUP_REJECTED,,,mtf_bias_mismatch,bullish,,,,,,,,,,,,,,,,,,,
4091,2026-05-21T18:55:00+00:00,SETUP_REJECTED,,,mtf_bias_mismatch,bullish,,,,,,,,,,,,,,,,,,,
4134,2026-05-21T23:30:00+00:00,SWEEP,bullish,4537.599,,,,,,,,,,,,,,,,,,,,,
4135,2026-05-21T23:35:00+00:00,SWEEP,bullish,4536.909,,,,,,,,,,,,,,,,,,,,,
4137,2026-05-21T23:45:00+00:00,SWEEP,bullish,4532.716,,,,,,,,,,,,,,,,,,,,,
4138,2026-05-21T23:50:00+00:00,SWEEP,bullish,4532.679,,,,,,,,,,,,,,,,,,,,,
4143,2026-05-22T00:15:00+00:00,SWEEP,bullish,4530.919,,,,,,,,,,,,,,,,,,,,,
4160,2026-05-22T01:40:00+00:00,SWEEP,bullish,4521.908,,,,,,,,,,,,,,,,,,,,,
4185,2026-05-22T03:45:00+00:00,SWEEP,bearish,4529.478,,,,,,,,,,,,,,,,,,,,,
4188,2026-05-22T04:00:00+00:00,SWEEP,bearish,4529.784,,,,,,,,,,,,,,,,,,,,,
4189,2026-05-22T04:05:00+00:00,SWEEP,bearish,4529.981,,,,,,,,,,,,,,,,,,,,,
4191,2026-05-22T04:15:00+00:00,SWEEP,bearish,4530.132,,,,,,,,,,,,,,,,,,,,,
4209,2026-05-22T05:45:00+00:00,SWEEP,bearish,4534.177,,,,,,,,,,,,,,,,,,,,,
4238,2026-05-22T08:10:00+00:00,SWEEP,bearish,4528.855,,,,,,,,,,,,,,,,,,,,,
4240,2026-05-22T08:20:00+00:00,SWEEP,bearish,4529.969,,,,,,,,,,,,,,,,,,,,,
4251,2026-05-22T09:15:00+00:00,SWEEP,bullish,4516.027,,,,,,,,,,,,,,,,,,,,,
4254,2026-05-22T09:30:00+00:00,SWEEP,bullish,4515.182,,,,,,,,,,,,,,,,,,,,,
4256,2026-05-22T09:40:00+00:00,SETUP_REJECTED,,,mtf_bias_mismatch,bearish,,,,,,,,,,,,,,,,,,,
4256,2026-05-22T09:40:00+00:00,SETUP_REJECTED,,,mtf_bias_mismatch,bearish,,,,,,,,,,,,,,,,,,,
4257,2026-05-22T09:45:00+00:00,SETUP_REJECTED,,,mtf_bias_mismatch,bearish,,,,,,,,,,,,,,,,,,,
4257,2026-05-22T09:45:00+00:00,SETUP_REJECTED,,,mtf_bias_mismatch,bearish,,,,,,,,,,,,,,,,,,,
4258,2026-05-22T09:50:00+00:00,SETUP_REJECTED,,,mtf_bias_mismatch,bearish,,,,,,,,,,,,,,,,,,,
4258,2026-05-22T09:50:00+00:00,SETUP_REJECTED,,,mtf_bias_mismatch,bearish,,,,,,,,,,,,,,,,,,,
4259,2026-05-22T09:55:00+00:00,SETUP_REJECTED,,,mtf_bias_mismatch,bearish,,,,,,,,,,,,,,,,,,,
4259,2026-05-22T09:55:00+00:00,SETUP_REJECTED,,,mtf_bias_mismatch,bearish,,,,,,,,,,,,,,,,,,,
4261,2026-05-22T10:05:00+00:00,SWEEP,bearish,4536.083,,,,,,,,,,,,,,,,,,,,,
4262,2026-05-22T10:10:00+00:00,SWEEP,bearish,4536.803,,,,,,,,,,,,,,,,,,,,,
4262,2026-05-22T10:10:00+00:00,SETUP_REJECTED,,,mtf_bias_mismatch,bearish,,,,,,,,,,,,,,,,,,,
4262,2026-05-22T10:10:00+00:00,SETUP_REJECTED,,,mtf_bias_mismatch,bearish,,,,,,,,,,,,,,,,,,,
4267,2026-05-22T10:35:00+00:00,SWEEP,bullish,4514.918,,,,,,,,,,,,,,,,,,,,,
4269,2026-05-22T10:45:00+00:00,SWEEP,bullish,4512.159,,,,,,,,,,,,,,,,,,,,,
4273,2026-05-22T11:05:00+00:00,SETUP_REJECTED,,,mtf_bias_mismatch,bearish,,,,,,,,,,,,,,,,,,,
4273,2026-05-22T11:05:00+00:00,SETUP_REJECTED,,,mtf_bias_mismatch,bearish,,,,,,,,,,,,,,,,,,,
4279,2026-05-22T11:35:00+00:00,SETUP_REJECTED,,,mtf_bias_mismatch,bearish,,,,,,,,,,,,,,,,,,,
4279,2026-05-22T11:35:00+00:00,SETUP_REJECTED,,,mtf_bias_mismatch,bearish,,,,,,,,,,,,,,,,,,,
4281,2026-05-22T11:45:00+00:00,SETUP_REJECTED,,,mtf_bias_mismatch,bearish,,,,,,,,,,,,,,,,,,,
4304,2026-05-22T13:40:00+00:00,SWEEP,bullish,4515.134,,,,,,,,,,,,,,,,,,,,,
4305,2026-05-22T13:45:00+00:00,SWEEP,bullish,4510.851,,,,,,,,,,,,,,,,,,,,,
4306,2026-05-22T13:50:00+00:00,SWEEP,bullish,4510.472,,,,,,,,,,,,,,,,,,,,,
4312,2026-05-22T14:20:00+00:00,SWEEP,bullish,4492.052,,,,,,,,,,,,,,,,,,,,,
4321,2026-05-22T15:05:00+00:00,SETUP_REJECTED,,,mtf_bias_mismatch,bearish,,,,,,,,,,,,,,,,,,,
4322,2026-05-22T15:10:00+00:00,SETUP_REJECTED,,,mtf_bias_mismatch,bearish,,,,,,,,,,,,,,,,,,,
4324,2026-05-22T15:20:00+00:00,SETUP_REJECTED,,,mtf_bias_mismatch,bearish,,,,,,,,,,,,,,,,,,,
4326,2026-05-22T15:30:00+00:00,SWEEP,bearish,4519.142,,,,,,,,,,,,,,,,,,,,,
4338,2026-05-22T16:30:00+00:00,SWEEP,bearish,4524.195,,,,,,,,,,,,,,,,,,,,,
4350,2026-05-22T17:30:00+00:00,SWEEP,bearish,4526.869,,,,,,,,,,,,,,,,,,,,,
4356,2026-05-22T18:00:00+00:00,SWEEP,bullish,4512.254,,,,,,,,,,,,,,,,,,,,,
4373,2026-05-22T19:25:00+00:00,SWEEP,bullish,4506.677,,,,,,,,,,,,,,,,,,,,,
4374,2026-05-22T19:30:00+00:00,SWEEP,bullish,4506.104,,,,,,,,,,,,,,,,,,,,,
4376,2026-05-22T19:40:00+00:00,SETUP_REJECTED,,,mtf_bias_mismatch,bearish,,,,,,,,,,,,,,,,,,,
4376,2026-05-22T19:40:00+00:00,SETUP_REJECTED,,,mtf_bias_mismatch,bearish,,,,,,,,,,,,,,,,,,,
4384,2026-05-22T20:20:00+00:00,SETUP_REJECTED,,,mtf_bias_mismatch,bearish,,,,,,,,,,,,,,,,,,,
4384,2026-05-22T20:20:00+00:00,SETUP_REJECTED,,,mtf_bias_mismatch,bearish,,,,,,,,,,,,,,,,,,,
4394,2026-05-24T22:10:00+00:00,SWEEP,bearish,4556.764,,,,,,,,,,,,,,,,,,,,,
4407,2026-05-24T23:15:00+00:00,SWEEP,bearish,4576.546,,,,,,,,,,,,,,,,,,,,,
4408,2026-05-24T23:20:00+00:00,SWEEP,bearish,4577.66,,,,,,,,,,,,,,,,,,,,,
4410,2026-05-24T23:30:00+00:00,SWEEP,bearish,4578.236,,,,,,,,,,,,,,,,,,,,,
4411,2026-05-24T23:35:00+00:00,SWEEP,bearish,4578.708,,,,,,,,,,,,,,,,,,,,,
4412,2026-05-24T23:40:00+00:00,SWEEP,bearish,4579.325,,,,,,,,,,,,,,,,,,,,,
4415,2026-05-24T23:55:00+00:00,SETUP_REJECTED,,,mtf_bias_mismatch,bullish,,,,,,,,,,,,,,,,,,,
4415,2026-05-24T23:55:00+00:00,SETUP_REJECTED,,,mtf_bias_mismatch,bullish,,,,,,,,,,,,,,,,,,,
4415,2026-05-24T23:55:00+00:00,SETUP_REJECTED,,,mtf_bias_mismatch,bullish,,,,,,,,,,,,,,,,,,,
4415,2026-05-24T23:55:00+00:00,SETUP_REJECTED,,,mtf_bias_mismatch,bullish,,,,,,,,,,,,,,,,,,,
4415,2026-05-24T23:55:00+00:00,SETUP_REJECTED,,,mtf_bias_mismatch,bullish,,,,,,,,,,,,,,,,,,,
4416,2026-05-25T00:00:00+00:00,SETUP_REJECTED,,,mtf_bias_mismatch,bullish,,,,,,,,,,,,,,,,,,,
4416,2026-05-25T00:00:00+00:00,SETUP_REJECTED,,,mtf_bias_mismatch,bullish,,,,,,,,,,,,,,,,,,,
4416,2026-05-25T00:00:00+00:00,SETUP_REJECTED,,,mtf_bias_mismatch,bullish,,,,,,,,,,,,,,,,,,,
4416,2026-05-25T00:00:00+00:00,SETUP_REJECTED,,,mtf_bias_mismatch,bullish,,,,,,,,,,,,,,,,,,,
4416,2026-05-25T00:00:00+00:00,SETUP_REJECTED,,,mtf_bias_mismatch,bullish,,,,,,,,,,,,,,,,,,,
4437,2026-05-25T01:45:00+00:00,SWEEP,bullish,4560.315,,,,,,,,,,,,,,,,,,,,,
4443,2026-05-25T02:15:00+00:00,SWEEP,bullish,4560.052,,,,,,,,,,,,,,,,,,,,,
4461,2026-05-25T03:45:00+00:00,SWEEP,bullish,4558.042,,,,,,,,,,,,,,,,,,,,,
4462,2026-05-25T03:50:00+00:00,SWEEP,bullish,4556.797,,,,,,,,,,,,,,,,,,,,,
4463,2026-05-25T03:55:00+00:00,SETUP_REJECTED,,,mtf_bias_mismatch,bearish,,,,,,,,,,,,,,,,,,,
4463,2026-05-25T03:55:00+00:00,SETUP_REJECTED,,,mtf_bias_mismatch,bearish,,,,,,,,,,,,,,,,,,,
4469,2026-05-25T04:25:00+00:00,SETUP_REJECTED,,,mtf_bias_mismatch,bearish,,,,,,,,,,,,,,,,,,,
4469,2026-05-25T04:25:00+00:00,SETUP_REJECTED,,,mtf_bias_mismatch,bearish,,,,,,,,,,,,,,,,,,,
4474,2026-05-25T04:50:00+00:00,SETUP_REJECTED,,,mtf_bias_mismatch,bearish,,,,,,,,,,,,,,,,,,,
4476,2026-05-25T05:00:00+00:00,SWEEP,bearish,4566.044,,,,,,,,,,,,,,,,,,,,,
4482,2026-05-25T05:30:00+00:00,SWEEP,bullish,4554.134,,,,,,,,,,,,,,,,,,,,,
4483,2026-05-25T05:35:00+00:00,SETUP_REJECTED,,,mtf_bias_mismatch,bearish,,,,,,,,,,,,,,,,,,,
4486,2026-05-25T05:50:00+00:00,SWEEP,bullish,4552.662,,,,,,,,,,,,,,,,,,,,,
4489,2026-05-25T06:05:00+00:00,SWEEP,bullish,4551.895,,,,,,,,,,,,,,,,,,,,,
4500,2026-05-25T07:00:00+00:00,SETUP_REJECTED,,,mtf_bias_mismatch,bearish,,,,,,,,,,,,,,,,,,,
4510,2026-05-25T07:50:00+00:00,SWEEP,bearish,4564.768,,,,,,,,,,,,,,,,,,,,,
4531,2026-05-25T09:35:00+00:00,SWEEP,bearish,4565.132,,,,,,,,,,,,,,,,,,,,,
4532,2026-05-25T09:40:00+00:00,SWEEP,bearish,4565.748,,,,,,,,,,,,,,,,,,,,,
4535,2026-05-25T09:55:00+00:00,SWEEP,bearish,4568.581,,,,,,,,,,,,,,,,,,,,,
4536,2026-05-25T10:00:00+00:00,SWEEP,bearish,4569.003,,,,,,,,,,,,,,,,,,,,,
4539,2026-05-25T10:15:00+00:00,SWEEP,bearish,4572.55,,,,,,,,,,,,,,,,,,,,,
4548,2026-05-25T11:00:00+00:00,SETUP_REJECTED,,,mtf_bias_mismatch,neutral,,,,,,,,,,,,,,,,,,,
4548,2026-05-25T11:00:00+00:00,SETUP_REJECTED,,,mtf_bias_mismatch,neutral,,,,,,,,,,,,,,,,,,,
4557,2026-05-25T11:45:00+00:00,SWEEP,bearish,4576.254,,,,,,,,,,,,,,,,,,,,,
4558,2026-05-25T11:50:00+00:00,SETUP_REJECTED,,,mtf_bias_mismatch,bullish,,,,,,,,,,,,,,,,,,,
4559,2026-05-25T11:55:00+00:00,SETUP_REJECTED,,,mtf_bias_mismatch,bullish,,,,,,,,,,,,,,,,,,,
4560,2026-05-25T12:00:00+00:00,SETUP_REJECTED,,,mtf_bias_mismatch,bullish,,,,,,,,,,,,,,,,,,,
4561,2026-05-25T12:05:00+00:00,SETUP_REJECTED,,,mtf_bias_mismatch,bullish,,,,,,,,,,,,,,,,,,,
4562,2026-05-25T12:10:00+00:00,SETUP_REJECTED,,,mtf_bias_mismatch,bullish,,,,,,,,,,,,,,,,,,,
4564,2026-05-25T12:20:00+00:00,SWEEP,bullish,4553.81,,,,,,,,,,,,,,,,,,,,,
4598,2026-05-25T15:10:00+00:00,SWEEP,bearish,4570.692,,,,,,,,,,,,,,,,,,,,,
4600,2026-05-25T15:20:00+00:00,SWEEP,bearish,4573.41,,,,,,,,,,,,,,,,,,,,,
4601,2026-05-25T15:25:00+00:00,SWEEP,bearish,4573.467,,,,,,,,,,,,,,,,,,,,,
4603,2026-05-25T15:35:00+00:00,SETUP_REJECTED,,,mtf_bias_mismatch,bullish,,,,,,,,,,,,,,,,,,,
4603,2026-05-25T15:35:00+00:00,SETUP_REJECTED,,,mtf_bias_mismatch,bullish,,,,,,,,,,,,,,,,,,,
4603,2026-05-25T15:35:00+00:00,SETUP_REJECTED,,,mtf_bias_mismatch,bullish,,,,,,,,,,,,,,,,,,,
4604,2026-05-25T15:40:00+00:00,SETUP_REJECTED,,,mtf_bias_mismatch,bullish,,,,,,,,,,,,,,,,,,,
4604,2026-05-25T15:40:00+00:00,SETUP_REJECTED,,,mtf_bias_mismatch,bullish,,,,,,,,,,,,,,,,,,,
4604,2026-05-25T15:40:00+00:00,SETUP_REJECTED,,,mtf_bias_mismatch,bullish,,,,,,,,,,,,,,,,,,,
4609,2026-05-25T16:05:00+00:00,SETUP_REJECTED,,,mtf_bias_mismatch,bullish,,,,,,,,,,,,,,,,,,,
4609,2026-05-25T16:05:00+00:00,SETUP_REJECTED,,,mtf_bias_mismatch,bullish,,,,,,,,,,,,,,,,,,,
4609,2026-05-25T16:05:00+00:00,SETUP_REJECTED,,,mtf_bias_mismatch,bullish,,,,,,,,,,,,,,,,,,,
4622,2026-05-25T17:10:00+00:00,SWEEP,bearish,4576.59,,,,,,,,,,,,,,,,,,,,,
4625,2026-05-25T17:25:00+00:00,SETUP_REJECTED,,,mtf_bias_mismatch,neutral,,,,,,,,,,,,,,,,,,,
4627,2026-05-25T17:35:00+00:00,SWEEP,bullish,4567.825,,,,,,,,,,,,,,,,,,,,,
4627,2026-05-25T17:35:00+00:00,SETUP_REJECTED,,,mtf_bias_mismatch,bullish,,,,,,,,,,,,,,,,,,,
4628,2026-05-25T17:40:00+00:00,SETUP_REJECTED,,,mtf_bias_mismatch,bullish,,,,,,,,,,,,,,,,,,,
4629,2026-05-25T17:45:00+00:00,SETUP_REJECTED,,,mtf_bias_mismatch,bullish,,,,,,,,,,,,,,,,,,,
4630,2026-05-25T17:50:00+00:00,SETUP_REJECTED,,,mtf_bias_mismatch,bullish,,,,,,,,,,,,,,,,,,,
4633,2026-05-25T18:05:00+00:00,SETUP_REJECTED,,,mtf_bias_mismatch,neutral,,,,,,,,,,,,,,,,,,,
4639,2026-05-25T22:05:00+00:00,SETUP_REJECTED,,,mtf_bias_mismatch,neutral,,,,,,,,,,,,,,,,,,,
4650,2026-05-25T23:00:00+00:00,SWEEP,bearish,4576.43,,,,,,,,,,,,,,,,,,,,,
4651,2026-05-25T23:05:00+00:00,SWEEP,bearish,4576.488,,,,,,,,,,,,,,,,,,,,,
4653,2026-05-25T23:15:00+00:00,SWEEP,bearish,4579.181,,,,,,,,,,,,,,,,,,,,,
4655,2026-05-25T23:25:00+00:00,SWEEP,bullish,4567.321,,,,,,,,,,,,,,,,,,,,,
4655,2026-05-25T23:25:00+00:00,SETUP_REJECTED,,,mtf_bias_mismatch,bullish,,,,,,,,,,,,,,,,,,,
4655,2026-05-25T23:25:00+00:00,SETUP_REJECTED,,,mtf_bias_mismatch,bullish,,,,,,,,,,,,,,,,,,,
4655,2026-05-25T23:25:00+00:00,SETUP_REJECTED,,,mtf_bias_mismatch,bullish,,,,,,,,,,,,,,,,,,,
4656,2026-05-25T23:30:00+00:00,SETUP_REJECTED,,,mtf_bias_mismatch,bullish,,,,,,,,,,,,,,,,,,,
4656,2026-05-25T23:30:00+00:00,SETUP_REJECTED,,,mtf_bias_mismatch,bullish,,,,,,,,,,,,,,,,,,,
4656,2026-05-25T23:30:00+00:00,SETUP_REJECTED,,,mtf_bias_mismatch,bullish,,,,,,,,,,,,,,,,,,,
4657,2026-05-25T23:35:00+00:00,SWEEP,bullish,4560.253,,,,,,,,,,,,,,,,,,,,,
4657,2026-05-25T23:35:00+00:00,SETUP_REJECTED,,,mtf_bias_mismatch,bullish,,,,,,,,,,,,,,,,,,,
4657,2026-05-25T23:35:00+00:00,SETUP_REJECTED,,,mtf_bias_mismatch,bullish,,,,,,,,,,,,,,,,,,,
4657,2026-05-25T23:35:00+00:00,SETUP_REJECTED,,,mtf_bias_mismatch,bullish,,,,,,,,,,,,,,,,,,,
4658,2026-05-25T23:40:00+00:00,SWEEP,bullish,4555.147,,,,,,,,,,,,,,,,,,,,,
4663,2026-05-26T00:05:00+00:00,SWEEP,bullish,4549.039,,,,,,,,,,,,,,,,,,,,,
4663,2026-05-26T00:05:00+00:00,SETUP_REJECTED,,,mtf_bias_mismatch,neutral,,,,,,,,,,,,,,,,,,,
4663,2026-05-26T00:05:00+00:00,SETUP_REJECTED,,,mtf_bias_mismatch,neutral,,,,,,,,,,,,,,,,,,,
4664,2026-05-26T00:10:00+00:00,SWEEP,bullish,4548.506,,,,,,,,,,,,,,,,,,,,,
4668,2026-05-26T00:30:00+00:00,SETUP_REJECTED,,,mtf_bias_mismatch,neutral,,,,,,,,,,,,,,,,,,,
4668,2026-05-26T00:30:00+00:00,SETUP_REJECTED,,,mtf_bias_mismatch,neutral,,,,,,,,,,,,,,,,,,,
4668,2026-05-26T00:30:00+00:00,SETUP_REJECTED,,,mtf_bias_mismatch,neutral,,,,,,,,,,,,,,,,,,,
4668,2026-05-26T00:30:00+00:00,SETUP_REJECTED,,,mtf_bias_mismatch,neutral,,,,,,,,,,,,,,,,,,,
4672,2026-05-26T00:50:00+00:00,SWEEP,bullish,4540.893,,,,,,,,,,,,,,,,,,,,,
4705,2026-05-26T03:35:00+00:00,SWEEP,bearish,4544.326,,,,,,,,,,,,,,,,,,,,,
4707,2026-05-26T03:45:00+00:00,SETUP_REJECTED,,,mtf_bias_mismatch,bullish,,,,,,,,,,,,,,,,,,,
4713,2026-05-26T04:15:00+00:00,OB_FORMED,bearish,,,bearish,12.0,4536.321,4539.501,70.45,4527.71,6.5,"{'D1': 'bearish', 'H1': 'bearish', 'M15': 'bearish', 'M5': 'bullish'}",,,,,,,,,,,,
4716,2026-05-26T04:30:00+00:00,SWEEP,bullish,4529.81,,,,,,,,,,,,,,,,,,,,,
4718,2026-05-26T04:40:00+00:00,SWEEP,bullish,4525.683,,,,,,,,,,,,,,,,,,,,,
4719,2026-05-26T04:45:00+00:00,SWEEP,bullish,4525.201,,,,,,,,,,,,,,,,,,,,,
4721,2026-05-26T04:55:00+00:00,SWEEP,bullish,4524.536,,,,,,,,,,,,,,,,,,,,,
4722,2026-05-26T05:00:00+00:00,SWEEP,bullish,4523.352,,,,,,,,,,,,,,,,,,,,,
4729,2026-05-26T05:35:00+00:00,SETUP_REJECTED,,,mtf_bias_mismatch,bearish,,,,,,,,,,,,,,,,,,,
4729,2026-05-26T05:35:00+00:00,SETUP_REJECTED,,,mtf_bias_mismatch,bearish,,,,,,,,,,,,,,,,,,,
4729,2026-05-26T05:35:00+00:00,SETUP_REJECTED,,,mtf_bias_mismatch,bearish,,,,,,,,,,,,,,,,,,,
4729,2026-05-26T05:35:00+00:00,SETUP_REJECTED,,,mtf_bias_mismatch,bearish,,,,,,,,,,,,,,,,,,,
4739,2026-05-26T06:25:00+00:00,SWEEP,bearish,4534.959,,,,,,,,,,,,,,,,,,,,,
4749,2026-05-26T07:15:00+00:00,SWEEP,bullish,4523.697,,,,,,,,,,,,,,,,,,,,,
4751,2026-05-26T07:25:00+00:00,SETUP_REJECTED,,,mtf_bias_mismatch,bearish,,,,,,,,,,,,,,,,,,,
4753,2026-05-26T07:35:00+00:00,SWEEP,bullish,4522.085,,,,,,,,,,,,,,,,,,,,,
4756,2026-05-26T07:50:00+00:00,SETUP_REJECTED,,,mtf_bias_mismatch,bearish,,,,,,,,,,,,,,,,,,,
4756,2026-05-26T07:50:00+00:00,SETUP_REJECTED,,,mtf_bias_mismatch,bearish,,,,,,,,,,,,,,,,,,,
4757,2026-05-26T07:55:00+00:00,OB_TOUCH,,,,,12.0,,,,,,,44.0,,,,,,,,,,,
4757,2026-05-26T07:55:00+00:00,ENTRY_WAIT_70_REENTRY,,,,,12.0,,,,,,,,46.48,,,,,,,,,,
4758,2026-05-26T08:00:00+00:00,SETUP_REJECTED,,,mtf_bias_mismatch,bearish,,,,,,,,,,,,,,,,,,,
4758,2026-05-26T08:00:00+00:00,SETUP_REJECTED,,,mtf_bias_mismatch,bearish,,,,,,,,,,,,,,,,,,,
4758,2026-05-26T08:00:00+00:00,ENTRY,bearish,,,bearish,12.0,,,,4527.71,6.0,,,,,2.0,4535.867,4540.694125,4526.212750000001,crossed_ob_reentry_70pct,retracement_swing,False,,
4762,2026-05-26T08:20:00+00:00,TRADE_EXIT,,,TP,,,,,,,,,,,,2.0,,,,,,,WIN,2.0
4763,2026-05-26T08:25:00+00:00,SWEEP,bullish,4521.521,,,,,,,,,,,,,,,,,,,,,
4764,2026-05-26T08:30:00+00:00,SWEEP,bullish,4520.335,,,,,,,,,,,,,,,,,,,,,
4772,2026-05-26T09:10:00+00:00,SWEEP,bullish,4519.87,,,,,,,,,,,,,,,,,,,,,
4773,2026-05-26T09:15:00+00:00,SWEEP,bullish,4519.185,,,,,,,,,,,,,,,,,,,,,
4776,2026-05-26T09:30:00+00:00,SWEEP,bullish,4518.157,,,,,,,,,,,,,,,,,,,,,
4782,2026-05-26T10:00:00+00:00,SETUP_REJECTED,,,mtf_bias_mismatch,bearish,,,,,,,,,,,,,,,,,,,
4782,2026-05-26T10:00:00+00:00,SETUP_REJECTED,,,mtf_bias_mismatch,bearish,,,,,,,,,,,,,,,,,,,
4782,2026-05-26T10:00:00+00:00,SETUP_REJECTED,,,mtf_bias_mismatch,bearish,,,,,,,,,,,,,,,,,,,
4784,2026-05-26T10:10:00+00:00,SETUP_REJECTED,,,mtf_bias_mismatch,bearish,,,,,,,,,,,,,,,,,,,
4784,2026-05-26T10:10:00+00:00,SETUP_REJECTED,,,mtf_bias_mismatch,bearish,,,,,,,,,,,,,,,,,,,
4784,2026-05-26T10:10:00+00:00,SETUP_REJECTED,,,mtf_bias_mismatch,bearish,,,,,,,,,,,,,,,,,,,
4785,2026-05-26T10:15:00+00:00,SWEEP,bearish,4532.108,,,,,,,,,,,,,,,,,,,,,
4785,2026-05-26T10:15:00+00:00,SETUP_REJECTED,,,mtf_bias_mismatch,bearish,,,,,,,,,,,,,,,,,,,
4785,2026-05-26T10:15:00+00:00,SETUP_REJECTED,,,mtf_bias_mismatch,bearish,,,,,,,,,,,,,,,,,,,
4788,2026-05-26T10:30:00+00:00,SETUP_REJECTED,,,mtf_bias_mismatch,bearish,,,,,,,,,,,,,,,,,,,
4792,2026-05-26T10:50:00+00:00,SWEEP,bearish,4538.779,,,,,,,,,,,,,,,,,,,,,
4802,2026-05-26T11:40:00+00:00,SWEEP,bullish,4507.024,,,,,,,,,,,,,,,,,,,,,
4805,2026-05-26T11:55:00+00:00,SWEEP,bullish,4504.35,,,,,,,,,,,,,,,,,,,,,
4812,2026-05-26T12:30:00+00:00,SWEEP,bullish,4503.453,,,,,,,,,,,,,,,,,,,,,
4815,2026-05-26T12:45:00+00:00,SETUP_REJECTED,,,mtf_bias_mismatch,bearish,,,,,,,,,,,,,,,,,,,
4815,2026-05-26T12:45:00+00:00,SETUP_REJECTED,,,mtf_bias_mismatch,bearish,,,,,,,,,,,,,,,,,,,
4816,2026-05-26T12:50:00+00:00,SETUP_REJECTED,,,mtf_bias_mismatch,bearish,,,,,,,,,,,,,,,,,,,
4816,2026-05-26T12:50:00+00:00,SETUP_REJECTED,,,mtf_bias_mismatch,bearish,,,,,,,,,,,,,,,,,,,
4822,2026-05-26T13:20:00+00:00,SWEEP,bearish,4526.502,,,,,,,,,,,,,,,,,,,,,
4823,2026-05-26T13:25:00+00:00,SWEEP,bearish,4527.217,,,,,,,,,,,,,,,,,,,,,
4823,2026-05-26T13:25:00+00:00,SETUP_REJECTED,,,mtf_bias_mismatch,bearish,,,,,,,,,,,,,,,,,,,
4824,2026-05-26T13:30:00+00:00,SWEEP,bearish,4527.556,,,,,,,,,,,,,,,,,,,,,
4825,2026-05-26T13:35:00+00:00,SWEEP,bearish,4527.9,,,,,,,,,,,,,,,,,,,,,
4826,2026-05-26T13:40:00+00:00,SWEEP,bearish,4528.906,,,,,,,,,,,,,,,,,,,,,
4826,2026-05-26T13:40:00+00:00,OB_FORMED,bearish,,,bearish,13.0,4524.141,4531.294,73.14,4500.578,6.5,"{'D1': 'bearish', 'H1': 'bearish', 'M15': 'bearish', 'M5': 'bullish'}",,,,,,,,,,,,
4837,2026-05-26T14:35:00+00:00,OB_TOUCH,,,,,13.0,,,,,,,11.0,,,,,,,,,,,
4837,2026-05-26T14:35:00+00:00,ENTRY_WAIT_REVERSAL,,,,,13.0,,,,,,,,128.38,,,,,,,,,,
4845,2026-05-26T15:15:00+00:00,SWEEP,bullish,4507.714,,,,,,,,,,,,,,,,,,,,,
4846,2026-05-26T15:20:00+00:00,SWEEP,bullish,4504.963,,,,,,,,,,,,,,,,,,,,,
4847,2026-05-26T15:25:00+00:00,SWEEP,bullish,4504.831,,,,,,,,,,,,,,,,,,,,,
4848,2026-05-26T15:30:00+00:00,SWEEP,bullish,4504.662,,,,,,,,,,,,,,,,,,,,,
4849,2026-05-26T15:35:00+00:00,SWEEP,bullish,4503.49,,,,,,,,,,,,,,,,,,,,,
4857,2026-05-26T16:15:00+00:00,SWEEP,bullish,4500.369,,,,,,,,,,,,,,,,,,,,,
4860,2026-05-26T16:30:00+00:00,SETUP_REJECTED,,,mtf_bias_mismatch,bearish,,,,,,,,,,,,,,,,,,,
4860,2026-05-26T16:30:00+00:00,SETUP_REJECTED,,,mtf_bias_mismatch,bearish,,,,,,,,,,,,,,,,,,,
4860,2026-05-26T16:30:00+00:00,SETUP_REJECTED,,,mtf_bias_mismatch,bearish,,,,,,,,,,,,,,,,,,,
4872,2026-05-26T17:30:00+00:00,SWEEP,bullish,4499.499,,,,,,,,,,,,,,,,,,,,,
4873,2026-05-26T17:35:00+00:00,SWEEP,bullish,4497.909,,,,,,,,,,,,,,,,,,,,,
4874,2026-05-26T17:40:00+00:00,SWEEP,bullish,4497.219,,,,,,,,,,,,,,,,,,,,,
4879,2026-05-26T18:05:00+00:00,SWEEP,bullish,4484.854,,,,,,,,,,,,,,,,,,,,,
4883,2026-05-26T18:25:00+00:00,SETUP_REJECTED,,,mtf_bias_mismatch,bearish,,,,,,,,,,,,,,,,,,,
4883,2026-05-26T18:25:00+00:00,SETUP_REJECTED,,,mtf_bias_mismatch,bearish,,,,,,,,,,,,,,,,,,,
4883,2026-05-26T18:25:00+00:00,SETUP_REJECTED,,,mtf_bias_mismatch,bearish,,,,,,,,,,,,,,,,,,,
4883,2026-05-26T18:25:00+00:00,SETUP_REJECTED,,,mtf_bias_mismatch,bearish,,,,,,,,,,,,,,,,,,,
4884,2026-05-26T18:30:00+00:00,SETUP_REJECTED,,,mtf_bias_mismatch,bearish,,,,,,,,,,,,,,,,,,,
4884,2026-05-26T18:30:00+00:00,SETUP_REJECTED,,,mtf_bias_mismatch,bearish,,,,,,,,,,,,,,,,,,,
4884,2026-05-26T18:30:00+00:00,SETUP_REJECTED,,,mtf_bias_mismatch,bearish,,,,,,,,,,,,,,,,,,,
4884,2026-05-26T18:30:00+00:00,SETUP_REJECTED,,,mtf_bias_mismatch,bearish,,,,,,,,,,,,,,,,,,,
4888,2026-05-26T18:50:00+00:00,SETUP_REJECTED,,,mtf_bias_mismatch,bearish,,,,,,,,,,,,,,,,,,,
4902,2026-05-26T20:00:00+00:00,SWEEP,bearish,4509.81,,,,,,,,,,,,,,,,,,,,,
4914,2026-05-26T22:00:00+00:00,SWEEP,bullish,4500.823,,,,,,,,,,,,,,,,,,,,,
4921,2026-05-26T22:35:00+00:00,SWEEP,bullish,4499.902,,,,,,,,,,,,,,,,,,,,,
4925,2026-05-26T22:55:00+00:00,SETUP_REJECTED,,,mtf_bias_mismatch,bearish,,,,,,,,,,,,,,,,,,,
4925,2026-05-26T22:55:00+00:00,SETUP_REJECTED,,,mtf_bias_mismatch,bearish,,,,,,,,,,,,,,,,,,,
4926,2026-05-26T23:00:00+00:00,SWEEP,bearish,4512.466,,,,,,,,,,,,,,,,,,,,,
4926,2026-05-26T23:00:00+00:00,SETUP_REJECTED,,,mtf_bias_mismatch,bearish,,,,,,,,,,,,,,,,,,,
4926,2026-05-26T23:00:00+00:00,SETUP_REJECTED,,,mtf_bias_mismatch,bearish,,,,,,,,,,,,,,,,,,,
4927,2026-05-26T23:05:00+00:00,OB_EXPIRED,,,,,13.0,,,,,,,,,101.0,,,,,,,,,
4932,2026-05-26T23:30:00+00:00,SETUP_REJECTED,,,mtf_bias_mismatch,bearish,,,,,,,,,,,,,,,,,,,
4933,2026-05-26T23:35:00+00:00,SETUP_REJECTED,,,mtf_bias_mismatch,bearish,,,,,,,,,,,,,,,,,,,
4935,2026-05-26T23:45:00+00:00,SWEEP,bearish,4526.99,,,,,,,,,,,,,,,,,,,,,
4959,2026-05-27T01:45:00+00:00,SWEEP,bullish,4509.281,,,,,,,,,,,,,,,,,,,,,
4961,2026-05-27T01:55:00+00:00,SWEEP,bullish,4506.743,,,,,,,,,,,,,,,,,,,,,
4970,2026-05-27T02:40:00+00:00,SWEEP,bullish,4498.939,,,,,,,,,,,,,,,,,,,,,
4971,2026-05-27T02:45:00+00:00,SWEEP,bullish,4498.63,,,,,,,,,,,,,,,,,,,,,
4973,2026-05-27T02:55:00+00:00,SETUP_REJECTED,,,mtf_bias_mismatch,bearish,,,,,,,,,,,,,,,,,,,
4973,2026-05-27T02:55:00+00:00,SETUP_REJECTED,,,mtf_bias_mismatch,bearish,,,,,,,,,,,,,,,,,,,
4973,2026-05-27T02:55:00+00:00,SETUP_REJECTED,,,mtf_bias_mismatch,bearish,,,,,,,,,,,,,,,,,,,
4974,2026-05-27T03:00:00+00:00,SETUP_REJECTED,,,mtf_bias_mismatch,bearish,,,,,,,,,,,,,,,,,,,
4974,2026-05-27T03:00:00+00:00,SETUP_REJECTED,,,mtf_bias_mismatch,bearish,,,,,,,,,,,,,,,,,,,
4986,2026-05-27T04:00:00+00:00,SWEEP,bullish,4496.627,,,,,,,,,,,,,,,,,,,,,
4988,2026-05-27T04:10:00+00:00,SETUP_REJECTED,,,mtf_bias_mismatch,bearish,,,,,,,,,,,,,,,,,,,
4994,2026-05-27T04:40:00+00:00,SETUP_REJECTED,,,mtf_bias_mismatch,bearish,,,,,,,,,,,,,,,,,,,
4995,2026-05-27T04:45:00+00:00,SETUP_REJECTED,,,mtf_bias_mismatch,bearish,,,,,,,,,,,,,,,,,,,
4996,2026-05-27T04:50:00+00:00,SETUP_REJECTED,,,mtf_bias_mismatch,bearish,,,,,,,,,,,,,,,,,,,
5004,2026-05-27T05:30:00+00:00,SWEEP,bullish,4495.678,,,,,,,,,,,,,,,,,,,,,
5006,2026-05-27T05:40:00+00:00,SWEEP,bullish,4493.394,,,,,,,,,,,,,,,,,,,,,
5014,2026-05-27T06:20:00+00:00,SWEEP,bullish,4486.205,,,,,,,,,,,,,,,,,,,,,
5019,2026-05-27T06:45:00+00:00,SETUP_REJECTED,,,mtf_bias_mismatch,bearish,,,,,,,,,,,,,,,,,,,
5032,2026-05-27T07:50:00+00:00,SWEEP,bullish,4477.664,,,,,,,,,,,,,,,,,,,,,
5034,2026-05-27T08:00:00+00:00,SETUP_REJECTED,,,mtf_bias_mismatch,bearish,,,,,,,,,,,,,,,,,,,
5035,2026-05-27T08:05:00+00:00,SETUP_REJECTED,,,mtf_bias_mismatch,bearish,,,,,,,,,,,,,,,,,,,
5037,2026-05-27T08:15:00+00:00,SWEEP,bearish,4490.157,,,,,,,,,,,,,,,,,,,,,
5038,2026-05-27T08:20:00+00:00,SWEEP,bearish,4490.744,,,,,,,,,,,,,,,,,,,,,
5038,2026-05-27T08:20:00+00:00,SETUP_REJECTED,,,mtf_bias_mismatch,bearish,,,,,,,,,,,,,,,,,,,
5042,2026-05-27T08:40:00+00:00,SETUP_REJECTED,,,mtf_bias_mismatch,bearish,,,,,,,,,,,,,,,,,,,
5043,2026-05-27T08:45:00+00:00,SWEEP,bearish,4496.564,,,,,,,,,,,,,,,,,,,,,
5043,2026-05-27T08:45:00+00:00,SETUP_REJECTED,,,mtf_bias_mismatch,bearish,,,,,,,,,,,,,,,,,,,
5058,2026-05-27T10:00:00+00:00,SWEEP,bullish,4485.952,,,,,,,,,,,,,,,,,,,,,
5060,2026-05-27T10:10:00+00:00,SWEEP,bullish,4484.87,,,,,,,,,,,,,,,,,,,,,
5062,2026-05-27T10:20:00+00:00,SWEEP,bullish,4479.598,,,,,,,,,,,,,,,,,,,,,
5068,2026-05-27T10:50:00+00:00,SWEEP,bullish,4444.028,,,,,,,,,,,,,,,,,,,,,
5069,2026-05-27T10:55:00+00:00,SWEEP,bullish,4442.685,,,,,,,,,,,,,,,,,,,,,
5074,2026-05-27T11:20:00+00:00,SWEEP,bullish,4442.525,,,,,,,,,,,,,,,,,,,,,
5075,2026-05-27T11:25:00+00:00,SWEEP,bullish,4440.267,,,,,,,,,,,,,,,,,,,,,
5086,2026-05-27T12:20:00+00:00,SETUP_REJECTED,,,mtf_bias_mismatch,bearish,,,,,,,,,,,,,,,,,,,
5086,2026-05-27T12:20:00+00:00,SETUP_REJECTED,,,mtf_bias_mismatch,bearish,,,,,,,,,,,,,,,,,,,
5096,2026-05-27T13:10:00+00:00,SWEEP,bullish,4411.577,,,,,,,,,,,,,,,,,,,,,
5097,2026-05-27T13:15:00+00:00,SWEEP,bullish,4410.992,,,,,,,,,,,,,,,,,,,,,
5098,2026-05-27T13:20:00+00:00,SWEEP,bullish,4409.633,,,,,,,,,,,,,,,,,,,,,
5107,2026-05-27T14:05:00+00:00,SETUP_REJECTED,,,mtf_bias_mismatch,bearish,,,,,,,,,,,,,,,,,,,
5107,2026-05-27T14:05:00+00:00,SETUP_REJECTED,,,mtf_bias_mismatch,bearish,,,,,,,,,,,,,,,,,,,
5107,2026-05-27T14:05:00+00:00,SETUP_REJECTED,,,mtf_bias_mismatch,bearish,,,,,,,,,,,,,,,,,,,
5108,2026-05-27T14:10:00+00:00,SETUP_REJECTED,,,mtf_bias_mismatch,bearish,,,,,,,,,,,,,,,,,,,
5108,2026-05-27T14:10:00+00:00,SETUP_REJECTED,,,mtf_bias_mismatch,bearish,,,,,,,,,,,,,,,,,,,
5108,2026-05-27T14:10:00+00:00,SETUP_REJECTED,,,mtf_bias_mismatch,bearish,,,,,,,,,,,,,,,,,,,
5137,2026-05-27T16:35:00+00:00,SWEEP,bearish,4449.718,,,,,,,,,,,,,,,,,,,,,
5138,2026-05-27T16:40:00+00:00,SWEEP,bearish,4450.902,,,,,,,,,,,,,,,,,,,,,
5149,2026-05-27T17:35:00+00:00,SWEEP,bearish,4453.247,,,,,,,,,,,,,,,,,,,,,
5177,2026-05-27T19:55:00+00:00,SWEEP,bullish,4449.593,,,,,,,,,,,,,,,,,,,,,
5179,2026-05-27T20:05:00+00:00,SETUP_REJECTED,,,mtf_bias_mismatch,bearish,,,,,,,,,,,,,,,,,,,
5181,2026-05-27T20:15:00+00:00,SETUP_REJECTED,,,mtf_bias_mismatch,bearish,,,,,,,,,,,,,,,,,,,
5182,2026-05-27T20:20:00+00:00,SETUP_REJECTED,,,mtf_bias_mismatch,bearish,,,,,,,,,,,,,,,,,,,
5189,2026-05-27T20:55:00+00:00,SETUP_REJECTED,,,mtf_bias_mismatch,bearish,,,,,,,,,,,,,,,,,,,
5190,2026-05-27T22:00:00+00:00,SWEEP,bearish,4458.892,,,,,,,,,,,,,,,,,,,,,
5205,2026-05-27T23:15:00+00:00,SWEEP,bullish,4451.424,,,,,,,,,,,,,,,,,,,,,
5206,2026-05-27T23:20:00+00:00,SWEEP,bullish,4451.025,,,,,,,,,,,,,,,,,,,,,
5207,2026-05-27T23:25:00+00:00,SWEEP,bullish,4449.406,,,,,,,,,,,,,,,,,,,,,
5212,2026-05-27T23:50:00+00:00,SWEEP,bullish,4446.055,,,,,,,,,,,,,,,,,,,,,
5220,2026-05-28T00:30:00+00:00,SWEEP,bullish,4443.639,,,,,,,,,,,,,,,,,,,,,
5221,2026-05-28T00:35:00+00:00,SETUP_REJECTED,,,mtf_bias_mismatch,bearish,,,,,,,,,,,,,,,,,,,
5221,2026-05-28T00:35:00+00:00,SETUP_REJECTED,,,mtf_bias_mismatch,bearish,,,,,,,,,,,,,,,,,,,
5226,2026-05-28T01:00:00+00:00,SWEEP,bearish,4457.923,,,,,,,,,,,,,,,,,,,,,
5227,2026-05-28T01:05:00+00:00,SWEEP,bullish,4443.246,,,,,,,,,,,,,,,,,,,,,
5232,2026-05-28T01:30:00+00:00,SWEEP,bullish,4417.06,,,,,,,,,,,,,,,,,,,,,
5234,2026-05-28T01:40:00+00:00,SWEEP,bullish,4417.037,,,,,,,,,,,,,,,,,,,,,
5237,2026-05-28T01:55:00+00:00,SWEEP,bullish,4407.452,,,,,,,,,,,,,,,,,,,,,
5239,2026-05-28T02:05:00+00:00,SWEEP,bullish,4402.617,,,,,,,,,,,,,,,,,,,,,
5240,2026-05-28T02:10:00+00:00,SWEEP,bullish,4402.421,,,,,,,,,,,,,,,,,,,,,
5248,2026-05-28T02:50:00+00:00,SWEEP,bullish,4393.507,,,,,,,,,,,,,,,,,,,,,
5249,2026-05-28T02:55:00+00:00,SWEEP,bullish,4393.202,,,,,,,,,,,,,,,,,,,,,
5250,2026-05-28T03:00:00+00:00,SWEEP,bullish,4392.477,,,,,,,,,,,,,,,,,,,,,
5254,2026-05-28T03:20:00+00:00,SWEEP,bullish,4382.8,,,,,,,,,,,,,,,,,,,,,
5261,2026-05-28T03:55:00+00:00,SWEEP,bullish,4370.696,,,,,,,,,,,,,,,,,,,,,
5266,2026-05-28T04:20:00+00:00,SWEEP,bullish,4368.277,,,,,,,,,,,,,,,,,,,,,
5282,2026-05-28T05:40:00+00:00,SWEEP,bearish,4391.234,,,,,,,,,,,,,,,,,,,,,
5283,2026-05-28T05:45:00+00:00,SWEEP,bearish,4393.389,,,,,,,,,,,,,,,,,,,,,
5284,2026-05-28T05:50:00+00:00,SWEEP,bearish,4394.822,,,,,,,,,,,,,,,,,,,,,
5302,2026-05-28T07:20:00+00:00,SWEEP,bearish,4395.736,,,,,,,,,,,,,,,,,,,,,
5336,2026-05-28T10:10:00+00:00,SWEEP,bearish,4401.503,,,,,,,,,,,,,,,,,,,,,
5339,2026-05-28T10:25:00+00:00,OB_FORMED,bearish,,,bearish,14.0,4395.481,4402.299,89.81,4366.232,5.0,"{'D1': 'bearish', 'H1': 'bearish', 'M15': 'bullish', 'M5': 'bullish'}",,,,,,,,,,,,
5344,2026-05-28T10:50:00+00:00,SWEEP,bullish,4380.092,,,,,,,,,,,,,,,,,,,,,
5364,2026-05-28T12:30:00+00:00,SWEEP,bearish,4393.064,,,,,,,,,,,,,,,,,,,,,
5365,2026-05-28T12:35:00+00:00,OB_TOUCH,,,,,14.0,,,,,,,26.0,,,,,,,,,,,
5365,2026-05-28T12:35:00+00:00,ENTRY_WAIT_70_REENTRY,,,,,14.0,,,,,,,,55.4,,,,,,,,,,
5366,2026-05-28T12:40:00+00:00,SWEEP,bearish,4402.304,,,,,,,,,,,,,,,,,,,,,
5366,2026-05-28T12:40:00+00:00,ENTRY_WAIT_70_REENTRY,,,,,14.0,,,,,,,,6.83,,,,,,,,,,
5367,2026-05-28T12:45:00+00:00,OB_INVALIDATED,,,,,14.0,,,,,,,,,,,,,,,,,,
5370,2026-05-28T13:00:00+00:00,SWEEP,bearish,4433.917,,,,,,,,,,,,,,,,,,,,,
5371,2026-05-28T13:05:00+00:00,SWEEP,bearish,4436.497,,,,,,,,,,,,,,,,,,,,,
5383,2026-05-28T14:05:00+00:00,SWEEP,bearish,4439.122,,,,,,,,,,,,,,,,,,,,,
5385,2026-05-28T14:15:00+00:00,SWEEP,bearish,4467.54,,,,,,,,,,,,,,,,,,,,,
5391,2026-05-28T14:45:00+00:00,SWEEP,bearish,4473.617,,,,,,,,,,,,,,,,,,,,,
5395,2026-05-28T15:05:00+00:00,SWEEP,bearish,4480.467,,,,,,,,,,,,,,,,,,,,,
5399,2026-05-28T15:25:00+00:00,SWEEP,bearish,4480.934,,,,,,,,,,,,,,,,,,,,,
5401,2026-05-28T15:35:00+00:00,SWEEP,bearish,4482.164,,,,,,,,,,,,,,,,,,,,,
5407,2026-05-28T16:05:00+00:00,SWEEP,bearish,4484.95,,,,,,,,,,,,,,,,,,,,,
5411,2026-05-28T16:25:00+00:00,SWEEP,bearish,4502.309,,,,,,,,,,,,,,,,,,,,,
5413,2026-05-28T16:35:00+00:00,SWEEP,bearish,4502.905,,,,,,,,,,,,,,,,,,,,,
5415,2026-05-28T16:45:00+00:00,SWEEP,bearish,4506.353,,,,,,,,,,,,,,,,,,,,,
5418,2026-05-28T17:00:00+00:00,SWEEP,bearish,4511.029,,,,,,,,,,,,,,,,,,,,,
5430,2026-05-28T18:00:00+00:00,SWEEP,bearish,4514.666,,,,,,,,,,,,,,,,,,,,,
5436,2026-05-28T18:30:00+00:00,SETUP_REJECTED,,,mtf_bias_mismatch,bullish,,,,,,,,,,,,,,,,,,,
5437,2026-05-28T18:35:00+00:00,SETUP_REJECTED,,,mtf_bias_mismatch,bullish,,,,,,,,,,,,,,,,,,,
5451,2026-05-28T19:45:00+00:00,SWEEP,bullish,4498.442,,,,,,,,,,,,,,,,,,,,,
5452,2026-05-28T19:50:00+00:00,SWEEP,bullish,4498.06,,,,,,,,,,,,,,,,,,,,,
5453,2026-05-28T19:55:00+00:00,SWEEP,bullish,4497.658,,,,,,,,,,,,,,,,,,,,,
5455,2026-05-28T20:05:00+00:00,SWEEP,bullish,4495.498,,,,,,,,,,,,,,,,,,,,,
5464,2026-05-28T20:50:00+00:00,SWEEP,bullish,4494.858,,,,,,,,,,,,,,,,,,,,,
5487,2026-05-28T23:45:00+00:00,SWEEP,bullish,4489.183,,,,,,,,,,,,,,,,,,,,,
5489,2026-05-28T23:55:00+00:00,SETUP_REJECTED,,,mtf_bias_mismatch,bearish,,,,,,,,,,,,,,,,,,,
5490,2026-05-29T00:00:00+00:00,SWEEP,bearish,4496.93,,,,,,,,,,,,,,,,,,,,,
5494,2026-05-29T00:20:00+00:00,SWEEP,bearish,4499.886,,,,,,,,,,,,,,,,,,,,,
5495,2026-05-29T00:25:00+00:00,SWEEP,bearish,4500.43,,,,,,,,,,,,,,,,,,,,,
5507,2026-05-29T01:25:00+00:00,SETUP_REJECTED,,,mtf_bias_mismatch,bullish,,,,,,,,,,,,,,,,,,,
5533,2026-05-29T03:35:00+00:00,SWEEP,bullish,4494.911,,,,,,,,,,,,,,,,,,,,,
5538,2026-05-29T04:00:00+00:00,SETUP_REJECTED,,,mtf_bias_mismatch,bearish,,,,,,,,,,,,,,,,,,,
5539,2026-05-29T04:05:00+00:00,SETUP_REJECTED,,,mtf_bias_mismatch,bearish,,,,,,,,,,,,,,,,,,,
5542,2026-05-29T04:20:00+00:00,SETUP_REJECTED,,,mtf_bias_mismatch,bearish,,,,,,,,,,,,,,,,,,,
5543,2026-05-29T04:25:00+00:00,SWEEP,bearish,4511.583,,,,,,,,,,,,,,,,,,,,,
5543,2026-05-29T04:25:00+00:00,SETUP_REJECTED,,,mtf_bias_mismatch,bearish,,,,,,,,,,,,,,,,,,,
5550,2026-05-29T05:00:00+00:00,SWEEP,bearish,4514.828,,,,,,,,,,,,,,,,,,,,,
5560,2026-05-29T05:50:00+00:00,SWEEP,bearish,4515.547,,,,,,,,,,,,,,,,,,,,,
5572,2026-05-29T06:50:00+00:00,SWEEP,bearish,4522.466,,,,,,,,,,,,,,,,,,,,,
5575,2026-05-29T07:05:00+00:00,SETUP_REJECTED,,,mtf_bias_mismatch,bullish,,,,,,,,,,,,,,,,,,,
5577,2026-05-29T07:15:00+00:00,SETUP_REJECTED,,,mtf_bias_mismatch,bullish,,,,,,,,,,,,,,,,,,,
5579,2026-05-29T07:25:00+00:00,SETUP_REJECTED,,,mtf_bias_mismatch,bullish,,,,,,,,,,,,,,,,,,,
5581,2026-05-29T07:35:00+00:00,SWEEP,bearish,4524.167,,,,,,,,,,,,,,,,,,,,,
5582,2026-05-29T07:40:00+00:00,SWEEP,bearish,4525.202,,,,,,,,,,,,,,,,,,,,,
5583,2026-05-29T07:45:00+00:00,SWEEP,bearish,4526.116,,,,,,,,,,,,,,,,,,,,,
5587,2026-05-29T08:05:00+00:00,SETUP_REJECTED,,,mtf_bias_mismatch,bullish,,,,,,,,,,,,,,,,,,,
5587,2026-05-29T08:05:00+00:00,SETUP_REJECTED,,,mtf_bias_mismatch,bullish,,,,,,,,,,,,,,,,,,,
5587,2026-05-29T08:05:00+00:00,SETUP_REJECTED,,,mtf_bias_mismatch,bullish,,,,,,,,,,,,,,,,,,,
5596,2026-05-29T08:50:00+00:00,SWEEP,bullish,4510.739,,,,,,,,,,,,,,,,,,,,,
5600,2026-05-29T09:10:00+00:00,SETUP_REJECTED,,,mtf_bias_mismatch,neutral,,,,,,,,,,,,,,,,,,,
5601,2026-05-29T09:15:00+00:00,SETUP_REJECTED,,,mtf_bias_mismatch,neutral,,,,,,,,,,,,,,,,,,,
5603,2026-05-29T09:25:00+00:00,SWEEP,bearish,4530.362,,,,,,,,,,,,,,,,,,,,,
5604,2026-05-29T09:30:00+00:00,OB_FORMED,bullish,,,bullish,15.0,4524.805,4530.785,70.14,4532.313,4.5,"{'D1': 'bearish', 'H1': 'bullish', 'M15': 'bullish', 'M5': 'bullish'}",,,,,,,,,,,,
5608,2026-05-29T09:50:00+00:00,SWEEP,bearish,4537.772,,,,,,,,,,,,,,,,,,,,,
5609,2026-05-29T09:55:00+00:00,OB_TOUCH,,,,,15.0,,,,,,,5.0,,,,,,,,,,,
5609,2026-05-29T09:55:00+00:00,ENTRY_WAIT_REVERSAL,,,,,15.0,,,,,,,,106.82,,,,,,,,,,
5610,2026-05-29T10:00:00+00:00,SETUP_REJECTED,,,mtf_bias_mismatch,bullish,,,,,,,,,,,,,,,,,,,
5610,2026-05-29T10:00:00+00:00,SETUP_REJECTED,,,mtf_bias_mismatch,bullish,,,,,,,,,,,,,,,,,,,
5610,2026-05-29T10:00:00+00:00,ENTRY_WAIT_70_REENTRY,,,,,15.0,,,,,,,,21.61,,,,,,,,,,
5611,2026-05-29T10:05:00+00:00,SETUP_REJECTED,,,mtf_bias_mismatch,bullish,,,,,,,,,,,,,,,,,,,
5611,2026-05-29T10:05:00+00:00,SETUP_REJECTED,,,mtf_bias_mismatch,bullish,,,,,,,,,,,,,,,,,,,
5611,2026-05-29T10:05:00+00:00,ENTRY_WAIT_REVERSAL,,,,,15.0,,,,,,,,,,,,,,,,,,
5612,2026-05-29T10:10:00+00:00,ENTRY,bullish,,,bullish,15.0,,,,4532.313,4.5,,,,,3.0,4528.349,4523.42075,4538.2055,normal_reversal_inside_ob,retracement_swing,False,,
5616,2026-05-29T10:30:00+00:00,TRADE_EXIT,,,TP,,,,,,,,,,,,3.0,,,,,,,WIN,2.0
5643,2026-05-29T12:45:00+00:00,SWEEP,bullish,4512.617,,,,,,,,,,,,,,,,,,,,,
5651,2026-05-29T13:25:00+00:00,SETUP_REJECTED,,,mtf_bias_mismatch,neutral,,,,,,,,,,,,,,,,,,,
5657,2026-05-29T13:55:00+00:00,SWEEP,bearish,4539.204,,,,,,,,,,,,,,,,,,,,,
5660,2026-05-29T14:10:00+00:00,SWEEP,bearish,4552.541,,,,,,,,,,,,,,,,,,,,,
5669,2026-05-29T14:55:00+00:00,SWEEP,bearish,4569.153,,,,,,,,,,,,,,,,,,,,,
5672,2026-05-29T15:10:00+00:00,SWEEP,bearish,4589.842,,,,,,,,,,,,,,,,,,,,,
5675,2026-05-29T15:25:00+00:00,SETUP_REJECTED,,,mtf_bias_mismatch,bullish,,,,,,,,,,,,,,,,,,,
5675,2026-05-29T15:25:00+00:00,SETUP_REJECTED,,,mtf_bias_mismatch,bullish,,,,,,,,,,,,,,,,,,,
5678,2026-05-29T15:40:00+00:00,SETUP_REJECTED,,,mtf_bias_mismatch,bullish,,,,,,,,,,,,,,,,,,,
5678,2026-05-29T15:40:00+00:00,SETUP_REJECTED,,,mtf_bias_mismatch,bullish,,,,,,,,,,,,,,,,,,,
5679,2026-05-29T15:45:00+00:00,SETUP_REJECTED,,,mtf_bias_mismatch,bullish,,,,,,,,,,,,,,,,,,,
5679,2026-05-29T15:45:00+00:00,SETUP_REJECTED,,,mtf_bias_mismatch,bullish,,,,,,,,,,,,,,,,,,,
5684,2026-05-29T16:10:00+00:00,SETUP_REJECTED,,,mtf_bias_mismatch,bullish,,,,,,,,,,,,,,,,,,,
5700,2026-05-29T17:30:00+00:00,SWEEP,bullish,4559.633,,,,,,,,,,,,,,,,,,,,,
5703,2026-05-29T17:45:00+00:00,SWEEP,bullish,4553.368,,,,,,,,,,,,,,,,,,,,,
5704,2026-05-29T17:50:00+00:00,SWEEP,bullish,4552.994,,,,,,,,,,,,,,,,,,,,,
5705,2026-05-29T17:55:00+00:00,SWEEP,bullish,4552.288,,,,,,,,,,,,,,,,,,,,,
5707,2026-05-29T18:05:00+00:00,SETUP_REJECTED,,,mtf_bias_mismatch,neutral,,,,,,,,,,,,,,,,,,,
5707,2026-05-29T18:05:00+00:00,SETUP_REJECTED,,,mtf_bias_mismatch,neutral,,,,,,,,,,,,,,,,,,,
5707,2026-05-29T18:05:00+00:00,SETUP_REJECTED,,,mtf_bias_mismatch,neutral,,,,,,,,,,,,,,,,,,,
5707,2026-05-29T18:05:00+00:00,SETUP_REJECTED,,,mtf_bias_mismatch,neutral,,,,,,,,,,,,,,,,,,,
5715,2026-05-29T18:45:00+00:00,SWEEP,bullish,4551.445,,,,,,,,,,,,,,,,,,,,,
5720,2026-05-29T19:10:00+00:00,SETUP_REJECTED,,,mtf_bias_mismatch,bearish,,,,,,,,,,,,,,,,,,,
5729,2026-05-29T19:55:00+00:00,SWEEP,bullish,4545.512,,,,,,,,,,,,,,,,,,,,,
5730,2026-05-29T20:00:00+00:00,SWEEP,bullish,4542.799,,,,,,,,,,,,,,,,,,,,,
5736,2026-05-29T20:30:00+00:00,SWEEP,bullish,4542.081,,,,,,,,,,,,,,,,,,,,,
5738,2026-05-29T20:40:00+00:00,SWEEP,bullish,4541.576,,,,,,,,,,,,,,,,,,,,,
5741,2026-05-29T20:55:00+00:00,SWEEP,bullish,4539.661,,,,,,,,,,,,,,,,,,,,,
5745,2026-05-31T22:15:00+00:00,SETUP_REJECTED,,,mtf_bias_mismatch,bearish,,,,,,,,,,,,,,,,,,,
5745,2026-05-31T22:15:00+00:00,SETUP_REJECTED,,,mtf_bias_mismatch,bearish,,,,,,,,,,,,,,,,,,,
5745,2026-05-31T22:15:00+00:00,SETUP_REJECTED,,,mtf_bias_mismatch,bearish,,,,,,,,,,,,,,,,,,,
5760,2026-05-31T23:30:00+00:00,SWEEP,bearish,4544.978,,,,,,,,,,,,,,,,,,,,,
5766,2026-06-01T00:00:00+00:00,SWEEP,bearish,4545.711,,,,,,,,,,,,,,,,,,,,,
5780,2026-06-01T01:10:00+00:00,SWEEP,bullish,4526.974,,,,,,,,,,,,,,,,,,,,,
5792,2026-06-01T02:10:00+00:00,SETUP_REJECTED,,,mtf_bias_mismatch,bearish,,,,,,,,,,,,,,,,,,,
5796,2026-06-01T02:30:00+00:00,SWEEP,bullish,4523.526,,,,,,,,,,,,,,,,,,,,,
5799,2026-06-01T02:45:00+00:00,SWEEP,bullish,4522.144,,,,,,,,,,,,,,,,,,,,,
5804,2026-06-01T03:10:00+00:00,SWEEP,bullish,4517.157,,,,,,,,,,,,,,,,,,,,,
5805,2026-06-01T03:15:00+00:00,SWEEP,bullish,4515.388,,,,,,,,,,,,,,,,,,,,,
5814,2026-06-01T04:00:00+00:00,SETUP_REJECTED,,,mtf_bias_mismatch,bearish,,,,,,,,,,,,,,,,,,,
5814,2026-06-01T04:00:00+00:00,SETUP_REJECTED,,,mtf_bias_mismatch,bearish,,,,,,,,,,,,,,,,,,,
5823,2026-06-01T04:45:00+00:00,SWEEP,bullish,4509.784,,,,,,,,,,,,,,,,,,,,,
5827,2026-06-01T05:05:00+00:00,SETUP_REJECTED,,,mtf_bias_mismatch,bearish,,,,,,,,,,,,,,,,,,,
5830,2026-06-01T05:20:00+00:00,SETUP_REJECTED,,,mtf_bias_mismatch,bearish,,,,,,,,,,,,,,,,,,,
5831,2026-06-01T05:25:00+00:00,SWEEP,bearish,4523.026,,,,,,,,,,,,,,,,,,,,,
5847,2026-06-01T06:45:00+00:00,SWEEP,bullish,4501.546,,,,,,,,,,,,,,,,,,,,,
5848,2026-06-01T06:50:00+00:00,SWEEP,bullish,4500.835,,,,,,,,,,,,,,,,,,,,,
5851,2026-06-01T07:05:00+00:00,SETUP_REJECTED,,,mtf_bias_mismatch,bearish,,,,,,,,,,,,,,,,,,,
5851,2026-06-01T07:05:00+00:00,SETUP_REJECTED,,,mtf_bias_mismatch,bearish,,,,,,,,,,,,,,,,,,,
5860,2026-06-01T07:50:00+00:00,SWEEP,bullish,4492.585,,,,,,,,,,,,,,,,,,,,,
5865,2026-06-01T08:15:00+00:00,SWEEP,bullish,4492.555,,,,,,,,,,,,,,,,,,,,,
5866,2026-06-01T08:20:00+00:00,SWEEP,bullish,4491.591,,,,,,,,,,,,,,,,,,,,,
5871,2026-06-01T08:45:00+00:00,SETUP_REJECTED,,,mtf_bias_mismatch,bearish,,,,,,,,,,,,,,,,,,,
5871,2026-06-01T08:45:00+00:00,SETUP_REJECTED,,,mtf_bias_mismatch,bearish,,,,,,,,,,,,,,,,,,,
5871,2026-06-01T08:45:00+00:00,SETUP_REJECTED,,,mtf_bias_mismatch,bearish,,,,,,,,,,,,,,,,,,,
5878,2026-06-01T09:20:00+00:00,SWEEP,bearish,4505.674,,,,,,,,,,,,,,,,,,,,,
5880,2026-06-01T09:30:00+00:00,SWEEP,bullish,4490.39,,,,,,,,,,,,,,,,,,,,,
5888,2026-06-01T10:10:00+00:00,SETUP_REJECTED,,,mtf_bias_mismatch,bearish,,,,,,,,,,,,,,,,,,,
5893,2026-06-01T10:35:00+00:00,SWEEP,bearish,4506.19,,,,,,,,,,,,,,,,,,,,,
5894,2026-06-01T10:40:00+00:00,SWEEP,bearish,4506.793,,,,,,,,,,,,,,,,,,,,,
5896,2026-06-01T10:50:00+00:00,SWEEP,bearish,4510.482,,,,,,,,,,,,,,,,,,,,,
5902,2026-06-01T11:20:00+00:00,SWEEP,bearish,4511.014,,,,,,,,,,,,,,,,,,,,,
5914,2026-06-01T12:20:00+00:00,SWEEP,bullish,4499.713,,,,,,,,,,,,,,,,,,,,,
5919,2026-06-01T12:45:00+00:00,SETUP_REJECTED,,,mtf_bias_mismatch,bearish,,,,,,,,,,,,,,,,,,,
5922,2026-06-01T13:00:00+00:00,SWEEP,bullish,4497.371,,,,,,,,,,,,,,,,,,,,,
5927,2026-06-01T13:25:00+00:00,SWEEP,bullish,4463.656,,,,,,,,,,,,,,,,,,,,,
5928,2026-06-01T13:30:00+00:00,SWEEP,bullish,4462.436,,,,,,,,,,,,,,,,,,,,,
5934,2026-06-01T14:00:00+00:00,SWEEP,bullish,4448.441,,,,,,,,,,,,,,,,,,,,,
5936,2026-06-01T14:10:00+00:00,SETUP_REJECTED,,,mtf_bias_mismatch,bearish,,,,,,,,,,,,,,,,,,,
5936,2026-06-01T14:10:00+00:00,SETUP_REJECTED,,,mtf_bias_mismatch,bearish,,,,,,,,,,,,,,,,,,,
5936,2026-06-01T14:10:00+00:00,SETUP_REJECTED,,,mtf_bias_mismatch,bearish,,,,,,,,,,,,,,,,,,,
5946,2026-06-01T15:00:00+00:00,SETUP_REJECTED,,,mtf_bias_mismatch,bearish,,,,,,,,,,,,,,,,,,,
5951,2026-06-01T15:25:00+00:00,SWEEP,bearish,4469.458,,,,,,,,,,,,,,,,,,,,,
5953,2026-06-01T15:35:00+00:00,SWEEP,bearish,4478.877,,,,,,,,,,,,,,,,,,,,,
5968,2026-06-01T16:50:00+00:00,SWEEP,bearish,4479.826,,,,,,,,,,,,,,,,,,,,,
5969,2026-06-01T16:55:00+00:00,SWEEP,bearish,4480.986,,,,,,,,,,,,,,,,,,,,,
5976,2026-06-01T17:30:00+00:00,SWEEP,bearish,4482.998,,,,,,,,,,,,,,,,,,,,,
5979,2026-06-01T17:45:00+00:00,SWEEP,bearish,4491.647,,,,,,,,,,,,,,,,,,,,,
5999,2026-06-01T19:25:00+00:00,SWEEP,bullish,4484.498,,,,,,,,,,,,,,,,,,,,,
6001,2026-06-01T19:35:00+00:00,SWEEP,bullish,4483.455,,,,,,,,,,,,,,,,,,,,,
6003,2026-06-01T19:45:00+00:00,SWEEP,bullish,4482.845,,,,,,,,,,,,,,,,,,,,,
6005,2026-06-01T19:55:00+00:00,SWEEP,bullish,4479.896,,,,,,,,,,,,,,,,,,,,,
6007,2026-06-01T20:05:00+00:00,SETUP_REJECTED,,,mtf_bias_mismatch,bearish,,,,,,,,,,,,,,,,,,,
6007,2026-06-01T20:05:00+00:00,SETUP_REJECTED,,,mtf_bias_mismatch,bearish,,,,,,,,,,,,,,,,,,,
6007,2026-06-01T20:05:00+00:00,SETUP_REJECTED,,,mtf_bias_mismatch,bearish,,,,,,,,,,,,,,,,,,,
6007,2026-06-01T20:05:00+00:00,SETUP_REJECTED,,,mtf_bias_mismatch,bearish,,,,,,,,,,,,,,,,,,,
6018,2026-06-01T22:00:00+00:00,SWEEP,bearish,4486.513,,,,,,,,,,,,,,,,,,,,,
6030,2026-06-01T23:00:00+00:00,SWEEP,bearish,4486.919,,,,,,,,,,,,,,,,,,,,,
6033,2026-06-01T23:15:00+00:00,SWEEP,bearish,4487.733,,,,,,,,,,,,,,,,,,,,,
6035,2026-06-01T23:25:00+00:00,SWEEP,bearish,4487.984,,,,,,,,,,,,,,,,,,,,,
6039,2026-06-01T23:45:00+00:00,SWEEP,bullish,4479.866,,,,,,,,,,,,,,,,,,,,,
6041,2026-06-01T23:55:00+00:00,SETUP_REJECTED,,,mtf_bias_mismatch,bearish,,,,,,,,,,,,,,,,,,,
6046,2026-06-02T00:20:00+00:00,SETUP_REJECTED,,,mtf_bias_mismatch,bearish,,,,,,,,,,,,,,,,,,,
6047,2026-06-02T00:25:00+00:00,SETUP_REJECTED,,,mtf_bias_mismatch,bearish,,,,,,,,,,,,,,,,,,,
6048,2026-06-02T00:30:00+00:00,SWEEP,bearish,4493.824,,,,,,,,,,,,,,,,,,,,,
6054,2026-06-02T01:00:00+00:00,SWEEP,bullish,4476.516,,,,,,,,,,,,,,,,,,,,,
6063,2026-06-02T01:45:00+00:00,SWEEP,bullish,4473.546,,,,,,,,,,,,,,,,,,,,,
6064,2026-06-02T01:50:00+00:00,SWEEP,bullish,4471.53,,,,,,,,,,,,,,,,,,,,,
6069,2026-06-02T02:15:00+00:00,SETUP_REJECTED,,,mtf_bias_mismatch,bearish,,,,,,,,,,,,,,,,,,,
6069,2026-06-02T02:15:00+00:00,SETUP_REJECTED,,,mtf_bias_mismatch,bearish,,,,,,,,,,,,,,,,,,,
6070,2026-06-02T02:20:00+00:00,SETUP_REJECTED,,,mtf_bias_mismatch,bearish,,,,,,,,,,,,,,,,,,,
6070,2026-06-02T02:20:00+00:00,SETUP_REJECTED,,,mtf_bias_mismatch,bearish,,,,,,,,,,,,,,,,,,,
6078,2026-06-02T03:00:00+00:00,SWEEP,bearish,4492.511,,,,,,,,,,,,,,,,,,,,,
6084,2026-06-02T03:30:00+00:00,SWEEP,bearish,4497.512,,,,,,,,,,,,,,,,,,,,,
6087,2026-06-02T03:45:00+00:00,SWEEP,bearish,4499.268,,,,,,,,,,,,,,,,,,,,,
6098,2026-06-02T04:40:00+00:00,SWEEP,bearish,4510.277,,,,,,,,,,,,,,,,,,,,,
6105,2026-06-02T05:15:00+00:00,SWEEP,bearish,4518.623,,,,,,,,,,,,,,,,,,,,,
6106,2026-06-02T05:20:00+00:00,SWEEP,bearish,4519.676,,,,,,,,,,,,,,,,,,,,,
6107,2026-06-02T05:25:00+00:00,SWEEP,bearish,4520.559,,,,,,,,,,,,,,,,,,,,,
6109,2026-06-02T05:35:00+00:00,SWEEP,bearish,4527.001,,,,,,,,,,,,,,,,,,,,,
6113,2026-06-02T05:55:00+00:00,SETUP_REJECTED,,,mtf_bias_mismatch,bullish,,,,,,,,,,,,,,,,,,,
6113,2026-06-02T05:55:00+00:00,SETUP_REJECTED,,,mtf_bias_mismatch,bullish,,,,,,,,,,,,,,,,,,,
6113,2026-06-02T05:55:00+00:00,SETUP_REJECTED,,,mtf_bias_mismatch,bullish,,,,,,,,,,,,,,,,,,,
6113,2026-06-02T05:55:00+00:00,SETUP_REJECTED,,,mtf_bias_mismatch,bullish,,,,,,,,,,,,,,,,,,,
6121,2026-06-02T06:35:00+00:00,SWEEP,bearish,4537.183,,,,,,,,,,,,,,,,,,,,,
6131,2026-06-02T07:25:00+00:00,SETUP_REJECTED,,,mtf_bias_mismatch,bullish,,,,,,,,,,,,,,,,,,,
6132,2026-06-02T07:30:00+00:00,SETUP_REJECTED,,,mtf_bias_mismatch,bullish,,,,,,,,,,,,,,,,,,,
6147,2026-06-02T08:45:00+00:00,SWEEP,bullish,4527.703,,,,,,,,,,,,,,,,,,,,,
6150,2026-06-02T09:00:00+00:00,SWEEP,bullish,4525.789,,,,,,,,,,,,,,,,,,,,,
6152,2026-06-02T09:10:00+00:00,SETUP_REJECTED,,,mtf_bias_mismatch,neutral,,,,,,,,,,,,,,,,,,,
6152,2026-06-02T09:10:00+00:00,SETUP_REJECTED,,,mtf_bias_mismatch,neutral,,,,,,,,,,,,,,,,,,,
6156,2026-06-02T09:30:00+00:00,SWEEP,bullish,4525.262,,,,,,,,,,,,,,,,,,,,,
6158,2026-06-02T09:40:00+00:00,SWEEP,bullish,4521.868,,,,,,,,,,,,,,,,,,,,,
6187,2026-06-02T12:05:00+00:00,SWEEP,bullish,4524.955,,,,,,,,,,,,,,,,,,,,,
6189,2026-06-02T12:15:00+00:00,SWEEP,bullish,4524.865,,,,,,,,,,,,,,,,,,,,,
6192,2026-06-02T12:30:00+00:00,SWEEP,bullish,4523.881,,,,,,,,,,,,,,,,,,,,,
6197,2026-06-02T12:55:00+00:00,SWEEP,bullish,4513.968,,,,,,,,,,,,,,,,,,,,,
6198,2026-06-02T13:00:00+00:00,SWEEP,bullish,4513.445,,,,,,,,,,,,,,,,,,,,,
6200,2026-06-02T13:10:00+00:00,SWEEP,bullish,4512.784,,,,,,,,,,,,,,,,,,,,,
6202,2026-06-02T13:20:00+00:00,SWEEP,bullish,4511.692,,,,,,,,,,,,,,,,,,,,,
6203,2026-06-02T13:25:00+00:00,SWEEP,bullish,4510.237,,,,,,,,,,,,,,,,,,,,,
6205,2026-06-02T13:35:00+00:00,SWEEP,bullish,4506.546,,,,,,,,,,,,,,,,,,,,,
6214,2026-06-02T14:20:00+00:00,SWEEP,bullish,4492.437,,,,,,,,,,,,,,,,,,,,,
6217,2026-06-02T14:35:00+00:00,SETUP_REJECTED,,,mtf_bias_mismatch,bearish,,,,,,,,,,,,,,,,,,,
6217,2026-06-02T14:35:00+00:00,SETUP_REJECTED,,,mtf_bias_mismatch,bearish,,,,,,,,,,,,,,,,,,,
6218,2026-06-02T14:40:00+00:00,SETUP_REJECTED,,,mtf_bias_mismatch,bearish,,,,,,,,,,,,,,,,,,,
6229,2026-06-02T15:35:00+00:00,SWEEP,bearish,4508.236,,,,,,,,,,,,,,,,,,,,,
6238,2026-06-02T16:20:00+00:00,SWEEP,bullish,4494.286,,,,,,,,,,,,,,,,,,,,,
6285,2026-06-02T20:15:00+00:00,SWEEP,bearish,4490.429,,,,,,,,,,,,,,,,,,,,,
6288,2026-06-02T20:30:00+00:00,SWEEP,bearish,4490.974,,,,,,,,,,,,,,,,,,,,,
6294,2026-06-02T22:00:00+00:00,SWEEP,bearish,4491.094,,,,,,,,,,,,,,,,,,,,,
6303,2026-06-02T22:45:00+00:00,SWEEP,bullish,4486.595,,,,,,,,,,,,,,,,,,,,,
6306,2026-06-02T23:00:00+00:00,SWEEP,bullish,4484.294,,,,,,,,,,,,,,,,,,,,,
6311,2026-06-02T23:25:00+00:00,SWEEP,bullish,4466.608,,,,,,,,,,,,,,,,,,,,,
6315,2026-06-02T23:45:00+00:00,SETUP_REJECTED,,,mtf_bias_mismatch,bearish,,,,,,,,,,,,,,,,,,,
6315,2026-06-02T23:45:00+00:00,SETUP_REJECTED,,,mtf_bias_mismatch,bearish,,,,,,,,,,,,,,,,,,,
6315,2026-06-02T23:45:00+00:00,SETUP_REJECTED,,,mtf_bias_mismatch,bearish,,,,,,,,,,,,,,,,,,,
6319,2026-06-03T00:05:00+00:00,SETUP_REJECTED,,,mtf_bias_mismatch,bearish,,,,,,,,,,,,,,,,,,,
6322,2026-06-03T00:20:00+00:00,SETUP_REJECTED,,,mtf_bias_mismatch,bearish,,,,,,,,,,,,,,,,,,,
6335,2026-06-03T01:25:00+00:00,SWEEP,bullish,4465.753,,,,,,,,,,,,,,,,,,,,,
6340,2026-06-03T01:50:00+00:00,SETUP_REJECTED,,,mtf_bias_mismatch,bearish,,,,,,,,,,,,,,,,,,,
6355,2026-06-03T03:05:00+00:00,SWEEP,bearish,4487.123,,,,,,,,,,,,,,,,,,,,,
6369,2026-06-03T04:15:00+00:00,SWEEP,bearish,4487.647,,,,,,,,,,,,,,,,,,,,,
6372,2026-06-03T04:30:00+00:00,SWEEP,bullish,4474.048,,,,,,,,,,,,,,,,,,,,,
6375,2026-06-03T04:45:00+00:00,SWEEP,bullish,4470.716,,,,,,,,,,,,,,,,,,,,,
6376,2026-06-03T04:50:00+00:00,SWEEP,bullish,4470.096,,,,,,,,,,,,,,,,,,,,,
6378,2026-06-03T05:00:00+00:00,SWEEP,bullish,4468.25,,,,,,,,,,,,,,,,,,,,,
6379,2026-06-03T05:05:00+00:00,SWEEP,bullish,4467.696,,,,,,,,,,,,,,,,,,,,,
6381,2026-06-03T05:15:00+00:00,SETUP_REJECTED,,,mtf_bias_mismatch,bearish,,,,,,,,,,,,,,,,,,,
6381,2026-06-03T05:15:00+00:00,SETUP_REJECTED,,,mtf_bias_mismatch,bearish,,,,,,,,,,,,,,,,,,,
6381,2026-06-03T05:15:00+00:00,SETUP_REJECTED,,,mtf_bias_mismatch,bearish,,,,,,,,,,,,,,,,,,,
6381,2026-06-03T05:15:00+00:00,SETUP_REJECTED,,,mtf_bias_mismatch,bearish,,,,,,,,,,,,,,,,,,,
6381,2026-06-03T05:15:00+00:00,SETUP_REJECTED,,,mtf_bias_mismatch,bearish,,,,,,,,,,,,,,,,,,,
6383,2026-06-03T05:25:00+00:00,SWEEP,bullish,4467.236,,,,,,,,,,,,,,,,,,,,,
6399,2026-06-03T06:45:00+00:00,SWEEP,bullish,4456.477,,,,,,,,,,,,,,,,,,,,,
6403,2026-06-03T07:05:00+00:00,SETUP_REJECTED,,,mtf_bias_mismatch,bearish,,,,,,,,,,,,,,,,,,,
6404,2026-06-03T07:10:00+00:00,SWEEP,bearish,4470.972,,,,,,,,,,,,,,,,,,,,,
6404,2026-06-03T07:10:00+00:00,SETUP_REJECTED,,,mtf_bias_mismatch,bearish,,,,,,,,,,,,,,,,,,,
6408,2026-06-03T07:30:00+00:00,SWEEP,bullish,4455.156,,,,,,,,,,,,,,,,,,,,,
6414,2026-06-03T08:00:00+00:00,SWEEP,bullish,4452.8,,,,,,,,,,,,,,,,,,,,,
6418,2026-06-03T08:20:00+00:00,SWEEP,bullish,4450.973,,,,,,,,,,,,,,,,,,,,,
6425,2026-06-03T08:55:00+00:00,SWEEP,bullish,4442.774,,,,,,,,,,,,,,,,,,,,,
6427,2026-06-03T09:05:00+00:00,SETUP_REJECTED,,,mtf_bias_mismatch,bearish,,,,,,,,,,,,,,,,,,,
6427,2026-06-03T09:05:00+00:00,SETUP_REJECTED,,,mtf_bias_mismatch,bearish,,,,,,,,,,,,,,,,,,,
6431,2026-06-03T09:25:00+00:00,SWEEP,bullish,4440.042,,,,,,,,,,,,,,,,,,,,,
6433,2026-06-03T09:35:00+00:00,SWEEP,bullish,4439.301,,,,,,,,,,,,,,,,,,,,,
6439,2026-06-03T10:05:00+00:00,SETUP_REJECTED,,,mtf_bias_mismatch,bearish,,,,,,,,,,,,,,,,,,,
6439,2026-06-03T10:05:00+00:00,SETUP_REJECTED,,,mtf_bias_mismatch,bearish,,,,,,,,,,,,,,,,,,,
6440,2026-06-03T10:10:00+00:00,SETUP_REJECTED,,,mtf_bias_mismatch,bearish,,,,,,,,,,,,,,,,,,,
6440,2026-06-03T10:10:00+00:00,SETUP_REJECTED,,,mtf_bias_mismatch,bearish,,,,,,,,,,,,,,,,,,,
6451,2026-06-03T11:05:00+00:00,SWEEP,bearish,4466.811,,,,,,,,,,,,,,,,,,,,,
6472,2026-06-03T12:50:00+00:00,SWEEP,bearish,4467.223,,,,,,,,,,,,,,,,,,,,,
6478,2026-06-03T13:20:00+00:00,SWEEP,bullish,4448.176,,,,,,,,,,,,,,,,,,,,,
6479,2026-06-03T13:25:00+00:00,SWEEP,bullish,4446.931,,,,,,,,,,,,,,,,,,,,,
6483,2026-06-03T13:45:00+00:00,SWEEP,bullish,4427.569,,,,,,,,,,,,,,,,,,,,,
6481,2026-06-03T13:35:00+00:00,OB_FORMED,bearish,,,bearish,16.0,4446.287,4451.453,100.0,4438.88,7.5,"{'D1': 'bearish', 'H1': 'bearish', 'M15': 'bearish', 'M5': 'bearish'}",,,,,,,,,,,,
6484,2026-06-03T13:50:00+00:00,OB_TOUCH,,,,,16.0,,,,,,,3.0,,,,,,,,,,,
6484,2026-06-03T13:50:00+00:00,ENTRY_WAIT_REVERSAL,,,,,16.0,,,,,,,,137.77,,,,,,,,,,
6485,2026-06-03T13:55:00+00:00,SETUP_REJECTED,,,mtf_bias_mismatch,bearish,,,,,,,,,,,,,,,,,,,
6485,2026-06-03T13:55:00+00:00,SETUP_REJECTED,,,mtf_bias_mismatch,bearish,,,,,,,,,,,,,,,,,,,
6485,2026-06-03T13:55:00+00:00,SETUP_REJECTED,,,mtf_bias_mismatch,bearish,,,,,,,,,,,,,,,,,,,
6485,2026-06-03T13:55:00+00:00,ENTRY_WAIT_REVERSAL,,,,,16.0,,,,,,,,103.33,,,,,,,,,,
6486,2026-06-03T14:00:00+00:00,ENTRY_WAIT_REVERSAL,,,,,16.0,,,,,,,,104.08,,,,,,,,,,
6487,2026-06-03T14:05:00+00:00,ENTRY_WAIT_70_REENTRY,,,,,16.0,,,,,,,,20.93,,,,,,,,,,
6488,2026-06-03T14:10:00+00:00,OB_INVALIDATED,,,,,16.0,,,,,,,,,,,,,,,,,,
6513,2026-06-03T16:15:00+00:00,SWEEP,bullish,4436.601,,,,,,,,,,,,,,,,,,,,,
6515,2026-06-03T16:25:00+00:00,SWEEP,bullish,4433.931,,,,,,,,,,,,,,,,,,,,,
6522,2026-06-03T17:00:00+00:00,SETUP_REJECTED,,,mtf_bias_mismatch,bearish,,,,,,,,,,,,,,,,,,,
6522,2026-06-03T17:00:00+00:00,SETUP_REJECTED,,,mtf_bias_mismatch,bearish,,,,,,,,,,,,,,,,,,,
6523,2026-06-03T17:05:00+00:00,SETUP_REJECTED,,,mtf_bias_mismatch,bearish,,,,,,,,,,,,,,,,,,,
6523,2026-06-03T17:05:00+00:00,SETUP_REJECTED,,,mtf_bias_mismatch,bearish,,,,,,,,,,,,,,,,,,,
6538,2026-06-03T18:20:00+00:00,SWEEP,bullish,4435.356,,,,,,,,,,,,,,,,,,,,,
6539,2026-06-03T18:25:00+00:00,SETUP_REJECTED,,,mtf_bias_mismatch,bearish,,,,,,,,,,,,,,,,,,,
6543,2026-06-03T18:45:00+00:00,SETUP_REJECTED,,,mtf_bias_mismatch,bearish,,,,,,,,,,,,,,,,,,,
6546,2026-06-03T19:00:00+00:00,SETUP_REJECTED,,,mtf_bias_mismatch,bearish,,,,,,,,,,,,,,,,,,,
6547,2026-06-03T19:05:00+00:00,SWEEP,bearish,4449.467,,,,,,,,,,,,,,,,,,,,,
6547,2026-06-03T19:05:00+00:00,SETUP_REJECTED,,,mtf_bias_mismatch,bearish,,,,,,,,,,,,,,,,,,,
6548,2026-06-03T19:10:00+00:00,SWEEP,bearish,4449.881,,,,,,,,,,,,,,,,,,,,,
6565,2026-06-03T20:35:00+00:00,SWEEP,bullish,4433.262,,,,,,,,,,,,,,,,,,,,,
6566,2026-06-03T20:40:00+00:00,SWEEP,bullish,4432.428,,,,,,,,,,,,,,,,,,,,,
6568,2026-06-03T20:50:00+00:00,SWEEP,bullish,4431.47,,,,,,,,,,,,,,,,,,,,,
6572,2026-06-03T22:10:00+00:00,SWEEP,bullish,4430.365,,,,,,,,,,,,,,,,,,,,,
6576,2026-06-03T22:30:00+00:00,SETUP_REJECTED,,,mtf_bias_mismatch,bearish,,,,,,,,,,,,,,,,,,,
6576,2026-06-03T22:30:00+00:00,SETUP_REJECTED,,,mtf_bias_mismatch,bearish,,,,,,,,,,,,,,,,,,,
6576,2026-06-03T22:30:00+00:00,SETUP_REJECTED,,,mtf_bias_mismatch,bearish,,,,,,,,,,,,,,,,,,,
6576,2026-06-03T22:30:00+00:00,SETUP_REJECTED,,,mtf_bias_mismatch,bearish,,,,,,,,,,,,,,,,,,,
6577,2026-06-03T22:35:00+00:00,SETUP_REJECTED,,,mtf_bias_mismatch,bearish,,,,,,,,,,,,,,,,,,,
6577,2026-06-03T22:35:00+00:00,SETUP_REJECTED,,,mtf_bias_mismatch,bearish,,,,,,,,,,,,,,,,,,,
6577,2026-06-03T22:35:00+00:00,SETUP_REJECTED,,,mtf_bias_mismatch,bearish,,,,,,,,,,,,,,,,,,,
6577,2026-06-03T22:35:00+00:00,SETUP_REJECTED,,,mtf_bias_mismatch,bearish,,,,,,,,,,,,,,,,,,,
6581,2026-06-03T22:55:00+00:00,SETUP_REJECTED,,,mtf_bias_mismatch,bearish,,,,,,,,,,,,,,,,,,,
6582,2026-06-03T23:00:00+00:00,SETUP_REJECTED,,,mtf_bias_mismatch,bearish,,,,,,,,,,,,,,,,,,,
6594,2026-06-04T00:00:00+00:00,SWEEP,bearish,4464.724,,,,,,,,,,,,,,,,,,,,,
6602,2026-06-04T00:40:00+00:00,SWEEP,bullish,4445.077,,,,,,,,,,,,,,,,,,,,,
6604,2026-06-04T00:50:00+00:00,SETUP_REJECTED,,,mtf_bias_mismatch,bearish,,,,,,,,,,,,,,,,,,,
6606,2026-06-04T01:00:00+00:00,SWEEP,bullish,4443.876,,,,,,,,,,,,,,,,,,,,,
6607,2026-06-04T01:05:00+00:00,SETUP_REJECTED,,,mtf_bias_mismatch,bearish,,,,,,,,,,,,,,,,,,,
6607,2026-06-04T01:05:00+00:00,SETUP_REJECTED,,,mtf_bias_mismatch,bearish,,,,,,,,,,,,,,,,,,,
6608,2026-06-04T01:10:00+00:00,SWEEP,bearish,4465.128,,,,,,,,,,,,,,,,,,,,,
6608,2026-06-04T01:10:00+00:00,SETUP_REJECTED,,,mtf_bias_mismatch,bearish,,,,,,,,,,,,,,,,,,,
6608,2026-06-04T01:10:00+00:00,SETUP_REJECTED,,,mtf_bias_mismatch,bearish,,,,,,,,,,,,,,,,,,,
6609,2026-06-04T01:15:00+00:00,SETUP_REJECTED,,,mtf_bias_mismatch,bearish,,,,,,,,,,,,,,,,,,,
6609,2026-06-04T01:15:00+00:00,SETUP_REJECTED,,,mtf_bias_mismatch,bearish,,,,,,,,,,,,,,,,,,,
6611,2026-06-04T01:25:00+00:00,SETUP_REJECTED,,,mtf_bias_mismatch,bearish,,,,,,,,,,,,,,,,,,,
6611,2026-06-04T01:25:00+00:00,SETUP_REJECTED,,,mtf_bias_mismatch,bearish,,,,,,,,,,,,,,,,,,,
6629,2026-06-04T02:55:00+00:00,SWEEP,bearish,4475.113,,,,,,,,,,,,,,,,,,,,,
6631,2026-06-04T03:05:00+00:00,SWEEP,bearish,4476.652,,,,,,,,,,,,,,,,,,,,,
6665,2026-06-04T05:55:00+00:00,SWEEP,bullish,4467.363,,,,,,,,,,,,,,,,,,,,,
6667,2026-06-04T06:05:00+00:00,SETUP_REJECTED,,,mtf_bias_mismatch,neutral,,,,,,,,,,,,,,,,,,,
6669,2026-06-04T06:15:00+00:00,SWEEP,bullish,4466.827,,,,,,,,,,,,,,,,,,,,,
6675,2026-06-04T06:45:00+00:00,SWEEP,bullish,4466.565,,,,,,,,,,,,,,,,,,,,,
6680,2026-06-04T07:10:00+00:00,SWEEP,bullish,4462.897,,,,,,,,,,,,,,,,,,,,,
6683,2026-06-04T07:25:00+00:00,SWEEP,bullish,4462.154,,,,,,,,,,,,,,,,,,,,,
6689,2026-06-04T07:55:00+00:00,SWEEP,bullish,4460.006,,,,,,,,,,,,,,,,,,,,,
6691,2026-06-04T08:05:00+00:00,SETUP_REJECTED,,,mtf_bias_mismatch,bearish,,,,,,,,,,,,,,,,,,,
6691,2026-06-04T08:05:00+00:00,SETUP_REJECTED,,,mtf_bias_mismatch,bearish,,,,,,,,,,,,,,,,,,,
6691,2026-06-04T08:05:00+00:00,SETUP_REJECTED,,,mtf_bias_mismatch,bearish,,,,,,,,,,,,,,,,,,,
6694,2026-06-04T08:20:00+00:00,SWEEP,bullish,4459.313,,,,,,,,,,,,,,,,,,,,,
6695,2026-06-04T08:25:00+00:00,SWEEP,bullish,4458.629,,,,,,,,,,,,,,,,,,,,,
6728,2026-06-04T11:10:00+00:00,SWEEP,bearish,4478.31,,,,,,,,,,,,,,,,,,,,,
6729,2026-06-04T11:15:00+00:00,SWEEP,bearish,4478.789,,,,,,,,,,,,,,,,,,,,,
6730,2026-06-04T11:20:00+00:00,SWEEP,bearish,4479.075,,,,,,,,,,,,,,,,,,,,,
6732,2026-06-04T11:30:00+00:00,SWEEP,bearish,4491.621,,,,,,,,,,,,,,,,,,,,,
6736,2026-06-04T11:50:00+00:00,SWEEP,bearish,4504.36,,,,,,,,,,,,,,,,,,,,,
6759,2026-06-04T13:45:00+00:00,SWEEP,bearish,4515.145,,,,,,,,,,,,,,,,,,,,,
6761,2026-06-04T13:55:00+00:00,SETUP_REJECTED,,,mtf_bias_mismatch,bullish,,,,,,,,,,,,,,,,,,,
6764,2026-06-04T14:10:00+00:00,SWEEP,bullish,4487.785,,,,,,,,,,,,,,,,,,,,,
6764,2026-06-04T14:10:00+00:00,SETUP_REJECTED,,,mtf_bias_mismatch,bullish,,,,,,,,,,,,,,,,,,,
6765,2026-06-04T14:15:00+00:00,SWEEP,bullish,4485.997,,,,,,,,,,,,,,,,,,,,,
6767,2026-06-04T14:25:00+00:00,SWEEP,bullish,4484.293,,,,,,,,,,,,,,,,,,,,,
6768,2026-06-04T14:30:00+00:00,SWEEP,bullish,4483.813,,,,,,,,,,,,,,,,,,,,,
6770,2026-06-04T14:40:00+00:00,SETUP_REJECTED,,,mtf_bias_mismatch,bullish,,,,,,,,,,,,,,,,,,,
6771,2026-06-04T14:45:00+00:00,SETUP_REJECTED,,,mtf_bias_mismatch,bullish,,,,,,,,,,,,,,,,,,,
6789,2026-06-04T16:15:00+00:00,SWEEP,bearish,4484.319,,,,,,,,,,,,,,,,,,,,,
6791,2026-06-04T16:25:00+00:00,SWEEP,bearish,4484.751,,,,,,,,,,,,,,,,,,,,,
6817,2026-06-04T18:35:00+00:00,SWEEP,bullish,4473.23,,,,,,,,,,,,,,,,,,,,,
6820,2026-06-04T18:50:00+00:00,SETUP_REJECTED,,,mtf_bias_mismatch,bearish,,,,,,,,,,,,,,,,,,,
6821,2026-06-04T18:55:00+00:00,SETUP_REJECTED,,,mtf_bias_mismatch,bearish,,,,,,,,,,,,,,,,,,,
6841,2026-06-04T20:35:00+00:00,SWEEP,bullish,4475.381,,,,,,,,,,,,,,,,,,,,,
6850,2026-06-04T22:20:00+00:00,SETUP_REJECTED,,,mtf_bias_mismatch,bearish,,,,,,,,,,,,,,,,,,,
6855,2026-06-04T22:45:00+00:00,SWEEP,bullish,4472.869,,,,,,,,,,,,,,,,,,,,,
6857,2026-06-04T22:55:00+00:00,SWEEP,bullish,4469.529,,,,,,,,,,,,,,,,,,,,,
6858,2026-06-04T23:00:00+00:00,SWEEP,bullish,4468.587,,,,,,,,,,,,,,,,,,,,,
6864,2026-06-04T23:30:00+00:00,SWEEP,bullish,4464.004,,,,,,,,,,,,,,,,,,,,,
6866,2026-06-04T23:40:00+00:00,SWEEP,bullish,4462.316,,,,,,,,,,,,,,,,,,,,,
6867,2026-06-04T23:45:00+00:00,SWEEP,bullish,4461.916,,,,,,,,,,,,,,,,,,,,,
6870,2026-06-05T00:00:00+00:00,SWEEP,bullish,4460.339,,,,,,,,,,,,,,,,,,,,,
6874,2026-06-05T00:20:00+00:00,SWEEP,bullish,4452.08,,,,,,,,,,,,,,,,,,,,,
6876,2026-06-05T00:30:00+00:00,SETUP_REJECTED,,,mtf_bias_mismatch,bearish,,,,,,,,,,,,,,,,,,,
6876,2026-06-05T00:30:00+00:00,SETUP_REJECTED,,,mtf_bias_mismatch,bearish,,,,,,,,,,,,,,,,,,,
6876,2026-06-05T00:30:00+00:00,SETUP_REJECTED,,,mtf_bias_mismatch,bearish,,,,,,,,,,,,,,,,,,,
6876,2026-06-05T00:30:00+00:00,SETUP_REJECTED,,,mtf_bias_mismatch,bearish,,,,,,,,,,,,,,,,,,,
6876,2026-06-05T00:30:00+00:00,SETUP_REJECTED,,,mtf_bias_mismatch,bearish,,,,,,,,,,,,,,,,,,,
6877,2026-06-05T00:35:00+00:00,SETUP_REJECTED,,,mtf_bias_mismatch,bearish,,,,,,,,,,,,,,,,,,,
6877,2026-06-05T00:35:00+00:00,SETUP_REJECTED,,,mtf_bias_mismatch,bearish,,,,,,,,,,,,,,,,,,,
6877,2026-06-05T00:35:00+00:00,SETUP_REJECTED,,,mtf_bias_mismatch,bearish,,,,,,,,,,,,,,,,,,,
6877,2026-06-05T00:35:00+00:00,SETUP_REJECTED,,,mtf_bias_mismatch,bearish,,,,,,,,,,,,,,,,,,,
6878,2026-06-05T00:40:00+00:00,SETUP_REJECTED,,,mtf_bias_mismatch,bearish,,,,,,,,,,,,,,,,,,,
6878,2026-06-05T00:40:00+00:00,SETUP_REJECTED,,,mtf_bias_mismatch,bearish,,,,,,,,,,,,,,,,,,,
6878,2026-06-05T00:40:00+00:00,SETUP_REJECTED,,,mtf_bias_mismatch,bearish,,,,,,,,,,,,,,,,,,,
6878,2026-06-05T00:40:00+00:00,SETUP_REJECTED,,,mtf_bias_mismatch,bearish,,,,,,,,,,,,,,,,,,,
6887,2026-06-05T01:25:00+00:00,SWEEP,bullish,4450.547,,,,,,,,,,,,,,,,,,,,,
6889,2026-06-05T01:35:00+00:00,SWEEP,bullish,4449.213,,,,,,,,,,,,,,,,,,,,,
6891,2026-06-05T01:45:00+00:00,SWEEP,bullish,4445.506,,,,,,,,,,,,,,,,,,,,,
6894,2026-06-05T02:00:00+00:00,SWEEP,bullish,4443.936,,,,,,,,,,,,,,,,,,,,,
6901,2026-06-05T02:35:00+00:00,SWEEP,bullish,4442.144,,,,,,,,,,,,,,,,,,,,,
6902,2026-06-05T02:40:00+00:00,SWEEP,bullish,4441.323,,,,,,,,,,,,,,,,,,,,,
6906,2026-06-05T03:00:00+00:00,SWEEP,bullish,4438.295,,,,,,,,,,,,,,,,,,,,,
6910,2026-06-05T03:20:00+00:00,SWEEP,bullish,4436.467,,,,,,,,,,,,,,,,,,,,,
6942,2026-06-05T06:00:00+00:00,SWEEP,bullish,4437.531,,,,,,,,,,,,,,,,,,,,,
6945,2026-06-05T06:15:00+00:00,SWEEP,bullish,4435.157,,,,,,,,,,,,,,,,,,,,,
6947,2026-06-05T06:25:00+00:00,SETUP_REJECTED,,,mtf_bias_mismatch,bearish,,,,,,,,,,,,,,,,,,,
6947,2026-06-05T06:25:00+00:00,SETUP_REJECTED,,,mtf_bias_mismatch,bearish,,,,,,,,,,,,,,,,,,,
6949,2026-06-05T06:35:00+00:00,SWEEP,bearish,4449.97,,,,,,,,,,,,,,,,,,,,,
6952,2026-06-05T06:50:00+00:00,SETUP_REJECTED,,,mtf_bias_mismatch,bearish,,,,,,,,,,,,,,,,,,,
6952,2026-06-05T06:50:00+00:00,SETUP_REJECTED,,,mtf_bias_mismatch,bearish,,,,,,,,,,,,,,,,,,,
6957,2026-06-05T07:15:00+00:00,SWEEP,bearish,4463.36,,,,,,,,,,,,,,,,,,,,,
6957,2026-06-05T07:15:00+00:00,SETUP_REJECTED,,,mtf_bias_mismatch,bearish,,,,,,,,,,,,,,,,,,,
6958,2026-06-05T07:20:00+00:00,SWEEP,bearish,4464.281,,,,,,,,,,,,,,,,,,,,,
6972,2026-06-05T08:30:00+00:00,SWEEP,bearish,4467.419,,,,,,,,,,,,,,,,,,,,,
6980,2026-06-05T09:10:00+00:00,SWEEP,bearish,4468.366,,,,,,,,,,,,,,,,,,,,,
6981,2026-06-05T09:15:00+00:00,SWEEP,bearish,4469.359,,,,,,,,,,,,,,,,,,,,,
7005,2026-06-05T11:15:00+00:00,SWEEP,bullish,4461.121,,,,,,,,,,,,,,,,,,,,,
7006,2026-06-05T11:20:00+00:00,SWEEP,bullish,4460.733,,,,,,,,,,,,,,,,,,,,,
7008,2026-06-05T11:30:00+00:00,SETUP_REJECTED,,,mtf_bias_mismatch,bearish,,,,,,,,,,,,,,,,,,,
7008,2026-06-05T11:30:00+00:00,SETUP_REJECTED,,,mtf_bias_mismatch,bearish,,,,,,,,,,,,,,,,,,,
7012,2026-06-05T11:50:00+00:00,SETUP_REJECTED,,,mtf_bias_mismatch,bearish,,,,,,,,,,,,,,,,,,,
7012,2026-06-05T11:50:00+00:00,SETUP_REJECTED,,,mtf_bias_mismatch,bearish,,,,,,,,,,,,,,,,,,,
7013,2026-06-05T11:55:00+00:00,SETUP_REJECTED,,,mtf_bias_mismatch,bearish,,,,,,,,,,,,,,,,,,,
7013,2026-06-05T11:55:00+00:00,SETUP_REJECTED,,,mtf_bias_mismatch,bearish,,,,,,,,,,,,,,,,,,,
7017,2026-06-05T12:15:00+00:00,SETUP_REJECTED,,,mtf_bias_mismatch,bearish,,,,,,,,,,,,,,,,,,,
7017,2026-06-05T12:15:00+00:00,SETUP_REJECTED,,,mtf_bias_mismatch,bearish,,,,,,,,,,,,,,,,,,,
7018,2026-06-05T12:20:00+00:00,SWEEP,bearish,4475.369,,,,,,,,,,,,,,,,,,,,,
7026,2026-06-05T13:00:00+00:00,SWEEP,bullish,4404.638,,,,,,,,,,,,,,,,,,,,,
7032,2026-06-05T13:30:00+00:00,SWEEP,bullish,4399.704,,,,,,,,,,,,,,,,,,,,,
7036,2026-06-05T13:50:00+00:00,SWEEP,bullish,4383.184,,,,,,,,,,,,,,,,,,,,,
7038,2026-06-05T14:00:00+00:00,SWEEP,bullish,4365.348,,,,,,,,,,,,,,,,,,,,,
7043,2026-06-05T14:25:00+00:00,SWEEP,bullish,4355.382,,,,,,,,,,,,,,,,,,,,,
7044,2026-06-05T14:30:00+00:00,SWEEP,bullish,4352.792,,,,,,,,,,,,,,,,,,,,,
7046,2026-06-05T14:40:00+00:00,SWEEP,bullish,4347.782,,,,,,,,,,,,,,,,,,,,,
7048,2026-06-05T14:50:00+00:00,SETUP_REJECTED,,,mtf_bias_mismatch,bearish,,,,,,,,,,,,,,,,,,,
7048,2026-06-05T14:50:00+00:00,SETUP_REJECTED,,,mtf_bias_mismatch,bearish,,,,,,,,,,,,,,,,,,,
7048,2026-06-05T14:50:00+00:00,SETUP_REJECTED,,,mtf_bias_mismatch,bearish,,,,,,,,,,,,,,,,,,,
7048,2026-06-05T14:50:00+00:00,SETUP_REJECTED,,,mtf_bias_mismatch,bearish,,,,,,,,,,,,,,,,,,,
7048,2026-06-05T14:50:00+00:00,SETUP_REJECTED,,,mtf_bias_mismatch,bearish,,,,,,,,,,,,,,,,,,,
7049,2026-06-05T14:55:00+00:00,SETUP_REJECTED,,,mtf_bias_mismatch,bearish,,,,,,,,,,,,,,,,,,,
7049,2026-06-05T14:55:00+00:00,SETUP_REJECTED,,,mtf_bias_mismatch,bearish,,,,,,,,,,,,,,,,,,,
7049,2026-06-05T14:55:00+00:00,SETUP_REJECTED,,,mtf_bias_mismatch,bearish,,,,,,,,,,,,,,,,,,,
7049,2026-06-05T14:55:00+00:00,SETUP_REJECTED,,,mtf_bias_mismatch,bearish,,,,,,,,,,,,,,,,,,,
7058,2026-06-05T15:40:00+00:00,SWEEP,bullish,4336.021,,,,,,,,,,,,,,,,,,,,,
7061,2026-06-05T15:55:00+00:00,SWEEP,bullish,4335.257,,,,,,,,,,,,,,,,,,,,,
7062,2026-06-05T16:00:00+00:00,SWEEP,bullish,4333.852,,,,,,,,,,,,,,,,,,,,,
7063,2026-06-05T16:05:00+00:00,SWEEP,bullish,4330.04,,,,,,,,,,,,,,,,,,,,,
7065,2026-06-05T16:15:00+00:00,SWEEP,bullish,4328.747,,,,,,,,,,,,,,,,,,,,,
7068,2026-06-05T16:30:00+00:00,SWEEP,bullish,4325.229,,,,,,,,,,,,,,,,,,,,,
7072,2026-06-05T16:50:00+00:00,SETUP_REJECTED,,,mtf_bias_mismatch,bearish,,,,,,,,,,,,,,,,,,,
7072,2026-06-05T16:50:00+00:00,SETUP_REJECTED,,,mtf_bias_mismatch,bearish,,,,,,,,,,,,,,,,,,,
7072,2026-06-05T16:50:00+00:00,SETUP_REJECTED,,,mtf_bias_mismatch,bearish,,,,,,,,,,,,,,,,,,,
7072,2026-06-05T16:50:00+00:00,SETUP_REJECTED,,,mtf_bias_mismatch,bearish,,,,,,,,,,,,,,,,,,,
7072,2026-06-05T16:50:00+00:00,SETUP_REJECTED,,,mtf_bias_mismatch,bearish,,,,,,,,,,,,,,,,,,,
7073,2026-06-05T16:55:00+00:00,SETUP_REJECTED,,,mtf_bias_mismatch,bearish,,,,,,,,,,,,,,,,,,,
7073,2026-06-05T16:55:00+00:00,SETUP_REJECTED,,,mtf_bias_mismatch,bearish,,,,,,,,,,,,,,,,,,,
7073,2026-06-05T16:55:00+00:00,SETUP_REJECTED,,,mtf_bias_mismatch,bearish,,,,,,,,,,,,,,,,,,,
7073,2026-06-05T16:55:00+00:00,SETUP_REJECTED,,,mtf_bias_mismatch,bearish,,,,,,,,,,,,,,,,,,,
7073,2026-06-05T16:55:00+00:00,SETUP_REJECTED,,,mtf_bias_mismatch,bearish,,,,,,,,,,,,,,,,,,,
7074,2026-06-05T17:00:00+00:00,SETUP_REJECTED,,,mtf_bias_mismatch,bearish,,,,,,,,,,,,,,,,,,,
7074,2026-06-05T17:00:00+00:00,SETUP_REJECTED,,,mtf_bias_mismatch,bearish,,,,,,,,,,,,,,,,,,,
7074,2026-06-05T17:00:00+00:00,SETUP_REJECTED,,,mtf_bias_mismatch,bearish,,,,,,,,,,,,,,,,,,,
7074,2026-06-05T17:00:00+00:00,SETUP_REJECTED,,,mtf_bias_mismatch,bearish,,,,,,,,,,,,,,,,,,,
7082,2026-06-05T17:40:00+00:00,SWEEP,bearish,4346.95,,,,,,,,,,,,,,,,,,,,,
7084,2026-06-05T17:50:00+00:00,OB_FORMED,bearish,,,bearish,17.0,4338.633,4343.679,89.97,4323.088,6.5,"{'D1': 'bearish', 'H1': 'bearish', 'M15': 'bearish', 'M5': 'bullish'}",,,,,,,,,,,,
7089,2026-06-05T18:15:00+00:00,SWEEP,bullish,4322.957,,,,,,,,,,,,,,,,,,,,,
7092,2026-06-05T18:30:00+00:00,SWEEP,bullish,4321.485,,,,,,,,,,,,,,,,,,,,,
7100,2026-06-05T19:10:00+00:00,SWEEP,bullish,4315.025,,,,,,,,,,,,,,,,,,,,,
7101,2026-06-05T19:15:00+00:00,SWEEP,bullish,4314.999,,,,,,,,,,,,,,,,,,,,,
7111,2026-06-05T20:05:00+00:00,SWEEP,bullish,4312.557,,,,,,,,,,,,,,,,,,,,,
7115,2026-06-05T20:25:00+00:00,SETUP_REJECTED,,,mtf_bias_mismatch,bearish,,,,,,,,,,,,,,,,,,,
7116,2026-06-05T20:30:00+00:00,SETUP_REJECTED,,,mtf_bias_mismatch,bearish,,,,,,,,,,,,,,,,,,,
7120,2026-06-05T20:50:00+00:00,SWEEP,bearish,4330.007,,,,,,,,,,,,,,,,,,,,,
7120,2026-06-05T20:50:00+00:00,SETUP_REJECTED,,,mtf_bias_mismatch,bearish,,,,,,,,,,,,,,,,,,,
7121,2026-06-05T20:55:00+00:00,SWEEP,bearish,4330.051,,,,,,,,,,,,,,,,,,,,,
7122,2026-06-07T22:00:00+00:00,SWEEP,bullish,4311.591,,,,,,,,,,,,,,,,,,,,,
7123,2026-06-07T22:05:00+00:00,SWEEP,bullish,4310.686,,,,,,,,,,,,,,,,,,,,,
7125,2026-06-07T22:15:00+00:00,SETUP_REJECTED,,,mtf_bias_mismatch,bearish,,,,,,,,,,,,,,,,,,,
7125,2026-06-07T22:15:00+00:00,SETUP_REJECTED,,,mtf_bias_mismatch,bearish,,,,,,,,,,,,,,,,,,,
7130,2026-06-07T22:40:00+00:00,SETUP_REJECTED,,,mtf_bias_mismatch,bearish,,,,,,,,,,,,,,,,,,,
7130,2026-06-07T22:40:00+00:00,SETUP_REJECTED,,,mtf_bias_mismatch,bearish,,,,,,,,,,,,,,,,,,,
7136,2026-06-07T23:10:00+00:00,SWEEP,bearish,4331.092,,,,,,,,,,,,,,,,,,,,,
7137,2026-06-07T23:15:00+00:00,SWEEP,bearish,4334.143,,,,,,,,,,,,,,,,,,,,,
7139,2026-06-07T23:25:00+00:00,SWEEP,bearish,4334.251,,,,,,,,,,,,,,,,,,,,,
7140,2026-06-07T23:30:00+00:00,SWEEP,bearish,4334.611,,,,,,,,,,,,,,,,,,,,,
7142,2026-06-07T23:40:00+00:00,OB_TOUCH,,,,,17.0,,,,,,,58.0,,,,,,,,,,,
7142,2026-06-07T23:40:00+00:00,ENTRY_WAIT_REVERSAL,,,,,17.0,,,,,,,,94.63,,,,,,,,,,
7143,2026-06-07T23:45:00+00:00,ENTRY_WAIT_70_REENTRY,,,,,17.0,,,,,,,,37.71,,,,,,,,,,
7144,2026-06-07T23:50:00+00:00,ENTRY_WAIT_70_REENTRY,,,,,17.0,,,,,,,,12.07,,,,,,,,,,
7145,2026-06-07T23:55:00+00:00,SWEEP,bearish,4343.881,,,,,,,,,,,,,,,,,,,,,
7145,2026-06-07T23:55:00+00:00,OB_INVALIDATED,,,,,17.0,,,,,,,,,,,,,,,,,,
7151,2026-06-08T00:25:00+00:00,SWEEP,bearish,4352.571,,,,,,,,,,,,,,,,,,,,,
7162,2026-06-08T01:20:00+00:00,SWEEP,bullish,4314.2,,,,,,,,,,,,,,,,,,,,,
7163,2026-06-08T01:25:00+00:00,SWEEP,bullish,4311.412,,,,,,,,,,,,,,,,,,,,,
7164,2026-06-08T01:30:00+00:00,SWEEP,bullish,4311.183,,,,,,,,,,,,,,,,,,,,,
7167,2026-06-08T01:45:00+00:00,SETUP_REJECTED,,,mtf_bias_mismatch,bearish,,,,,,,,,,,,,,,,,,,
7167,2026-06-08T01:45:00+00:00,SETUP_REJECTED,,,mtf_bias_mismatch,bearish,,,,,,,,,,,,,,,,,,,
7167,2026-06-08T01:45:00+00:00,SETUP_REJECTED,,,mtf_bias_mismatch,bearish,,,,,,,,,,,,,,,,,,,
7185,2026-06-08T03:15:00+00:00,SWEEP,bullish,4304.264,,,,,,,,,,,,,,,,,,,,,
7191,2026-06-08T03:45:00+00:00,SETUP_REJECTED,,,mtf_bias_mismatch,bearish,,,,,,,,,,,,,,,,,,,
7192,2026-06-08T03:50:00+00:00,SETUP_REJECTED,,,mtf_bias_mismatch,bearish,,,,,,,,,,,,,,,,,,,
7193,2026-06-08T03:55:00+00:00,SETUP_REJECTED,,,mtf_bias_mismatch,bearish,,,,,,,,,,,,,,,,,,,
7197,2026-06-08T04:15:00+00:00,SWEEP,bearish,4320.887,,,,,,,,,,,,,,,,,,,,,
7209,2026-06-08T05:15:00+00:00,SWEEP,bullish,4304.487,,,,,,,,,,,,,,,,,,,,,
7213,2026-06-08T05:35:00+00:00,SWEEP,bullish,4286.451,,,,,,,,,,,,,,,,,,,,,
7219,2026-06-08T06:05:00+00:00,SETUP_REJECTED,,,mtf_bias_mismatch,bearish,,,,,,,,,,,,,,,,,,,
7219,2026-06-08T06:05:00+00:00,SETUP_REJECTED,,,mtf_bias_mismatch,bearish,,,,,,,,,,,,,,,,,,,
7235,2026-06-08T07:25:00+00:00,SWEEP,bearish,4314.884,,,,,,,,,,,,,,,,,,,,,
7242,2026-06-08T08:00:00+00:00,SWEEP,bullish,4293.015,,,,,,,,,,,,,,,,,,,,,
7243,2026-06-08T08:05:00+00:00,SWEEP,bullish,4289.968,,,,,,,,,,,,,,,,,,,,,
7245,2026-06-08T08:15:00+00:00,SWEEP,bullish,4289.501,,,,,,,,,,,,,,,,,,,,,
7246,2026-06-08T08:20:00+00:00,SWEEP,bullish,4288.583,,,,,,,,,,,,,,,,,,,,,
7247,2026-06-08T08:25:00+00:00,SWEEP,bullish,4287.84,,,,,,,,,,,,,,,,,,,,,
7255,2026-06-08T09:05:00+00:00,SWEEP,bullish,4285.237,,,,,,,,,,,,,,,,,,,,,
7262,2026-06-08T09:40:00+00:00,SETUP_REJECTED,,,mtf_bias_mismatch,bearish,,,,,,,,,,,,,,,,,,,
7273,2026-06-08T10:35:00+00:00,SWEEP,bearish,4305.132,,,,,,,,,,,,,,,,,,,,,
7282,2026-06-08T11:20:00+00:00,SWEEP,bearish,4328.016,,,,,,,,,,,,,,,,,,,,,
7284,2026-06-08T11:30:00+00:00,SWEEP,bearish,4331.115,,,,,,,,,,,,,,,,,,,,,
7290,2026-06-08T12:00:00+00:00,SWEEP,bearish,4333.406,,,,,,,,,,,,,,,,,,,,,
7291,2026-06-08T12:05:00+00:00,SWEEP,bearish,4334.745,,,,,,,,,,,,,,,,,,,,,
7308,2026-06-08T13:30:00+00:00,SWEEP,bearish,4339.465,,,,,,,,,,,,,,,,,,,,,
7316,2026-06-08T14:10:00+00:00,SWEEP,bullish,4318.819,,,,,,,,,,,,,,,,,,,,,
7319,2026-06-08T14:25:00+00:00,SWEEP,bullish,4316.556,,,,,,,,,,,,,,,,,,,,,
7321,2026-06-08T14:35:00+00:00,SWEEP,bullish,4315.694,,,,,,,,,,,,,,,,,,,,,
7326,2026-06-08T15:00:00+00:00,SETUP_REJECTED,,,mtf_bias_mismatch,bearish,,,,,,,,,,,,,,,,,,,
7326,2026-06-08T15:00:00+00:00,SETUP_REJECTED,,,mtf_bias_mismatch,bearish,,,,,,,,,,,,,,,,,,,
7326,2026-06-08T15:00:00+00:00,SETUP_REJECTED,,,mtf_bias_mismatch,bearish,,,,,,,,,,,,,,,,,,,
7330,2026-06-08T15:20:00+00:00,SETUP_REJECTED,,,mtf_bias_mismatch,bearish,,,,,,,,,,,,,,,,,,,
7330,2026-06-08T15:20:00+00:00,SETUP_REJECTED,,,mtf_bias_mismatch,bearish,,,,,,,,,,,,,,,,,,,
7333,2026-06-08T15:35:00+00:00,SWEEP,bearish,4337.02,,,,,,,,,,,,,,,,,,,,,
7335,2026-06-08T15:45:00+00:00,SWEEP,bearish,4339.673,,,,,,,,,,,,,,,,,,,,,
7337,2026-06-08T15:55:00+00:00,SWEEP,bearish,4343.142,,,,,,,,,,,,,,,,,,,,,
7345,2026-06-08T16:35:00+00:00,SWEEP,bearish,4345.839,,,,,,,,,,,,,,,,,,,,,
7355,2026-06-08T17:25:00+00:00,SWEEP,bullish,4334.51,,,,,,,,,,,,,,,,,,,,,
7356,2026-06-08T17:30:00+00:00,SWEEP,bullish,4333.818,,,,,,,,,,,,,,,,,,,,,
7357,2026-06-08T17:35:00+00:00,SWEEP,bullish,4333.71,,,,,,,,,,,,,,,,,,,,,
7362,2026-06-08T18:00:00+00:00,SETUP_REJECTED,,,mtf_bias_mismatch,neutral,,,,,,,,,,,,,,,,,,,
7362,2026-06-08T18:00:00+00:00,SETUP_REJECTED,,,mtf_bias_mismatch,neutral,,,,,,,,,,,,,,,,,,,
7362,2026-06-08T18:00:00+00:00,SETUP_REJECTED,,,mtf_bias_mismatch,neutral,,,,,,,,,,,,,,,,,,,
7363,2026-06-08T18:05:00+00:00,SETUP_REJECTED,,,mtf_bias_mismatch,neutral,,,,,,,,,,,,,,,,,,,
7363,2026-06-08T18:05:00+00:00,SETUP_REJECTED,,,mtf_bias_mismatch,neutral,,,,,,,,,,,,,,,,,,,
7363,2026-06-08T18:05:00+00:00,SETUP_REJECTED,,,mtf_bias_mismatch,neutral,,,,,,,,,,,,,,,,,,,
7379,2026-06-08T19:25:00+00:00,SWEEP,bullish,4326.665,,,,,,,,,,,,,,,,,,,,,
7381,2026-06-08T19:35:00+00:00,SWEEP,bullish,4325.905,,,,,,,,,,,,,,,,,,,,,
7382,2026-06-08T19:40:00+00:00,SWEEP,bullish,4325.069,,,,,,,,,,,,,,,,,,,,,
7384,2026-06-08T19:50:00+00:00,SETUP_REJECTED,,,mtf_bias_mismatch,bearish,,,,,,,,,,,,,,,,,,,
7384,2026-06-08T19:50:00+00:00,SETUP_REJECTED,,,mtf_bias_mismatch,bearish,,,,,,,,,,,,,,,,,,,
7384,2026-06-08T19:50:00+00:00,SETUP_REJECTED,,,mtf_bias_mismatch,bearish,,,,,,,,,,,,,,,,,,,
7385,2026-06-08T19:55:00+00:00,SWEEP,bullish,4324.224,,,,,,,,,,,,,,,,,,,,,
7397,2026-06-08T20:55:00+00:00,SETUP_REJECTED,,,mtf_bias_mismatch,bearish,,,,,,,,,,,,,,,,,,,
7398,2026-06-08T22:00:00+00:00,SWEEP,bearish,4330.486,,,,,,,,,,,,,,,,,,,,,
7401,2026-06-08T22:15:00+00:00,SWEEP,bullish,4323.436,,,,,,,,,,,,,,,,,,,,,
7420,2026-06-08T23:50:00+00:00,SWEEP,bullish,4313.504,,,,,,,,,,,,,,,,,,,,,
7435,2026-06-09T01:05:00+00:00,SWEEP,bearish,4325.374,,,,,,,,,,,,,,,,,,,,,
7437,2026-06-09T01:15:00+00:00,SWEEP,bearish,4327.986,,,,,,,,,,,,,,,,,,,,,
7438,2026-06-09T01:20:00+00:00,SWEEP,bearish,4329.827,,,,,,,,,,,,,,,,,,,,,
7441,2026-06-09T01:35:00+00:00,SWEEP,bearish,4338.097,,,,,,,,,,,,,,,,,,,,,
7452,2026-06-09T02:30:00+00:00,SWEEP,bearish,4338.867,,,,,,,,,,,,,,,,,,,,,
7455,2026-06-09T02:45:00+00:00,SWEEP,bearish,4339.488,,,,,,,,,,,,,,,,,,,,,
7459,2026-06-09T03:05:00+00:00,SWEEP,bearish,4341.092,,,,,,,,,,,,,,,,,,,,,
7461,2026-06-09T03:15:00+00:00,SWEEP,bearish,4341.8,,,,,,,,,,,,,,,,,,,,,
7471,2026-06-09T04:05:00+00:00,OB_FORMED,bearish,,,bearish,18.0,4334.974,4338.042,72.13,4272.951,6.0,"{'D1': 'bearish', 'H1': 'bearish', 'M15': 'bullish', 'M5': 'bearish'}",,,,,,,,,,,,
7474,2026-06-09T04:20:00+00:00,SWEEP,bullish,4329.625,,,,,,,,,,,,,,,,,,,,,
7482,2026-06-09T05:00:00+00:00,SETUP_REJECTED,,,mtf_bias_mismatch,bearish,,,,,,,,,,,,,,,,,,,
7482,2026-06-09T05:00:00+00:00,OB_TOUCH,,,,,18.0,,,,,,,11.0,,,,,,,,,,,
7482,2026-06-09T05:00:00+00:00,ENTRY_WAIT_70_REENTRY,,,,,18.0,,,,,,,,63.1,,,,,,,,,,
7483,2026-06-09T05:05:00+00:00,ENTRY,bearish,,,bearish,18.0,,,,4272.951,6.0,,,,,4.0,4332.676,4339.229,4319.570000000001,crossed_ob_reentry_70pct,retracement_swing,True,,
7488,2026-06-09T05:30:00+00:00,TRADE_EXIT,,,SL,,,,,,,,,,,,4.0,,,,,,,LOSS,-1.0
7489,2026-06-09T05:35:00+00:00,SWEEP,bearish,4343.908,,,,,,,,,,,,,,,,,,,,,
7505,2026-06-09T06:55:00+00:00,SWEEP,bullish,4330.74,,,,,,,,,,,,,,,,,,,,,
7506,2026-06-09T07:00:00+00:00,SWEEP,bullish,4330.144,,,,,,,,,,,,,,,,,,,,,
7509,2026-06-09T07:15:00+00:00,SWEEP,bullish,4326.636,,,,,,,,,,,,,,,,,,,,,
7513,2026-06-09T07:35:00+00:00,SWEEP,bullish,4322.819,,,,,,,,,,,,,,,,,,,,,
7519,2026-06-09T08:05:00+00:00,SWEEP,bullish,4322.044,,,,,,,,,,,,,,,,,,,,,
7521,2026-06-09T08:15:00+00:00,SETUP_REJECTED,,,mtf_bias_mismatch,bearish,,,,,,,,,,,,,,,,,,,
7521,2026-06-09T08:15:00+00:00,SETUP_REJECTED,,,mtf_bias_mismatch,bearish,,,,,,,,,,,,,,,,,,,
7521,2026-06-09T08:15:00+00:00,SETUP_REJECTED,,,mtf_bias_mismatch,bearish,,,,,,,,,,,,,,,,,,,
7526,2026-06-09T08:40:00+00:00,SWEEP,bearish,4336.169,,,,,,,,,,,,,,,,,,,,,
7547,2026-06-09T10:25:00+00:00,SWEEP,bearish,4336.444,,,,,,,,,,,,,,,,,,,,,
7563,2026-06-09T11:45:00+00:00,SWEEP,bearish,4340.799,,,,,,,,,,,,,,,,,,,,,
7567,2026-06-09T12:05:00+00:00,SWEEP,bearish,4343.778,,,,,,,,,,,,,,,,,,,,,
7568,2026-06-09T12:10:00+00:00,SWEEP,bearish,4343.993,,,,,,,,,,,,,,,,,,,,,
7575,2026-06-09T12:45:00+00:00,SWEEP,bearish,4344.002,,,,,,,,,,,,,,,,,,,,,
7578,2026-06-09T13:00:00+00:00,SWEEP,bearish,4344.207,,,,,,,,,,,,,,,,,,,,,
7582,2026-06-09T13:20:00+00:00,SETUP_REJECTED,,,mtf_bias_mismatch,bullish,,,,,,,,,,,,,,,,,,,
7582,2026-06-09T13:20:00+00:00,SETUP_REJECTED,,,mtf_bias_mismatch,bullish,,,,,,,,,,,,,,,,,,,
7584,2026-06-09T13:30:00+00:00,SWEEP,bullish,4330.037,,,,,,,,,,,,,,,,,,,,,
7586,2026-06-09T13:40:00+00:00,SWEEP,bullish,4328.689,,,,,,,,,,,,,,,,,,,,,
7586,2026-06-09T13:40:00+00:00,OB_FORMED,bullish,,,bullish,19.0,4325.205,4332.15,70.64,4351.53,4.5,"{'D1': 'bearish', 'H1': 'bullish', 'M15': 'bullish', 'M5': 'bullish'}",,,,,,,,,,,,
7589,2026-06-09T13:55:00+00:00,OB_TOUCH,,,,,19.0,,,,,,,3.0,,,,,,,,,,,
7589,2026-06-09T13:55:00+00:00,ENTRY_WAIT_70_REENTRY,,,,,19.0,,,,,,,,57.9,,,,,,,,,,
7590,2026-06-09T14:00:00+00:00,ENTRY_WAIT_70_REENTRY,,,,,19.0,,,,,,,,56.01,,,,,,,,,,
7591,2026-06-09T14:05:00+00:00,SWEEP,bullish,4325.205,,,,,,,,,,,,,,,,,,,,,
7591,2026-06-09T14:05:00+00:00,ENTRY_WAIT_70_REENTRY,,,,,19.0,,,,,,,,43.14,,,,,,,,,,
7592,2026-06-09T14:10:00+00:00,OB_INVALIDATED,,,,,19.0,,,,,,,,,,,,,,,,,,
7601,2026-06-09T14:55:00+00:00,SETUP_REJECTED,,,mtf_bias_mismatch,bearish,,,,,,,,,,,,,,,,,,,
7607,2026-06-09T15:25:00+00:00,SWEEP,bullish,4278.393,,,,,,,,,,,,,,,,,,,,,
7609,2026-06-09T15:35:00+00:00,SWEEP,bullish,4263.281,,,,,,,,,,,,,,,,,,,,,
7611,2026-06-09T15:45:00+00:00,SETUP_REJECTED,,,mtf_bias_mismatch,bearish,,,,,,,,,,,,,,,,,,,
7611,2026-06-09T15:45:00+00:00,SETUP_REJECTED,,,mtf_bias_mismatch,bearish,,,,,,,,,,,,,,,,,,,
7615,2026-06-09T16:05:00+00:00,SWEEP,bullish,4262.97,,,,,,,,,,,,,,,,,,,,,
7622,2026-06-09T16:40:00+00:00,SWEEP,bullish,4236.953,,,,,,,,,,,,,,,,,,,,,
7627,2026-06-09T17:05:00+00:00,SETUP_REJECTED,,,mtf_bias_mismatch,bearish,,,,,,,,,,,,,,,,,,,
7627,2026-06-09T17:05:00+00:00,SETUP_REJECTED,,,mtf_bias_mismatch,bearish,,,,,,,,,,,,,,,,,,,
7654,2026-06-09T19:20:00+00:00,SWEEP,bullish,4254.819,,,,,,,,,,,,,,,,,,,,,
7659,2026-06-09T19:45:00+00:00,SWEEP,bullish,4250.017,,,,,,,,,,,,,,,,,,,,,
7661,2026-06-09T19:55:00+00:00,SETUP_REJECTED,,,mtf_bias_mismatch,bearish,,,,,,,,,,,,,,,,,,,
7661,2026-06-09T19:55:00+00:00,SETUP_REJECTED,,,mtf_bias_mismatch,bearish,,,,,,,,,,,,,,,,,,,
7670,2026-06-09T20:40:00+00:00,SETUP_REJECTED,,,mtf_bias_mismatch,bearish,,,,,,,,,,,,,,,,,,,
7689,2026-06-09T23:15:00+00:00,SWEEP,bullish,4232.338,,,,,,,,,,,,,,,,,,,,,
7692,2026-06-09T23:30:00+00:00,SWEEP,bullish,4222.753,,,,,,,,,,,,,,,,,,,,,
7693,2026-06-09T23:35:00+00:00,SWEEP,bullish,4221.673,,,,,,,,,,,,,,,,,,,,,
7696,2026-06-09T23:50:00+00:00,SWEEP,bullish,4211.189,,,,,,,,,,,,,,,,,,,,,
7705,2026-06-10T00:35:00+00:00,SWEEP,bullish,4205.894,,,,,,,,,,,,,,,,,,,,,
7706,2026-06-10T00:40:00+00:00,SWEEP,bullish,4201.49,,,,,,,,,,,,,,,,,,,,,
7709,2026-06-10T00:55:00+00:00,SETUP_REJECTED,,,mtf_bias_mismatch,bearish,,,,,,,,,,,,,,,,,,,
7709,2026-06-10T00:55:00+00:00,SETUP_REJECTED,,,mtf_bias_mismatch,bearish,,,,,,,,,,,,,,,,,,,
7711,2026-06-10T01:05:00+00:00,SWEEP,bullish,4194.527,,,,,,,,,,,,,,,,,,,,,
7713,2026-06-10T01:15:00+00:00,SETUP_REJECTED,,,mtf_bias_mismatch,bearish,,,,,,,,,,,,,,,,,,,
7713,2026-06-10T01:15:00+00:00,SETUP_REJECTED,,,mtf_bias_mismatch,bearish,,,,,,,,,,,,,,,,,,,
7713,2026-06-10T01:15:00+00:00,SETUP_REJECTED,,,mtf_bias_mismatch,bearish,,,,,,,,,,,,,,,,,,,
7719,2026-06-10T01:45:00+00:00,SWEEP,bullish,4184.421,,,,,,,,,,,,,,,,,,,,,
7720,2026-06-10T01:50:00+00:00,SWEEP,bullish,4184.25,,,,,,,,,,,,,,,,,,,,,
7727,2026-06-10T02:25:00+00:00,SWEEP,bullish,4179.581,,,,,,,,,,,,,,,,,,,,,
7728,2026-06-10T02:30:00+00:00,SWEEP,bullish,4178.076,,,,,,,,,,,,,,,,,,,,,
7732,2026-06-10T02:50:00+00:00,SWEEP,bullish,4174.142,,,,,,,,,,,,,,,,,,,,,
7733,2026-06-10T02:55:00+00:00,SWEEP,bullish,4173.814,,,,,,,,,,,,,,,,,,,,,
7734,2026-06-10T03:00:00+00:00,SWEEP,bullish,4172.898,,,,,,,,,,,,,,,,,,,,,
7755,2026-06-10T04:45:00+00:00,SWEEP,bullish,4172.933,,,,,,,,,,,,,,,,,,,,,
7765,2026-06-10T05:35:00+00:00,SETUP_REJECTED,,,mtf_bias_mismatch,bearish,,,,,,,,,,,,,,,,,,,
7767,2026-06-10T05:45:00+00:00,SETUP_REJECTED,,,mtf_bias_mismatch,bearish,,,,,,,,,,,,,,,,,,,
7768,2026-06-10T05:50:00+00:00,SWEEP,bearish,4205.557,,,,,,,,,,,,,,,,,,,,,
7769,2026-06-10T05:55:00+00:00,SWEEP,bearish,4206.347,,,,,,,,,,,,,,,,,,,,,
7788,2026-06-10T07:30:00+00:00,SWEEP,bullish,4193.329,,,,,,,,,,,,,,,,,,,,,
7831,2026-06-10T11:05:00+00:00,SWEEP,bullish,4155.627,,,,,,,,,,,,,,,,,,,,,
7839,2026-06-10T11:45:00+00:00,SWEEP,bullish,4153.285,,,,,,,,,,,,,,,,,,,,,
7842,2026-06-10T12:00:00+00:00,SWEEP,bullish,4145.642,,,,,,,,,,,,,,,,,,,,,
7846,2026-06-10T12:20:00+00:00,SWEEP,bullish,4134.425,,,,,,,,,,,,,,,,,,,,,
7847,2026-06-10T12:25:00+00:00,SWEEP,bullish,4133.674,,,,,,,,,,,,,,,,,,,,,
7848,2026-06-10T12:30:00+00:00,SETUP_REJECTED,,,mtf_bias_mismatch,bearish,,,,,,,,,,,,,,,,,,,
7848,2026-06-10T12:30:00+00:00,SETUP_REJECTED,,,mtf_bias_mismatch,bearish,,,,,,,,,,,,,,,,,,,
7848,2026-06-10T12:30:00+00:00,SETUP_REJECTED,,,mtf_bias_mismatch,bearish,,,,,,,,,,,,,,,,,,,
7848,2026-06-10T12:30:00+00:00,SETUP_REJECTED,,,mtf_bias_mismatch,bearish,,,,,,,,,,,,,,,,,,,
7849,2026-06-10T12:35:00+00:00,SETUP_REJECTED,,,mtf_bias_mismatch,bearish,,,,,,,,,,,,,,,,,,,
7849,2026-06-10T12:35:00+00:00,SETUP_REJECTED,,,mtf_bias_mismatch,bearish,,,,,,,,,,,,,,,,,,,
7849,2026-06-10T12:35:00+00:00,SETUP_REJECTED,,,mtf_bias_mismatch,bearish,,,,,,,,,,,,,,,,,,,
7849,2026-06-10T12:35:00+00:00,SETUP_REJECTED,,,mtf_bias_mismatch,bearish,,,,,,,,,,,,,,,,,,,
7864,2026-06-10T13:50:00+00:00,SWEEP,bearish,4185.595,,,,,,,,,,,,,,,,,,,,,
7887,2026-06-10T15:45:00+00:00,SWEEP,bullish,4112.977,,,,,,,,,,,,,,,,,,,,,
7888,2026-06-10T15:50:00+00:00,SWEEP,bullish,4108.452,,,,,,,,,,,,,,,,,,,,,
7908,2026-06-10T17:30:00+00:00,SWEEP,bullish,4106.728,,,,,,,,,,,,,,,,,,,,,
7911,2026-06-10T17:45:00+00:00,SWEEP,bullish,4101.747,,,,,,,,,,,,,,,,,,,,,
7915,2026-06-10T18:05:00+00:00,SETUP_REJECTED,,,mtf_bias_mismatch,bearish,,,,,,,,,,,,,,,,,,,
7915,2026-06-10T18:05:00+00:00,SETUP_REJECTED,,,mtf_bias_mismatch,bearish,,,,,,,,,,,,,,,,,,,
7924,2026-06-10T18:50:00+00:00,SWEEP,bullish,4100.661,,,,,,,,,,,,,,,,,,,,,
7931,2026-06-10T19:25:00+00:00,SWEEP,bullish,4082.436,,,,,,,,,,,,,,,,,,,,,
7940,2026-06-10T20:10:00+00:00,SWEEP,bullish,4069.843,,,,,,,,,,,,,,,,,,,,,
7943,2026-06-10T20:25:00+00:00,SETUP_REJECTED,,,mtf_bias_mismatch,bearish,,,,,,,,,,,,,,,,,,,
7943,2026-06-10T20:25:00+00:00,SETUP_REJECTED,,,mtf_bias_mismatch,bearish,,,,,,,,,,,,,,,,,,,
7948,2026-06-10T20:50:00+00:00,SWEEP,bullish,4067.385,,,,,,,,,,,,,,,,,,,,,
7952,2026-06-10T22:10:00+00:00,SWEEP,bullish,4050.782,,,,,,,,,,,,,,,,,,,,,
7957,2026-06-10T22:35:00+00:00,SETUP_REJECTED,,,mtf_bias_mismatch,bearish,,,,,,,,,,,,,,,,,,,
7957,2026-06-10T22:35:00+00:00,SETUP_REJECTED,,,mtf_bias_mismatch,bearish,,,,,,,,,,,,,,,,,,,
7958,2026-06-10T22:40:00+00:00,SETUP_REJECTED,,,mtf_bias_mismatch,bearish,,,,,,,,,,,,,,,,,,,
7958,2026-06-10T22:40:00+00:00,SETUP_REJECTED,,,mtf_bias_mismatch,bearish,,,,,,,,,,,,,,,,,,,
7977,2026-06-11T00:15:00+00:00,SWEEP,bearish,4069.256,,,,,,,,,,,,,,,,,,,,,
7980,2026-06-11T00:30:00+00:00,SWEEP,bearish,4072.778,,,,,,,,,,,,,,,,,,,,,
7985,2026-06-11T00:55:00+00:00,SWEEP,bearish,4076.687,,,,,,,,,,,,,,,,,,,,,
7994,2026-06-11T01:40:00+00:00,SWEEP,bearish,4115.047,,,,,,,,,,,,,,,,,,,,,
8001,2026-06-11T02:15:00+00:00,OB_FORMED,bearish,,,bearish,20.0,4087.612,4095.85,83.75,4023.831,5.0,"{'D1': 'bearish', 'H1': 'bearish', 'M15': 'bullish', 'M5': 'bullish'}",,,,,,,,,,,,
8005,2026-06-11T02:35:00+00:00,SWEEP,bullish,4066.108,,,,,,,,,,,,,,,,,,,,,
8009,2026-06-11T02:55:00+00:00,SETUP_REJECTED,,,mtf_bias_mismatch,bearish,,,,,,,,,,,,,,,,,,,
8010,2026-06-11T03:00:00+00:00,SETUP_REJECTED,,,mtf_bias_mismatch,bearish,,,,,,,,,,,,,,,,,,,
8017,2026-06-11T03:35:00+00:00,SETUP_REJECTED,,,mtf_bias_mismatch,bearish,,,,,,,,,,,,,,,,,,,
8025,2026-06-11T04:15:00+00:00,SWEEP,bearish,4083.229,,,,,,,,,,,,,,,,,,,,,
8026,2026-06-11T04:20:00+00:00,SWEEP,bearish,4083.552,,,,,,,,,,,,,,,,,,,,,
8031,2026-06-11T04:45:00+00:00,SWEEP,bearish,4085.48,,,,,,,,,,,,,,,,,,,,,
8040,2026-06-11T05:30:00+00:00,OB_TOUCH,,,,,20.0,,,,,,,39.0,,,,,,,,,,,
8040,2026-06-11T05:30:00+00:00,ENTRY_WAIT_70_REENTRY,,,,,20.0,,,,,,,,8.82,,,,,,,,,,
8041,2026-06-11T05:35:00+00:00,SWEEP,bearish,4096.108,,,,,,,,,,,,,,,,,,,,,
8041,2026-06-11T05:35:00+00:00,ENTRY_WAIT_70_REENTRY,,,,,20.0,,,,,,,,26.27,,,,,,,,,,
8042,2026-06-11T05:40:00+00:00,OB_INVALIDATED,,,,,20.0,,,,,,,,,,,,,,,,,,
8063,2026-06-11T07:25:00+00:00,SWEEP,bearish,4108.25,,,,,,,,,,,,,,,,,,,,,
8064,2026-06-11T07:30:00+00:00,SWEEP,bearish,4110.162,,,,,,,,,,,,,,,,,,,,,
8070,2026-06-11T08:00:00+00:00,SWEEP,bearish,4110.622,,,,,,,,,,,,,,,,,,,,,
8071,2026-06-11T08:05:00+00:00,SWEEP,bearish,4112.14,,,,,,,,,,,,,,,,,,,,,
8072,2026-06-11T08:10:00+00:00,SWEEP,bearish,4112.376,,,,,,,,,,,,,,,,,,,,,
8082,2026-06-11T09:00:00+00:00,SWEEP,bullish,4084.495,,,,,,,,,,,,,,,,,,,,,
8084,2026-06-11T09:10:00+00:00,SWEEP,bullish,4080.798,,,,,,,,,,,,,,,,,,,,,
8088,2026-06-11T09:30:00+00:00,SWEEP,bullish,4078.688,,,,,,,,,,,,,,,,,,,,,
8090,2026-06-11T09:40:00+00:00,SETUP_REJECTED,,,mtf_bias_mismatch,bearish,,,,,,,,,,,,,,,,,,,
8090,2026-06-11T09:40:00+00:00,SETUP_REJECTED,,,mtf_bias_mismatch,bearish,,,,,,,,,,,,,,,,,,,
8090,2026-06-11T09:40:00+00:00,SETUP_REJECTED,,,mtf_bias_mismatch,bearish,,,,,,,,,,,,,,,,,,,
8091,2026-06-11T09:45:00+00:00,SETUP_REJECTED,,,mtf_bias_mismatch,bearish,,,,,,,,,,,,,,,,,,,
8091,2026-06-11T09:45:00+00:00,SETUP_REJECTED,,,mtf_bias_mismatch,bearish,,,,,,,,,,,,,,,,,,,
8091,2026-06-11T09:45:00+00:00,SETUP_REJECTED,,,mtf_bias_mismatch,bearish,,,,,,,,,,,,,,,,,,,
8110,2026-06-11T11:20:00+00:00,SWEEP,bullish,4083.986,,,,,,,,,,,,,,,,,,,,,
8112,2026-06-11T11:30:00+00:00,SWEEP,bearish,4095.682,,,,,,,,,,,,,,,,,,,,,
8114,2026-06-11T11:40:00+00:00,SWEEP,bullish,4082.718,,,,,,,,,,,,,,,,,,,,,
8118,2026-06-11T12:00:00+00:00,SWEEP,bullish,4079.681,,,,,,,,,,,,,,,,,,,,,
8124,2026-06-11T12:30:00+00:00,SWEEP,bullish,4061.526,,,,,,,,,,,,,,,,,,,,,
8127,2026-06-11T12:45:00+00:00,SETUP_REJECTED,,,mtf_bias_mismatch,bearish,,,,,,,,,,,,,,,,,,,
8127,2026-06-11T12:45:00+00:00,SETUP_REJECTED,,,mtf_bias_mismatch,bearish,,,,,,,,,,,,,,,,,,,
8139,2026-06-11T13:45:00+00:00,SWEEP,bearish,4086.761,,,,,,,,,,,,,,,,,,,,,
8140,2026-06-11T13:50:00+00:00,SWEEP,bearish,4092.607,,,,,,,,,,,,,,,,,,,,,
8144,2026-06-11T14:10:00+00:00,SWEEP,bullish,4057.387,,,,,,,,,,,,,,,,,,,,,
8147,2026-06-11T14:25:00+00:00,SETUP_REJECTED,,,mtf_bias_mismatch,bearish,,,,,,,,,,,,,,,,,,,
8156,2026-06-11T15:10:00+00:00,SETUP_REJECTED,,,mtf_bias_mismatch,bearish,,,,,,,,,,,,,,,,,,,
8162,2026-06-11T15:40:00+00:00,SWEEP,bearish,4089.231,,,,,,,,,,,,,,,,,,,,,
8163,2026-06-11T15:45:00+00:00,SWEEP,bearish,4090.537,,,,,,,,,,,,,,,,,,,,,
8164,2026-06-11T15:50:00+00:00,SWEEP,bearish,4091.753,,,,,,,,,,,,,,,,,,,,,
8169,2026-06-11T16:15:00+00:00,SWEEP,bearish,4103.407,,,,,,,,,,,,,,,,,,,,,
8178,2026-06-11T17:00:00+00:00,SWEEP,bullish,4074.829,,,,,,,,,,,,,,,,,,,,,
8184,2026-06-11T17:30:00+00:00,SETUP_REJECTED,,,mtf_bias_mismatch,bearish,,,,,,,,,,,,,,,,,,,
8185,2026-06-11T17:35:00+00:00,SETUP_REJECTED,,,mtf_bias_mismatch,bearish,,,,,,,,,,,,,,,,,,,
8199,2026-06-11T18:45:00+00:00,SWEEP,bearish,4170.133,,,,,,,,,,,,,,,,,,,,,
8203,2026-06-11T19:05:00+00:00,SWEEP,bearish,4174.374,,,,,,,,,,,,,,,,,,,,,
8206,2026-06-11T19:20:00+00:00,SWEEP,bearish,4196.908,,,,,,,,,,,,,,,,,,,,,
8207,2026-06-11T19:25:00+00:00,SWEEP,bearish,4198.195,,,,,,,,,,,,,,,,,,,,,
8209,2026-06-11T19:35:00+00:00,SWEEP,bearish,4215.057,,,,,,,,,,,,,,,,,,,,,
8226,2026-06-11T22:00:00+00:00,SWEEP,bearish,4219.959,,,,,,,,,,,,,,,,,,,,,
8253,2026-06-12T00:15:00+00:00,SWEEP,bullish,4211.855,,,,,,,,,,,,,,,,,,,,,
8255,2026-06-12T00:25:00+00:00,SETUP_REJECTED,,,mtf_bias_mismatch,bearish,,,,,,,,,,,,,,,,,,,
8261,2026-06-12T00:55:00+00:00,SWEEP,bullish,4200.728,,,,,,,,,,,,,,,,,,,,,
8263,2026-06-12T01:05:00+00:00,SWEEP,bullish,4183.83,,,,,,,,,,,,,,,,,,,,,
8268,2026-06-12T01:30:00+00:00,SWEEP,bullish,4178.884,,,,,,,,,,,,,,,,,,,,,
8269,2026-06-12T01:35:00+00:00,SWEEP,bullish,4176.806,,,,,,,,,,,,,,,,,,,,,
8272,2026-06-12T01:50:00+00:00,SETUP_REJECTED,,,mtf_bias_mismatch,neutral,,,,,,,,,,,,,,,,,,,
8272,2026-06-12T01:50:00+00:00,SETUP_REJECTED,,,mtf_bias_mismatch,neutral,,,,,,,,,,,,,,,,,,,
8272,2026-06-12T01:50:00+00:00,SETUP_REJECTED,,,mtf_bias_mismatch,neutral,,,,,,,,,,,,,,,,,,,
8272,2026-06-12T01:50:00+00:00,SETUP_REJECTED,,,mtf_bias_mismatch,neutral,,,,,,,,,,,,,,,,,,,
8289,2026-06-12T03:15:00+00:00,SWEEP,bearish,4199.909,,,,,,,,,,,,,,,,,,,,,
8292,2026-06-12T03:30:00+00:00,SWEEP,bearish,4203.706,,,,,,,,,,,,,,,,,,,,,
8293,2026-06-12T03:35:00+00:00,SWEEP,bearish,4204.593,,,,,,,,,,,,,,,,,,,,,
8294,2026-06-12T03:40:00+00:00,SWEEP,bearish,4204.857,,,,,,,,,,,,,,,,,,,,,
8307,2026-06-12T04:45:00+00:00,SWEEP,bullish,4190.447,,,,,,,,,,,,,,,,,,,,,
8309,2026-06-12T04:55:00+00:00,SWEEP,bullish,4189.832,,,,,,,,,,,,,,,,,,,,,
8312,2026-06-12T05:10:00+00:00,SWEEP,bullish,4185.1,,,,,,,,,,,,,,,,,,,,,
8321,2026-06-12T05:55:00+00:00,SWEEP,bullish,4172.321,,,,,,,,,,,,,,,,,,,,,
8323,2026-06-12T06:05:00+00:00,SETUP_REJECTED,,,mtf_bias_mismatch,neutral,,,,,,,,,,,,,,,,,,,
8323,2026-06-12T06:05:00+00:00,SETUP_REJECTED,,,mtf_bias_mismatch,neutral,,,,,,,,,,,,,,,,,,,
8340,2026-06-12T07:30:00+00:00,SWEEP,bullish,4170.758,,,,,,,,,,,,,,,,,,,,,
8342,2026-06-12T07:40:00+00:00,SETUP_REJECTED,,,mtf_bias_mismatch,neutral,,,,,,,,,,,,,,,,,,,
8346,2026-06-12T08:00:00+00:00,SETUP_REJECTED,,,mtf_bias_mismatch,bearish,,,,,,,,,,,,,,,,,,,
8347,2026-06-12T08:05:00+00:00,SWEEP,bearish,4203.015,,,,,,,,,,,,,,,,,,,,,
8348,2026-06-12T08:10:00+00:00,SWEEP,bearish,4203.788,,,,,,,,,,,,,,,,,,,,,
8350,2026-06-12T08:20:00+00:00,SWEEP,bearish,4220.014,,,,,,,,,,,,,,,,,,,,,
8350,2026-06-12T08:20:00+00:00,SETUP_REJECTED,,,mtf_bias_mismatch,bearish,,,,,,,,,,,,,,,,,,,
8357,2026-06-12T08:55:00+00:00,SWEEP,bearish,4222.583,,,,,,,,,,,,,,,,,,,,,
8361,2026-06-12T09:15:00+00:00,SWEEP,bearish,4226.033,,,,,,,,,,,,,,,,,,,,,
8365,2026-06-12T09:35:00+00:00,SWEEP,bearish,4226.853,,,,,,,,,,,,,,,,,,,,,
8366,2026-06-12T09:40:00+00:00,SWEEP,bearish,4227.192,,,,,,,,,,,,,,,,,,,,,
8374,2026-06-12T10:20:00+00:00,SWEEP,bullish,4211.779,,,,,,,,,,,,,,,,,,,,,
8374,2026-06-12T10:20:00+00:00,SETUP_REJECTED,,,mtf_bias_mismatch,bullish,,,,,,,,,,,,,,,,,,,
8374,2026-06-12T10:20:00+00:00,SETUP_REJECTED,,,mtf_bias_mismatch,bullish,,,,,,,,,,,,,,,,,,,
8375,2026-06-12T10:25:00+00:00,SETUP_REJECTED,,,mtf_bias_mismatch,neutral,,,,,,,,,,,,,,,,,,,
8375,2026-06-12T10:25:00+00:00,SETUP_REJECTED,,,mtf_bias_mismatch,neutral,,,,,,,,,,,,,,,,,,,
8400,2026-06-12T12:30:00+00:00,SWEEP,bullish,4197.41,,,,,,,,,,,,,,,,,,,,,
8402,2026-06-12T12:40:00+00:00,SWEEP,bullish,4192.266,,,,,,,,,,,,,,,,,,,,,
8405,2026-06-12T12:55:00+00:00,SWEEP,bullish,4191.636,,,,,,,,,,,,,,,,,,,,,
8406,2026-06-12T13:00:00+00:00,SWEEP,bullish,4188.44,,,,,,,,,,,,,,,,,,,,,
8410,2026-06-12T13:20:00+00:00,SETUP_REJECTED,,,mtf_bias_mismatch,bearish,,,,,,,,,,,,,,,,,,,
8410,2026-06-12T13:20:00+00:00,SETUP_REJECTED,,,mtf_bias_mismatch,bearish,,,,,,,,,,,,,,,,,,,
8410,2026-06-12T13:20:00+00:00,SETUP_REJECTED,,,mtf_bias_mismatch,bearish,,,,,,,,,,,,,,,,,,,
8410,2026-06-12T13:20:00+00:00,SETUP_REJECTED,,,mtf_bias_mismatch,bearish,,,,,,,,,,,,,,,,,,,
8414,2026-06-12T13:40:00+00:00,SWEEP,bullish,4186.56,,,,,,,,,,,,,,,,,,,,,
8422,2026-06-12T14:20:00+00:00,SWEEP,bullish,4182.73,,,,,,,,,,,,,,,,,,,,,
8424,2026-06-12T14:30:00+00:00,SWEEP,bullish,4182.514,,,,,,,,,,,,,,,,,,,,,
8427,2026-06-12T14:45:00+00:00,SWEEP,bullish,4180.912,,,,,,,,,,,,,,,,,,,,,
8429,2026-06-12T14:55:00+00:00,SETUP_REJECTED,,,mtf_bias_mismatch,bearish,,,,,,,,,,,,,,,,,,,
8429,2026-06-12T14:55:00+00:00,SETUP_REJECTED,,,mtf_bias_mismatch,bearish,,,,,,,,,,,,,,,,,,,
8429,2026-06-12T14:55:00+00:00,SETUP_REJECTED,,,mtf_bias_mismatch,bearish,,,,,,,,,,,,,,,,,,,
8431,2026-06-12T15:05:00+00:00,SWEEP,bearish,4210.169,,,,,,,,,,,,,,,,,,,,,
8433,2026-06-12T15:15:00+00:00,SETUP_REJECTED,,,mtf_bias_mismatch,bearish,,,,,,,,,,,,,,,,,,,
8433,2026-06-12T15:15:00+00:00,SETUP_REJECTED,,,mtf_bias_mismatch,bearish,,,,,,,,,,,,,,,,,,,
8433,2026-06-12T15:15:00+00:00,SETUP_REJECTED,,,mtf_bias_mismatch,bearish,,,,,,,,,,,,,,,,,,,
8435,2026-06-12T15:25:00+00:00,SWEEP,bearish,4230.471,,,,,,,,,,,,,,,,,,,,,
8435,2026-06-12T15:25:00+00:00,SETUP_REJECTED,,,mtf_bias_mismatch,bearish,,,,,,,,,,,,,,,,,,,
8435,2026-06-12T15:25:00+00:00,SETUP_REJECTED,,,mtf_bias_mismatch,bearish,,,,,,,,,,,,,,,,,,,
8470,2026-06-12T18:20:00+00:00,SWEEP,bearish,4229.586,,,,,,,,,,,,,,,,,,,,,
8472,2026-06-12T18:30:00+00:00,SETUP_REJECTED,,,mtf_bias_mismatch,bullish,,,,,,,,,,,,,,,,,,,
8476,2026-06-12T18:50:00+00:00,SETUP_REJECTED,,,mtf_bias_mismatch,bullish,,,,,,,,,,,,,,,,,,,
8477,2026-06-12T18:55:00+00:00,SETUP_REJECTED,,,mtf_bias_mismatch,bullish,,,,,,,,,,,,,,,,,,,
8478,2026-06-12T19:00:00+00:00,SETUP_REJECTED,,,mtf_bias_mismatch,neutral,,,,,,,,,,,,,,,,,,,
8481,2026-06-12T19:15:00+00:00,SWEEP,bullish,4214.02,,,,,,,,,,,,,,,,,,,,,
8482,2026-06-12T19:20:00+00:00,SETUP_REJECTED,,,mtf_bias_mismatch,neutral,,,,,,,,,,,,,,,,,,,
8485,2026-06-12T19:35:00+00:00,SWEEP,bullish,4203.853,,,,,,,,,,,,,,,,,,,,,
8490,2026-06-12T20:00:00+00:00,SETUP_REJECTED,,,mtf_bias_mismatch,neutral,,,,,,,,,,,,,,,,,,,
8490,2026-06-12T20:00:00+00:00,SETUP_REJECTED,,,mtf_bias_mismatch,neutral,,,,,,,,,,,,,,,,,,,
8493,2026-06-12T20:15:00+00:00,SETUP_REJECTED,,,mtf_bias_mismatch,neutral,,,,,,,,,,,,,,,,,,,
8493,2026-06-12T20:15:00+00:00,SETUP_REJECTED,,,mtf_bias_mismatch,neutral,,,,,,,,,,,,,,,,,,,
8494,2026-06-12T20:20:00+00:00,SETUP_REJECTED,,,mtf_bias_mismatch,neutral,,,,,,,,,,,,,,,,,,,
8531,2026-06-15T00:25:00+00:00,SWEEP,bearish,4307.844,,,,,,,,,,,,,,,,,,,,,
8537,2026-06-15T00:55:00+00:00,SETUP_REJECTED,,,mtf_bias_mismatch,bullish,,,,,,,,,,,,,,,,,,,
8545,2026-06-15T01:35:00+00:00,SWEEP,bearish,4315.538,,,,,,,,,,,,,,,,,,,,,
8551,2026-06-15T02:05:00+00:00,SWEEP,bearish,4324.246,,,,,,,,,,,,,,,,,,,,,
8553,2026-06-15T02:15:00+00:00,SWEEP,bearish,4326.736,,,,,,,,,,,,,,,,,,,,,
8556,2026-06-15T02:30:00+00:00,SWEEP,bearish,4331.142,,,,,,,,,,,,,,,,,,,,,
8559,2026-06-15T02:45:00+00:00,SWEEP,bearish,4334.307,,,,,,,,,,,,,,,,,,,,,
8560,2026-06-15T02:50:00+00:00,SWEEP,bearish,4334.936,,,,,,,,,,,,,,,,,,,,,
8578,2026-06-15T04:20:00+00:00,SWEEP,bullish,4321.279,,,,,,,,,,,,,,,,,,,,,
8586,2026-06-15T05:00:00+00:00,SWEEP,bearish,4329.997,,,,,,,,,,,,,,,,,,,,,
8588,2026-06-15T05:10:00+00:00,SWEEP,bearish,4330.147,,,,,,,,,,,,,,,,,,,,,
8590,2026-06-15T05:20:00+00:00,SWEEP,bearish,4331.021,,,,,,,,,,,,,,,,,,,,,
8593,2026-06-15T05:35:00+00:00,SWEEP,bullish,4320.482,,,,,,,,,,,,,,,,,,,,,
8593,2026-06-15T05:35:00+00:00,SETUP_REJECTED,,,mtf_bias_mismatch,bullish,,,,,,,,,,,,,,,,,,,
8593,2026-06-15T05:35:00+00:00,SETUP_REJECTED,,,mtf_bias_mismatch,bullish,,,,,,,,,,,,,,,,,,,
8593,2026-06-15T05:35:00+00:00,SETUP_REJECTED,,,mtf_bias_mismatch,bullish,,,,,,,,,,,,,,,,,,,
8594,2026-06-15T05:40:00+00:00,SETUP_REJECTED,,,mtf_bias_mismatch,bullish,,,,,,,,,,,,,,,,,,,
8594,2026-06-15T05:40:00+00:00,SETUP_REJECTED,,,mtf_bias_mismatch,bullish,,,,,,,,,,,,,,,,,,,
8594,2026-06-15T05:40:00+00:00,SETUP_REJECTED,,,mtf_bias_mismatch,bullish,,,,,,,,,,,,,,,,,,,
8595,2026-06-15T05:45:00+00:00,SWEEP,bullish,4312.548,,,,,,,,,,,,,,,,,,,,,
8595,2026-06-15T05:45:00+00:00,SETUP_REJECTED,,,mtf_bias_mismatch,bullish,,,,,,,,,,,,,,,,,,,
8595,2026-06-15T05:45:00+00:00,SETUP_REJECTED,,,mtf_bias_mismatch,bullish,,,,,,,,,,,,,,,,,,,
8595,2026-06-15T05:45:00+00:00,SETUP_REJECTED,,,mtf_bias_mismatch,bullish,,,,,,,,,,,,,,,,,,,
8596,2026-06-15T05:50:00+00:00,SWEEP,bullish,4309.387,,,,,,,,,,,,,,,,,,,,,
8597,2026-06-15T05:55:00+00:00,SWEEP,bullish,4308.011,,,,,,,,,,,,,,,,,,,,,
8600,2026-06-15T06:10:00+00:00,SWEEP,bullish,4303.375,,,,,,,,,,,,,,,,,,,,,
8598,2026-06-15T06:00:00+00:00,OB_FORMED,bearish,,,bearish,21.0,4309.47,4312.711,70.86,4176.959,4.5,"{'D1': 'bearish', 'H1': 'bullish', 'M15': 'bearish', 'M5': 'bullish'}",,,,,,,,,,,,
8601,2026-06-15T06:15:00+00:00,OB_TOUCH,,,,,21.0,,,,,,,3.0,,,,,,,,,,,
8601,2026-06-15T06:15:00+00:00,ENTRY,bearish,,,bearish,21.0,,,,4176.959,4.5,,,,,5.0,4304.763,4313.74575,4286.7975,crossed_ob_reentry_70pct,retracement_swing,True,,
8605,2026-06-15T06:35:00+00:00,SWEEP,bullish,4302.622,,,,,,,,,,,,,,,,,,,,,
8606,2026-06-15T06:40:00+00:00,SWEEP,bullish,4302.47,,,,,,,,,,,,,,,,,,,,,
8612,2026-06-15T07:10:00+00:00,TRADE_EXIT,,,SL,,,,,,,,,,,,5.0,,,,,,,LOSS,-1.0
8621,2026-06-15T07:55:00+00:00,SWEEP,bearish,4323.375,,,,,,,,,,,,,,,,,,,,,
8624,2026-06-15T08:10:00+00:00,SWEEP,bearish,4329.333,,,,,,,,,,,,,,,,,,,,,
8625,2026-06-15T08:15:00+00:00,SWEEP,bearish,4329.557,,,,,,,,,,,,,,,,,,,,,
8626,2026-06-15T08:20:00+00:00,SWEEP,bearish,4331.368,,,,,,,,,,,,,,,,,,,,,
8627,2026-06-15T08:25:00+00:00,SWEEP,bearish,4331.91,,,,,,,,,,,,,,,,,,,,,
8629,2026-06-15T08:35:00+00:00,SWEEP,bearish,4343.622,,,,,,,,,,,,,,,,,,,,,
8666,2026-06-15T11:40:00+00:00,SWEEP,bearish,4346.972,,,,,,,,,,,,,,,,,,,,,
8667,2026-06-15T11:45:00+00:00,SETUP_REJECTED,,,mtf_bias_mismatch,bullish,,,,,,,,,,,,,,,,,,,
8668,2026-06-15T11:50:00+00:00,SETUP_REJECTED,,,mtf_bias_mismatch,bullish,,,,,,,,,,,,,,,,,,,
8673,2026-06-15T12:15:00+00:00,SETUP_REJECTED,,,mtf_bias_mismatch,neutral,,,,,,,,,,,,,,,,,,,
8680,2026-06-15T12:50:00+00:00,SWEEP,bearish,4347.567,,,,,,,,,,,,,,,,,,,,,
8686,2026-06-15T13:20:00+00:00,SWEEP,bearish,4353.831,,,,,,,,,,,,,,,,,,,,,
8687,2026-06-15T13:25:00+00:00,SWEEP,bearish,4355.611,,,,,,,,,,,,,,,,,,,,,
8689,2026-06-15T13:35:00+00:00,SWEEP,bearish,4365.055,,,,,,,,,,,,,,,,,,,,,
8690,2026-06-15T13:40:00+00:00,SWEEP,bearish,4366.898,,,,,,,,,,,,,,,,,,,,,
8695,2026-06-15T14:05:00+00:00,SWEEP,bearish,4368.676,,,,,,,,,,,,,,,,,,,,,
8706,2026-06-15T15:00:00+00:00,SWEEP,bullish,4351.447,,,,,,,,,,,,,,,,,,,,,
8706,2026-06-15T15:00:00+00:00,SETUP_REJECTED,,,mtf_bias_mismatch,neutral,,,,,,,,,,,,,,,,,,,
8712,2026-06-15T15:30:00+00:00,SWEEP,bullish,4349.674,,,,,,,,,,,,,,,,,,,,,
8715,2026-06-15T15:45:00+00:00,SETUP_REJECTED,,,mtf_bias_mismatch,neutral,,,,,,,,,,,,,,,,,,,
8715,2026-06-15T15:45:00+00:00,SETUP_REJECTED,,,mtf_bias_mismatch,neutral,,,,,,,,,,,,,,,,,,,
8720,2026-06-15T16:10:00+00:00,SWEEP,bullish,4349.464,,,,,,,,,,,,,,,,,,,,,
8723,2026-06-15T16:25:00+00:00,SWEEP,bullish,4339.9,,,,,,,,,,,,,,,,,,,,,
8724,2026-06-15T16:30:00+00:00,SWEEP,bullish,4338.984,,,,,,,,,,,,,,,,,,,,,
8725,2026-06-15T16:35:00+00:00,SWEEP,bullish,4338.312,,,,,,,,,,,,,,,,,,,,,
8727,2026-06-15T16:45:00+00:00,SWEEP,bullish,4336.108,,,,,,,,,,,,,,,,,,,,,
8728,2026-06-15T16:50:00+00:00,SWEEP,bullish,4335.769,,,,,,,,,,,,,,,,,,,,,
8732,2026-06-15T17:10:00+00:00,SWEEP,bullish,4331.298,,,,,,,,,,,,,,,,,,,,,
8733,2026-06-15T17:15:00+00:00,SWEEP,bullish,4330.567,,,,,,,,,,,,,,,,,,,,,
8734,2026-06-15T17:20:00+00:00,SWEEP,bullish,4330.27,,,,,,,,,,,,,,,,,,,,,
8738,2026-06-15T17:40:00+00:00,SWEEP,bullish,4321.728,,,,,,,,,,,,,,,,,,,,,
8740,2026-06-15T17:50:00+00:00,SWEEP,bullish,4321.148,,,,,,,,,,,,,,,,,,,,,
8742,2026-06-15T18:00:00+00:00,SWEEP,bullish,4320.344,,,,,,,,,,,,,,,,,,,,,
8745,2026-06-15T18:15:00+00:00,SETUP_REJECTED,,,mtf_bias_mismatch,bearish,,,,,,,,,,,,,,,,,,,
8745,2026-06-15T18:15:00+00:00,SETUP_REJECTED,,,mtf_bias_mismatch,bearish,,,,,,,,,,,,,,,,,,,
8745,2026-06-15T18:15:00+00:00,SETUP_REJECTED,,,mtf_bias_mismatch,bearish,,,,,,,,,,,,,,,,,,,
8745,2026-06-15T18:15:00+00:00,SETUP_REJECTED,,,mtf_bias_mismatch,bearish,,,,,,,,,,,,,,,,,,,
8745,2026-06-15T18:15:00+00:00,SETUP_REJECTED,,,mtf_bias_mismatch,bearish,,,,,,,,,,,,,,,,,,,
8746,2026-06-15T18:20:00+00:00,SETUP_REJECTED,,,mtf_bias_mismatch,bearish,,,,,,,,,,,,,,,,,,,
8746,2026-06-15T18:20:00+00:00,SETUP_REJECTED,,,mtf_bias_mismatch,bearish,,,,,,,,,,,,,,,,,,,
8746,2026-06-15T18:20:00+00:00,SETUP_REJECTED,,,mtf_bias_mismatch,bearish,,,,,,,,,,,,,,,,,,,
8746,2026-06-15T18:20:00+00:00,SETUP_REJECTED,,,mtf_bias_mismatch,bearish,,,,,,,,,,,,,,,,,,,
8763,2026-06-15T19:45:00+00:00,SWEEP,bullish,4318.059,,,,,,,,,,,,,,,,,,,,,
8764,2026-06-15T19:50:00+00:00,SWEEP,bullish,4317.852,,,,,,,,,,,,,,,,,,,,,
8769,2026-06-15T20:15:00+00:00,SWEEP,bullish,4315.671,,,,,,,,,,,,,,,,,,,,,
8771,2026-06-15T20:25:00+00:00,SWEEP,bullish,4312.168,,,,,,,,,,,,,,,,,,,,,
8773,2026-06-15T20:35:00+00:00,SWEEP,bullish,4310.698,,,,,,,,,,,,,,,,,,,,,
8779,2026-06-15T22:05:00+00:00,SETUP_REJECTED,,,mtf_bias_mismatch,bearish,,,,,,,,,,,,,,,,,,,
8779,2026-06-15T22:05:00+00:00,SETUP_REJECTED,,,mtf_bias_mismatch,bearish,,,,,,,,,,,,,,,,,,,
8779,2026-06-15T22:05:00+00:00,SETUP_REJECTED,,,mtf_bias_mismatch,bearish,,,,,,,,,,,,,,,,,,,
8783,2026-06-15T22:25:00+00:00,SWEEP,bullish,4306.314,,,,,,,,,,,,,,,,,,,,,
8785,2026-06-15T22:35:00+00:00,SETUP_REJECTED,,,mtf_bias_mismatch,bearish,,,,,,,,,,,,,,,,,,,
8785,2026-06-15T22:35:00+00:00,SETUP_REJECTED,,,mtf_bias_mismatch,bearish,,,,,,,,,,,,,,,,,,,
8797,2026-06-15T23:35:00+00:00,SWEEP,bearish,4316.442,,,,,,,,,,,,,,,,,,,,,
8800,2026-06-15T23:50:00+00:00,SWEEP,bearish,4319.09,,,,,,,,,,,,,,,,,,,,,
8805,2026-06-16T00:15:00+00:00,SWEEP,bullish,4309.864,,,,,,,,,,,,,,,,,,,,,
8807,2026-06-16T00:25:00+00:00,SWEEP,bullish,4308.158,,,,,,,,,,,,,,,,,,,,,
8813,2026-06-16T00:55:00+00:00,SETUP_REJECTED,,,mtf_bias_mismatch,bearish,,,,,,,,,,,,,,,,,,,
8813,2026-06-16T00:55:00+00:00,SETUP_REJECTED,,,mtf_bias_mismatch,bearish,,,,,,,,,,,,,,,,,,,
8814,2026-06-16T01:00:00+00:00,SETUP_REJECTED,,,mtf_bias_mismatch,bearish,,,,,,,,,,,,,,,,,,,
8814,2026-06-16T01:00:00+00:00,SETUP_REJECTED,,,mtf_bias_mismatch,bearish,,,,,,,,,,,,,,,,,,,
8840,2026-06-16T03:10:00+00:00,SWEEP,bearish,4320.712,,,,,,,,,,,,,,,,,,,,,
8843,2026-06-16T03:25:00+00:00,SWEEP,bearish,4320.994,,,,,,,,,,,,,,,,,,,,,
8847,2026-06-16T03:45:00+00:00,SWEEP,bearish,4332.878,,,,,,,,,,,,,,,,,,,,,
8849,2026-06-16T03:55:00+00:00,SWEEP,bearish,4332.908,,,,,,,,,,,,,,,,,,,,,
8852,2026-06-16T04:10:00+00:00,SETUP_REJECTED,,,mtf_bias_mismatch,bullish,,,,,,,,,,,,,,,,,,,
8852,2026-06-16T04:10:00+00:00,SETUP_REJECTED,,,mtf_bias_mismatch,bullish,,,,,,,,,,,,,,,,,,,
8852,2026-06-16T04:10:00+00:00,SETUP_REJECTED,,,mtf_bias_mismatch,bullish,,,,,,,,,,,,,,,,,,,
8852,2026-06-16T04:10:00+00:00,SETUP_REJECTED,,,mtf_bias_mismatch,bullish,,,,,,,,,,,,,,,,,,,
8853,2026-06-16T04:15:00+00:00,SETUP_REJECTED,,,mtf_bias_mismatch,bullish,,,,,,,,,,,,,,,,,,,
8853,2026-06-16T04:15:00+00:00,SETUP_REJECTED,,,mtf_bias_mismatch,bullish,,,,,,,,,,,,,,,,,,,
8853,2026-06-16T04:15:00+00:00,SETUP_REJECTED,,,mtf_bias_mismatch,bullish,,,,,,,,,,,,,,,,,,,
8868,2026-06-16T05:30:00+00:00,SWEEP,bullish,4321.003,,,,,,,,,,,,,,,,,,,,,
8870,2026-06-16T05:40:00+00:00,SWEEP,bullish,4316.694,,,,,,,,,,,,,,,,,,,,,
8874,2026-06-16T06:00:00+00:00,SWEEP,bullish,4314.249,,,,,,,,,,,,,,,,,,,,,
8886,2026-06-16T07:00:00+00:00,SETUP_REJECTED,,,mtf_bias_mismatch,bearish,,,,,,,,,,,,,,,,,,,
8892,2026-06-16T07:30:00+00:00,SWEEP,bearish,4329.58,,,,,,,,,,,,,,,,,,,,,
8896,2026-06-16T07:50:00+00:00,SWEEP,bearish,4332.704,,,,,,,,,,,,,,,,,,,,,
8898,2026-06-16T08:00:00+00:00,SWEEP,bearish,4335.507,,,,,,,,,,,,,,,,,,,,,
8900,2026-06-16T08:10:00+00:00,SWEEP,bearish,4338.946,,,,,,,,,,,,,,,,,,,,,
8901,2026-06-16T08:15:00+00:00,SWEEP,bearish,4339.998,,,,,,,,,,,,,,,,,,,,,
8903,2026-06-16T08:25:00+00:00,SWEEP,bearish,4341.96,,,,,,,,,,,,,,,,,,,,,
8906,2026-06-16T08:40:00+00:00,SWEEP,bearish,4343.544,,,,,,,,,,,,,,,,,,,,,
8911,2026-06-16T09:05:00+00:00,SWEEP,bearish,4348.018,,,,,,,,,,,,,,,,,,,,,
8920,2026-06-16T09:50:00+00:00,SWEEP,bearish,4348.303,,,,,,,,,,,,,,,,,,,,,
8932,2026-06-16T10:50:00+00:00,SWEEP,bearish,4348.401,,,,,,,,,,,,,,,,,,,,,
8933,2026-06-16T10:55:00+00:00,SWEEP,bearish,4348.931,,,,,,,,,,,,,,,,,,,,,
8934,2026-06-16T11:00:00+00:00,SWEEP,bearish,4348.965,,,,,,,,,,,,,,,,,,,,,
8935,2026-06-16T11:05:00+00:00,SETUP_REJECTED,,,mtf_bias_mismatch,neutral,,,,,,,,,,,,,,,,,,,
8935,2026-06-16T11:05:00+00:00,SETUP_REJECTED,,,mtf_bias_mismatch,neutral,,,,,,,,,,,,,,,,,,,
8935,2026-06-16T11:05:00+00:00,SETUP_REJECTED,,,mtf_bias_mismatch,neutral,,,,,,,,,,,,,,,,,,,
8936,2026-06-16T11:10:00+00:00,SETUP_REJECTED,,,mtf_bias_mismatch,neutral,,,,,,,,,,,,,,,,,,,
8936,2026-06-16T11:10:00+00:00,SETUP_REJECTED,,,mtf_bias_mismatch,neutral,,,,,,,,,,,,,,,,,,,
8936,2026-06-16T11:10:00+00:00,SETUP_REJECTED,,,mtf_bias_mismatch,neutral,,,,,,,,,,,,,,,,,,,
8937,2026-06-16T11:15:00+00:00,SWEEP,bullish,4339.526,,,,,,,,,,,,,,,,,,,,,
8940,2026-06-16T11:30:00+00:00,SWEEP,bullish,4338.482,,,,,,,,,,,,,,,,,,,,,
8941,2026-06-16T11:35:00+00:00,SWEEP,bullish,4338.001,,,,,,,,,,,,,,,,,,,,,
8954,2026-06-16T12:40:00+00:00,SWEEP,bearish,4349.466,,,,,,,,,,,,,,,,,,,,,
8955,2026-06-16T12:45:00+00:00,SWEEP,bearish,4349.785,,,,,,,,,,,,,,,,,,,,,
8957,2026-06-16T12:55:00+00:00,SWEEP,bearish,4354.794,,,,,,,,,,,,,,,,,,,,,
8962,2026-06-16T13:20:00+00:00,SWEEP,bullish,4336.88,,,,,,,,,,,,,,,,,,,,,
8970,2026-06-16T14:00:00+00:00,SWEEP,bullish,4331.509,,,,,,,,,,,,,,,,,,,,,
8974,2026-06-16T14:20:00+00:00,SWEEP,bullish,4322.29,,,,,,,,,,,,,,,,,,,,,
8976,2026-06-16T14:30:00+00:00,SWEEP,bullish,4317.438,,,,,,,,,,,,,,,,,,,,,
8978,2026-06-16T14:40:00+00:00,SETUP_REJECTED,,,mtf_bias_mismatch,bearish,,,,,,,,,,,,,,,,,,,
8978,2026-06-16T14:40:00+00:00,SETUP_REJECTED,,,mtf_bias_mismatch,bearish,,,,,,,,,,,,,,,,,,,
8978,2026-06-16T14:40:00+00:00,SETUP_REJECTED,,,mtf_bias_mismatch,bearish,,,,,,,,,,,,,,,,,,,
8993,2026-06-16T15:55:00+00:00,SWEEP,bearish,4338.383,,,,,,,,,,,,,,,,,,,,,
8995,2026-06-16T16:05:00+00:00,SWEEP,bearish,4343.543,,,,,,,,,,,,,,,,,,,,,
9005,2026-06-16T16:55:00+00:00,SETUP_REJECTED,,,mtf_bias_mismatch,bullish,,,,,,,,,,,,,,,,,,,
9005,2026-06-16T16:55:00+00:00,SETUP_REJECTED,,,mtf_bias_mismatch,bullish,,,,,,,,,,,,,,,,,,,
9006,2026-06-16T17:00:00+00:00,SETUP_REJECTED,,,mtf_bias_mismatch,bullish,,,,,,,,,,,,,,,,,,,
9031,2026-06-16T19:05:00+00:00,SWEEP,bearish,4342.913,,,,,,,,,,,,,,,,,,,,,
9041,2026-06-16T19:55:00+00:00,SWEEP,bullish,4333.317,,,,,,,,,,,,,,,,,,,,,
9038,2026-06-16T19:40:00+00:00,OB_FORMED,bearish,,,bearish,22.0,4337.025,4339.21,79.98,4306.624,6.0,"{'D1': 'bearish', 'H1': 'bearish', 'M15': 'bullish', 'M5': 'bearish'}",,,,,,,,,,,,
9051,2026-06-16T20:45:00+00:00,SWEEP,bullish,4330.457,,,,,,,,,,,,,,,,,,,,,
9053,2026-06-16T20:55:00+00:00,SWEEP,bullish,4330.449,,,,,,,,,,,,,,,,,,,,,
9057,2026-06-16T22:15:00+00:00,SWEEP,bullish,4329.466,,,,,,,,,,,,,,,,,,,,,
9059,2026-06-16T22:25:00+00:00,SWEEP,bullish,4328.926,,,,,,,,,,,,,,,,,,,,,
9067,2026-06-16T23:05:00+00:00,SWEEP,bearish,4336.218,,,,,,,,,,,,,,,,,,,,,
9068,2026-06-16T23:10:00+00:00,SWEEP,bearish,4336.518,,,,,,,,,,,,,,,,,,,,,
9068,2026-06-16T23:10:00+00:00,OB_TOUCH,,,,,22.0,,,,,,,30.0,,,,,,,,,,,
9068,2026-06-16T23:10:00+00:00,ENTRY_WAIT_REVERSAL,,,,,22.0,,,,,,,,129.79,,,,,,,,,,
9069,2026-06-16T23:15:00+00:00,ENTRY_WAIT_REVERSAL,,,,,22.0,,,,,,,,148.28,,,,,,,,,,
9078,2026-06-17T00:00:00+00:00,SWEEP,bullish,4328.797,,,,,,,,,,,,,,,,,,,,,
9079,2026-06-17T00:05:00+00:00,SWEEP,bearish,4338.267,,,,,,,,,,,,,,,,,,,,,
9079,2026-06-17T00:05:00+00:00,SETUP_REJECTED,,,mtf_bias_mismatch,bearish,,,,,,,,,,,,,,,,,,,
9079,2026-06-17T00:05:00+00:00,ENTRY_WAIT_70_REENTRY,,,,,22.0,,,,,,,,60.78,,,,,,,,,,
9080,2026-06-17T00:10:00+00:00,SWEEP,bearish,4339.328,,,,,,,,,,,,,,,,,,,,,
9080,2026-06-17T00:10:00+00:00,SETUP_REJECTED,,,mtf_bias_mismatch,bearish,,,,,,,,,,,,,,,,,,,
9080,2026-06-17T00:10:00+00:00,ENTRY_WAIT_70_REENTRY,,,,,22.0,,,,,,,,68.38,,,,,,,,,,
9081,2026-06-17T00:15:00+00:00,SWEEP,bearish,4339.981,,,,,,,,,,,,,,,,,,,,,
9081,2026-06-17T00:15:00+00:00,OB_INVALIDATED,,,,,22.0,,,,,,,,,,,,,,,,,,
9116,2026-06-17T03:10:00+00:00,SWEEP,bullish,4329.589,,,,,,,,,,,,,,,,,,,,,
9117,2026-06-17T03:15:00+00:00,SWEEP,bullish,4329.546,,,,,,,,,,,,,,,,,,,,,
9130,2026-06-17T04:20:00+00:00,SWEEP,bullish,4328.437,,,,,,,,,,,,,,,,,,,,,
9142,2026-06-17T05:20:00+00:00,SETUP_REJECTED,,,mtf_bias_mismatch,bearish,,,,,,,,,,,,,,,,,,,
9147,2026-06-17T05:45:00+00:00,SWEEP,bearish,4333.996,,,,,,,,,,,,,,,,,,,,,
9154,2026-06-17T06:20:00+00:00,SWEEP,bullish,4321.017,,,,,,,,,,,,,,,,,,,,,
9152,2026-06-17T06:10:00+00:00,OB_FORMED,bearish,,,bearish,23.0,4326.655,4329.901,68.04,4313.008,5.5,"{'D1': 'bearish', 'H1': 'bullish', 'M15': 'bearish', 'M5': 'bearish'}",,,,,,,,,,,,
9155,2026-06-17T06:25:00+00:00,OB_TOUCH,,,,,23.0,,,,,,,3.0,,,,,,,,,,,
9155,2026-06-17T06:25:00+00:00,ENTRY_WAIT_REVERSAL,,,,,23.0,,,,,,,,168.58,,,,,,,,,,
9158,2026-06-17T06:40:00+00:00,ENTRY_WAIT_70_REENTRY,,,,,23.0,,,,,,,,65.71,,,,,,,,,,
9159,2026-06-17T06:45:00+00:00,ENTRY_WAIT_70_REENTRY,,,,,23.0,,,,,,,,25.79,,,,,,,,,,
9160,2026-06-17T06:50:00+00:00,ENTRY_WAIT_70_REENTRY,,,,,23.0,,,,,,,,21.13,,,,,,,,,,
9161,2026-06-17T06:55:00+00:00,OB_INVALIDATED,,,,,23.0,,,,,,,,,,,,,,,,,,
9176,2026-06-17T08:10:00+00:00,SWEEP,bullish,4322.59,,,,,,,,,,,,,,,,,,,,,
9177,2026-06-17T08:15:00+00:00,SWEEP,bullish,4322.072,,,,,,,,,,,,,,,,,,,,,
9182,2026-06-17T08:40:00+00:00,SWEEP,bullish,4319.536,,,,,,,,,,,,,,,,,,,,,
9183,2026-06-17T08:45:00+00:00,SWEEP,bullish,4318.878,,,,,,,,,,,,,,,,,,,,,
9185,2026-06-17T08:55:00+00:00,SETUP_REJECTED,,,mtf_bias_mismatch,bearish,,,,,,,,,,,,,,,,,,,
9185,2026-06-17T08:55:00+00:00,SETUP_REJECTED,,,mtf_bias_mismatch,bearish,,,,,,,,,,,,,,,,,,,
9185,2026-06-17T08:55:00+00:00,SETUP_REJECTED,,,mtf_bias_mismatch,bearish,,,,,,,,,,,,,,,,,,,
9185,2026-06-17T08:55:00+00:00,SETUP_REJECTED,,,mtf_bias_mismatch,bearish,,,,,,,,,,,,,,,,,,,
9189,2026-06-17T09:15:00+00:00,SETUP_REJECTED,,,mtf_bias_mismatch,bearish,,,,,,,,,,,,,,,,,,,
9189,2026-06-17T09:15:00+00:00,SETUP_REJECTED,,,mtf_bias_mismatch,bearish,,,,,,,,,,,,,,,,,,,
9189,2026-06-17T09:15:00+00:00,SETUP_REJECTED,,,mtf_bias_mismatch,bearish,,,,,,,,,,,,,,,,,,,
9192,2026-06-17T09:30:00+00:00,SWEEP,bearish,4333.411,,,,,,,,,,,,,,,,,,,,,
9217,2026-06-17T11:35:00+00:00,SWEEP,bullish,4325.698,,,,,,,,,,,,,,,,,,,,,
9218,2026-06-17T11:40:00+00:00,SWEEP,bullish,4324.975,,,,,,,,,,,,,,,,,,,,,
9219,2026-06-17T11:45:00+00:00,SWEEP,bullish,4324.089,,,,,,,,,,,,,,,,,,,,,
9223,2026-06-17T12:05:00+00:00,SWEEP,bullish,4320.747,,,,,,,,,,,,,,,,,,,,,
9224,2026-06-17T12:10:00+00:00,SWEEP,bullish,4320.281,,,,,,,,,,,,,,,,,,,,,
9229,2026-06-17T12:35:00+00:00,SETUP_REJECTED,,,mtf_bias_mismatch,bearish,,,,,,,,,,,,,,,,,,,
9229,2026-06-17T12:35:00+00:00,SETUP_REJECTED,,,mtf_bias_mismatch,bearish,,,,,,,,,,,,,,,,,,,
9229,2026-06-17T12:35:00+00:00,SETUP_REJECTED,,,mtf_bias_mismatch,bearish,,,,,,,,,,,,,,,,,,,
9229,2026-06-17T12:35:00+00:00,SETUP_REJECTED,,,mtf_bias_mismatch,bearish,,,,,,,,,,,,,,,,,,,
9229,2026-06-17T12:35:00+00:00,SETUP_REJECTED,,,mtf_bias_mismatch,bearish,,,,,,,,,,,,,,,,,,,
9232,2026-06-17T12:50:00+00:00,SWEEP,bearish,4334.885,,,,,,,,,,,,,,,,,,,,,
9232,2026-06-17T12:50:00+00:00,SETUP_REJECTED,,,mtf_bias_mismatch,bearish,,,,,,,,,,,,,,,,,,,
9232,2026-06-17T12:50:00+00:00,SETUP_REJECTED,,,mtf_bias_mismatch,bearish,,,,,,,,,,,,,,,,,,,
9235,2026-06-17T13:05:00+00:00,SETUP_REJECTED,,,mtf_bias_mismatch,neutral,,,,,,,,,,,,,,,,,,,
9241,2026-06-17T13:35:00+00:00,SWEEP,bearish,4338.321,,,,,,,,,,,,,,,,,,,,,
9243,2026-06-17T13:45:00+00:00,SWEEP,bearish,4341.686,,,,,,,,,,,,,,,,,,,,,
9244,2026-06-17T13:50:00+00:00,SWEEP,bearish,4344.363,,,,,,,,,,,,,,,,,,,,,
9247,2026-06-17T14:05:00+00:00,SWEEP,bearish,4345.29,,,,,,,,,,,,,,,,,,,,,
9252,2026-06-17T14:30:00+00:00,SWEEP,bearish,4362.324,,,,,,,,,,,,,,,,,,,,,
9254,2026-06-17T14:40:00+00:00,SETUP_REJECTED,,,mtf_bias_mismatch,bullish,,,,,,,,,,,,,,,,,,,
9254,2026-06-17T14:40:00+00:00,SETUP_REJECTED,,,mtf_bias_mismatch,bullish,,,,,,,,,,,,,,,,,,,
9254,2026-06-17T14:40:00+00:00,SETUP_REJECTED,,,mtf_bias_mismatch,bullish,,,,,,,,,,,,,,,,,,,
9254,2026-06-17T14:40:00+00:00,SETUP_REJECTED,,,mtf_bias_mismatch,bullish,,,,,,,,,,,,,,,,,,,
9269,2026-06-17T15:55:00+00:00,SWEEP,bearish,4363.976,,,,,,,,,,,,,,,,,,,,,
9270,2026-06-17T16:00:00+00:00,SWEEP,bearish,4364.912,,,,,,,,,,,,,,,,,,,,,
9274,2026-06-17T16:20:00+00:00,SWEEP,bearish,4365.807,,,,,,,,,,,,,,,,,,,,,
9277,2026-06-17T16:35:00+00:00,SETUP_REJECTED,,,mtf_bias_mismatch,bullish,,,,,,,,,,,,,,,,,,,
9277,2026-06-17T16:35:00+00:00,SETUP_REJECTED,,,mtf_bias_mismatch,bullish,,,,,,,,,,,,,,,,,,,
9277,2026-06-17T16:35:00+00:00,SETUP_REJECTED,,,mtf_bias_mismatch,bullish,,,,,,,,,,,,,,,,,,,
9278,2026-06-17T16:40:00+00:00,SETUP_REJECTED,,,mtf_bias_mismatch,bullish,,,,,,,,,,,,,,,,,,,
9278,2026-06-17T16:40:00+00:00,SETUP_REJECTED,,,mtf_bias_mismatch,bullish,,,,,,,,,,,,,,,,,,,
9278,2026-06-17T16:40:00+00:00,SETUP_REJECTED,,,mtf_bias_mismatch,bullish,,,,,,,,,,,,,,,,,,,
9279,2026-06-17T16:45:00+00:00,SETUP_REJECTED,,,mtf_bias_mismatch,bullish,,,,,,,,,,,,,,,,,,,
9279,2026-06-17T16:45:00+00:00,SETUP_REJECTED,,,mtf_bias_mismatch,bullish,,,,,,,,,,,,,,,,,,,
9279,2026-06-17T16:45:00+00:00,SETUP_REJECTED,,,mtf_bias_mismatch,bullish,,,,,,,,,,,,,,,,,,,
9308,2026-06-17T19:10:00+00:00,SWEEP,bullish,4263.657,,,,,,,,,,,,,,,,,,,,,
9312,2026-06-17T19:30:00+00:00,SWEEP,bullish,4226.194,,,,,,,,,,,,,,,,,,,,,
9313,2026-06-17T19:35:00+00:00,SWEEP,bullish,4220.515,,,,,,,,,,,,,,,,,,,,,
9320,2026-06-17T20:10:00+00:00,SETUP_REJECTED,,,mtf_bias_mismatch,bearish,,,,,,,,,,,,,,,,,,,
9320,2026-06-17T20:10:00+00:00,SETUP_REJECTED,,,mtf_bias_mismatch,bearish,,,,,,,,,,,,,,,,,,,
9320,2026-06-17T20:10:00+00:00,SETUP_REJECTED,,,mtf_bias_mismatch,bearish,,,,,,,,,,,,,,,,,,,
9333,2026-06-17T22:15:00+00:00,SWEEP,bearish,4269.726,,,,,,,,,,,,,,,,,,,,,
9334,2026-06-17T22:20:00+00:00,SWEEP,bearish,4269.958,,,,,,,,,,,,,,,,,,,,,
9345,2026-06-17T23:15:00+00:00,SWEEP,bearish,4282.075,,,,,,,,,,,,,,,,,,,,,
9346,2026-06-17T23:20:00+00:00,SWEEP,bearish,4282.952,,,,,,,,,,,,,,,,,,,,,
9347,2026-06-17T23:25:00+00:00,SWEEP,bearish,4283.615,,,,,,,,,,,,,,,,,,,,,
9356,2026-06-18T00:10:00+00:00,SWEEP,bearish,4298.621,,,,,,,,,,,,,,,,,,,,,
9357,2026-06-18T00:15:00+00:00,SWEEP,bearish,4299.309,,,,,,,,,,,,,,,,,,,,,
9358,2026-06-18T00:20:00+00:00,SWEEP,bearish,4300.466,,,,,,,,,,,,,,,,,,,,,
9361,2026-06-18T00:35:00+00:00,SWEEP,bearish,4309.058,,,,,,,,,,,,,,,,,,,,,
9364,2026-06-18T00:50:00+00:00,SWEEP,bearish,4314.274,,,,,,,,,,,,,,,,,,,,,
9368,2026-06-18T01:10:00+00:00,SWEEP,bearish,4328.099,,,,,,,,,,,,,,,,,,,,,
9380,2026-06-18T02:10:00+00:00,SWEEP,bearish,4328.611,,,,,,,,,,,,,,,,,,,,,
9383,2026-06-18T02:25:00+00:00,SETUP_REJECTED,,,mtf_bias_mismatch,neutral,,,,,,,,,,,,,,,,,,,
9388,2026-06-18T02:50:00+00:00,SWEEP,bullish,4311.999,,,,,,,,,,,,,,,,,,,,,
9388,2026-06-18T02:50:00+00:00,SETUP_REJECTED,,,mtf_bias_mismatch,bullish,,,,,,,,,,,,,,,,,,,
9390,2026-06-18T03:00:00+00:00,SWEEP,bullish,4310.566,,,,,,,,,,,,,,,,,,,,,
9397,2026-06-18T03:35:00+00:00,SETUP_REJECTED,,,mtf_bias_mismatch,neutral,,,,,,,,,,,,,,,,,,,
9397,2026-06-18T03:35:00+00:00,SETUP_REJECTED,,,mtf_bias_mismatch,neutral,,,,,,,,,,,,,,,,,,,
9411,2026-06-18T04:45:00+00:00,SWEEP,bullish,4309.752,,,,,,,,,,,,,,,,,,,,,
9418,2026-06-18T05:20:00+00:00,SETUP_REJECTED,,,mtf_bias_mismatch,bearish,,,,,,,,,,,,,,,,,,,
9420,2026-06-18T05:30:00+00:00,SWEEP,bearish,4324.073,,,,,,,,,,,,,,,,,,,,,
9424,2026-06-18T05:50:00+00:00,SWEEP,bullish,4302.173,,,,,,,,,,,,,,,,,,,,,
9428,2026-06-18T06:10:00+00:00,SWEEP,bullish,4296.778,,,,,,,,,,,,,,,,,,,,,
9436,2026-06-18T06:50:00+00:00,SETUP_REJECTED,,,mtf_bias_mismatch,bearish,,,,,,,,,,,,,,,,,,,
9436,2026-06-18T06:50:00+00:00,SETUP_REJECTED,,,mtf_bias_mismatch,bearish,,,,,,,,,,,,,,,,,,,
9444,2026-06-18T07:30:00+00:00,SWEEP,bullish,4296.219,,,,,,,,,,,,,,,,,,,,,
9446,2026-06-18T07:40:00+00:00,SWEEP,bullish,4293.614,,,,,,,,,,,,,,,,,,,,,
9450,2026-06-18T08:00:00+00:00,SWEEP,bullish,4287.32,,,,,,,,,,,,,,,,,,,,,
9452,2026-06-18T08:10:00+00:00,SWEEP,bullish,4285.648,,,,,,,,,,,,,,,,,,,,,
9455,2026-06-18T08:25:00+00:00,SWEEP,bullish,4283.903,,,,,,,,,,,,,,,,,,,,,
9456,2026-06-18T08:30:00+00:00,SWEEP,bullish,4283.733,,,,,,,,,,,,,,,,,,,,,
9457,2026-06-18T08:35:00+00:00,SWEEP,bullish,4283.221,,,,,,,,,,,,,,,,,,,,,
9458,2026-06-18T08:40:00+00:00,SWEEP,bullish,4281.077,,,,,,,,,,,,,,,,,,,,,
9460,2026-06-18T08:50:00+00:00,SWEEP,bullish,4277.182,,,,,,,,,,,,,,,,,,,,,
9462,2026-06-18T09:00:00+00:00,SWEEP,bullish,4265.416,,,,,,,,,,,,,,,,,,,,,
9464,2026-06-18T09:10:00+00:00,SWEEP,bullish,4261.463,,,,,,,,,,,,,,,,,,,,,
9484,2026-06-18T10:50:00+00:00,SWEEP,bullish,4259.38,,,,,,,,,,,,,,,,,,,,,
9488,2026-06-18T11:10:00+00:00,SWEEP,bullish,4246.607,,,,,,,,,,,,,,,,,,,,,
9496,2026-06-18T11:50:00+00:00,SWEEP,bullish,4240.453,,,,,,,,,,,,,,,,,,,,,
9501,2026-06-18T12:15:00+00:00,SETUP_REJECTED,,,mtf_bias_mismatch,bearish,,,,,,,,,,,,,,,,,,,
9502,2026-06-18T12:20:00+00:00,SWEEP,bearish,4267.562,,,,,,,,,,,,,,,,,,,,,
9502,2026-06-18T12:20:00+00:00,SETUP_REJECTED,,,mtf_bias_mismatch,bearish,,,,,,,,,,,,,,,,,,,
9522,2026-06-18T14:00:00+00:00,SWEEP,bullish,4240.836,,,,,,,,,,,,,,,,,,,,,
9525,2026-06-18T14:15:00+00:00,SWEEP,bullish,4238.476,,,,,,,,,,,,,,,,,,,,,
9526,2026-06-18T14:20:00+00:00,SETUP_REJECTED,,,mtf_bias_mismatch,bearish,,,,,,,,,,,,,,,,,,,
9526,2026-06-18T14:20:00+00:00,SETUP_REJECTED,,,mtf_bias_mismatch,bearish,,,,,,,,,,,,,,,,,,,
9534,2026-06-18T15:00:00+00:00,SETUP_REJECTED,,,mtf_bias_mismatch,bearish,,,,,,,,,,,,,,,,,,,
9534,2026-06-18T15:00:00+00:00,SETUP_REJECTED,,,mtf_bias_mismatch,bearish,,,,,,,,,,,,,,,,,,,
9541,2026-06-18T15:35:00+00:00,SWEEP,bullish,4226.724,,,,,,,,,,,,,,,,,,,,,
9544,2026-06-18T15:50:00+00:00,SWEEP,bullish,4223.852,,,,,,,,,,,,,,,,,,,,,
9549,2026-06-18T16:15:00+00:00,SWEEP,bullish,4222.93,,,,,,,,,,,,,,,,,,,,,
9550,2026-06-18T16:20:00+00:00,SWEEP,bullish,4222.051,,,,,,,,,,,,,,,,,,,,,
9552,2026-06-18T16:30:00+00:00,SWEEP,bullish,4221.771,,,,,,,,,,,,,,,,,,,,,
9553,2026-06-18T16:35:00+00:00,SWEEP,bullish,4221.562,,,,,,,,,,,,,,,,,,,,,
9556,2026-06-18T16:50:00+00:00,SWEEP,bullish,4214.716,,,,,,,,,,,,,,,,,,,,,
9557,2026-06-18T16:55:00+00:00,SWEEP,bullish,4214.403,,,,,,,,,,,,,,,,,,,,,
9559,2026-06-18T17:05:00+00:00,SETUP_REJECTED,,,mtf_bias_mismatch,bearish,,,,,,,,,,,,,,,,,,,
9559,2026-06-18T17:05:00+00:00,SETUP_REJECTED,,,mtf_bias_mismatch,bearish,,,,,,,,,,,,,,,,,,,
9559,2026-06-18T17:05:00+00:00,SETUP_REJECTED,,,mtf_bias_mismatch,bearish,,,,,,,,,,,,,,,,,,,
9559,2026-06-18T17:05:00+00:00,SETUP_REJECTED,,,mtf_bias_mismatch,bearish,,,,,,,,,,,,,,,,,,,
9559,2026-06-18T17:05:00+00:00,SETUP_REJECTED,,,mtf_bias_mismatch,bearish,,,,,,,,,,,,,,,,,,,
9559,2026-06-18T17:05:00+00:00,SETUP_REJECTED,,,mtf_bias_mismatch,bearish,,,,,,,,,,,,,,,,,,,
9561,2026-06-18T17:15:00+00:00,SETUP_REJECTED,,,mtf_bias_mismatch,bearish,,,,,,,,,,,,,,,,,,,
9561,2026-06-18T17:15:00+00:00,SETUP_REJECTED,,,mtf_bias_mismatch,bearish,,,,,,,,,,,,,,,,,,,
9561,2026-06-18T17:15:00+00:00,SETUP_REJECTED,,,mtf_bias_mismatch,bearish,,,,,,,,,,,,,,,,,,,
9561,2026-06-18T17:15:00+00:00,SETUP_REJECTED,,,mtf_bias_mismatch,bearish,,,,,,,,,,,,,,,,,,,
9561,2026-06-18T17:15:00+00:00,SETUP_REJECTED,,,mtf_bias_mismatch,bearish,,,,,,,,,,,,,,,,,,,
9561,2026-06-18T17:15:00+00:00,SETUP_REJECTED,,,mtf_bias_mismatch,bearish,,,,,,,,,,,,,,,,,,,
9567,2026-06-18T17:45:00+00:00,SETUP_REJECTED,,,mtf_bias_mismatch,bearish,,,,,,,,,,,,,,,,,,,
9567,2026-06-18T17:45:00+00:00,SETUP_REJECTED,,,mtf_bias_mismatch,bearish,,,,,,,,,,,,,,,,,,,
9580,2026-06-18T18:50:00+00:00,SWEEP,bullish,4220.268,,,,,,,,,,,,,,,,,,,,,
9584,2026-06-18T19:10:00+00:00,SWEEP,bullish,4207.332,,,,,,,,,,,,,,,,,,,,,
9585,2026-06-18T19:15:00+00:00,SWEEP,bullish,4203.77,,,,,,,,,,,,,,,,,,,,,
9588,2026-06-18T19:30:00+00:00,SWEEP,bullish,4201.783,,,,,,,,,,,,,,,,,,,,,
9590,2026-06-18T19:40:00+00:00,SETUP_REJECTED,,,mtf_bias_mismatch,bearish,,,,,,,,,,,,,,,,,,,
9590,2026-06-18T19:40:00+00:00,SETUP_REJECTED,,,mtf_bias_mismatch,bearish,,,,,,,,,,,,,,,,,,,
9590,2026-06-18T19:40:00+00:00,SETUP_REJECTED,,,mtf_bias_mismatch,bearish,,,,,,,,,,,,,,,,,,,
9590,2026-06-18T19:40:00+00:00,SETUP_REJECTED,,,mtf_bias_mismatch,bearish,,,,,,,,,,,,,,,,,,,
9591,2026-06-18T19:45:00+00:00,SETUP_REJECTED,,,mtf_bias_mismatch,bearish,,,,,,,,,,,,,,,,,,,
9591,2026-06-18T19:45:00+00:00,SETUP_REJECTED,,,mtf_bias_mismatch,bearish,,,,,,,,,,,,,,,,,,,
9591,2026-06-18T19:45:00+00:00,SETUP_REJECTED,,,mtf_bias_mismatch,bearish,,,,,,,,,,,,,,,,,,,
9591,2026-06-18T19:45:00+00:00,SETUP_REJECTED,,,mtf_bias_mismatch,bearish,,,,,,,,,,,,,,,,,,,
9592,2026-06-18T19:50:00+00:00,SETUP_REJECTED,,,mtf_bias_mismatch,bearish,,,,,,,,,,,,,,,,,,,
9592,2026-06-18T19:50:00+00:00,SETUP_REJECTED,,,mtf_bias_mismatch,bearish,,,,,,,,,,,,,,,,,,,
9592,2026-06-18T19:50:00+00:00,SETUP_REJECTED,,,mtf_bias_mismatch,bearish,,,,,,,,,,,,,,,,,,,
9592,2026-06-18T19:50:00+00:00,SETUP_REJECTED,,,mtf_bias_mismatch,bearish,,,,,,,,,,,,,,,,,,,
9610,2026-06-18T22:20:00+00:00,SWEEP,bullish,4203.211,,,,,,,,,,,,,,,,,,,,,
9616,2026-06-18T22:50:00+00:00,SETUP_REJECTED,,,mtf_bias_mismatch,bearish,,,,,,,,,,,,,,,,,,,
9619,2026-06-18T23:05:00+00:00,SWEEP,bullish,4199.038,,,,,,,,,,,,,,,,,,,,,
9623,2026-06-18T23:25:00+00:00,SWEEP,bullish,4194.154,,,,,,,,,,,,,,,,,,,,,
9629,2026-06-18T23:55:00+00:00,SWEEP,bullish,4187.833,,,,,,,,,,,,,,,,,,,,,
9632,2026-06-19T00:10:00+00:00,SWEEP,bullish,4184.295,,,,,,,,,,,,,,,,,,,,,
9633,2026-06-19T00:15:00+00:00,SWEEP,bullish,4184.287,,,,,,,,,,,,,,,,,,,,,
9645,2026-06-19T01:15:00+00:00,SWEEP,bullish,4184.156,,,,,,,,,,,,,,,,,,,,,
9646,2026-06-19T01:20:00+00:00,SWEEP,bullish,4184.116,,,,,,,,,,,,,,,,,,,,,
9655,2026-06-19T02:05:00+00:00,SWEEP,bullish,4183.75,,,,,,,,,,,,,,,,,,,,,
9656,2026-06-19T02:10:00+00:00,SWEEP,bullish,4178.949,,,,,,,,,,,,,,,,,,,,,
9664,2026-06-19T02:50:00+00:00,SWEEP,bullish,4174.938,,,,,,,,,,,,,,,,,,,,,
9669,2026-06-19T03:15:00+00:00,SWEEP,bullish,4165.87,,,,,,,,,,,,,,,,,,,,,
9674,2026-06-19T03:40:00+00:00,SWEEP,bullish,4161.555,,,,,,,,,,,,,,,,,,,,,
9676,2026-06-19T03:50:00+00:00,SWEEP,bullish,4157.852,,,,,,,,,,,,,,,,,,,,,
9681,2026-06-19T04:15:00+00:00,SWEEP,bullish,4142.936,,,,,,,,,,,,,,,,,,,,,
9682,2026-06-19T04:20:00+00:00,SETUP_REJECTED,,,mtf_bias_mismatch,bearish,,,,,,,,,,,,,,,,,,,
9682,2026-06-19T04:20:00+00:00,SETUP_REJECTED,,,mtf_bias_mismatch,bearish,,,,,,,,,,,,,,,,,,,
9682,2026-06-19T04:20:00+00:00,SETUP_REJECTED,,,mtf_bias_mismatch,bearish,,,,,,,,,,,,,,,,,,,
9685,2026-06-19T04:35:00+00:00,SWEEP,bullish,4141.281,,,,,,,,,,,,,,,,,,,,,
9689,2026-06-19T04:55:00+00:00,SWEEP,bullish,4125.198,,,,,,,,,,,,,,,,,,,,,
9691,2026-06-19T05:05:00+00:00,SWEEP,bullish,4122.771,,,,,,,,,,,,,,,,,,,,,
9693,2026-06-19T05:15:00+00:00,SETUP_REJECTED,,,mtf_bias_mismatch,bearish,,,,,,,,,,,,,,,,,,,
9693,2026-06-19T05:15:00+00:00,SETUP_REJECTED,,,mtf_bias_mismatch,bearish,,,,,,,,,,,,,,,,,,,
9693,2026-06-19T05:15:00+00:00,SETUP_REJECTED,,,mtf_bias_mismatch,bearish,,,,,,,,,,,,,,,,,,,
9693,2026-06-19T05:15:00+00:00,SETUP_REJECTED,,,mtf_bias_mismatch,bearish,,,,,,,,,,,,,,,,,,,
9704,2026-06-19T06:10:00+00:00,SWEEP,bearish,4147.448,,,,,,,,,,,,,,,,,,,,,
9713,2026-06-19T06:55:00+00:00,SWEEP,bearish,4148.082,,,,,,,,,,,,,,,,,,,,,
9717,2026-06-19T07:15:00+00:00,SWEEP,bearish,4159.827,,,,,,,,,,,,,,,,,,,,,
9725,2026-06-19T07:55:00+00:00,SWEEP,bearish,4160.215,,,,,,,,,,,,,,,,,,,,,
9731,2026-06-19T08:25:00+00:00,SWEEP,bearish,4177.11,,,,,,,,,,,,,,,,,,,,,
9732,2026-06-19T08:30:00+00:00,SWEEP,bearish,4177.86,,,,,,,,,,,,,,,,,,,,,
9749,2026-06-19T09:55:00+00:00,SWEEP,bullish,4161.895,,,,,,,,,,,,,,,,,,,,,
9755,2026-06-19T10:25:00+00:00,SWEEP,bullish,4153.045,,,,,,,,,,,,,,,,,,,,,
9756,2026-06-19T10:30:00+00:00,SWEEP,bullish,4152.813,,,,,,,,,,,,,,,,,,,,,
9761,2026-06-19T10:55:00+00:00,SWEEP,bullish,4149.528,,,,,,,,,,,,,,,,,,,,,
9762,2026-06-19T11:00:00+00:00,SWEEP,bullish,4147.91,,,,,,,,,,,,,,,,,,,,,
9763,2026-06-19T11:05:00+00:00,SWEEP,bullish,4145.154,,,,,,,,,,,,,,,,,,,,,
9768,2026-06-19T11:30:00+00:00,SWEEP,bullish,4142.393,,,,,,,,,,,,,,,,,,,,,
9770,2026-06-19T11:40:00+00:00,SETUP_REJECTED,,,mtf_bias_mismatch,bearish,,,,,,,,,,,,,,,,,,,
9770,2026-06-19T11:40:00+00:00,SETUP_REJECTED,,,mtf_bias_mismatch,bearish,,,,,,,,,,,,,,,,,,,
9770,2026-06-19T11:40:00+00:00,SETUP_REJECTED,,,mtf_bias_mismatch,bearish,,,,,,,,,,,,,,,,,,,
9770,2026-06-19T11:40:00+00:00,SETUP_REJECTED,,,mtf_bias_mismatch,bearish,,,,,,,,,,,,,,,,,,,
9771,2026-06-19T11:45:00+00:00,SETUP_REJECTED,,,mtf_bias_mismatch,bearish,,,,,,,,,,,,,,,,,,,
9771,2026-06-19T11:45:00+00:00,SETUP_REJECTED,,,mtf_bias_mismatch,bearish,,,,,,,,,,,,,,,,,,,
9771,2026-06-19T11:45:00+00:00,SETUP_REJECTED,,,mtf_bias_mismatch,bearish,,,,,,,,,,,,,,,,,,,
9771,2026-06-19T11:45:00+00:00,SETUP_REJECTED,,,mtf_bias_mismatch,bearish,,,,,,,,,,,,,,,,,,,
9775,2026-06-19T12:05:00+00:00,SWEEP,bearish,4158.488,,,,,,,,,,,,,,,,,,,,,
9776,2026-06-19T12:10:00+00:00,SWEEP,bearish,4158.825,,,,,,,,,,,,,,,,,,,,,
9786,2026-06-19T13:00:00+00:00,SWEEP,bearish,4180.141,,,,,,,,,,,,,,,,,,,,,
9788,2026-06-19T13:10:00+00:00,SWEEP,bearish,4182.466,,,,,,,,,,,,,,,,,,,,,
9796,2026-06-19T13:50:00+00:00,OB_FORMED,bearish,,,bearish,24.0,4155.677,4159.627,67.15,4121.623,6.0,"{'D1': 'bearish', 'H1': 'bearish', 'M15': 'bullish', 'M5': 'bearish'}",,,,,,,,,,,,
9801,2026-06-19T14:15:00+00:00,SWEEP,bullish,4147.079,,,,,,,,,,,,,,,,,,,,,
9802,2026-06-19T14:20:00+00:00,SWEEP,bullish,4143.913,,,,,,,,,,,,,,,,,,,,,
9806,2026-06-19T14:40:00+00:00,SWEEP,bullish,4143.691,,,,,,,,,,,,,,,,,,,,,
9807,2026-06-19T14:45:00+00:00,SWEEP,bullish,4143.028,,,,,,,,,,,,,,,,,,,,,
9831,2026-06-19T16:45:00+00:00,OB_TOUCH,,,,,24.0,,,,,,,35.0,,,,,,,,,,,
9831,2026-06-19T16:45:00+00:00,ENTRY_WAIT_70_REENTRY,,,,,24.0,,,,,,,,69.59,,,,,,,,,,
9832,2026-06-19T16:50:00+00:00,SWEEP,bearish,4157.301,,,,,,,,,,,,,,,,,,,,,
9832,2026-06-19T16:50:00+00:00,ENTRY,bearish,,,bearish,24.0,,,,4121.623,5.5,,,,,6.0,4151.65,4160.398375000001,4134.153249999998,crossed_ob_reentry_70pct,retracement_swing,True,,
9834,2026-06-21T22:00:00+00:00,SWEEP,bearish,4157.9,,,,,,,,,,,,,,,,,,,,,
9835,2026-06-21T22:05:00+00:00,SWEEP,bearish,4158.423,,,,,,,,,,,,,,,,,,,,,
9846,2026-06-21T23:00:00+00:00,SWEEP,bearish,4159.66,,,,,,,,,,,,,,,,,,,,,
9847,2026-06-21T23:05:00+00:00,TRADE_EXIT,,,SL,,,,,,,,,,,,6.0,,,,,,,LOSS,-1.0
9848,2026-06-21T23:10:00+00:00,SWEEP,bearish,4163.11,,,,,,,,,,,,,,,,,,,,,
9852,2026-06-21T23:30:00+00:00,SWEEP,bullish,4147.804,,,,,,,,,,,,,,,,,,,,,
9853,2026-06-21T23:35:00+00:00,SETUP_REJECTED,,,mtf_bias_mismatch,bullish,,,,,,,,,,,,,,,,,,,
9853,2026-06-21T23:35:00+00:00,SETUP_REJECTED,,,mtf_bias_mismatch,bullish,,,,,,,,,,,,,,,,,,,
9854,2026-06-21T23:40:00+00:00,SWEEP,bullish,4142.368,,,,,,,,,,,,,,,,,,,,,
9854,2026-06-21T23:40:00+00:00,SETUP_REJECTED,,,mtf_bias_mismatch,bullish,,,,,,,,,,,,,,,,,,,
9854,2026-06-21T23:40:00+00:00,SETUP_REJECTED,,,mtf_bias_mismatch,bullish,,,,,,,,,,,,,,,,,,,
9856,2026-06-21T23:50:00+00:00,SETUP_REJECTED,,,mtf_bias_mismatch,bullish,,,,,,,,,,,,,,,,,,,
9856,2026-06-21T23:50:00+00:00,SETUP_REJECTED,,,mtf_bias_mismatch,bullish,,,,,,,,,,,,,,,,,,,
9859,2026-06-22T00:05:00+00:00,SETUP_REJECTED,,,mtf_bias_mismatch,neutral,,,,,,,,,,,,,,,,,,,
9859,2026-06-22T00:05:00+00:00,SETUP_REJECTED,,,mtf_bias_mismatch,neutral,,,,,,,,,,,,,,,,,,,
9861,2026-06-22T00:15:00+00:00,SWEEP,bearish,4164.776,,,,,,,,,,,,,,,,,,,,,
9864,2026-06-22T00:30:00+00:00,SWEEP,bearish,4170.608,,,,,,,,,,,,,,,,,,,,,
9898,2026-06-22T03:20:00+00:00,SWEEP,bullish,4173.841,,,,,,,,,,,,,,,,,,,,,
9908,2026-06-22T04:10:00+00:00,SETUP_REJECTED,,,mtf_bias_mismatch,bearish,,,,,,,,,,,,,,,,,,,
9918,2026-06-22T05:00:00+00:00,SWEEP,bearish,4182.077,,,,,,,,,,,,,,,,,,,,,
9924,2026-06-22T05:30:00+00:00,SWEEP,bearish,4194.203,,,,,,,,,,,,,,,,,,,,,
9925,2026-06-22T05:35:00+00:00,SWEEP,bearish,4196.854,,,,,,,,,,,,,,,,,,,,,
9926,2026-06-22T05:40:00+00:00,SWEEP,bearish,4198.144,,,,,,,,,,,,,,,,,,,,,
9932,2026-06-22T06:10:00+00:00,SWEEP,bearish,4198.494,,,,,,,,,,,,,,,,,,,,,
9933,2026-06-22T06:15:00+00:00,SWEEP,bearish,4198.538,,,,,,,,,,,,,,,,,,,,,
9935,2026-06-22T06:25:00+00:00,SWEEP,bearish,4200.648,,,,,,,,,,,,,,,,,,,,,
9939,2026-06-22T06:45:00+00:00,SWEEP,bearish,4202.531,,,,,,,,,,,,,,,,,,,,,
9940,2026-06-22T06:50:00+00:00,SWEEP,bearish,4204.765,,,,,,,,,,,,,,,,,,,,,
9972,2026-06-22T09:30:00+00:00,SWEEP,bearish,4209.597,,,,,,,,,,,,,,,,,,,,,
9977,2026-06-22T09:55:00+00:00,SWEEP,bearish,4210.147,,,,,,,,,,,,,,,,,,,,,
9991,2026-06-22T11:05:00+00:00,SWEEP,bearish,4214.271,,,,,,,,,,,,,,,,,,,,,
9993,2026-06-22T11:15:00+00:00,SETUP_REJECTED,,,mtf_bias_mismatch,neutral,,,,,,,,,,,,,,,,,,,
9995,2026-06-22T11:25:00+00:00,SWEEP,bullish,4203.5,,,,,,,,,,,,,,,,,,,,,
9997,2026-06-22T11:35:00+00:00,SWEEP,bullish,4203.24,,,,,,,,,,,,,,,,,,,,,
10000,2026-06-22T11:50:00+00:00,SWEEP,bullish,4202.208,,,,,,,,,,,,,,,,,,,,,
10002,2026-06-22T12:00:00+00:00,SETUP_REJECTED,,,mtf_bias_mismatch,neutral,,,,,,,,,,,,,,,,,,,
10002,2026-06-22T12:00:00+00:00,SETUP_REJECTED,,,mtf_bias_mismatch,neutral,,,,,,,,,,,,,,,,,,,
10002,2026-06-22T12:00:00+00:00,SETUP_REJECTED,,,mtf_bias_mismatch,neutral,,,,,,,,,,,,,,,,,,,
10010,2026-06-22T12:40:00+00:00,SWEEP,bullish,4201.277,,,,,,,,,,,,,,,,,,,,,
10011,2026-06-22T12:45:00+00:00,SWEEP,bullish,4200.741,,,,,,,,,,,,,,,,,,,,,
10014,2026-06-22T13:00:00+00:00,SWEEP,bullish,4192.304,,,,,,,,,,,,,,,,,,,,,
10020,2026-06-22T13:30:00+00:00,SWEEP,bullish,4185.29,,,,,,,,,,,,,,,,,,,,,
10024,2026-06-22T13:50:00+00:00,SETUP_REJECTED,,,mtf_bias_mismatch,neutral,,,,,,,,,,,,,,,,,,,
10024,2026-06-22T13:50:00+00:00,SETUP_REJECTED,,,mtf_bias_mismatch,neutral,,,,,,,,,,,,,,,,,,,
10028,2026-06-22T14:10:00+00:00,SETUP_REJECTED,,,mtf_bias_mismatch,neutral,,,,,,,,,,,,,,,,,,,
10048,2026-06-22T15:50:00+00:00,SWEEP,bullish,4169.862,,,,,,,,,,,,,,,,,,,,,
10054,2026-06-22T16:20:00+00:00,SETUP_REJECTED,,,mtf_bias_mismatch,bearish,,,,,,,,,,,,,,,,,,,
10057,2026-06-22T16:35:00+00:00,SETUP_REJECTED,,,mtf_bias_mismatch,bearish,,,,,,,,,,,,,,,,,,,
10060,2026-06-22T16:50:00+00:00,SETUP_REJECTED,,,mtf_bias_mismatch,bearish,,,,,,,,,,,,,,,,,,,
10086,2026-06-22T19:00:00+00:00,SWEEP,bearish,4192.88,,,,,,,,,,,,,,,,,,,,,
10093,2026-06-22T19:35:00+00:00,OB_FORMED,bearish,,,bearish,25.0,4186.75,4190.346,73.57,4136.447,5.5,"{'D1': 'bearish', 'H1': 'bullish', 'M15': 'bearish', 'M5': 'bearish'}",,,,,,,,,,,,
10096,2026-06-22T19:50:00+00:00,OB_TOUCH,,,,,25.0,,,,,,,3.0,,,,,,,,,,,
10096,2026-06-22T19:50:00+00:00,ENTRY_WAIT_REVERSAL,,,,,25.0,,,,,,,,82.17,,,,,,,,,,
10097,2026-06-22T19:55:00+00:00,OB_INVALIDATED,,,,,25.0,,,,,,,,,,,,,,,,,,
10098,2026-06-22T20:00:00+00:00,SWEEP,bearish,4193.419,,,,,,,,,,,,,,,,,,,,,
10105,2026-06-22T20:35:00+00:00,SWEEP,bearish,4193.672,,,,,,,,,,,,,,,,,,,,,
10110,2026-06-22T22:00:00+00:00,SWEEP,bearish,4193.708,,,,,,,,,,,,,,,,,,,,,
10116,2026-06-22T22:30:00+00:00,SWEEP,bearish,4194.44,,,,,,,,,,,,,,,,,,,,,
10118,2026-06-22T22:40:00+00:00,SETUP_REJECTED,,,mtf_bias_mismatch,bullish,,,,,,,,,,,,,,,,,,,
10118,2026-06-22T22:40:00+00:00,SETUP_REJECTED,,,mtf_bias_mismatch,bullish,,,,,,,,,,,,,,,,,,,
10119,2026-06-22T22:45:00+00:00,SWEEP,bullish,4188.604,,,,,,,,,,,,,,,,,,,,,
10129,2026-06-22T23:35:00+00:00,SETUP_REJECTED,,,mtf_bias_mismatch,neutral,,,,,,,,,,,,,,,,,,,
10130,2026-06-22T23:40:00+00:00,SWEEP,bearish,4195.024,,,,,,,,,,,,,,,,,,,,,
10132,2026-06-22T23:50:00+00:00,SETUP_REJECTED,,,mtf_bias_mismatch,neutral,,,,,,,,,,,,,,,,,,,
10133,2026-06-22T23:55:00+00:00,SETUP_REJECTED,,,mtf_bias_mismatch,neutral,,,,,,,,,,,,,,,,,,,
10134,2026-06-23T00:00:00+00:00,SWEEP,bullish,4186.767,,,,,,,,,,,,,,,,,,,,,
10136,2026-06-23T00:10:00+00:00,SETUP_REJECTED,,,mtf_bias_mismatch,bullish,,,,,,,,,,,,,,,,,,,
10137,2026-06-23T00:15:00+00:00,SETUP_REJECTED,,,mtf_bias_mismatch,bullish,,,,,,,,,,,,,,,,,,,
10146,2026-06-23T01:00:00+00:00,SWEEP,bearish,4195.387,,,,,,,,,,,,,,,,,,,,,
10150,2026-06-23T01:20:00+00:00,SWEEP,bullish,4172.057,,,,,,,,,,,,,,,,,,,,,
10151,2026-06-23T01:25:00+00:00,OB_FORMED,bearish,,,bearish,26.0,4176.619,4180.951,89.45,4169.628,4.5,"{'D1': 'bullish', 'H1': 'bearish', 'M15': 'bearish', 'M5': 'bearish'}",,,,,,,,,,,,
10157,2026-06-23T01:55:00+00:00,SETUP_REJECTED,,,mtf_bias_mismatch,bearish,,,,,,,,,,,,,,,,,,,
10160,2026-06-23T02:10:00+00:00,SWEEP,bullish,4150.041,,,,,,,,,,,,,,,,,,,,,
10162,2026-06-23T02:20:00+00:00,SETUP_REJECTED,,,mtf_bias_mismatch,bearish,,,,,,,,,,,,,,,,,,,
10162,2026-06-23T02:20:00+00:00,SETUP_REJECTED,,,mtf_bias_mismatch,bearish,,,,,,,,,,,,,,,,,,,
10171,2026-06-23T03:05:00+00:00,SWEEP,bullish,4139.835,,,,,,,,,,,,,,,,,,,,,
10172,2026-06-23T03:10:00+00:00,SWEEP,bullish,4139.283,,,,,,,,,,,,,,,,,,,,,
10174,2026-06-23T03:20:00+00:00,SWEEP,bullish,4132.263,,,,,,,,,,,,,,,,,,,,,
10176,2026-06-23T03:30:00+00:00,SETUP_REJECTED,,,mtf_bias_mismatch,bearish,,,,,,,,,,,,,,,,,,,
10176,2026-06-23T03:30:00+00:00,SETUP_REJECTED,,,mtf_bias_mismatch,bearish,,,,,,,,,,,,,,,,,,,
10176,2026-06-23T03:30:00+00:00,SETUP_REJECTED,,,mtf_bias_mismatch,bearish,,,,,,,,,,,,,,,,,,,
10182,2026-06-23T04:00:00+00:00,SETUP_REJECTED,,,mtf_bias_mismatch,bearish,,,,,,,,,,,,,,,,,,,
10182,2026-06-23T04:00:00+00:00,SETUP_REJECTED,,,mtf_bias_mismatch,bearish,,,,,,,,,,,,,,,,,,,
10182,2026-06-23T04:00:00+00:00,SETUP_REJECTED,,,mtf_bias_mismatch,bearish,,,,,,,,,,,,,,,,,,,
10208,2026-06-23T06:10:00+00:00,SWEEP,bullish,4112.979,,,,,,,,,,,,,,,,,,,,,
10214,2026-06-23T06:40:00+00:00,SWEEP,bullish,4111.025,,,,,,,,,,,,,,,,,,,,,
10215,2026-06-23T06:45:00+00:00,SWEEP,bullish,4110.807,,,,,,,,,,,,,,,,,,,,,
10218,2026-06-23T07:00:00+00:00,SWEEP,bullish,4110.181,,,,,,,,,,,,,,,,,,,,,
10223,2026-06-23T07:25:00+00:00,SETUP_REJECTED,,,mtf_bias_mismatch,bearish,,,,,,,,,,,,,,,,,,,
10223,2026-06-23T07:25:00+00:00,SETUP_REJECTED,,,mtf_bias_mismatch,bearish,,,,,,,,,,,,,,,,,,,
10223,2026-06-23T07:25:00+00:00,SETUP_REJECTED,,,mtf_bias_mismatch,bearish,,,,,,,,,,,,,,,,,,,
10229,2026-06-23T07:55:00+00:00,SWEEP,bullish,4098.311,,,,,,,,,,,,,,,,,,,,,
10231,2026-06-23T08:05:00+00:00,SWEEP,bullish,4091.276,,,,,,,,,,,,,,,,,,,,,
10237,2026-06-23T08:35:00+00:00,SETUP_REJECTED,,,mtf_bias_mismatch,bearish,,,,,,,,,,,,,,,,,,,
10237,2026-06-23T08:35:00+00:00,SETUP_REJECTED,,,mtf_bias_mismatch,bearish,,,,,,,,,,,,,,,,,,,
10243,2026-06-23T09:05:00+00:00,SETUP_REJECTED,,,mtf_bias_mismatch,bearish,,,,,,,,,,,,,,,,,,,
10250,2026-06-23T09:40:00+00:00,SWEEP,bearish,4119.985,,,,,,,,,,,,,,,,,,,,,
10252,2026-06-23T09:50:00+00:00,OB_EXPIRED,,,,,26.0,,,,,,,,,101.0,,,,,,,,,
10281,2026-06-23T12:15:00+00:00,SWEEP,bullish,4112.72,,,,,,,,,,,,,,,,,,,,,
10290,2026-06-23T13:00:00+00:00,SWEEP,bullish,4111.708,,,,,,,,,,,,,,,,,,,,,
10294,2026-06-23T13:20:00+00:00,SWEEP,bullish,4106.286,,,,,,,,,,,,,,,,,,,,,
10295,2026-06-23T13:25:00+00:00,SETUP_REJECTED,,,mtf_bias_mismatch,bearish,,,,,,,,,,,,,,,,,,,
10295,2026-06-23T13:25:00+00:00,SETUP_REJECTED,,,mtf_bias_mismatch,bearish,,,,,,,,,,,,,,,,,,,
10298,2026-06-23T13:40:00+00:00,SWEEP,bearish,4127.415,,,,,,,,,,,,,,,,,,,,,
10300,2026-06-23T13:50:00+00:00,SETUP_REJECTED,,,mtf_bias_mismatch,bearish,,,,,,,,,,,,,,,,,,,
10300,2026-06-23T13:50:00+00:00,SETUP_REJECTED,,,mtf_bias_mismatch,bearish,,,,,,,,,,,,,,,,,,,
10302,2026-06-23T14:00:00+00:00,SWEEP,bearish,4140.512,,,,,,,,,,,,,,,,,,,,,
10304,2026-06-23T14:10:00+00:00,SWEEP,bearish,4143.858,,,,,,,,,,,,,,,,,,,,,
10308,2026-06-23T14:30:00+00:00,SETUP_REJECTED,,,mtf_bias_mismatch,neutral,,,,,,,,,,,,,,,,,,,
10308,2026-06-23T14:30:00+00:00,SETUP_REJECTED,,,mtf_bias_mismatch,neutral,,,,,,,,,,,,,,,,,,,
10308,2026-06-23T14:30:00+00:00,SETUP_REJECTED,,,mtf_bias_mismatch,neutral,,,,,,,,,,,,,,,,,,,
10316,2026-06-23T15:10:00+00:00,SETUP_REJECTED,,,mtf_bias_mismatch,bullish,,,,,,,,,,,,,,,,,,,
10332,2026-06-23T16:30:00+00:00,SWEEP,bearish,4141.483,,,,,,,,,,,,,,,,,,,,,
10333,2026-06-23T16:35:00+00:00,SWEEP,bearish,4142.331,,,,,,,,,,,,,,,,,,,,,
10335,2026-06-23T16:45:00+00:00,SWEEP,bearish,4143.745,,,,,,,,,,,,,,,,,,,,,
10338,2026-06-23T17:00:00+00:00,SETUP_REJECTED,,,mtf_bias_mismatch,bullish,,,,,,,,,,,,,,,,,,,
10338,2026-06-23T17:00:00+00:00,SETUP_REJECTED,,,mtf_bias_mismatch,bullish,,,,,,,,,,,,,,,,,,,
10338,2026-06-23T17:00:00+00:00,SETUP_REJECTED,,,mtf_bias_mismatch,bullish,,,,,,,,,,,,,,,,,,,
10343,2026-06-23T17:25:00+00:00,SETUP_REJECTED,,,mtf_bias_mismatch,bullish,,,,,,,,,,,,,,,,,,,
10343,2026-06-23T17:25:00+00:00,SETUP_REJECTED,,,mtf_bias_mismatch,bullish,,,,,,,,,,,,,,,,,,,
10343,2026-06-23T17:25:00+00:00,SETUP_REJECTED,,,mtf_bias_mismatch,bullish,,,,,,,,,,,,,,,,,,,
10344,2026-06-23T17:30:00+00:00,SWEEP,bullish,4129.9,,,,,,,,,,,,,,,,,,,,,
10344,2026-06-23T17:30:00+00:00,SETUP_REJECTED,,,mtf_bias_mismatch,bullish,,,,,,,,,,,,,,,,,,,
10344,2026-06-23T17:30:00+00:00,SETUP_REJECTED,,,mtf_bias_mismatch,bullish,,,,,,,,,,,,,,,,,,,
10344,2026-06-23T17:30:00+00:00,SETUP_REJECTED,,,mtf_bias_mismatch,bullish,,,,,,,,,,,,,,,,,,,
10354,2026-06-23T18:20:00+00:00,SWEEP,bullish,4123.796,,,,,,,,,,,,,,,,,,,,,
10356,2026-06-23T18:30:00+00:00,SWEEP,bullish,4120.472,,,,,,,,,,,,,,,,,,,,,
10374,2026-06-23T20:00:00+00:00,SWEEP,bullish,4111.474,,,,,,,,,,,,,,,,,,,,,
10377,2026-06-23T20:15:00+00:00,SWEEP,bullish,4108.493,,,,,,,,,,,,,,,,,,,,,
10378,2026-06-23T20:20:00+00:00,SWEEP,bullish,4107.93,,,,,,,,,,,,,,,,,,,,,
10391,2026-06-23T22:25:00+00:00,SWEEP,bullish,4105.092,,,,,,,,,,,,,,,,,,,,,
10399,2026-06-23T23:05:00+00:00,SWEEP,bullish,4096.829,,,,,,,,,,,,,,,,,,,,,
10406,2026-06-23T23:40:00+00:00,SWEEP,bullish,4080.848,,,,,,,,,,,,,,,,,,,,,
10411,2026-06-24T00:05:00+00:00,SWEEP,bearish,4110.855,,,,,,,,,,,,,,,,,,,,,
10415,2026-06-24T00:25:00+00:00,SETUP_REJECTED,,,mtf_bias_mismatch,bullish,,,,,,,,,,,,,,,,,,,
10423,2026-06-24T01:05:00+00:00,SWEEP,bullish,4069.172,,,,,,,,,,,,,,,,,,,,,
10423,2026-06-24T01:05:00+00:00,SETUP_REJECTED,,,mtf_bias_mismatch,bullish,,,,,,,,,,,,,,,,,,,
10440,2026-06-24T02:30:00+00:00,SWEEP,bullish,4068.184,,,,,,,,,,,,,,,,,,,,,
10449,2026-06-24T03:15:00+00:00,SWEEP,bullish,4051.959,,,,,,,,,,,,,,,,,,,,,
10474,2026-06-24T05:20:00+00:00,SWEEP,bearish,4070.744,,,,,,,,,,,,,,,,,,,,,
10485,2026-06-24T06:15:00+00:00,SWEEP,bearish,4097.299,,,,,,,,,,,,,,,,,,,,,
10504,2026-06-24T07:50:00+00:00,SWEEP,bullish,4075.963,,,,,,,,,,,,,,,,,,,,,
10508,2026-06-24T08:10:00+00:00,SWEEP,bullish,4073.726,,,,,,,,,,,,,,,,,,,,,
10520,2026-06-24T09:10:00+00:00,SWEEP,bullish,4069.811,,,,,,,,,,,,,,,,,,,,,
10525,2026-06-24T09:35:00+00:00,SWEEP,bullish,4068.253,,,,,,,,,,,,,,,,,,,,,
10526,2026-06-24T09:40:00+00:00,SWEEP,bullish,4067.05,,,,,,,,,,,,,,,,,,,,,
10532,2026-06-24T10:10:00+00:00,SWEEP,bullish,4059.26,,,,,,,,,,,,,,,,,,,,,
10533,2026-06-24T10:15:00+00:00,SWEEP,bullish,4058.876,,,,,,,,,,,,,,,,,,,,,
10536,2026-06-24T10:30:00+00:00,SETUP_REJECTED,,,mtf_bias_mismatch,bearish,,,,,,,,,,,,,,,,,,,
10536,2026-06-24T10:30:00+00:00,SETUP_REJECTED,,,mtf_bias_mismatch,bearish,,,,,,,,,,,,,,,,,,,
10536,2026-06-24T10:30:00+00:00,SETUP_REJECTED,,,mtf_bias_mismatch,bearish,,,,,,,,,,,,,,,,,,,
10536,2026-06-24T10:30:00+00:00,SETUP_REJECTED,,,mtf_bias_mismatch,bearish,,,,,,,,,,,,,,,,,,,
10541,2026-06-24T10:55:00+00:00,SWEEP,bullish,4054.969,,,,,,,,,,,,,,,,,,,,,
10555,2026-06-24T12:05:00+00:00,SWEEP,bullish,4037.462,,,,,,,,,,,,,,,,,,,,,
10564,2026-06-24T12:50:00+00:00,SWEEP,bullish,4002.977,,,,,,,,,,,,,,,,,,,,,
10569,2026-06-24T13:15:00+00:00,SWEEP,bullish,3966.765,,,,,,,,,,,,,,,,,,,,,
10570,2026-06-24T13:20:00+00:00,SWEEP,bullish,3964.904,,,,,,,,,,,,,,,,,,,,,
10573,2026-06-24T13:35:00+00:00,SETUP_REJECTED,,,mtf_bias_mismatch,bearish,,,,,,,,,,,,,,,,,,,
10573,2026-06-24T13:35:00+00:00,SETUP_REJECTED,,,mtf_bias_mismatch,bearish,,,,,,,,,,,,,,,,,,,
10573,2026-06-24T13:35:00+00:00,SETUP_REJECTED,,,mtf_bias_mismatch,bearish,,,,,,,,,,,,,,,,,,,
10574,2026-06-24T13:40:00+00:00,SETUP_REJECTED,,,mtf_bias_mismatch,bearish,,,,,,,,,,,,,,,,,,,
10574,2026-06-24T13:40:00+00:00,SETUP_REJECTED,,,mtf_bias_mismatch,bearish,,,,,,,,,,,,,,,,,,,
10574,2026-06-24T13:40:00+00:00,SETUP_REJECTED,,,mtf_bias_mismatch,bearish,,,,,,,,,,,,,,,,,,,
10575,2026-06-24T13:45:00+00:00,SETUP_REJECTED,,,mtf_bias_mismatch,neutral,,,,,,,,,,,,,,,,,,,
10575,2026-06-24T13:45:00+00:00,SETUP_REJECTED,,,mtf_bias_mismatch,neutral,,,,,,,,,,,,,,,,,,,
10575,2026-06-24T13:45:00+00:00,SETUP_REJECTED,,,mtf_bias_mismatch,neutral,,,,,,,,,,,,,,,,,,,
10576,2026-06-24T13:50:00+00:00,SETUP_REJECTED,,,mtf_bias_mismatch,neutral,,,,,,,,,,,,,,,,,,,
10576,2026-06-24T13:50:00+00:00,SETUP_REJECTED,,,mtf_bias_mismatch,neutral,,,,,,,,,,,,,,,,,,,
10576,2026-06-24T13:50:00+00:00,SETUP_REJECTED,,,mtf_bias_mismatch,neutral,,,,,,,,,,,,,,,,,,,
10577,2026-06-24T13:55:00+00:00,SWEEP,bearish,4042.147,,,,,,,,,,,,,,,,,,,,,
10577,2026-06-24T13:55:00+00:00,SETUP_REJECTED,,,mtf_bias_mismatch,neutral,,,,,,,,,,,,,,,,,,,
10577,2026-06-24T13:55:00+00:00,SETUP_REJECTED,,,mtf_bias_mismatch,neutral,,,,,,,,,,,,,,,,,,,
10586,2026-06-24T14:40:00+00:00,SETUP_REJECTED,,,mtf_bias_mismatch,neutral,,,,,,,,,,,,,,,,,,,
10587,2026-06-24T14:45:00+00:00,SETUP_REJECTED,,,mtf_bias_mismatch,neutral,,,,,,,,,,,,,,,,,,,
10589,2026-06-24T14:55:00+00:00,SETUP_REJECTED,,,mtf_bias_mismatch,neutral,,,,,,,,,,,,,,,,,,,
10603,2026-06-24T16:05:00+00:00,SWEEP,bullish,3997.199,,,,,,,,,,,,,,,,,,,,,
10607,2026-06-24T16:25:00+00:00,SWEEP,bearish,4016.987,,,,,,,,,,,,,,,,,,,,,
10607,2026-06-24T16:25:00+00:00,SETUP_REJECTED,,,mtf_bias_mismatch,bearish,,,,,,,,,,,,,,,,,,,
10608,2026-06-24T16:30:00+00:00,SWEEP,bearish,4017.124,,,,,,,,,,,,,,,,,,,,,
10609,2026-06-24T16:35:00+00:00,SWEEP,bearish,4019.339,,,,,,,,,,,,,,,,,,,,,
10621,2026-06-24T17:35:00+00:00,SWEEP,bullish,3983.528,,,,,,,,,,,,,,,,,,,,,
10628,2026-06-24T18:10:00+00:00,SETUP_REJECTED,,,mtf_bias_mismatch,bearish,,,,,,,,,,,,,,,,,,,
10629,2026-06-24T18:15:00+00:00,SETUP_REJECTED,,,mtf_bias_mismatch,bearish,,,,,,,,,,,,,,,,,,,
10675,2026-06-24T23:05:00+00:00,SWEEP,bullish,3993.024,,,,,,,,,,,,,,,,,,,,,
10679,2026-06-24T23:25:00+00:00,OB_FORMED,bullish,,,bullish,27.0,3996.826,4000.646,100.0,4097.604,4.5,"{'D1': 'bullish', 'H1': 'bearish', 'M15': 'bullish', 'M5': 'bearish'}",,,,,,,,,,,,
10689,2026-06-25T00:15:00+00:00,OB_TOUCH,,,,,27.0,,,,,,,10.0,,,,,,,,,,,
10689,2026-06-25T00:15:00+00:00,ENTRY_WAIT_REVERSAL,,,,,27.0,,,,,,,,148.51,,,,,,,,,,
10690,2026-06-25T00:20:00+00:00,ENTRY_WAIT_REVERSAL,,,,,27.0,,,,,,,,122.43,,,,,,,,,,
10691,2026-06-25T00:25:00+00:00,OB_INVALIDATED,,,,,27.0,,,,,,,,,,,,,,,,,,
10694,2026-06-25T00:40:00+00:00,SWEEP,bullish,3981.429,,,,,,,,,,,,,,,,,,,,,
10695,2026-06-25T00:45:00+00:00,SWEEP,bullish,3981.38,,,,,,,,,,,,,,,,,,,,,
10697,2026-06-25T00:55:00+00:00,SETUP_REJECTED,,,mtf_bias_mismatch,bearish,,,,,,,,,,,,,,,,,,,
10697,2026-06-25T00:55:00+00:00,SETUP_REJECTED,,,mtf_bias_mismatch,bearish,,,,,,,,,,,,,,,,,,,
10702,2026-06-25T01:20:00+00:00,SETUP_REJECTED,,,mtf_bias_mismatch,bearish,,,,,,,,,,,,,,,,,,,
10702,2026-06-25T01:20:00+00:00,SETUP_REJECTED,,,mtf_bias_mismatch,bearish,,,,,,,,,,,,,,,,,,,
10705,2026-06-25T01:35:00+00:00,SWEEP,bullish,3978.365,,,,,,,,,,,,,,,,,,,,,
10712,2026-06-25T02:10:00+00:00,SWEEP,bullish,3963.746,,,,,,,,,,,,,,,,,,,,,
10714,2026-06-25T02:20:00+00:00,SETUP_REJECTED,,,mtf_bias_mismatch,bearish,,,,,,,,,,,,,,,,,,,
10714,2026-06-25T02:20:00+00:00,SETUP_REJECTED,,,mtf_bias_mismatch,bearish,,,,,,,,,,,,,,,,,,,
10715,2026-06-25T02:25:00+00:00,SETUP_REJECTED,,,mtf_bias_mismatch,bearish,,,,,,,,,,,,,,,,,,,
10715,2026-06-25T02:25:00+00:00,SETUP_REJECTED,,,mtf_bias_mismatch,bearish,,,,,,,,,,,,,,,,,,,
10733,2026-06-25T03:55:00+00:00,SWEEP,bearish,3999.099,,,,,,,,,,,,,,,,,,,,,
10755,2026-06-25T05:45:00+00:00,SWEEP,bullish,3981.604,,,,,,,,,,,,,,,,,,,,,
10757,2026-06-25T05:55:00+00:00,SETUP_REJECTED,,,mtf_bias_mismatch,bearish,,,,,,,,,,,,,,,,,,,
10762,2026-06-25T06:20:00+00:00,SWEEP,bullish,3974.464,,,,,,,,,,,,,,,,,,,,,
10770,2026-06-25T07:00:00+00:00,SWEEP,bullish,3973.719,,,,,,,,,,,,,,,,,,,,,
10779,2026-06-25T07:45:00+00:00,SWEEP,bullish,3973.438,,,,,,,,,,,,,,,,,,,,,
10782,2026-06-25T08:00:00+00:00,SETUP_REJECTED,,,mtf_bias_mismatch,bearish,,,,,,,,,,,,,,,,,,,
10782,2026-06-25T08:00:00+00:00,SETUP_REJECTED,,,mtf_bias_mismatch,bearish,,,,,,,,,,,,,,,,,,,
10786,2026-06-25T08:20:00+00:00,SETUP_REJECTED,,,mtf_bias_mismatch,bearish,,,,,,,,,,,,,,,,,,,
10789,2026-06-25T08:35:00+00:00,SWEEP,bearish,4001.517,,,,,,,,,,,,,,,,,,,,,
10790,2026-06-25T08:40:00+00:00,SWEEP,bearish,4001.954,,,,,,,,,,,,,,,,,,,,,
10806,2026-06-25T10:00:00+00:00,SWEEP,bullish,3986.027,,,,,,,,,,,,,,,,,,,,,
10809,2026-06-25T10:15:00+00:00,SWEEP,bullish,3983.413,,,,,,,,,,,,,,,,,,,,,
10815,2026-06-25T10:45:00+00:00,SWEEP,bullish,3983.034,,,,,,,,,,,,,,,,,,,,,
10816,2026-06-25T10:50:00+00:00,SWEEP,bullish,3982.333,,,,,,,,,,,,,,,,,,,,,
10817,2026-06-25T10:55:00+00:00,SWEEP,bullish,3981.922,,,,,,,,,,,,,,,,,,,,,
10821,2026-06-25T11:15:00+00:00,SWEEP,bullish,3981.217,,,,,,,,,,,,,,,,,,,,,
10825,2026-06-25T11:35:00+00:00,SWEEP,bullish,3976.096,,,,,,,,,,,,,,,,,,,,,
10826,2026-06-25T11:40:00+00:00,SETUP_REJECTED,,,mtf_bias_mismatch,bearish,,,,,,,,,,,,,,,,,,,
10826,2026-06-25T11:40:00+00:00,SETUP_REJECTED,,,mtf_bias_mismatch,bearish,,,,,,,,,,,,,,,,,,,
10826,2026-06-25T11:40:00+00:00,SETUP_REJECTED,,,mtf_bias_mismatch,bearish,,,,,,,,,,,,,,,,,,,
10826,2026-06-25T11:40:00+00:00,SETUP_REJECTED,,,mtf_bias_mismatch,bearish,,,,,,,,,,,,,,,,,,,
10826,2026-06-25T11:40:00+00:00,SETUP_REJECTED,,,mtf_bias_mismatch,bearish,,,,,,,,,,,,,,,,,,,
10827,2026-06-25T11:45:00+00:00,SETUP_REJECTED,,,mtf_bias_mismatch,bearish,,,,,,,,,,,,,,,,,,,
10827,2026-06-25T11:45:00+00:00,SETUP_REJECTED,,,mtf_bias_mismatch,bearish,,,,,,,,,,,,,,,,,,,
10827,2026-06-25T11:45:00+00:00,SETUP_REJECTED,,,mtf_bias_mismatch,bearish,,,,,,,,,,,,,,,,,,,
10827,2026-06-25T11:45:00+00:00,SETUP_REJECTED,,,mtf_bias_mismatch,bearish,,,,,,,,,,,,,,,,,,,
10827,2026-06-25T11:45:00+00:00,SETUP_REJECTED,,,mtf_bias_mismatch,bearish,,,,,,,,,,,,,,,,,,,
10836,2026-06-25T12:30:00+00:00,SETUP_REJECTED,,,mtf_bias_mismatch,bearish,,,,,,,,,,,,,,,,,,,
10837,2026-06-25T12:35:00+00:00,SETUP_REJECTED,,,mtf_bias_mismatch,bearish,,,,,,,,,,,,,,,,,,,
10840,2026-06-25T12:50:00+00:00,SWEEP,bearish,4018.253,,,,,,,,,,,,,,,,,,,,,
10876,2026-06-25T15:50:00+00:00,SWEEP,bearish,4040.512,,,,,,,,,,,,,,,,,,,,,
10877,2026-06-25T15:55:00+00:00,SWEEP,bearish,4041.582,,,,,,,,,,,,,,,,,,,,,
10878,2026-06-25T16:00:00+00:00,SWEEP,bearish,4042.73,,,,,,,,,,,,,,,,,,,,,
10881,2026-06-25T16:15:00+00:00,SWEEP,bearish,4042.906,,,,,,,,,,,,,,,,,,,,,
10885,2026-06-25T16:35:00+00:00,SETUP_REJECTED,,,mtf_bias_mismatch,bullish,,,,,,,,,,,,,,,,,,,
10885,2026-06-25T16:35:00+00:00,SETUP_REJECTED,,,mtf_bias_mismatch,bullish,,,,,,,,,,,,,,,,,,,
10885,2026-06-25T16:35:00+00:00,SETUP_REJECTED,,,mtf_bias_mismatch,bullish,,,,,,,,,,,,,,,,,,,
10885,2026-06-25T16:35:00+00:00,SETUP_REJECTED,,,mtf_bias_mismatch,bullish,,,,,,,,,,,,,,,,,,,
10924,2026-06-25T19:50:00+00:00,SWEEP,bullish,4025.874,,,,,,,,,,,,,,,,,,,,,
10927,2026-06-25T20:05:00+00:00,SETUP_REJECTED,,,mtf_bias_mismatch,neutral,,,,,,,,,,,,,,,,,,,
10940,2026-06-25T22:10:00+00:00,SWEEP,bullish,4021.904,,,,,,,,,,,,,,,,,,,,,
10941,2026-06-25T22:15:00+00:00,SWEEP,bullish,4021.804,,,,,,,,,,,,,,,,,,,,,
10942,2026-06-25T22:20:00+00:00,SWEEP,bullish,4021.366,,,,,,,,,,,,,,,,,,,,,
10944,2026-06-25T22:30:00+00:00,SETUP_REJECTED,,,mtf_bias_mismatch,bearish,,,,,,,,,,,,,,,,,,,
10944,2026-06-25T22:30:00+00:00,SETUP_REJECTED,,,mtf_bias_mismatch,bearish,,,,,,,,,,,,,,,,,,,
10944,2026-06-25T22:30:00+00:00,SETUP_REJECTED,,,mtf_bias_mismatch,bearish,,,,,,,,,,,,,,,,,,,
10945,2026-06-25T22:35:00+00:00,SWEEP,bearish,4035.043,,,,,,,,,,,,,,,,,,,,,
10945,2026-06-25T22:35:00+00:00,SETUP_REJECTED,,,mtf_bias_mismatch,bearish,,,,,,,,,,,,,,,,,,,
10945,2026-06-25T22:35:00+00:00,SETUP_REJECTED,,,mtf_bias_mismatch,bearish,,,,,,,,,,,,,,,,,,,
10945,2026-06-25T22:35:00+00:00,SETUP_REJECTED,,,mtf_bias_mismatch,bearish,,,,,,,,,,,,,,,,,,,
10946,2026-06-25T22:40:00+00:00,SWEEP,bearish,4036.415,,,,,,,,,,,,,,,,,,,,,
10954,2026-06-25T23:20:00+00:00,SETUP_REJECTED,,,mtf_bias_mismatch,bearish,,,,,,,,,,,,,,,,,,,
10960,2026-06-25T23:50:00+00:00,SWEEP,bullish,4016.558,,,,,,,,,,,,,,,,,,,,,
10962,2026-06-26T00:00:00+00:00,SWEEP,bullish,4012.378,,,,,,,,,,,,,,,,,,,,,
10963,2026-06-26T00:05:00+00:00,SWEEP,bullish,4012.141,,,,,,,,,,,,,,,,,,,,,
10965,2026-06-26T00:15:00+00:00,SETUP_REJECTED,,,mtf_bias_mismatch,bearish,,,,,,,,,,,,,,,,,,,
10965,2026-06-26T00:15:00+00:00,SETUP_REJECTED,,,mtf_bias_mismatch,bearish,,,,,,,,,,,,,,,,,,,
10965,2026-06-26T00:15:00+00:00,SETUP_REJECTED,,,mtf_bias_mismatch,bearish,,,,,,,,,,,,,,,,,,,
10971,2026-06-26T00:45:00+00:00,SETUP_REJECTED,,,mtf_bias_mismatch,bearish,,,,,,,,,,,,,,,,,,,
10971,2026-06-26T00:45:00+00:00,SETUP_REJECTED,,,mtf_bias_mismatch,bearish,,,,,,,,,,,,,,,,,,,
10971,2026-06-26T00:45:00+00:00,SETUP_REJECTED,,,mtf_bias_mismatch,bearish,,,,,,,,,,,,,,,,,,,
10991,2026-06-26T02:25:00+00:00,SWEEP,bullish,4005.235,,,,,,,,,,,,,,,,,,,,,
10994,2026-06-26T02:40:00+00:00,SWEEP,bullish,3991.618,,,,,,,,,,,,,,,,,,,,,
10995,2026-06-26T02:45:00+00:00,SWEEP,bullish,3991.192,,,,,,,,,,,,,,,,,,,,,
10997,2026-06-26T02:55:00+00:00,SWEEP,bullish,3984.717,,,,,,,,,,,,,,,,,,,,,
11000,2026-06-26T03:10:00+00:00,SETUP_REJECTED,,,mtf_bias_mismatch,bearish,,,,,,,,,,,,,,,,,,,
11000,2026-06-26T03:10:00+00:00,SETUP_REJECTED,,,mtf_bias_mismatch,bearish,,,,,,,,,,,,,,,,,,,
11000,2026-06-26T03:10:00+00:00,SETUP_REJECTED,,,mtf_bias_mismatch,bearish,,,,,,,,,,,,,,,,,,,
11000,2026-06-26T03:10:00+00:00,SETUP_REJECTED,,,mtf_bias_mismatch,bearish,,,,,,,,,,,,,,,,,,,
11009,2026-06-26T03:55:00+00:00,SETUP_REJECTED,,,mtf_bias_mismatch,bearish,,,,,,,,,,,,,,,,,,,
11012,2026-06-26T04:10:00+00:00,SWEEP,bearish,4009.294,,,,,,,,,,,,,,,,,,,,,
11013,2026-06-26T04:15:00+00:00,SWEEP,bearish,4009.41,,,,,,,,,,,,,,,,,,,,,
11025,2026-06-26T05:15:00+00:00,SWEEP,bearish,4015.35,,,,,,,,,,,,,,,,,,,,,
11028,2026-06-26T05:30:00+00:00,SWEEP,bearish,4019.292,,,,,,,,,,,,,,,,,,,,,
11039,2026-06-26T06:25:00+00:00,SWEEP,bearish,4024.936,,,,,,,,,,,,,,,,,,,,,
11040,2026-06-26T06:30:00+00:00,SWEEP,bearish,4025.012,,,,,,,,,,,,,,,,,,,,,
11043,2026-06-26T06:45:00+00:00,SWEEP,bearish,4027.901,,,,,,,,,,,,,,,,,,,,,
11046,2026-06-26T07:00:00+00:00,SWEEP,bearish,4033.083,,,,,,,,,,,,,,,,,,,,,
11054,2026-06-26T07:40:00+00:00,SETUP_REJECTED,,,mtf_bias_mismatch,bullish,,,,,,,,,,,,,,,,,,,
11054,2026-06-26T07:40:00+00:00,SETUP_REJECTED,,,mtf_bias_mismatch,bullish,,,,,,,,,,,,,,,,,,,
11055,2026-06-26T07:45:00+00:00,SETUP_REJECTED,,,mtf_bias_mismatch,bullish,,,,,,,,,,,,,,,,,,,
11055,2026-06-26T07:45:00+00:00,SETUP_REJECTED,,,mtf_bias_mismatch,bullish,,,,,,,,,,,,,,,,,,,
11056,2026-06-26T07:50:00+00:00,SETUP_REJECTED,,,mtf_bias_mismatch,bullish,,,,,,,,,,,,,,,,,,,
11071,2026-06-26T09:05:00+00:00,SWEEP,bearish,4039.702,,,,,,,,,,,,,,,,,,,,,
11072,2026-06-26T09:10:00+00:00,SWEEP,bearish,4039.747,,,,,,,,,,,,,,,,,,,,,
11075,2026-06-26T09:25:00+00:00,SWEEP,bearish,4048.967,,,,,,,,,,,,,,,,,,,,,
11086,2026-06-26T10:20:00+00:00,SETUP_REJECTED,,,mtf_bias_mismatch,neutral,,,,,,,,,,,,,,,,,,,
11088,2026-06-26T10:30:00+00:00,SWEEP,bearish,4054.203,,,,,,,,,,,,,,,,,,,,,
11092,2026-06-26T10:50:00+00:00,SWEEP,bearish,4054.267,,,,,,,,,,,,,,,,,,,,,
11094,2026-06-26T11:00:00+00:00,SWEEP,bearish,4055.074,,,,,,,,,,,,,,,,,,,,,
11100,2026-06-26T11:30:00+00:00,SWEEP,bearish,4055.675,,,,,,,,,,,,,,,,,,,,,
11102,2026-06-26T11:40:00+00:00,SETUP_REJECTED,,,mtf_bias_mismatch,bullish,,,,,,,,,,,,,,,,,,,
11102,2026-06-26T11:40:00+00:00,SETUP_REJECTED,,,mtf_bias_mismatch,bullish,,,,,,,,,,,,,,,,,,,
11102,2026-06-26T11:40:00+00:00,SETUP_REJECTED,,,mtf_bias_mismatch,bullish,,,,,,,,,,,,,,,,,,,
11110,2026-06-26T12:20:00+00:00,SWEEP,bullish,4042.486,,,,,,,,,,,,,,,,,,,,,
11110,2026-06-26T12:20:00+00:00,SETUP_REJECTED,,,mtf_bias_mismatch,neutral,,,,,,,,,,,,,,,,,,,
11117,2026-06-26T12:55:00+00:00,SETUP_REJECTED,,,mtf_bias_mismatch,neutral,,,,,,,,,,,,,,,,,,,
11118,2026-06-26T13:00:00+00:00,SWEEP,bearish,4061.629,,,,,,,,,,,,,,,,,,,,,
11118,2026-06-26T13:00:00+00:00,SETUP_REJECTED,,,mtf_bias_mismatch,neutral,,,,,,,,,,,,,,,,,,,
11125,2026-06-26T13:35:00+00:00,SETUP_REJECTED,,,mtf_bias_mismatch,bullish,,,,,,,,,,,,,,,,,,,
11128,2026-06-26T13:50:00+00:00,SWEEP,bearish,4066.154,,,,,,,,,,,,,,,,,,,,,
11130,2026-06-26T14:00:00+00:00,SWEEP,bearish,4077.989,,,,,,,,,,,,,,,,,,,,,
11131,2026-06-26T14:05:00+00:00,SWEEP,bearish,4079.32,,,,,,,,,,,,,,,,,,,,,
11136,2026-06-26T14:30:00+00:00,SETUP_REJECTED,,,mtf_bias_mismatch,bullish,,,,,,,,,,,,,,,,,,,
11136,2026-06-26T14:30:00+00:00,SETUP_REJECTED,,,mtf_bias_mismatch,bullish,,,,,,,,,,,,,,,,,,,
11136,2026-06-26T14:30:00+00:00,SETUP_REJECTED,,,mtf_bias_mismatch,bullish,,,,,,,,,,,,,,,,,,,
11137,2026-06-26T14:35:00+00:00,SETUP_REJECTED,,,mtf_bias_mismatch,bullish,,,,,,,,,,,,,,,,,,,
11137,2026-06-26T14:35:00+00:00,SETUP_REJECTED,,,mtf_bias_mismatch,bullish,,,,,,,,,,,,,,,,,,,
11137,2026-06-26T14:35:00+00:00,SETUP_REJECTED,,,mtf_bias_mismatch,bullish,,,,,,,,,,,,,,,,,,,
11142,2026-06-26T15:00:00+00:00,SETUP_REJECTED,,,mtf_bias_mismatch,bullish,,,,,,,,,,,,,,,,,,,
11142,2026-06-26T15:00:00+00:00,SETUP_REJECTED,,,mtf_bias_mismatch,bullish,,,,,,,,,,,,,,,,,,,
11149,2026-06-26T15:35:00+00:00,SWEEP,bearish,4093.103,,,,,,,,,,,,,,,,,,,,,
11151,2026-06-26T15:45:00+00:00,SWEEP,bearish,4095.651,,,,,,,,,,,,,,,,,,,,,
11159,2026-06-26T16:25:00+00:00,SETUP_REJECTED,,,mtf_bias_mismatch,bullish,,,,,,,,,,,,,,,,,,,
11159,2026-06-26T16:25:00+00:00,SETUP_REJECTED,,,mtf_bias_mismatch,bullish,,,,,,,,,,,,,,,,,,,
11162,2026-06-26T16:40:00+00:00,SETUP_REJECTED,,,mtf_bias_mismatch,neutral,,,,,,,,,,,,,,,,,,,
11169,2026-06-26T17:15:00+00:00,SWEEP,bullish,4081.586,,,,,,,,,,,,,,,,,,,,,
11170,2026-06-26T17:20:00+00:00,SWEEP,bullish,4081.357,,,,,,,,,,,,,,,,,,,,,
11177,2026-06-26T17:55:00+00:00,SWEEP,bullish,4074.125,,,,,,,,,,,,,,,,,,,,,
11178,2026-06-26T18:00:00+00:00,SWEEP,bullish,4073.571,,,,,,,,,,,,,,,,,,,,,
11191,2026-06-26T19:05:00+00:00,SWEEP,bullish,4064.923,,,,,,,,,,,,,,,,,,,,,
11197,2026-06-26T19:35:00+00:00,SETUP_REJECTED,,,mtf_bias_mismatch,neutral,,,,,,,,,,,,,,,,,,,
11198,2026-06-26T19:40:00+00:00,OB_FORMED,bullish,,,bullish,28.0,4068.08,4070.413,80.89,4096.053,4.5,"{'D1': 'bearish', 'H1': 'bullish', 'M15': 'bullish', 'M5': 'bullish'}",,,,,,,,,,,,
11203,2026-06-26T20:05:00+00:00,OB_INVALIDATED,,,,,28.0,,,,,,,,,,,,,,,,,,
11232,2026-06-28T23:30:00+00:00,SWEEP,bullish,4053.377,,,,,,,,,,,,,,,,,,,,,
11234,2026-06-28T23:40:00+00:00,SETUP_REJECTED,,,mtf_bias_mismatch,bearish,,,,,,,,,,,,,,,,,,,
11242,2026-06-29T00:20:00+00:00,SWEEP,bullish,4051.708,,,,,,,,,,,,,,,,,,,,,
11245,2026-06-29T00:35:00+00:00,SETUP_REJECTED,,,mtf_bias_mismatch,bearish,,,,,,,,,,,,,,,,,,,
11246,2026-06-29T00:40:00+00:00,SETUP_REJECTED,,,mtf_bias_mismatch,bearish,,,,,,,,,,,,,,,,,,,
11247,2026-06-29T00:45:00+00:00,SETUP_REJECTED,,,mtf_bias_mismatch,bearish,,,,,,,,,,,,,,,,,,,
11249,2026-06-29T00:55:00+00:00,SWEEP,bearish,4070.064,,,,,,,,,,,,,,,,,,,,,
11251,2026-06-29T01:05:00+00:00,SWEEP,bearish,4074.28,,,,,,,,,,,,,,,,,,,,,
11294,2026-06-29T04:40:00+00:00,SWEEP,bullish,4054.796,,,,,,,,,,,,,,,,,,,,,
11298,2026-06-29T05:00:00+00:00,SWEEP,bullish,4049.69,,,,,,,,,,,,,,,,,,,,,
11305,2026-06-29T05:35:00+00:00,SWEEP,bullish,4040.279,,,,,,,,,,,,,,,,,,,,,
11307,2026-06-29T05:45:00+00:00,SETUP_REJECTED,,,mtf_bias_mismatch,neutral,,,,,,,,,,,,,,,,,,,
11307,2026-06-29T05:45:00+00:00,SETUP_REJECTED,,,mtf_bias_mismatch,neutral,,,,,,,,,,,,,,,,,,,
11311,2026-06-29T06:05:00+00:00,SETUP_REJECTED,,,mtf_bias_mismatch,neutral,,,,,,,,,,,,,,,,,,,
11319,2026-06-29T06:45:00+00:00,SWEEP,bearish,4064.271,,,,,,,,,,,,,,,,,,,,,
11332,2026-06-29T07:50:00+00:00,SWEEP,bearish,4066.355,,,,,,,,,,,,,,,,,,,,,
11343,2026-06-29T08:45:00+00:00,SWEEP,bullish,4054.648,,,,,,,,,,,,,,,,,,,,,
11352,2026-06-29T09:30:00+00:00,SWEEP,bullish,4043.674,,,,,,,,,,,,,,,,,,,,,
11353,2026-06-29T09:35:00+00:00,SWEEP,bullish,4041.718,,,,,,,,,,,,,,,,,,,,,
11354,2026-06-29T09:40:00+00:00,SWEEP,bullish,4041.149,,,,,,,,,,,,,,,,,,,,,
11361,2026-06-29T10:15:00+00:00,SETUP_REJECTED,,,mtf_bias_mismatch,bearish,,,,,,,,,,,,,,,,,,,
11361,2026-06-29T10:15:00+00:00,SETUP_REJECTED,,,mtf_bias_mismatch,bearish,,,,,,,,,,,,,,,,,,,
11361,2026-06-29T10:15:00+00:00,SETUP_REJECTED,,,mtf_bias_mismatch,bearish,,,,,,,,,,,,,,,,,,,
11383,2026-06-29T12:05:00+00:00,SWEEP,bearish,4048.131,,,,,,,,,,,,,,,,,,,,,
11384,2026-06-29T12:10:00+00:00,SWEEP,bearish,4048.345,,,,,,,,,,,,,,,,,,,,,
11403,2026-06-29T13:45:00+00:00,SWEEP,bullish,4033.831,,,,,,,,,,,,,,,,,,,,,
11405,2026-06-29T13:55:00+00:00,SWEEP,bullish,4030.025,,,,,,,,,,,,,,,,,,,,,
11409,2026-06-29T14:15:00+00:00,SWEEP,bullish,4007.981,,,,,,,,,,,,,,,,,,,,,
11411,2026-06-29T14:25:00+00:00,SETUP_REJECTED,,,mtf_bias_mismatch,bearish,,,,,,,,,,,,,,,,,,,
11411,2026-06-29T14:25:00+00:00,SETUP_REJECTED,,,mtf_bias_mismatch,bearish,,,,,,,,,,,,,,,,,,,
11411,2026-06-29T14:25:00+00:00,SETUP_REJECTED,,,mtf_bias_mismatch,bearish,,,,,,,,,,,,,,,,,,,
11412,2026-06-29T14:30:00+00:00,SETUP_REJECTED,,,mtf_bias_mismatch,bearish,,,,,,,,,,,,,,,,,,,
11412,2026-06-29T14:30:00+00:00,SETUP_REJECTED,,,mtf_bias_mismatch,bearish,,,,,,,,,,,,,,,,,,,
11412,2026-06-29T14:30:00+00:00,SETUP_REJECTED,,,mtf_bias_mismatch,bearish,,,,,,,,,,,,,,,,,,,
11417,2026-06-29T14:55:00+00:00,SETUP_REJECTED,,,mtf_bias_mismatch,bearish,,,,,,,,,,,,,,,,,,,
11417,2026-06-29T14:55:00+00:00,SETUP_REJECTED,,,mtf_bias_mismatch,bearish,,,,,,,,,,,,,,,,,,,
11429,2026-06-29T15:55:00+00:00,SWEEP,bearish,4030.359,,,,,,,,,,,,,,,,,,,,,
11433,2026-06-29T16:15:00+00:00,OB_FORMED,bearish,,,bearish,29.0,4021.945,4025.92,69.45,4000.206,5.0,"{'D1': 'bearish', 'H1': 'bearish', 'M15': 'bullish', 'M5': 'bullish'}",,,,,,,,,,,,
11438,2026-06-29T16:40:00+00:00,OB_TOUCH,,,,,29.0,,,,,,,5.0,,,,,,,,,,,
11438,2026-06-29T16:40:00+00:00,ENTRY_WAIT_REVERSAL,,,,,29.0,,,,,,,,115.67,,,,,,,,,,
11439,2026-06-29T16:45:00+00:00,OB_INVALIDATED,,,,,29.0,,,,,,,,,,,,,,,,,,
11443,2026-06-29T17:05:00+00:00,SWEEP,bearish,4030.461,,,,,,,,,,,,,,,,,,,,,
11444,2026-06-29T17:10:00+00:00,SWEEP,bearish,4031.825,,,,,,,,,,,,,,,,,,,,,
11464,2026-06-29T18:50:00+00:00,SWEEP,bullish,4015.742,,,,,,,,,,,,,,,,,,,,,
11467,2026-06-29T19:05:00+00:00,SWEEP,bullish,4009.736,,,,,,,,,,,,,,,,,,,,,
11469,2026-06-29T19:15:00+00:00,SWEEP,bullish,4007.966,,,,,,,,,,,,,,,,,,,,,
11471,2026-06-29T19:25:00+00:00,SETUP_REJECTED,,,mtf_bias_mismatch,bearish,,,,,,,,,,,,,,,,,,,
11471,2026-06-29T19:25:00+00:00,SETUP_REJECTED,,,mtf_bias_mismatch,bearish,,,,,,,,,,,,,,,,,,,
11471,2026-06-29T19:25:00+00:00,SETUP_REJECTED,,,mtf_bias_mismatch,bearish,,,,,,,,,,,,,,,,,,,
11472,2026-06-29T19:30:00+00:00,SETUP_REJECTED,,,mtf_bias_mismatch,bearish,,,,,,,,,,,,,,,,,,,
11472,2026-06-29T19:30:00+00:00,SETUP_REJECTED,,,mtf_bias_mismatch,bearish,,,,,,,,,,,,,,,,,,,
11472,2026-06-29T19:30:00+00:00,SETUP_REJECTED,,,mtf_bias_mismatch,bearish,,,,,,,,,,,,,,,,,,,
11490,2026-06-29T22:00:00+00:00,SWEEP,bearish,4019.627,,,,,,,,,,,,,,,,,,,,,
11491,2026-06-29T22:05:00+00:00,SWEEP,bearish,4020.842,,,,,,,,,,,,,,,,,,,,,
11492,2026-06-29T22:10:00+00:00,SWEEP,bearish,4021.753,,,,,,,,,,,,,,,,,,,,,
11497,2026-06-29T22:35:00+00:00,SWEEP,bullish,4012.613,,,,,,,,,,,,,,,,,,,,,
11499,2026-06-29T22:45:00+00:00,SWEEP,bullish,4010.248,,,,,,,,,,,,,,,,,,,,,
11503,2026-06-29T23:05:00+00:00,SETUP_REJECTED,,,mtf_bias_mismatch,bearish,,,,,,,,,,,,,,,,,,,
11503,2026-06-29T23:05:00+00:00,SETUP_REJECTED,,,mtf_bias_mismatch,bearish,,,,,,,,,,,,,,,,,,,
11504,2026-06-29T23:10:00+00:00,SETUP_REJECTED,,,mtf_bias_mismatch,bearish,,,,,,,,,,,,,,,,,,,
11504,2026-06-29T23:10:00+00:00,SETUP_REJECTED,,,mtf_bias_mismatch,bearish,,,,,,,,,,,,,,,,,,,
11505,2026-06-29T23:15:00+00:00,SWEEP,bearish,4022.243,,,,,,,,,,,,,,,,,,,,,
11511,2026-06-29T23:45:00+00:00,OB_FORMED,bearish,,,bearish,30.0,4013.536,4016.962,96.7,4000.206,7.5,"{'D1': 'bearish', 'H1': 'bearish', 'M15': 'bearish', 'M5': 'bearish'}",,,,,,,,,,,,
11516,2026-06-30T00:10:00+00:00,OB_TOUCH,,,,,30.0,,,,,,,5.0,,,,,,,,,,,
11516,2026-06-30T00:10:00+00:00,ENTRY_WAIT_REVERSAL,,,,,30.0,,,,,,,,200.47,,,,,,,,,,
11523,2026-06-30T00:45:00+00:00,SWEEP,bullish,3990.834,,,,,,,,,,,,,,,,,,,,,
11524,2026-06-30T00:50:00+00:00,SWEEP,bullish,3990.654,,,,,,,,,,,,,,,,,,,,,
11526,2026-06-30T01:00:00+00:00,SWEEP,bullish,3979.562,,,,,,,,,,,,,,,,,,,,,
11565,2026-06-30T04:15:00+00:00,SWEEP,bearish,3975.088,,,,,,,,,,,,,,,,,,,,,
11569,2026-06-30T04:35:00+00:00,SWEEP,bearish,3996.595,,,,,,,,,,,,,,,,,,,,,
11592,2026-06-30T06:30:00+00:00,OB_INVALIDATED,,,,,30.0,,,,,,,,,,,,,,,,,,
11593,2026-06-30T06:35:00+00:00,SWEEP,bearish,4031.406,,,,,,,,,,,,,,,,,,,,,
11603,2026-06-30T07:25:00+00:00,SWEEP,bearish,4034.28,,,,,,,,,,,,,,,,,,,,,
11611,2026-06-30T08:05:00+00:00,SWEEP,bearish,4036.445,,,,,,,,,,,,,,,,,,,,,
11613,2026-06-30T08:15:00+00:00,SWEEP,bullish,4021.52,,,,,,,,,,,,,,,,,,,,,
11614,2026-06-30T08:20:00+00:00,SWEEP,bullish,4020.508,,,,,,,,,,,,,,,,,,,,,
11615,2026-06-30T08:25:00+00:00,OB_FORMED,bearish,,,bearish,31.0,4020.741,4026.299,85.64,3942.099,5.0,"{'D1': 'bearish', 'H1': 'bearish', 'M15': 'bullish', 'M5': 'bullish'}",,,,,,,,,,,,
11620,2026-06-30T08:50:00+00:00,SWEEP,bullish,4015.462,,,,,,,,,,,,,,,,,,,,,
11623,2026-06-30T09:05:00+00:00,SETUP_REJECTED,,,mtf_bias_mismatch,bearish,,,,,,,,,,,,,,,,,,,
11623,2026-06-30T09:05:00+00:00,SETUP_REJECTED,,,mtf_bias_mismatch,bearish,,,,,,,,,,,,,,,,,,,
11623,2026-06-30T09:05:00+00:00,SETUP_REJECTED,,,mtf_bias_mismatch,bearish,,,,,,,,,,,,,,,,,,,
11623,2026-06-30T09:05:00+00:00,OB_TOUCH,,,,,31.0,,,,,,,8.0,,,,,,,,,,,
11623,2026-06-30T09:05:00+00:00,ENTRY_WAIT_REVERSAL,,,,,31.0,,,,,,,,134.63,,,,,,,,,,
11626,2026-06-30T09:20:00+00:00,ENTRY_WAIT_REVERSAL,,,,,31.0,,,,,,,,127.96,,,,,,,,,,
11628,2026-06-30T09:30:00+00:00,SWEEP,bullish,4013.489,,,,,,,,,,,,,,,,,,,,,
11629,2026-06-30T09:35:00+00:00,SWEEP,bullish,4012.812,,,,,,,,,,,,,,,,,,,,,
11631,2026-06-30T09:45:00+00:00,SETUP_REJECTED,,,mtf_bias_mismatch,bearish,,,,,,,,,,,,,,,,,,,
11631,2026-06-30T09:45:00+00:00,SETUP_REJECTED,,,mtf_bias_mismatch,bearish,,,,,,,,,,,,,,,,,,,
11631,2026-06-30T09:45:00+00:00,SETUP_REJECTED,,,mtf_bias_mismatch,bearish,,,,,,,,,,,,,,,,,,,
11632,2026-06-30T09:50:00+00:00,ENTRY_WAIT_REVERSAL,,,,,31.0,,,,,,,,81.49,,,,,,,,,,
11633,2026-06-30T09:55:00+00:00,ENTRY_WAIT_70_REENTRY,,,,,31.0,,,,,,,,46.47,,,,,,,,,,
11634,2026-06-30T10:00:00+00:00,ENTRY_WAIT_70_REENTRY,,,,,31.0,,,,,,,,30.26,,,,,,,,,,
11635,2026-06-30T10:05:00+00:00,ENTRY_WAIT_70_REENTRY,,,,,31.0,,,,,,,,36.07,,,,,,,,,,
11636,2026-06-30T10:10:00+00:00,ENTRY_WAIT_REVERSAL,,,,,31.0,,,,,,,,,,,,,,,,,,
11637,2026-06-30T10:15:00+00:00,SWEEP,bearish,4026.618,,,,,,,,,,,,,,,,,,,,,
11637,2026-06-30T10:15:00+00:00,ENTRY_WAIT_70_REENTRY,,,,,31.0,,,,,,,,39.71,,,,,,,,,,
11638,2026-06-30T10:20:00+00:00,ENTRY_WAIT_REVERSAL,,,,,31.0,,,,,,,,,,,,,,,,,,
11639,2026-06-30T10:25:00+00:00,OB_INVALIDATED,,,,,31.0,,,,,,,,,,,,,,,,,,
11641,2026-06-30T10:35:00+00:00,SWEEP,bearish,4028.846,,,,,,,,,,,,,,,,,,,,,
11642,2026-06-30T10:40:00+00:00,SWEEP,bearish,4028.996,,,,,,,,,,,,,,,,,,,,,
11645,2026-06-30T10:55:00+00:00,SWEEP,bearish,4029.93,,,,,,,,,,,,,,,,,,,,,
11647,2026-06-30T11:05:00+00:00,SWEEP,bearish,4031.315,,,,,,,,,,,,,,,,,,,,,
11649,2026-06-30T11:15:00+00:00,SWEEP,bearish,4033.597,,,,,,,,,,,,,,,,,,,,,
11655,2026-06-30T11:45:00+00:00,SWEEP,bearish,4035.258,,,,,,,,,,,,,,,,,,,,,
11660,2026-06-30T12:10:00+00:00,SETUP_REJECTED,,,mtf_bias_mismatch,bullish,,,,,,,,,,,,,,,,,,,
11660,2026-06-30T12:10:00+00:00,SETUP_REJECTED,,,mtf_bias_mismatch,bullish,,,,,,,,,,,,,,,,,,,
11661,2026-06-30T12:15:00+00:00,SWEEP,bullish,4025.428,,,,,,,,,,,,,,,,,,,,,
11663,2026-06-30T12:25:00+00:00,SETUP_REJECTED,,,mtf_bias_mismatch,bullish,,,,,,,,,,,,,,,,,,,
11665,2026-06-30T12:35:00+00:00,SWEEP,bullish,4014.708,,,,,,,,,,,,,,,,,,,,,
11668,2026-06-30T12:50:00+00:00,SWEEP,bullish,4012.673,,,,,,,,,,,,,,,,,,,,,
11671,2026-06-30T13:05:00+00:00,SETUP_REJECTED,,,mtf_bias_mismatch,bearish,,,,,,,,,,,,,,,,,,,
11671,2026-06-30T13:05:00+00:00,SETUP_REJECTED,,,mtf_bias_mismatch,bearish,,,,,,,,,,,,,,,,,,,
11671,2026-06-30T13:05:00+00:00,SETUP_REJECTED,,,mtf_bias_mismatch,bearish,,,,,,,,,,,,,,,,,,,
11672,2026-06-30T13:10:00+00:00,SETUP_REJECTED,,,mtf_bias_mismatch,bearish,,,,,,,,,,,,,,,,,,,
11672,2026-06-30T13:10:00+00:00,SETUP_REJECTED,,,mtf_bias_mismatch,bearish,,,,,,,,,,,,,,,,,,,
11672,2026-06-30T13:10:00+00:00,SETUP_REJECTED,,,mtf_bias_mismatch,bearish,,,,,,,,,,,,,,,,,,,
11684,2026-06-30T14:10:00+00:00,SWEEP,bearish,4045.112,,,,,,,,,,,,,,,,,,,,,
11720,2026-06-30T17:10:00+00:00,SWEEP,bullish,4021.071,,,,,,,,,,,,,,,,,,,,,
11727,2026-06-30T17:45:00+00:00,SETUP_REJECTED,,,mtf_bias_mismatch,bearish,,,,,,,,,,,,,,,,,,,
11748,2026-06-30T19:30:00+00:00,SWEEP,bullish,4021.127,,,,,,,,,,,,,,,,,,,,,
11749,2026-06-30T19:35:00+00:00,SWEEP,bullish,4020.731,,,,,,,,,,,,,,,,,,,,,
11753,2026-06-30T19:55:00+00:00,SWEEP,bullish,4015.743,,,,,,,,,,,,,,,,,,,,,
11754,2026-06-30T20:00:00+00:00,SWEEP,bullish,4014.641,,,,,,,,,,,,,,,,,,,,,
11756,2026-06-30T20:10:00+00:00,SETUP_REJECTED,,,mtf_bias_mismatch,bearish,,,,,,,,,,,,,,,,,,,
11756,2026-06-30T20:10:00+00:00,SETUP_REJECTED,,,mtf_bias_mismatch,bearish,,,,,,,,,,,,,,,,,,,
11756,2026-06-30T20:10:00+00:00,SETUP_REJECTED,,,mtf_bias_mismatch,bearish,,,,,,,,,,,,,,,,,,,
11756,2026-06-30T20:10:00+00:00,SETUP_REJECTED,,,mtf_bias_mismatch,bearish,,,,,,,,,,,,,,,,,,,
11763,2026-06-30T20:45:00+00:00,SWEEP,bullish,4010.123,,,,,,,,,,,,,,,,,,,,,
11764,2026-06-30T20:50:00+00:00,SWEEP,bullish,4010.038,,,,,,,,,,,,,,,,,,,,,
11767,2026-06-30T22:05:00+00:00,SETUP_REJECTED,,,mtf_bias_mismatch,bearish,,,,,,,,,,,,,,,,,,,
11767,2026-06-30T22:05:00+00:00,SETUP_REJECTED,,,mtf_bias_mismatch,bearish,,,,,,,,,,,,,,,,,,,
11779,2026-06-30T23:05:00+00:00,SWEEP,bearish,4017.977,,,,,,,,,,,,,,,,,,,,,
11788,2026-06-30T23:50:00+00:00,SWEEP,bullish,4006.437,,,,,,,,,,,,,,,,,,,,,
11794,2026-07-01T00:20:00+00:00,SWEEP,bullish,4001.611,,,,,,,,,,,,,,,,,,,,,
11795,2026-07-01T00:25:00+00:00,SWEEP,bullish,4001.483,,,,,,,,,,,,,,,,,,,,,
11796,2026-07-01T00:30:00+00:00,SWEEP,bullish,4001.225,,,,,,,,,,,,,,,,,,,,,
11804,2026-07-01T01:10:00+00:00,SWEEP,bullish,3982.915,,,,,,,,,,,,,,,,,,,,,
11805,2026-07-01T01:15:00+00:00,SWEEP,bullish,3978.827,,,,,,,,,,,,,,,,,,,,,
11809,2026-07-01T01:35:00+00:00,SWEEP,bullish,3975.644,,,,,,,,,,,,,,,,,,,,,
11810,2026-07-01T01:40:00+00:00,SWEEP,bullish,3975.57,,,,,,,,,,,,,,,,,,,,,
11811,2026-07-01T01:45:00+00:00,SWEEP,bullish,3974.81,,,,,,,,,,,,,,,,,,,,,
11812,2026-07-01T01:50:00+00:00,SWEEP,bullish,3974.283,,,,,,,,,,,,,,,,,,,,,
11817,2026-07-01T02:15:00+00:00,SETUP_REJECTED,,,mtf_bias_mismatch,bearish,,,,,,,,,,,,,,,,,,,
11817,2026-07-01T02:15:00+00:00,SETUP_REJECTED,,,mtf_bias_mismatch,bearish,,,,,,,,,,,,,,,,,,,
11817,2026-07-01T02:15:00+00:00,SETUP_REJECTED,,,mtf_bias_mismatch,bearish,,,,,,,,,,,,,,,,,,,
11817,2026-07-01T02:15:00+00:00,SETUP_REJECTED,,,mtf_bias_mismatch,bearish,,,,,,,,,,,,,,,,,,,
11817,2026-07-01T02:15:00+00:00,SETUP_REJECTED,,,mtf_bias_mismatch,bearish,,,,,,,,,,,,,,,,,,,
11818,2026-07-01T02:20:00+00:00,SETUP_REJECTED,,,mtf_bias_mismatch,bearish,,,,,,,,,,,,,,,,,,,
11818,2026-07-01T02:20:00+00:00,SETUP_REJECTED,,,mtf_bias_mismatch,bearish,,,,,,,,,,,,,,,,,,,
11818,2026-07-01T02:20:00+00:00,SETUP_REJECTED,,,mtf_bias_mismatch,bearish,,,,,,,,,,,,,,,,,,,
11818,2026-07-01T02:20:00+00:00,SETUP_REJECTED,,,mtf_bias_mismatch,bearish,,,,,,,,,,,,,,,,,,,
11829,2026-07-01T03:15:00+00:00,SWEEP,bearish,3986.117,,,,,,,,,,,,,,,,,,,,,
11840,2026-07-01T04:10:00+00:00,SWEEP,bullish,3974.995,,,,,,,,,,,,,,,,,,,,,
11844,2026-07-01T04:30:00+00:00,SETUP_REJECTED,,,mtf_bias_mismatch,bearish,,,,,,,,,,,,,,,,,,,
11845,2026-07-01T04:35:00+00:00,SWEEP,bullish,3974.061,,,,,,,,,,,,,,,,,,,,,
11846,2026-07-01T04:40:00+00:00,SWEEP,bullish,3973.713,,,,,,,,,,,,,,,,,,,,,
11848,2026-07-01T04:50:00+00:00,SETUP_REJECTED,,,mtf_bias_mismatch,bearish,,,,,,,,,,,,,,,,,,,
11848,2026-07-01T04:50:00+00:00,SETUP_REJECTED,,,mtf_bias_mismatch,bearish,,,,,,,,,,,,,,,,,,,
11848,2026-07-01T04:50:00+00:00,SETUP_REJECTED,,,mtf_bias_mismatch,bearish,,,,,,,,,,,,,,,,,,,
11850,2026-07-01T05:00:00+00:00,SWEEP,bullish,3972.251,,,,,,,,,,,,,,,,,,,,,
11864,2026-07-01T06:10:00+00:00,SWEEP,bullish,3964.315,,,,,,,,,,,,,,,,,,,,,
11865,2026-07-01T06:15:00+00:00,SWEEP,bullish,3963.424,,,,,,,,,,,,,,,,,,,,,
11867,2026-07-01T06:25:00+00:00,SETUP_REJECTED,,,mtf_bias_mismatch,bearish,,,,,,,,,,,,,,,,,,,
11867,2026-07-01T06:25:00+00:00,SETUP_REJECTED,,,mtf_bias_mismatch,bearish,,,,,,,,,,,,,,,,,,,
11871,2026-07-01T06:45:00+00:00,SETUP_REJECTED,,,mtf_bias_mismatch,bearish,,,,,,,,,,,,,,,,,,,
11871,2026-07-01T06:45:00+00:00,SETUP_REJECTED,,,mtf_bias_mismatch,bearish,,,,,,,,,,,,,,,,,,,
11875,2026-07-01T07:05:00+00:00,SWEEP,bullish,3963.095,,,,,,,,,,,,,,,,,,,,,
11877,2026-07-01T07:15:00+00:00,SWEEP,bullish,3960.115,,,,,,,,,,,,,,,,,,,,,
11878,2026-07-01T07:20:00+00:00,SETUP_REJECTED,,,mtf_bias_mismatch,bearish,,,,,,,,,,,,,,,,,,,
11878,2026-07-01T07:20:00+00:00,SETUP_REJECTED,,,mtf_bias_mismatch,bearish,,,,,,,,,,,,,,,,,,,
11882,2026-07-01T07:40:00+00:00,SETUP_REJECTED,,,mtf_bias_mismatch,bearish,,,,,,,,,,,,,,,,,,,
11882,2026-07-01T07:40:00+00:00,SETUP_REJECTED,,,mtf_bias_mismatch,bearish,,,,,,,,,,,,,,,,,,,
11884,2026-07-01T07:50:00+00:00,SWEEP,bearish,3973.875,,,,,,,,,,,,,,,,,,,,,
11889,2026-07-01T08:15:00+00:00,SETUP_REJECTED,,,mtf_bias_mismatch,bearish,,,,,,,,,,,,,,,,,,,
11890,2026-07-01T08:20:00+00:00,SWEEP,bearish,3982.93,,,,,,,,,,,,,,,,,,,,,
11909,2026-07-01T09:55:00+00:00,SWEEP,bearish,3985.743,,,,,,,,,,,,,,,,,,,,,
11917,2026-07-01T10:35:00+00:00,SWEEP,bearish,3992.119,,,,,,,,,,,,,,,,,,,,,
11926,2026-07-01T11:20:00+00:00,SWEEP,bearish,4024.983,,,,,,,,,,,,,,,,,,,,,
11928,2026-07-01T11:30:00+00:00,SWEEP,bearish,4028.409,,,,,,,,,,,,,,,,,,,,,
11932,2026-07-01T11:50:00+00:00,SWEEP,bearish,4034.921,,,,,,,,,,,,,,,,,,,,,
11935,2026-07-01T12:05:00+00:00,SETUP_REJECTED,,,mtf_bias_mismatch,bullish,,,,,,,,,,,,,,,,,,,
11935,2026-07-01T12:05:00+00:00,SETUP_REJECTED,,,mtf_bias_mismatch,bullish,,,,,,,,,,,,,,,,,,,
11935,2026-07-01T12:05:00+00:00,SETUP_REJECTED,,,mtf_bias_mismatch,bullish,,,,,,,,,,,,,,,,,,,
11946,2026-07-01T13:00:00+00:00,SWEEP,bullish,4019.025,,,,,,,,,,,,,,,,,,,,,
11947,2026-07-01T13:05:00+00:00,SWEEP,bullish,4017.178,,,,,,,,,,,,,,,,,,,,,
11951,2026-07-01T13:25:00+00:00,SWEEP,bearish,4046.822,,,,,,,,,,,,,,,,,,,,,
11951,2026-07-01T13:25:00+00:00,SETUP_REJECTED,,,mtf_bias_mismatch,neutral,,,,,,,,,,,,,,,,,,,
11951,2026-07-01T13:25:00+00:00,SETUP_REJECTED,,,mtf_bias_mismatch,neutral,,,,,,,,,,,,,,,,,,,
11954,2026-07-01T13:40:00+00:00,SETUP_REJECTED,,,mtf_bias_mismatch,neutral,,,,,,,,,,,,,,,,,,,
11954,2026-07-01T13:40:00+00:00,SETUP_REJECTED,,,mtf_bias_mismatch,neutral,,,,,,,,,,,,,,,,,,,
11955,2026-07-01T13:45:00+00:00,SWEEP,bearish,4100.298,,,,,,,,,,,,,,,,,,,,,
11955,2026-07-01T13:45:00+00:00,SETUP_REJECTED,,,mtf_bias_mismatch,neutral,,,,,,,,,,,,,,,,,,,
11955,2026-07-01T13:45:00+00:00,SETUP_REJECTED,,,mtf_bias_mismatch,neutral,,,,,,,,,,,,,,,,,,,
11965,2026-07-01T14:35:00+00:00,SWEEP,bearish,4111.299,,,,,,,,,,,,,,,,,,,,,
11967,2026-07-01T14:45:00+00:00,SETUP_REJECTED,,,mtf_bias_mismatch,bullish,,,,,,,,,,,,,,,,,,,
11967,2026-07-01T14:45:00+00:00,SETUP_REJECTED,,,mtf_bias_mismatch,bullish,,,,,,,,,,,,,,,,,,,
11968,2026-07-01T14:50:00+00:00,SETUP_REJECTED,,,mtf_bias_mismatch,bullish,,,,,,,,,,,,,,,,,,,
11972,2026-07-01T15:10:00+00:00,SETUP_REJECTED,,,mtf_bias_mismatch,bullish,,,,,,,,,,,,,,,,,,,
11975,2026-07-01T15:25:00+00:00,SETUP_REJECTED,,,mtf_bias_mismatch,bullish,,,,,,,,,,,,,,,,,,,
11977,2026-07-01T15:35:00+00:00,SWEEP,bullish,4077.756,,,,,,,,,,,,,,,,,,,,,
11992,2026-07-01T16:50:00+00:00,SWEEP,bullish,4072.696,,,,,,,,,,,,,,,,,,,,,
11993,2026-07-01T16:55:00+00:00,SWEEP,bullish,4070.766,,,,,,,,,,,,,,,,,,,,,
11994,2026-07-01T17:00:00+00:00,SWEEP,bullish,4070.35,,,,,,,,,,,,,,,,,,,,,
11996,2026-07-01T17:10:00+00:00,SWEEP,bullish,4068.132,,,,,,,,,,,,,,,,,,,,,
12005,2026-07-01T17:55:00+00:00,SWEEP,bullish,4067.696,,,,,,,,,,,,,,,,,,,,,
12008,2026-07-01T18:10:00+00:00,SWEEP,bullish,4067.265,,,,,,,,,,,,,,,,,,,,,
12010,2026-07-01T18:20:00+00:00,SWEEP,bullish,4064.844,,,,,,,,,,,,,,,,,,,,,
12019,2026-07-01T19:05:00+00:00,SETUP_REJECTED,,,mtf_bias_mismatch,bearish,,,,,,,,,,,,,,,,,,,
12019,2026-07-01T19:05:00+00:00,SETUP_REJECTED,,,mtf_bias_mismatch,bearish,,,,,,,,,,,,,,,,,,,
12024,2026-07-01T19:30:00+00:00,SWEEP,bullish,4056.471,,,,,,,,,,,,,,,,,,,,,
12025,2026-07-01T19:35:00+00:00,SWEEP,bullish,4055.74,,,,,,,,,,,,,,,,,,,,,
12031,2026-07-01T20:05:00+00:00,SWEEP,bullish,4028.891,,,,,,,,,,,,,,,,,,,,,
12043,2026-07-01T22:05:00+00:00,SETUP_REJECTED,,,mtf_bias_mismatch,bearish,,,,,,,,,,,,,,,,,,,
12052,2026-07-01T22:50:00+00:00,SWEEP,bearish,4043.88,,,,,,,,,,,,,,,,,,,,,
12063,2026-07-01T23:45:00+00:00,SWEEP,bullish,4033.774,,,,,,,,,,,,,,,,,,,,,
12068,2026-07-02T00:10:00+00:00,SWEEP,bearish,4045.279,,,,,,,,,,,,,,,,,,,,,
12068,2026-07-02T00:10:00+00:00,SETUP_REJECTED,,,mtf_bias_mismatch,neutral,,,,,,,,,,,,,,,,,,,
12071,2026-07-02T00:25:00+00:00,SWEEP,bearish,4046.735,,,,,,,,,,,,,,,,,,,,,
12082,2026-07-02T01:20:00+00:00,SETUP_REJECTED,,,mtf_bias_mismatch,bullish,,,,,,,,,,,,,,,,,,,
12083,2026-07-02T01:25:00+00:00,SETUP_REJECTED,,,mtf_bias_mismatch,bullish,,,,,,,,,,,,,,,,,,,
12110,2026-07-02T03:40:00+00:00,SWEEP,bearish,4067.122,,,,,,,,,,,,,,,,,,,,,
12113,2026-07-02T03:55:00+00:00,SWEEP,bearish,4072.782,,,,,,,,,,,,,,,,,,,,,
12117,2026-07-02T04:15:00+00:00,SETUP_REJECTED,,,mtf_bias_mismatch,bullish,,,,,,,,,,,,,,,,,,,
12117,2026-07-02T04:15:00+00:00,SETUP_REJECTED,,,mtf_bias_mismatch,bullish,,,,,,,,,,,,,,,,,,,
12118,2026-07-02T04:20:00+00:00,SETUP_REJECTED,,,mtf_bias_mismatch,bullish,,,,,,,,,,,,,,,,,,,
12118,2026-07-02T04:20:00+00:00,SETUP_REJECTED,,,mtf_bias_mismatch,bullish,,,,,,,,,,,,,,,,,,,
12126,2026-07-02T05:00:00+00:00,SWEEP,bullish,4058.544,,,,,,,,,,,,,,,,,,,,,
12127,2026-07-02T05:05:00+00:00,SWEEP,bullish,4057.712,,,,,,,,,,,,,,,,,,,,,
12132,2026-07-02T05:30:00+00:00,SWEEP,bullish,4054.431,,,,,,,,,,,,,,,,,,,,,
12166,2026-07-02T08:20:00+00:00,SWEEP,bearish,4076.473,,,,,,,,,,,,,,,,,,,,,
12171,2026-07-02T08:45:00+00:00,SWEEP,bearish,4077.945,,,,,,,,,,,,,,,,,,,,,
12173,2026-07-02T08:55:00+00:00,SWEEP,bearish,4079.906,,,,,,,,,,,,,,,,,,,,,
12185,2026-07-02T09:55:00+00:00,SETUP_REJECTED,,,mtf_bias_mismatch,neutral,,,,,,,,,,,,,,,,,,,
12188,2026-07-02T10:10:00+00:00,SWEEP,bullish,4062.81,,,,,,,,,,,,,,,,,,,,,
12189,2026-07-02T10:15:00+00:00,SWEEP,bullish,4062.454,,,,,,,,,,,,,,,,,,,,,
12196,2026-07-02T10:50:00+00:00,SWEEP,bullish,4061.62,,,,,,,,,,,,,,,,,,,,,
12201,2026-07-02T11:15:00+00:00,SETUP_REJECTED,,,mtf_bias_mismatch,bearish,,,,,,,,,,,,,,,,,,,
12201,2026-07-02T11:15:00+00:00,SETUP_REJECTED,,,mtf_bias_mismatch,bearish,,,,,,,,,,,,,,,,,,,
12207,2026-07-02T11:45:00+00:00,SWEEP,bearish,4071.703,,,,,,,,,,,,,,,,,,,,,
12207,2026-07-02T11:45:00+00:00,SETUP_REJECTED,,,mtf_bias_mismatch,bearish,,,,,,,,,,,,,,,,,,,
12211,2026-07-02T12:05:00+00:00,SWEEP,bearish,4072.321,,,,,,,,,,,,,,,,,,,,,
12218,2026-07-02T12:40:00+00:00,SWEEP,bearish,4138.871,,,,,,,,,,,,,,,,,,,,,
12232,2026-07-02T13:50:00+00:00,SWEEP,bearish,4143.02,,,,,,,,,,,,,,,,,,,,,
12239,2026-07-02T14:25:00+00:00,SETUP_REJECTED,,,mtf_bias_mismatch,bullish,,,,,,,,,,,,,,,,,,,
12265,2026-07-02T16:35:00+00:00,SWEEP,bullish,4101.897,,,,,,,,,,,,,,,,,,,,,
12267,2026-07-02T16:45:00+00:00,SETUP_REJECTED,,,mtf_bias_mismatch,neutral,,,,,,,,,,,,,,,,,,,
12284,2026-07-02T18:10:00+00:00,SWEEP,bearish,4123.093,,,,,,,,,,,,,,,,,,,,,
12291,2026-07-02T18:45:00+00:00,SETUP_REJECTED,,,mtf_bias_mismatch,bullish,,,,,,,,,,,,,,,,,,,
12295,2026-07-02T19:05:00+00:00,SETUP_REJECTED,,,mtf_bias_mismatch,bullish,,,,,,,,,,,,,,,,,,,
12296,2026-07-02T19:10:00+00:00,SETUP_REJECTED,,,mtf_bias_mismatch,bullish,,,,,,,,,,,,,,,,,,,
12310,2026-07-02T20:20:00+00:00,SWEEP,bearish,4124.8,,,,,,,,,,,,,,,,,,,,,
12320,2026-07-02T22:10:00+00:00,SWEEP,bearish,4128.103,,,,,,,,,,,,,,,,,,,,,
12336,2026-07-02T23:30:00+00:00,SWEEP,bearish,4130.504,,,,,,,,,,,,,,,,,,,,,
12338,2026-07-02T23:40:00+00:00,SWEEP,bullish,4121.719,,,,,,,,,,,,,,,,,,,,,
12347,2026-07-03T00:25:00+00:00,SWEEP,bearish,4140.93,,,,,,,,,,,,,,,,,,,,,
12353,2026-07-03T00:55:00+00:00,SWEEP,bearish,4148.656,,,,,,,,,,,,,,,,,,,,,
12356,2026-07-03T01:10:00+00:00,SWEEP,bearish,4176.123,,,,,,,,,,,,,,,,,,,,,
12361,2026-07-03T01:35:00+00:00,SWEEP,bearish,4194.523,,,,,,,,,,,,,,,,,,,,,
12363,2026-07-03T01:45:00+00:00,SETUP_REJECTED,,,mtf_bias_mismatch,bullish,,,,,,,,,,,,,,,,,,,
12363,2026-07-03T01:45:00+00:00,SETUP_REJECTED,,,mtf_bias_mismatch,bullish,,,,,,,,,,,,,,,,,,,
12363,2026-07-03T01:45:00+00:00,SETUP_REJECTED,,,mtf_bias_mismatch,bullish,,,,,,,,,,,,,,,,,,,
12387,2026-07-03T03:45:00+00:00,SWEEP,bullish,4176.353,,,,,,,,,,,,,,,,,,,,,
12388,2026-07-03T03:50:00+00:00,SWEEP,bullish,4176.309,,,,,,,,,,,,,,,,,,,,,
12392,2026-07-03T04:10:00+00:00,SETUP_REJECTED,,,mtf_bias_mismatch,bearish,,,,,,,,,,,,,,,,,,,
12392,2026-07-03T04:10:00+00:00,SETUP_REJECTED,,,mtf_bias_mismatch,bearish,,,,,,,,,,,,,,,,,,,
12406,2026-07-03T05:20:00+00:00,SWEEP,bullish,4173.095,,,,,,,,,,,,,,,,,,,,,
12415,2026-07-03T06:05:00+00:00,SWEEP,bullish,4164.703,,,,,,,,,,,,,,,,,,,,,
12417,2026-07-03T06:15:00+00:00,SWEEP,bullish,4162.178,,,,,,,,,,,,,,,,,,,,,
12421,2026-07-03T06:35:00+00:00,SETUP_REJECTED,,,mtf_bias_mismatch,neutral,,,,,,,,,,,,,,,,,,,
12421,2026-07-03T06:35:00+00:00,SETUP_REJECTED,,,mtf_bias_mismatch,neutral,,,,,,,,,,,,,,,,,,,
12427,2026-07-03T07:05:00+00:00,SETUP_REJECTED,,,mtf_bias_mismatch,bearish,,,,,,,,,,,,,,,,,,,
12427,2026-07-03T07:05:00+00:00,SETUP_REJECTED,,,mtf_bias_mismatch,bearish,,,,,,,,,,,,,,,,,,,
12435,2026-07-03T07:45:00+00:00,SWEEP,bearish,4181.256,,,,,,,,,,,,,,,,,,,,,
12436,2026-07-03T07:50:00+00:00,SWEEP,bearish,4181.315,,,,,,,,,,,,,,,,,,,,,
12439,2026-07-03T08:05:00+00:00,SWEEP,bearish,4184.765,,,,,,,,,,,,,,,,,,,,,
12444,2026-07-03T08:30:00+00:00,SWEEP,bearish,4185.793,,,,,,,,,,,,,,,,,,,,,
12448,2026-07-03T08:50:00+00:00,SETUP_REJECTED,,,mtf_bias_mismatch,bullish,,,,,,,,,,,,,,,,,,,
12448,2026-07-03T08:50:00+00:00,SETUP_REJECTED,,,mtf_bias_mismatch,bullish,,,,,,,,,,,,,,,,,,,
12448,2026-07-03T08:50:00+00:00,SETUP_REJECTED,,,mtf_bias_mismatch,bullish,,,,,,,,,,,,,,,,,,,
12455,2026-07-03T09:25:00+00:00,SETUP_REJECTED,,,mtf_bias_mismatch,bullish,,,,,,,,,,,,,,,,,,,
12456,2026-07-03T09:30:00+00:00,SETUP_REJECTED,,,mtf_bias_mismatch,bullish,,,,,,,,,,,,,,,,,,,
12457,2026-07-03T09:35:00+00:00,SWEEP,bullish,4168.889,,,,,,,,,,,,,,,,,,,,,
12463,2026-07-03T10:05:00+00:00,SETUP_REJECTED,,,mtf_bias_mismatch,neutral,,,,,,,,,,,,,,,,,,,
12477,2026-07-03T11:15:00+00:00,SWEEP,bearish,4183.793,,,,,,,,,,,,,,,,,,,,,
12478,2026-07-03T11:20:00+00:00,SWEEP,bearish,4185.026,,,,,,,,,,,,,,,,,,,,,
12483,2026-07-03T11:45:00+00:00,SWEEP,bearish,4186.003,,,,,,,,,,,,,,,,,,,,,
12484,2026-07-03T11:50:00+00:00,SETUP_REJECTED,,,mtf_bias_mismatch,bullish,,,,,,,,,,,,,,,,,,,
12484,2026-07-03T11:50:00+00:00,SETUP_REJECTED,,,mtf_bias_mismatch,bullish,,,,,,,,,,,,,,,,,,,
12484,2026-07-03T11:50:00+00:00,SETUP_REJECTED,,,mtf_bias_mismatch,bullish,,,,,,,,,,,,,,,,,,,
12485,2026-07-03T11:55:00+00:00,SETUP_REJECTED,,,mtf_bias_mismatch,bullish,,,,,,,,,,,,,,,,,,,
12485,2026-07-03T11:55:00+00:00,SETUP_REJECTED,,,mtf_bias_mismatch,bullish,,,,,,,,,,,,,,,,,,,
12485,2026-07-03T11:55:00+00:00,SETUP_REJECTED,,,mtf_bias_mismatch,bullish,,,,,,,,,,,,,,,,,,,
12489,2026-07-03T12:15:00+00:00,SETUP_REJECTED,,,mtf_bias_mismatch,bullish,,,,,,,,,,,,,,,,,,,
12489,2026-07-03T12:15:00+00:00,SETUP_REJECTED,,,mtf_bias_mismatch,bullish,,,,,,,,,,,,,,,,,,,
12489,2026-07-03T12:15:00+00:00,SETUP_REJECTED,,,mtf_bias_mismatch,bullish,,,,,,,,,,,,,,,,,,,
12490,2026-07-03T12:20:00+00:00,SWEEP,bullish,4174.438,,,,,,,,,,,,,,,,,,,,,
12490,2026-07-03T12:20:00+00:00,SETUP_REJECTED,,,mtf_bias_mismatch,bullish,,,,,,,,,,,,,,,,,,,
12490,2026-07-03T12:20:00+00:00,SETUP_REJECTED,,,mtf_bias_mismatch,bullish,,,,,,,,,,,,,,,,,,,
12491,2026-07-03T12:25:00+00:00,SWEEP,bullish,4173.12,,,,,,,,,,,,,,,,,,,,,
12491,2026-07-03T12:25:00+00:00,SETUP_REJECTED,,,mtf_bias_mismatch,neutral,,,,,,,,,,,,,,,,,,,
12500,2026-07-03T13:10:00+00:00,SWEEP,bullish,4166.358,,,,,,,,,,,,,,,,,,,,,
12507,2026-07-03T13:45:00+00:00,SWEEP,bullish,4164.389,,,,,,,,,,,,,,,,,,,,,
12510,2026-07-03T14:00:00+00:00,SWEEP,bullish,4163.389,,,,,,,,,,,,,,,,,,,,,
12522,2026-07-03T15:00:00+00:00,SWEEP,bearish,4172.165,,,,,,,,,,,,,,,,,,,,,
12524,2026-07-03T15:10:00+00:00,SWEEP,bearish,4173.179,,,,,,,,,,,,,,,,,,,,,
12525,2026-07-03T15:15:00+00:00,SWEEP,bearish,4174.197,,,,,,,,,,,,,,,,,,,,,
12537,2026-07-03T16:15:00+00:00,SWEEP,bullish,4163.008,,,,,,,,,,,,,,,,,,,,,
12539,2026-07-03T16:25:00+00:00,SETUP_REJECTED,,,mtf_bias_mismatch,bearish,,,,,,,,,,,,,,,,,,,
12541,2026-07-03T16:35:00+00:00,SETUP_REJECTED,,,mtf_bias_mismatch,bearish,,,,,,,,,,,,,,,,,,,
12545,2026-07-03T16:55:00+00:00,SWEEP,bearish,4175.915,,,,,,,,,,,,,,,,,,,,,
12545,2026-07-03T16:55:00+00:00,SETUP_REJECTED,,,mtf_bias_mismatch,bearish,,,,,,,,,,,,,,,,,,,
12547,2026-07-05T22:05:00+00:00,SWEEP,bearish,4180.966,,,,,,,,,,,,,,,,,,,,,
12547,2026-07-05T22:05:00+00:00,SETUP_REJECTED,,,mtf_bias_mismatch,bearish,,,,,,,,,,,,,,,,,,,
12567,2026-07-05T23:45:00+00:00,SWEEP,bullish,4177.289,,,,,,,,,,,,,,,,,,,,,
12578,2026-07-06T00:40:00+00:00,SETUP_REJECTED,,,mtf_bias_mismatch,bearish,,,,,,,,,,,,,,,,,,,
12589,2026-07-06T01:35:00+00:00,SWEEP,bearish,4197.717,,,,,,,,,,,,,,,,,,,,,
12590,2026-07-06T01:40:00+00:00,SWEEP,bearish,4200.503,,,,,,,,,,,,,,,,,,,,,
12591,2026-07-06T01:45:00+00:00,SWEEP,bearish,4200.609,,,,,,,,,,,,,,,,,,,,,
12601,2026-07-06T02:35:00+00:00,SWEEP,bullish,4172.338,,,,,,,,,,,,,,,,,,,,,
12606,2026-07-06T03:00:00+00:00,SWEEP,bullish,4168.464,,,,,,,,,,,,,,,,,,,,,
12607,2026-07-06T03:05:00+00:00,SWEEP,bullish,4166.218,,,,,,,,,,,,,,,,,,,,,
12608,2026-07-06T03:10:00+00:00,SWEEP,bullish,4166.06,,,,,,,,,,,,,,,,,,,,,
12609,2026-07-06T03:15:00+00:00,SWEEP,bullish,4165.437,,,,,,,,,,,,,,,,,,,,,
12611,2026-07-06T03:25:00+00:00,SWEEP,bullish,4162.791,,,,,,,,,,,,,,,,,,,,,
12614,2026-07-06T03:40:00+00:00,SWEEP,bullish,4162.504,,,,,,,,,,,,,,,,,,,,,
12616,2026-07-06T03:50:00+00:00,SWEEP,bullish,4161.609,,,,,,,,,,,,,,,,,,,,,
12622,2026-07-06T04:20:00+00:00,SWEEP,bullish,4160.941,,,,,,,,,,,,,,,,,,,,,
12632,2026-07-06T05:10:00+00:00,SWEEP,bullish,4151.932,,,,,,,,,,,,,,,,,,,,,
12633,2026-07-06T05:15:00+00:00,SWEEP,bullish,4151.095,,,,,,,,,,,,,,,,,,,,,
12634,2026-07-06T05:20:00+00:00,SWEEP,bullish,4150.99,,,,,,,,,,,,,,,,,,,,,
12636,2026-07-06T05:30:00+00:00,SWEEP,bullish,4150.438,,,,,,,,,,,,,,,,,,,,,
12647,2026-07-06T06:25:00+00:00,SETUP_REJECTED,,,mtf_bias_mismatch,bearish,,,,,,,,,,,,,,,,,,,
12648,2026-07-06T06:30:00+00:00,SETUP_REJECTED,,,mtf_bias_mismatch,bearish,,,,,,,,,,,,,,,,,,,
12681,2026-07-06T09:15:00+00:00,SWEEP,bullish,4147.019,,,,,,,,,,,,,,,,,,,,,
12689,2026-07-06T09:55:00+00:00,SETUP_REJECTED,,,mtf_bias_mismatch,bearish,,,,,,,,,,,,,,,,,,,
12693,2026-07-06T10:15:00+00:00,SETUP_REJECTED,,,mtf_bias_mismatch,bearish,,,,,,,,,,,,,,,,,,,
12697,2026-07-06T10:35:00+00:00,SWEEP,bearish,4154.414,,,,,,,,,,,,,,,,,,,,,
12698,2026-07-06T10:40:00+00:00,SWEEP,bearish,4155.02,,,,,,,,,,,,,,,,,,,,,
12700,2026-07-06T10:50:00+00:00,SWEEP,bearish,4155.649,,,,,,,,,,,,,,,,,,,,,
12702,2026-07-06T11:00:00+00:00,SWEEP,bearish,4155.905,,,,,,,,,,,,,,,,,,,,,
12707,2026-07-06T11:25:00+00:00,SWEEP,bearish,4158.538,,,,,,,,,,,,,,,,,,,,,
12714,2026-07-06T12:00:00+00:00,OB_FORMED,bearish,,,bearish,32.0,4153.885,4158.535,89.77,4136.206,7.5,"{'D1': 'bearish', 'H1': 'bearish', 'M15': 'bearish', 'M5': 'bearish'}",,,,,,,,,,,,
12756,2026-07-06T15:30:00+00:00,SWEEP,bearish,4151.136,,,,,,,,,,,,,,,,,,,,,
12772,2026-07-06T16:50:00+00:00,OB_TOUCH,,,,,32.0,,,,,,,58.0,,,,,,,,,,,
12772,2026-07-06T16:50:00+00:00,ENTRY_WAIT_REVERSAL,,,,,32.0,,,,,,,,101.1,,,,,,,,,,
12773,2026-07-06T16:55:00+00:00,SWEEP,bearish,4155.767,,,,,,,,,,,,,,,,,,,,,
12773,2026-07-06T16:55:00+00:00,ENTRY_WAIT_REVERSAL,,,,,32.0,,,,,,,,78.67,,,,,,,,,,
12774,2026-07-06T17:00:00+00:00,ENTRY,bearish,,,bearish,32.0,,,,4136.206,5.0,,,,,7.0,4153.037,4159.420875,4140.269250000001,crossed_ob_reentry_70pct,retracement_swing,True,,
12775,2026-07-06T17:05:00+00:00,SWEEP,bearish,4156.332,,,,,,,,,,,,,,,,,,,,,
12779,2026-07-06T17:25:00+00:00,SWEEP,bearish,4158.726,,,,,,,,,,,,,,,,,,,,,
12779,2026-07-06T17:25:00+00:00,TRADE_EXIT,,,SL,,,,,,,,,,,,7.0,,,,,,,LOSS,-1.0
12783,2026-07-06T17:45:00+00:00,SWEEP,bearish,4159.633,,,,,,,,,,,,,,,,,,,,,
12784,2026-07-06T17:50:00+00:00,SWEEP,bearish,4160.01,,,,,,,,,,,,,,,,,,,,,
12785,2026-07-06T17:55:00+00:00,SWEEP,bearish,4161.274,,,,,,,,,,,,,,,,,,,,,
12786,2026-07-06T18:00:00+00:00,SWEEP,bearish,4161.626,,,,,,,,,,,,,,,,,,,,,
12790,2026-07-06T18:20:00+00:00,SWEEP,bearish,4161.984,,,,,,,,,,,,,,,,,,,,,
12791,2026-07-06T18:25:00+00:00,SWEEP,bearish,4162.02,,,,,,,,,,,,,,,,,,,,,
12822,2026-07-06T22:00:00+00:00,SWEEP,bearish,4165.198,,,,,,,,,,,,,,,,,,,,,
12829,2026-07-06T22:35:00+00:00,SWEEP,bearish,4168.477,,,,,,,,,,,,,,,,,,,,,
12839,2026-07-06T23:25:00+00:00,SWEEP,bullish,4162.866,,,,,,,,,,,,,,,,,,,,,
12840,2026-07-06T23:30:00+00:00,SWEEP,bullish,4162.809,,,,,,,,,,,,,,,,,,,,,
12848,2026-07-07T00:10:00+00:00,SWEEP,bullish,4154.583,,,,,,,,,,,,,,,,,,,,,
12849,2026-07-07T00:15:00+00:00,SWEEP,bullish,4152.586,,,,,,,,,,,,,,,,,,,,,
12855,2026-07-07T00:45:00+00:00,SWEEP,bullish,4148.209,,,,,,,,,,,,,,,,,,,,,
12858,2026-07-07T01:00:00+00:00,SWEEP,bullish,4145.088,,,,,,,,,,,,,,,,,,,,,
12859,2026-07-07T01:05:00+00:00,SWEEP,bullish,4140.583,,,,,,,,,,,,,,,,,,,,,
12860,2026-07-07T01:10:00+00:00,SWEEP,bullish,4139.023,,,,,,,,,,,,,,,,,,,,,
12863,2026-07-07T01:25:00+00:00,SWEEP,bullish,4131.978,,,,,,,,,,,,,,,,,,,,,
12865,2026-07-07T01:35:00+00:00,SETUP_REJECTED,,,mtf_bias_mismatch,bearish,,,,,,,,,,,,,,,,,,,
12865,2026-07-07T01:35:00+00:00,SETUP_REJECTED,,,mtf_bias_mismatch,bearish,,,,,,,,,,,,,,,,,,,
12865,2026-07-07T01:35:00+00:00,SETUP_REJECTED,,,mtf_bias_mismatch,bearish,,,,,,,,,,,,,,,,,,,
12865,2026-07-07T01:35:00+00:00,SETUP_REJECTED,,,mtf_bias_mismatch,bearish,,,,,,,,,,,,,,,,,,,
12865,2026-07-07T01:35:00+00:00,SETUP_REJECTED,,,mtf_bias_mismatch,bearish,,,,,,,,,,,,,,,,,,,
12867,2026-07-07T01:45:00+00:00,SETUP_REJECTED,,,mtf_bias_mismatch,bearish,,,,,,,,,,,,,,,,,,,
12867,2026-07-07T01:45:00+00:00,SETUP_REJECTED,,,mtf_bias_mismatch,bearish,,,,,,,,,,,,,,,,,,,
12867,2026-07-07T01:45:00+00:00,SETUP_REJECTED,,,mtf_bias_mismatch,bearish,,,,,,,,,,,,,,,,,,,
12867,2026-07-07T01:45:00+00:00,SETUP_REJECTED,,,mtf_bias_mismatch,bearish,,,,,,,,,,,,,,,,,,,
12867,2026-07-07T01:45:00+00:00,SETUP_REJECTED,,,mtf_bias_mismatch,bearish,,,,,,,,,,,,,,,,,,,
12887,2026-07-07T03:25:00+00:00,SWEEP,bullish,4131.242,,,,,,,,,,,,,,,,,,,,,
12890,2026-07-07T03:40:00+00:00,SWEEP,bullish,4129.12,,,,,,,,,,,,,,,,,,,,,
12894,2026-07-07T04:00:00+00:00,SETUP_REJECTED,,,mtf_bias_mismatch,bearish,,,,,,,,,,,,,,,,,,,
12894,2026-07-07T04:00:00+00:00,SETUP_REJECTED,,,mtf_bias_mismatch,bearish,,,,,,,,,,,,,,,,,,,
12895,2026-07-07T04:05:00+00:00,SETUP_REJECTED,,,mtf_bias_mismatch,bearish,,,,,,,,,,,,,,,,,,,
12895,2026-07-07T04:05:00+00:00,SETUP_REJECTED,,,mtf_bias_mismatch,bearish,,,,,,,,,,,,,,,,,,,
12896,2026-07-07T04:10:00+00:00,SETUP_REJECTED,,,mtf_bias_mismatch,bearish,,,,,,,,,,,,,,,,,,,
12896,2026-07-07T04:10:00+00:00,SETUP_REJECTED,,,mtf_bias_mismatch,bearish,,,,,,,,,,,,,,,,,,,
12906,2026-07-07T05:00:00+00:00,SWEEP,bullish,4124.351,,,,,,,,,,,,,,,,,,,,,
12909,2026-07-07T05:15:00+00:00,SWEEP,bullish,4121.954,,,,,,,,,,,,,,,,,,,,,
12910,2026-07-07T05:20:00+00:00,SWEEP,bullish,4121.397,,,,,,,,,,,,,,,,,,,,,
12912,2026-07-07T05:30:00+00:00,SWEEP,bullish,4120.803,,,,,,,,,,,,,,,,,,,,,
12913,2026-07-07T05:35:00+00:00,SWEEP,bullish,4120.033,,,,,,,,,,,,,,,,,,,,,
12914,2026-07-07T05:40:00+00:00,SWEEP,bullish,4119.378,,,,,,,,,,,,,,,,,,,,,
12923,2026-07-07T06:25:00+00:00,SETUP_REJECTED,,,mtf_bias_mismatch,bearish,,,,,,,,,,,,,,,,,,,
12923,2026-07-07T06:25:00+00:00,SETUP_REJECTED,,,mtf_bias_mismatch,bearish,,,,,,,,,,,,,,,,,,,
12923,2026-07-07T06:25:00+00:00,SETUP_REJECTED,,,mtf_bias_mismatch,bearish,,,,,,,,,,,,,,,,,,,
12927,2026-07-07T06:45:00+00:00,SWEEP,bearish,4132.452,,,,,,,,,,,,,,,,,,,,,
12939,2026-07-07T07:45:00+00:00,SWEEP,bearish,4133.083,,,,,,,,,,,,,,,,,,,,,
12970,2026-07-07T10:20:00+00:00,SWEEP,bearish,4137.014,,,,,,,,,,,,,,,,,,,,,
12971,2026-07-07T10:25:00+00:00,SWEEP,bearish,4137.331,,,,,,,,,,,,,,,,,,,,,
12983,2026-07-07T11:25:00+00:00,SWEEP,bearish,4144.303,,,,,,,,,,,,,,,,,,,,,
12985,2026-07-07T11:35:00+00:00,SWEEP,bearish,4145.365,,,,,,,,,,,,,,,,,,,,,
12988,2026-07-07T11:50:00+00:00,SWEEP,bearish,4151.804,,,,,,,,,,,,,,,,,,,,,
12993,2026-07-07T12:15:00+00:00,SWEEP,bearish,4174.715,,,,,,,,,,,,,,,,,,,,,
13002,2026-07-07T13:00:00+00:00,SWEEP,bearish,4175.153,,,,,,,,,,,,,,,,,,,,,
13009,2026-07-07T13:35:00+00:00,SWEEP,bearish,4178.296,,,,,,,,,,,,,,,,,,,,,
13010,2026-07-07T13:40:00+00:00,SWEEP,bearish,4179.822,,,,,,,,,,,,,,,,,,,,,
13013,2026-07-07T13:55:00+00:00,SETUP_REJECTED,,,mtf_bias_mismatch,bullish,,,,,,,,,,,,,,,,,,,
13013,2026-07-07T13:55:00+00:00,SETUP_REJECTED,,,mtf_bias_mismatch,bullish,,,,,,,,,,,,,,,,,,,
13013,2026-07-07T13:55:00+00:00,SETUP_REJECTED,,,mtf_bias_mismatch,bullish,,,,,,,,,,,,,,,,,,,
13014,2026-07-07T14:00:00+00:00,SETUP_REJECTED,,,mtf_bias_mismatch,bullish,,,,,,,,,,,,,,,,,,,
13014,2026-07-07T14:00:00+00:00,SETUP_REJECTED,,,mtf_bias_mismatch,bullish,,,,,,,,,,,,,,,,,,,
13014,2026-07-07T14:00:00+00:00,SETUP_REJECTED,,,mtf_bias_mismatch,bullish,,,,,,,,,,,,,,,,,,,
13015,2026-07-07T14:05:00+00:00,SWEEP,bullish,4153.034,,,,,,,,,,,,,,,,,,,,,
13016,2026-07-07T14:10:00+00:00,SWEEP,bullish,4151.864,,,,,,,,,,,,,,,,,,,,,
13022,2026-07-07T14:40:00+00:00,SWEEP,bullish,4146.893,,,,,,,,,,,,,,,,,,,,,
13023,2026-07-07T14:45:00+00:00,SETUP_REJECTED,,,mtf_bias_mismatch,neutral,,,,,,,,,,,,,,,,,,,
13023,2026-07-07T14:45:00+00:00,SETUP_REJECTED,,,mtf_bias_mismatch,neutral,,,,,,,,,,,,,,,,,,,
13023,2026-07-07T14:45:00+00:00,SETUP_REJECTED,,,mtf_bias_mismatch,neutral,,,,,,,,,,,,,,,,,,,
13024,2026-07-07T14:50:00+00:00,SETUP_REJECTED,,,mtf_bias_mismatch,neutral,,,,,,,,,,,,,,,,,,,
13024,2026-07-07T14:50:00+00:00,SETUP_REJECTED,,,mtf_bias_mismatch,neutral,,,,,,,,,,,,,,,,,,,
13024,2026-07-07T14:50:00+00:00,SETUP_REJECTED,,,mtf_bias_mismatch,neutral,,,,,,,,,,,,,,,,,,,
13029,2026-07-07T15:15:00+00:00,SWEEP,bullish,4143.49,,,,,,,,,,,,,,,,,,,,,
13037,2026-07-07T15:55:00+00:00,SWEEP,bullish,4137.477,,,,,,,,,,,,,,,,,,,,,
13039,2026-07-07T16:05:00+00:00,SETUP_REJECTED,,,mtf_bias_mismatch,bearish,,,,,,,,,,,,,,,,,,,
13039,2026-07-07T16:05:00+00:00,SETUP_REJECTED,,,mtf_bias_mismatch,bearish,,,,,,,,,,,,,,,,,,,
13042,2026-07-07T16:20:00+00:00,SETUP_REJECTED,,,mtf_bias_mismatch,bearish,,,,,,,,,,,,,,,,,,,
13056,2026-07-07T17:30:00+00:00,SWEEP,bearish,4147.32,,,,,,,,,,,,,,,,,,,,,
13063,2026-07-07T18:05:00+00:00,SETUP_REJECTED,,,mtf_bias_mismatch,bullish,,,,,,,,,,,,,,,,,,,
13065,2026-07-07T18:15:00+00:00,SWEEP,bullish,4140.334,,,,,,,,,,,,,,,,,,,,,
13119,2026-07-07T23:45:00+00:00,SWEEP,bullish,4095.81,,,,,,,,,,,,,,,,,,,,,
13127,2026-07-08T00:25:00+00:00,SWEEP,bearish,4107.929,,,,,,,,,,,,,,,,,,,,,
13127,2026-07-08T00:25:00+00:00,SETUP_REJECTED,,,mtf_bias_mismatch,bearish,,,,,,,,,,,,,,,,,,,
13130,2026-07-08T00:40:00+00:00,SETUP_REJECTED,,,mtf_bias_mismatch,bearish,,,,,,,,,,,,,,,,,,,
13159,2026-07-08T03:05:00+00:00,SWEEP,bearish,4129.37,,,,,,,,,,,,,,,,,,,,,
13160,2026-07-08T03:10:00+00:00,SWEEP,bearish,4129.935,,,,,,,,,,,,,,,,,,,,,
13164,2026-07-08T03:30:00+00:00,SWEEP,bearish,4130.939,,,,,,,,,,,,,,,,,,,,,
13183,2026-07-08T05:05:00+00:00,SWEEP,bearish,4131.153,,,,,,,,,,,,,,,,,,,,,
13207,2026-07-08T07:05:00+00:00,SWEEP,bullish,4120.353,,,,,,,,,,,,,,,,,,,,,
13208,2026-07-08T07:10:00+00:00,SWEEP,bullish,4117.98,,,,,,,,,,,,,,,,,,,,,
13209,2026-07-08T07:15:00+00:00,SWEEP,bullish,4116.21,,,,,,,,,,,,,,,,,,,,,
13210,2026-07-08T07:20:00+00:00,SWEEP,bullish,4114.77,,,,,,,,,,,,,,,,,,,,,
13212,2026-07-08T07:30:00+00:00,SETUP_REJECTED,,,mtf_bias_mismatch,bearish,,,,,,,,,,,,,,,,,,,
13212,2026-07-08T07:30:00+00:00,SETUP_REJECTED,,,mtf_bias_mismatch,bearish,,,,,,,,,,,,,,,,,,,
13212,2026-07-08T07:30:00+00:00,SETUP_REJECTED,,,mtf_bias_mismatch,bearish,,,,,,,,,,,,,,,,,,,
13212,2026-07-08T07:30:00+00:00,SETUP_REJECTED,,,mtf_bias_mismatch,bearish,,,,,,,,,,,,,,,,,,,
13224,2026-07-08T08:30:00+00:00,SWEEP,bullish,4080.596,,,,,,,,,,,,,,,,,,,,,
13230,2026-07-08T09:00:00+00:00,SWEEP,bullish,4052.037,,,,,,,,,,,,,,,,,,,,,
13231,2026-07-08T09:05:00+00:00,SWEEP,bullish,4050.445,,,,,,,,,,,,,,,,,,,,,
13243,2026-07-08T10:05:00+00:00,SWEEP,bullish,4041.354,,,,,,,,,,,,,,,,,,,,,
13246,2026-07-08T10:20:00+00:00,SETUP_REJECTED,,,mtf_bias_mismatch,bearish,,,,,,,,,,,,,,,,,,,
13263,2026-07-08T11:45:00+00:00,SWEEP,bearish,4065.74,,,,,,,,,,,,,,,,,,,,,
13268,2026-07-08T12:10:00+00:00,SWEEP,bearish,4072.577,,,,,,,,,,,,,,,,,,,,,
13290,2026-07-08T14:00:00+00:00,SWEEP,bullish,4065.113,,,,,,,,,,,,,,,,,,,,,
13291,2026-07-08T14:05:00+00:00,SWEEP,bullish,4063.571,,,,,,,,,,,,,,,,,,,,,
13299,2026-07-08T14:45:00+00:00,SWEEP,bullish,4035.201,,,,,,,,,,,,,,,,,,,,,
13304,2026-07-08T15:10:00+00:00,SWEEP,bullish,4033.72,,,,,,,,,,,,,,,,,,,,,
13307,2026-07-08T15:25:00+00:00,SWEEP,bullish,4026.284,,,,,,,,,,,,,,,,,,,,,
13315,2026-07-08T16:05:00+00:00,SETUP_REJECTED,,,mtf_bias_mismatch,bearish,,,,,,,,,,,,,,,,,,,
13315,2026-07-08T16:05:00+00:00,SETUP_REJECTED,,,mtf_bias_mismatch,bearish,,,,,,,,,,,,,,,,,,,
13316,2026-07-08T16:10:00+00:00,SETUP_REJECTED,,,mtf_bias_mismatch,bearish,,,,,,,,,,,,,,,,,,,
13316,2026-07-08T16:10:00+00:00,SETUP_REJECTED,,,mtf_bias_mismatch,bearish,,,,,,,,,,,,,,,,,,,
13320,2026-07-08T16:30:00+00:00,SWEEP,bearish,4046.507,,,,,,,,,,,,,,,,,,,,,
13328,2026-07-08T17:10:00+00:00,SWEEP,bearish,4069.291,,,,,,,,,,,,,,,,,,,,,
13330,2026-07-08T17:20:00+00:00,SWEEP,bearish,4070.511,,,,,,,,,,,,,,,,,,,,,
13332,2026-07-08T17:30:00+00:00,SWEEP,bearish,4073.921,,,,,,,,,,,,,,,,,,,,,
13366,2026-07-08T20:20:00+00:00,SWEEP,bullish,4074.555,,,,,,,,,,,,,,,,,,,,,
13369,2026-07-08T20:35:00+00:00,SWEEP,bullish,4073.137,,,,,,,,,,,,,,,,,,,,,
13373,2026-07-08T20:55:00+00:00,SETUP_REJECTED,,,mtf_bias_mismatch,bearish,,,,,,,,,,,,,,,,,,,
13373,2026-07-08T20:55:00+00:00,SETUP_REJECTED,,,mtf_bias_mismatch,bearish,,,,,,,,,,,,,,,,,,,
13399,2026-07-09T00:05:00+00:00,SWEEP,bearish,4081.167,,,,,,,,,,,,,,,,,,,,,
13401,2026-07-09T00:15:00+00:00,SWEEP,bearish,4087.564,,,,,,,,,,,,,,,,,,,,,
13416,2026-07-09T01:30:00+00:00,SWEEP,bullish,4065.28,,,,,,,,,,,,,,,,,,,,,
13423,2026-07-09T02:05:00+00:00,SETUP_REJECTED,,,mtf_bias_mismatch,bearish,,,,,,,,,,,,,,,,,,,
13425,2026-07-09T02:15:00+00:00,SETUP_REJECTED,,,mtf_bias_mismatch,bearish,,,,,,,,,,,,,,,,,,,
13427,2026-07-09T02:25:00+00:00,SWEEP,bearish,4081.215,,,,,,,,,,,,,,,,,,,,,
13434,2026-07-09T03:00:00+00:00,OB_FORMED,bearish,,,bearish,33.0,4064.341,4067.525,83.34,4021.769,6.5,"{'D1': 'bearish', 'H1': 'bearish', 'M15': 'bearish', 'M5': 'bullish'}",,,,,,,,,,,,
13437,2026-07-09T03:15:00+00:00,SWEEP,bullish,4055.154,,,,,,,,,,,,,,,,,,,,,
13446,2026-07-09T04:00:00+00:00,OB_TOUCH,,,,,33.0,,,,,,,12.0,,,,,,,,,,,
13446,2026-07-09T04:00:00+00:00,ENTRY,bearish,,,bearish,33.0,,,,4021.769,7.5,,,,,8.0,4061.138,4068.502,4046.41,crossed_ob_reentry_70pct,retracement_swing,True,,
13457,2026-07-09T04:55:00+00:00,SWEEP,bearish,4064.65,,,,,,,,,,,,,,,,,,,,,
13458,2026-07-09T05:00:00+00:00,TRADE_EXIT,,,SL,,,,,,,,,,,,8.0,,,,,,,LOSS,-1.0
13465,2026-07-09T05:35:00+00:00,SWEEP,bearish,4076.047,,,,,,,,,,,,,,,,,,,,,
13469,2026-07-09T05:55:00+00:00,SWEEP,bearish,4082.735,,,,,,,,,,,,,,,,,,,,,
13474,2026-07-09T06:20:00+00:00,SWEEP,bearish,4099.906,,,,,,,,,,,,,,,,,,,,,
13482,2026-07-09T07:00:00+00:00,SWEEP,bearish,4108.205,,,,,,,,,,,,,,,,,,,,,
13490,2026-07-09T07:40:00+00:00,SWEEP,bearish,4110.432,,,,,,,,,,,,,,,,,,,,,
13491,2026-07-09T07:45:00+00:00,SWEEP,bearish,4111.026,,,,,,,,,,,,,,,,,,,,,
13492,2026-07-09T07:50:00+00:00,SWEEP,bearish,4111.073,,,,,,,,,,,,,,,,,,,,,
13497,2026-07-09T08:15:00+00:00,SWEEP,bearish,4111.262,,,,,,,,,,,,,,,,,,,,,
13504,2026-07-09T08:50:00+00:00,SETUP_REJECTED,,,mtf_bias_mismatch,bullish,,,,,,,,,,,,,,,,,,,
13504,2026-07-09T08:50:00+00:00,SETUP_REJECTED,,,mtf_bias_mismatch,bullish,,,,,,,,,,,,,,,,,,,
13506,2026-07-09T09:00:00+00:00,SETUP_REJECTED,,,mtf_bias_mismatch,bullish,,,,,,,,,,,,,,,,,,,
13515,2026-07-09T09:45:00+00:00,SWEEP,bullish,4103.138,,,,,,,,,,,,,,,,,,,,,
13524,2026-07-09T10:30:00+00:00,SWEEP,bullish,4103.083,,,,,,,,,,,,,,,,,,,,,
13529,2026-07-09T10:55:00+00:00,SWEEP,bullish,4094.502,,,,,,,,,,,,,,,,,,,,,
13531,2026-07-09T11:05:00+00:00,SETUP_REJECTED,,,mtf_bias_mismatch,neutral,,,,,,,,,,,,,,,,,,,
13531,2026-07-09T11:05:00+00:00,SETUP_REJECTED,,,mtf_bias_mismatch,neutral,,,,,,,,,,,,,,,,,,,
13533,2026-07-09T11:15:00+00:00,SETUP_REJECTED,,,mtf_bias_mismatch,neutral,,,,,,,,,,,,,,,,,,,
13533,2026-07-09T11:15:00+00:00,SETUP_REJECTED,,,mtf_bias_mismatch,neutral,,,,,,,,,,,,,,,,,,,
13538,2026-07-09T11:40:00+00:00,SETUP_REJECTED,,,mtf_bias_mismatch,bearish,,,,,,,,,,,,,,,,,,,
13541,2026-07-09T11:55:00+00:00,SWEEP,bearish,4109.537,,,,,,,,,,,,,,,,,,,,,
13550,2026-07-09T12:40:00+00:00,SWEEP,bearish,4121.743,,,,,,,,,,,,,,,,,,,,,
13557,2026-07-09T13:15:00+00:00,SWEEP,bearish,4122.707,,,,,,,,,,,,,,,,,,,,,
13559,2026-07-09T13:25:00+00:00,SWEEP,bearish,4127.144,,,,,,,,,,,,,,,,,,,,,
13560,2026-07-09T13:30:00+00:00,SWEEP,bearish,4127.396,,,,,,,,,,,,,,,,,,,,,
13562,2026-07-09T13:40:00+00:00,SWEEP,bearish,4129.381,,,,,,,,,,,,,,,,,,,,,
13567,2026-07-09T14:05:00+00:00,SWEEP,bearish,4135.05,,,,,,,,,,,,,,,,,,,,,
13569,2026-07-09T14:15:00+00:00,SETUP_REJECTED,,,mtf_bias_mismatch,bullish,,,,,,,,,,,,,,,,,,,
13569,2026-07-09T14:15:00+00:00,SETUP_REJECTED,,,mtf_bias_mismatch,bullish,,,,,,,,,,,,,,,,,,,
13569,2026-07-09T14:15:00+00:00,SETUP_REJECTED,,,mtf_bias_mismatch,bullish,,,,,,,,,,,,,,,,,,,
13569,2026-07-09T14:15:00+00:00,SETUP_REJECTED,,,mtf_bias_mismatch,bullish,,,,,,,,,,,,,,,,,,,
13569,2026-07-09T14:15:00+00:00,SETUP_REJECTED,,,mtf_bias_mismatch,bullish,,,,,,,,,,,,,,,,,,,
13593,2026-07-09T16:15:00+00:00,SWEEP,bearish,4132.773,,,,,,,,,,,,,,,,,,,,,
13602,2026-07-09T17:00:00+00:00,SETUP_REJECTED,,,mtf_bias_mismatch,bullish,,,,,,,,,,,,,,,,,,,
13604,2026-07-09T17:10:00+00:00,SWEEP,bullish,4125.656,,,,,,,,,,,,,,,,,,,,,
13605,2026-07-09T17:15:00+00:00,SWEEP,bullish,4125.6,,,,,,,,,,,,,,,,,,,,,
13610,2026-07-09T17:40:00+00:00,OB_FORMED,bullish,,,bullish,34.0,4131.552,4133.949,63.74,4138.077,4.5,"{'D1': 'bearish', 'H1': 'bullish', 'M15': 'bullish', 'M5': 'bullish'}",,,,,,,,,,,,
13614,2026-07-09T18:00:00+00:00,OB_INVALIDATED,,,,,34.0,,,,,,,,,,,,,,,,,,
13618,2026-07-09T18:20:00+00:00,SWEEP,bullish,4124.833,,,,,,,,,,,,,,,,,,,,,
13620,2026-07-09T18:30:00+00:00,SWEEP,bullish,4122.869,,,,,,,,,,,,,,,,,,,,,
13621,2026-07-09T18:35:00+00:00,SWEEP,bullish,4122.54,,,,,,,,,,,,,,,,,,,,,
13632,2026-07-09T19:30:00+00:00,SWEEP,bullish,4120.606,,,,,,,,,,,,,,,,,,,,,
13634,2026-07-09T19:40:00+00:00,SWEEP,bullish,4119.525,,,,,,,,,,,,,,,,,,,,,
13645,2026-07-09T20:35:00+00:00,SETUP_REJECTED,,,mtf_bias_mismatch,bearish,,,,,,,,,,,,,,,,,,,
13650,2026-07-09T22:00:00+00:00,SWEEP,bearish,4125.5,,,,,,,,,,,,,,,,,,,,,
13651,2026-07-09T22:05:00+00:00,SWEEP,bearish,4126.216,,,,,,,,,,,,,,,,,,,,,
13668,2026-07-09T23:30:00+00:00,SWEEP,bullish,4121.259,,,,,,,,,,,,,,,,,,,,,
13674,2026-07-10T00:00:00+00:00,SWEEP,bullish,4120.909,,,,,,,,,,,,,,,,,,,,,
13679,2026-07-10T00:25:00+00:00,SWEEP,bullish,4118.986,,,,,,,,,,,,,,,,,,,,,
13683,2026-07-10T00:45:00+00:00,SWEEP,bearish,4125.773,,,,,,,,,,,,,,,,,,,,,
13683,2026-07-10T00:45:00+00:00,SETUP_REJECTED,,,mtf_bias_mismatch,bearish,,,,,,,,,,,,,,,,,,,
13683,2026-07-10T00:45:00+00:00,SETUP_REJECTED,,,mtf_bias_mismatch,bearish,,,,,,,,,,,,,,,,,,,
13684,2026-07-10T00:50:00+00:00,SWEEP,bearish,4125.969,,,,,,,,,,,,,,,,,,,,,
13685,2026-07-10T00:55:00+00:00,SWEEP,bearish,4127.381,,,,,,,,,,,,,,,,,,,,,
13686,2026-07-10T01:00:00+00:00,SWEEP,bearish,4128.327,,,,,,,,,,,,,,,,,,,,,
13695,2026-07-10T01:45:00+00:00,SWEEP,bullish,4108.807,,,,,,,,,,,,,,,,,,,,,
13697,2026-07-10T01:55:00+00:00,SETUP_REJECTED,,,mtf_bias_mismatch,bearish,,,,,,,,,,,,,,,,,,,
13700,2026-07-10T02:10:00+00:00,SETUP_REJECTED,,,mtf_bias_mismatch,neutral,,,,,,,,,,,,,,,,,,,
13708,2026-07-10T02:50:00+00:00,SWEEP,bearish,4128.978,,,,,,,,,,,,,,,,,,,,,
13711,2026-07-10T03:05:00+00:00,SWEEP,bearish,4132.037,,,,,,,,,,,,,,,,,,,,,
13720,2026-07-10T03:50:00+00:00,SWEEP,bullish,4120.466,,,,,,,,,,,,,,,,,,,,,
13722,2026-07-10T04:00:00+00:00,SWEEP,bullish,4119.285,,,,,,,,,,,,,,,,,,,,,
13724,2026-07-10T04:10:00+00:00,SWEEP,bullish,4117.606,,,,,,,,,,,,,,,,,,,,,
13740,2026-07-10T05:30:00+00:00,SWEEP,bullish,4112.133,,,,,,,,,,,,,,,,,,,,,
13742,2026-07-10T05:40:00+00:00,SWEEP,bullish,4109.164,,,,,,,,,,,,,,,,,,,,,
13743,2026-07-10T05:45:00+00:00,SWEEP,bullish,4108.885,,,,,,,,,,,,,,,,,,,,,
13746,2026-07-10T06:00:00+00:00,SETUP_REJECTED,,,mtf_bias_mismatch,neutral,,,,,,,,,,,,,,,,,,,
13746,2026-07-10T06:00:00+00:00,SETUP_REJECTED,,,mtf_bias_mismatch,neutral,,,,,,,,,,,,,,,,,,,
13746,2026-07-10T06:00:00+00:00,SETUP_REJECTED,,,mtf_bias_mismatch,neutral,,,,,,,,,,,,,,,,,,,
13770,2026-07-10T08:00:00+00:00,SWEEP,bullish,4104.291,,,,,,,,,,,,,,,,,,,,,
13775,2026-07-10T08:25:00+00:00,SWEEP,bullish,4103.99,,,,,,,,,,,,,,,,,,,,,
13777,2026-07-10T08:35:00+00:00,SWEEP,bullish,4101.83,,,,,,,,,,,,,,,,,,,,,
13782,2026-07-10T09:00:00+00:00,SWEEP,bullish,4094.772,,,,,,,,,,,,,,,,,,,,,
13785,2026-07-10T09:15:00+00:00,SETUP_REJECTED,,,mtf_bias_mismatch,bearish,,,,,,,,,,,,,,,,,,,
13785,2026-07-10T09:15:00+00:00,SETUP_REJECTED,,,mtf_bias_mismatch,bearish,,,,,,,,,,,,,,,,,,,
13785,2026-07-10T09:15:00+00:00,SETUP_REJECTED,,,mtf_bias_mismatch,bearish,,,,,,,,,,,,,,,,,,,
13846,2026-07-10T14:20:00+00:00,SWEEP,bearish,4106.797,,,,,,,,,,,,,,,,,,,,,
13847,2026-07-10T14:25:00+00:00,SWEEP,bearish,4107.813,,,,,,,,,,,,,,,,,,,,,
13848,2026-07-10T14:30:00+00:00,SWEEP,bullish,4085.614,,,,,,,,,,,,,,,,,,,,,
13851,2026-07-10T14:45:00+00:00,SETUP_REJECTED,,,mtf_bias_mismatch,bearish,,,,,,,,,,,,,,,,,,,
13864,2026-07-10T15:50:00+00:00,SWEEP,bearish,4110.765,,,,,,,,,,,,,,,,,,,,,
13866,2026-07-10T16:00:00+00:00,SWEEP,bearish,4113.503,,,,,,,,,,,,,,,,,,,,,
13872,2026-07-10T16:30:00+00:00,SWEEP,bearish,4114.977,,,,,,,,,,,,,,,,,,,,,
13890,2026-07-10T18:00:00+00:00,SWEEP,bullish,4100.288,,,,,,,,,,,,,,,,,,,,,
13892,2026-07-10T18:10:00+00:00,SETUP_REJECTED,,,mtf_bias_mismatch,bearish,,,,,,,,,,,,,,,,,,,
13897,2026-07-10T18:35:00+00:00,SWEEP,bullish,4099.905,,,,,,,,,,,,,,,,,,,,,
13899,2026-07-10T18:45:00+00:00,SWEEP,bullish,4098.412,,,,,,,,,,,,,,,,,,,,,
13902,2026-07-10T19:00:00+00:00,SWEEP,bullish,4097.927,,,,,,,,,,,,,,,,,,,,,
13906,2026-07-10T19:20:00+00:00,SETUP_REJECTED,,,mtf_bias_mismatch,bearish,,,,,,,,,,,,,,,,,,,
13906,2026-07-10T19:20:00+00:00,SETUP_REJECTED,,,mtf_bias_mismatch,bearish,,,,,,,,,,,,,,,,,,,
13906,2026-07-10T19:20:00+00:00,SETUP_REJECTED,,,mtf_bias_mismatch,bearish,,,,,,,,,,,,,,,,,,,
13912,2026-07-10T19:50:00+00:00,SWEEP,bearish,4105.708,,,,,,,,,,,,,,,,,,,,,
13912,2026-07-10T19:50:00+00:00,SETUP_REJECTED,,,mtf_bias_mismatch,bearish,,,,,,,,,,,,,,,,,,,
13913,2026-07-10T19:55:00+00:00,SETUP_REJECTED,,,mtf_bias_mismatch,bearish,,,,,,,,,,,,,,,,,,,
13914,2026-07-10T20:00:00+00:00,SETUP_REJECTED,,,mtf_bias_mismatch,bearish,,,,,,,,,,,,,,,,,,,
13925,2026-07-10T20:55:00+00:00,SWEEP,bearish,4120.243,,,,,,,,,,,,,,,,,,,,,
13927,2026-07-12T22:05:00+00:00,SWEEP,bullish,4086.529,,,,,,,,,,,,,,,,,,,,,
13931,2026-07-12T22:25:00+00:00,SWEEP,bullish,4080.997,,,,,,,,,,,,,,,,,,,,,
13935,2026-07-12T22:45:00+00:00,SWEEP,bullish,4077.751,,,,,,,,,,,,,,,,,,,,,
13931,2026-07-12T22:25:00+00:00,OB_FORMED,bearish,,,bearish,35.0,4080.449,4085.554,69.7,4072.871,7.5,"{'D1': 'bearish', 'H1': 'bearish', 'M15': 'bearish', 'M5': 'bearish'}",,,,,,,,,,,,
13936,2026-07-12T22:50:00+00:00,OB_TOUCH,,,,,35.0,,,,,,,5.0,,,,,,,,,,,
13936,2026-07-12T22:50:00+00:00,ENTRY_WAIT_REVERSAL,,,,,35.0,,,,,,,,161.19,,,,,,,,,,
13938,2026-07-12T23:00:00+00:00,SWEEP,bullish,4069.823,,,,,,,,,,,,,,,,,,,,,
13946,2026-07-12T23:40:00+00:00,SETUP_REJECTED,,,mtf_bias_mismatch,bearish,,,,,,,,,,,,,,,,,,,
13946,2026-07-12T23:40:00+00:00,SETUP_REJECTED,,,mtf_bias_mismatch,bearish,,,,,,,,,,,,,,,,,,,
13948,2026-07-12T23:50:00+00:00,ENTRY_WAIT_REVERSAL,,,,,35.0,,,,,,,,94.75,,,,,,,,,,
13949,2026-07-12T23:55:00+00:00,SETUP_REJECTED,,,mtf_bias_mismatch,bearish,,,,,,,,,,,,,,,,,,,
13949,2026-07-12T23:55:00+00:00,ENTRY_WAIT_70_REENTRY,,,,,35.0,,,,,,,,24.35,,,,,,,,,,
13950,2026-07-13T00:00:00+00:00,ENTRY_WAIT_70_REENTRY,,,,,35.0,,,,,,,,32.09,,,,,,,,,,
13951,2026-07-13T00:05:00+00:00,OB_INVALIDATED,,,,,35.0,,,,,,,,,,,,,,,,,,
13952,2026-07-13T00:10:00+00:00,SWEEP,bearish,4090.579,,,,,,,,,,,,,,,,,,,,,
13980,2026-07-13T02:30:00+00:00,SWEEP,bullish,4065.239,,,,,,,,,,,,,,,,,,,,,
13981,2026-07-13T02:35:00+00:00,SETUP_REJECTED,,,mtf_bias_mismatch,bearish,,,,,,,,,,,,,,,,,,,
14000,2026-07-13T04:10:00+00:00,SWEEP,bullish,4052.979,,,,,,,,,,,,,,,,,,,,,
14001,2026-07-13T04:15:00+00:00,SWEEP,bullish,4052.116,,,,,,,,,,,,,,,,,,,,,
14011,2026-07-13T05:05:00+00:00,SETUP_REJECTED,,,mtf_bias_mismatch,bearish,,,,,,,,,,,,,,,,,,,
14011,2026-07-13T05:05:00+00:00,SETUP_REJECTED,,,mtf_bias_mismatch,bearish,,,,,,,,,,,,,,,,,,,
14012,2026-07-13T05:10:00+00:00,SWEEP,bearish,4071.222,,,,,,,,,,,,,,,,,,,,,
14012,2026-07-13T05:10:00+00:00,SETUP_REJECTED,,,mtf_bias_mismatch,bearish,,,,,,,,,,,,,,,,,,,
14012,2026-07-13T05:10:00+00:00,SETUP_REJECTED,,,mtf_bias_mismatch,bearish,,,,,,,,,,,,,,,,,,,
14023,2026-07-13T06:05:00+00:00,SWEEP,bullish,4048.46,,,,,,,,,,,,,,,,,,,,,
14027,2026-07-13T06:25:00+00:00,SETUP_REJECTED,,,mtf_bias_mismatch,bearish,,,,,,,,,,,,,,,,,,,
14028,2026-07-13T06:30:00+00:00,SETUP_REJECTED,,,mtf_bias_mismatch,bearish,,,,,,,,,,,,,,,,,,,
14046,2026-07-13T08:00:00+00:00,SWEEP,bearish,4065.116,,,,,,,,,,,,,,,,,,,,,
14049,2026-07-13T08:15:00+00:00,SWEEP,bearish,4075.107,,,,,,,,,,,,,,,,,,,,,
14070,2026-07-13T10:00:00+00:00,SWEEP,bullish,4068.169,,,,,,,,,,,,,,,,,,,,,
14073,2026-07-13T10:15:00+00:00,SWEEP,bullish,4066.572,,,,,,,,,,,,,,,,,,,,,
14081,2026-07-13T10:55:00+00:00,SETUP_REJECTED,,,mtf_bias_mismatch,bearish,,,,,,,,,,,,,,,,,,,
14081,2026-07-13T10:55:00+00:00,SETUP_REJECTED,,,mtf_bias_mismatch,bearish,,,,,,,,,,,,,,,,,,,
14083,2026-07-13T11:05:00+00:00,SETUP_REJECTED,,,mtf_bias_mismatch,bearish,,,,,,,,,,,,,,,,,,,
14114,2026-07-13T13:40:00+00:00,SWEEP,bullish,4053.438,,,,,,,,,,,,,,,,,,,,,
14116,2026-07-13T13:50:00+00:00,SWEEP,bullish,4049.649,,,,,,,,,,,,,,,,,,,,,
14117,2026-07-13T13:55:00+00:00,SWEEP,bullish,4042.377,,,,,,,,,,,,,,,,,,,,,
14122,2026-07-13T14:20:00+00:00,SWEEP,bullish,4007.168,,,,,,,,,,,,,,,,,,,,,
14126,2026-07-13T14:40:00+00:00,SWEEP,bullish,4002.61,,,,,,,,,,,,,,,,,,,,,
14130,2026-07-13T15:00:00+00:00,SETUP_REJECTED,,,mtf_bias_mismatch,bearish,,,,,,,,,,,,,,,,,,,
14130,2026-07-13T15:00:00+00:00,SETUP_REJECTED,,,mtf_bias_mismatch,bearish,,,,,,,,,,,,,,,,,,,
14147,2026-07-13T16:25:00+00:00,SWEEP,bullish,4001.955,,,,,,,,,,,,,,,,,,,,,
14149,2026-07-13T16:35:00+00:00,SWEEP,bullish,3991.88,,,,,,,,,,,,,,,,,,,,,
14153,2026-07-13T16:55:00+00:00,SWEEP,bullish,3990.677,,,,,,,,,,,,,,,,,,,,,
14155,2026-07-13T17:05:00+00:00,SETUP_REJECTED,,,mtf_bias_mismatch,bearish,,,,,,,,,,,,,,,,,,,
14155,2026-07-13T17:05:00+00:00,SETUP_REJECTED,,,mtf_bias_mismatch,bearish,,,,,,,,,,,,,,,,,,,
14155,2026-07-13T17:05:00+00:00,SETUP_REJECTED,,,mtf_bias_mismatch,bearish,,,,,,,,,,,,,,,,,,,
14175,2026-07-13T18:45:00+00:00,SWEEP,bearish,4002.003,,,,,,,,,,,,,,,,,,,,,
14191,2026-07-13T20:05:00+00:00,SWEEP,bearish,4005.196,,,,,,,,,,,,,,,,,,,,,
14218,2026-07-13T23:20:00+00:00,SWEEP,bullish,3998.006,,,,,,,,,,,,,,,,,,,,,
14219,2026-07-13T23:25:00+00:00,SWEEP,bullish,3997.406,,,,,,,,,,,,,,,,,,,,,
14221,2026-07-13T23:35:00+00:00,SWEEP,bullish,3993.79,,,,,,,,,,,,,,,,,,,,,
14223,2026-07-13T23:45:00+00:00,SWEEP,bullish,3993.757,,,,,,,,,,,,,,,,,,,,,
14227,2026-07-14T00:05:00+00:00,SWEEP,bullish,3992.724,,,,,,,,,,,,,,,,,,,,,
14232,2026-07-14T00:30:00+00:00,SETUP_REJECTED,,,mtf_bias_mismatch,bearish,,,,,,,,,,,,,,,,,,,
14232,2026-07-14T00:30:00+00:00,SETUP_REJECTED,,,mtf_bias_mismatch,bearish,,,,,,,,,,,,,,,,,,,
14232,2026-07-14T00:30:00+00:00,SETUP_REJECTED,,,mtf_bias_mismatch,bearish,,,,,,,,,,,,,,,,,,,
14233,2026-07-14T00:35:00+00:00,SWEEP,bearish,4006.542,,,,,,,,,,,,,,,,,,,,,
14233,2026-07-14T00:35:00+00:00,SETUP_REJECTED,,,mtf_bias_mismatch,bearish,,,,,,,,,,,,,,,,,,,
14233,2026-07-14T00:35:00+00:00,SETUP_REJECTED,,,mtf_bias_mismatch,bearish,,,,,,,,,,,,,,,,,,,
14233,2026-07-14T00:35:00+00:00,SETUP_REJECTED,,,mtf_bias_mismatch,bearish,,,,,,,,,,,,,,,,,,,
14251,2026-07-14T02:05:00+00:00,SWEEP,bearish,4012.089,,,,,,,,,,,,,,,,,,,,,
14253,2026-07-14T02:15:00+00:00,SWEEP,bearish,4017.896,,,,,,,,,,,,,,,,,,,,,
14281,2026-07-14T04:35:00+00:00,SWEEP,bearish,4022.938,,,,,,,,,,,,,,,,,,,,,
14288,2026-07-14T05:10:00+00:00,SWEEP,bearish,4023.528,,,,,,,,,,,,,,,,,,,,,
14293,2026-07-14T05:35:00+00:00,SWEEP,bearish,4030.178,,,,,,,,,,,,,,,,,,,,,
14321,2026-07-14T07:55:00+00:00,SWEEP,bullish,4020.623,,,,,,,,,,,,,,,,,,,,,
14326,2026-07-14T08:20:00+00:00,SETUP_REJECTED,,,mtf_bias_mismatch,bearish,,,,,,,,,,,,,,,,,,,
14334,2026-07-14T09:00:00+00:00,SWEEP,bullish,4014.426,,,,,,,,,,,,,,,,,,,,,
14336,2026-07-14T09:10:00+00:00,SETUP_REJECTED,,,mtf_bias_mismatch,bearish,,,,,,,,,,,,,,,,,,,
14340,2026-07-14T09:30:00+00:00,SWEEP,bullish,4013.7,,,,,,,,,,,,,,,,,,,,,
14341,2026-07-14T09:35:00+00:00,SWEEP,bullish,4013.663,,,,,,,,,,,,,,,,,,,,,
14344,2026-07-14T09:50:00+00:00,SETUP_REJECTED,,,mtf_bias_mismatch,bearish,,,,,,,,,,,,,,,,,,,
14344,2026-07-14T09:50:00+00:00,SETUP_REJECTED,,,mtf_bias_mismatch,bearish,,,,,,,,,,,,,,,,,,,
14344,2026-07-14T09:50:00+00:00,SETUP_REJECTED,,,mtf_bias_mismatch,bearish,,,,,,,,,,,,,,,,,,,
14360,2026-07-14T11:10:00+00:00,SWEEP,bearish,4023.801,,,,,,,,,,,,,,,,,,,,,
14363,2026-07-14T11:25:00+00:00,SWEEP,bearish,4028.21,,,,,,,,,,,,,,,,,,,,,
14364,2026-07-14T11:30:00+00:00,SWEEP,bearish,4028.391,,,,,,,,,,,,,,,,,,,,,
14365,2026-07-14T11:35:00+00:00,SWEEP,bearish,4029.098,,,,,,,,,,,,,,,,,,,,,
14367,2026-07-14T11:45:00+00:00,SWEEP,bearish,4030.437,,,,,,,,,,,,,,,,,,,,,
14370,2026-07-14T12:00:00+00:00,SWEEP,bearish,4031.987,,,,,,,,,,,,,,,,,,,,,
14372,2026-07-14T12:10:00+00:00,SETUP_REJECTED,,,mtf_bias_mismatch,bullish,,,,,,,,,,,,,,,,,,,
14372,2026-07-14T12:10:00+00:00,SETUP_REJECTED,,,mtf_bias_mismatch,bullish,,,,,,,,,,,,,,,,,,,
14372,2026-07-14T12:10:00+00:00,SETUP_REJECTED,,,mtf_bias_mismatch,bullish,,,,,,,,,,,,,,,,,,,
14372,2026-07-14T12:10:00+00:00,SETUP_REJECTED,,,mtf_bias_mismatch,bullish,,,,,,,,,,,,,,,,,,,
14372,2026-07-14T12:10:00+00:00,SETUP_REJECTED,,,mtf_bias_mismatch,bullish,,,,,,,,,,,,,,,,,,,
14372,2026-07-14T12:10:00+00:00,SETUP_REJECTED,,,mtf_bias_mismatch,bullish,,,,,,,,,,,,,,,,,,,
14381,2026-07-14T12:55:00+00:00,SETUP_REJECTED,,,mtf_bias_mismatch,bullish,,,,,,,,,,,,,,,,,,,
14400,2026-07-14T14:30:00+00:00,SWEEP,bearish,4088.647,,,,,,,,,,,,,,,,,,,,,
14406,2026-07-14T15:00:00+00:00,SWEEP,bearish,4090.494,,,,,,,,,,,,,,,,,,,,,
14414,2026-07-14T15:40:00+00:00,SWEEP,bullish,4070.476,,,,,,,,,,,,,,,,,,,,,
14414,2026-07-14T15:40:00+00:00,SETUP_REJECTED,,,mtf_bias_mismatch,bullish,,,,,,,,,,,,,,,,,,,
14416,2026-07-14T15:50:00+00:00,SWEEP,bullish,4066.784,,,,,,,,,,,,,,,,,,,,,
14417,2026-07-14T15:55:00+00:00,SWEEP,bullish,4065.965,,,,,,,,,,,,,,,,,,,,,
14417,2026-07-14T15:55:00+00:00,SETUP_REJECTED,,,mtf_bias_mismatch,bullish,,,,,,,,,,,,,,,,,,,
14431,2026-07-14T17:05:00+00:00,SWEEP,bullish,4057.604,,,,,,,,,,,,,,,,,,,,,
14433,2026-07-14T17:15:00+00:00,SWEEP,bullish,4055.237,,,,,,,,,,,,,,,,,,,,,
14435,2026-07-14T17:25:00+00:00,SETUP_REJECTED,,,mtf_bias_mismatch,neutral,,,,,,,,,,,,,,,,,,,
14435,2026-07-14T17:25:00+00:00,SETUP_REJECTED,,,mtf_bias_mismatch,neutral,,,,,,,,,,,,,,,,,,,
14436,2026-07-14T17:30:00+00:00,SETUP_REJECTED,,,mtf_bias_mismatch,neutral,,,,,,,,,,,,,,,,,,,
14436,2026-07-14T17:30:00+00:00,SETUP_REJECTED,,,mtf_bias_mismatch,neutral,,,,,,,,,,,,,,,,,,,
14441,2026-07-14T17:55:00+00:00,SETUP_REJECTED,,,mtf_bias_mismatch,neutral,,,,,,,,,,,,,,,,,,,
14441,2026-07-14T17:55:00+00:00,SETUP_REJECTED,,,mtf_bias_mismatch,neutral,,,,,,,,,,,,,,,,,,,
14486,2026-07-14T22:40:00+00:00,SWEEP,bullish,4048.851,,,,,,,,,,,,,,,,,,,,,
14487,2026-07-14T22:45:00+00:00,SWEEP,bullish,4048.738,,,,,,,,,,,,,,,,,,,,,
14490,2026-07-14T23:00:00+00:00,SWEEP,bullish,4048.601,,,,,,,,,,,,,,,,,,,,,
14491,2026-07-14T23:05:00+00:00,SWEEP,bullish,4048.347,,,,,,,,,,,,,,,,,,,,,
14493,2026-07-14T23:15:00+00:00,SWEEP,bullish,4046.879,,,,,,,,,,,,,,,,,,,,,
14495,2026-07-14T23:25:00+00:00,SETUP_REJECTED,,,mtf_bias_mismatch,bearish,,,,,,,,,,,,,,,,,,,
14495,2026-07-14T23:25:00+00:00,SETUP_REJECTED,,,mtf_bias_mismatch,bearish,,,,,,,,,,,,,,,,,,,
14495,2026-07-14T23:25:00+00:00,SETUP_REJECTED,,,mtf_bias_mismatch,bearish,,,,,,,,,,,,,,,,,,,
14495,2026-07-14T23:25:00+00:00,SETUP_REJECTED,,,mtf_bias_mismatch,bearish,,,,,,,,,,,,,,,,,,,
14495,2026-07-14T23:25:00+00:00,SETUP_REJECTED,,,mtf_bias_mismatch,bearish,,,,,,,,,,,,,,,,,,,
14496,2026-07-14T23:30:00+00:00,SETUP_REJECTED,,,mtf_bias_mismatch,bearish,,,,,,,,,,,,,,,,,,,
14496,2026-07-14T23:30:00+00:00,SETUP_REJECTED,,,mtf_bias_mismatch,bearish,,,,,,,,,,,,,,,,,,,
14496,2026-07-14T23:30:00+00:00,SETUP_REJECTED,,,mtf_bias_mismatch,bearish,,,,,,,,,,,,,,,,,,,
14496,2026-07-14T23:30:00+00:00,SETUP_REJECTED,,,mtf_bias_mismatch,bearish,,,,,,,,,,,,,,,,,,,
14496,2026-07-14T23:30:00+00:00,SETUP_REJECTED,,,mtf_bias_mismatch,bearish,,,,,,,,,,,,,,,,,,,
14497,2026-07-14T23:35:00+00:00,SWEEP,bearish,4055.035,,,,,,,,,,,,,,,,,,,,,
14502,2026-07-15T00:00:00+00:00,SWEEP,bearish,4056.202,,,,,,,,,,,,,,,,,,,,,
14506,2026-07-15T00:20:00+00:00,SWEEP,bearish,4056.241,,,,,,,,,,,,,,,,,,,,,
14508,2026-07-15T00:30:00+00:00,SWEEP,bearish,4058.215,,,,,,,,,,,,,,,,,,,,,
14514,2026-07-15T01:00:00+00:00,SWEEP,bearish,4060.548,,,,,,,,,,,,,,,,,,,,,
14525,2026-07-15T01:55:00+00:00,SWEEP,bullish,4036.479,,,,,,,,,,,,,,,,,,,,,
14526,2026-07-15T02:00:00+00:00,SWEEP,bullish,4035.579,,,,,,,,,,,,,,,,,,,,,
14530,2026-07-15T02:20:00+00:00,SWEEP,bullish,4029.444,,,,,,,,,,,,,,,,,,,,,
14533,2026-07-15T02:35:00+00:00,SETUP_REJECTED,,,mtf_bias_mismatch,bearish,,,,,,,,,,,,,,,,,,,
14533,2026-07-15T02:35:00+00:00,SETUP_REJECTED,,,mtf_bias_mismatch,bearish,,,,,,,,,,,,,,,,,,,
14533,2026-07-15T02:35:00+00:00,SETUP_REJECTED,,,mtf_bias_mismatch,bearish,,,,,,,,,,,,,,,,,,,
14534,2026-07-15T02:40:00+00:00,SETUP_REJECTED,,,mtf_bias_mismatch,bearish,,,,,,,,,,,,,,,,,,,
14534,2026-07-15T02:40:00+00:00,SETUP_REJECTED,,,mtf_bias_mismatch,bearish,,,,,,,,,,,,,,,,,,,
14534,2026-07-15T02:40:00+00:00,SETUP_REJECTED,,,mtf_bias_mismatch,bearish,,,,,,,,,,,,,,,,,,,
14535,2026-07-15T02:45:00+00:00,SETUP_REJECTED,,,mtf_bias_mismatch,bearish,,,,,,,,,,,,,,,,,,,
14535,2026-07-15T02:45:00+00:00,SETUP_REJECTED,,,mtf_bias_mismatch,bearish,,,,,,,,,,,,,,,,,,,
14535,2026-07-15T02:45:00+00:00,SETUP_REJECTED,,,mtf_bias_mismatch,bearish,,,,,,,,,,,,,,,,,,,
14544,2026-07-15T03:30:00+00:00,SWEEP,bullish,4029.142,,,,,,,,,,,,,,,,,,,,,
14562,2026-07-15T05:00:00+00:00,SWEEP,bearish,4035.766,,,,,,,,,,,,,,,,,,,,,
14568,2026-07-15T05:30:00+00:00,SWEEP,bullish,4024.58,,,,,,,,,,,,,,,,,,,,,
14570,2026-07-15T05:40:00+00:00,SWEEP,bearish,4036.166,,,,,,,,,,,,,,,,,,,,,
14570,2026-07-15T05:40:00+00:00,SETUP_REJECTED,,,mtf_bias_mismatch,bearish,,,,,,,,,,,,,,,,,,,
14574,2026-07-15T06:00:00+00:00,SETUP_REJECTED,,,mtf_bias_mismatch,bearish,,,,,,,,,,,,,,,,,,,
14578,2026-07-15T06:20:00+00:00,SWEEP,bullish,4022.09,,,,,,,,,,,,,,,,,,,,,
14591,2026-07-15T07:25:00+00:00,SWEEP,bullish,4021.066,,,,,,,,,,,,,,,,,,,,,
14593,2026-07-15T07:35:00+00:00,SWEEP,bullish,4019.996,,,,,,,,,,,,,,,,,,,,,
14594,2026-07-15T07:40:00+00:00,SWEEP,bullish,4019.722,,,,,,,,,,,,,,,,,,,,,
14604,2026-07-15T08:30:00+00:00,SETUP_REJECTED,,,mtf_bias_mismatch,bearish,,,,,,,,,,,,,,,,,,,
14604,2026-07-15T08:30:00+00:00,SETUP_REJECTED,,,mtf_bias_mismatch,bearish,,,,,,,,,,,,,,,,,,,
14624,2026-07-15T10:10:00+00:00,SWEEP,bearish,4034.401,,,,,,,,,,,,,,,,,,,,,
14644,2026-07-15T11:50:00+00:00,SWEEP,bearish,4039.446,,,,,,,,,,,,,,,,,,,,,
14656,2026-07-15T12:50:00+00:00,SWEEP,bearish,4066.222,,,,,,,,,,,,,,,,,,,,,
14659,2026-07-15T13:05:00+00:00,SWEEP,bearish,4072.801,,,,,,,,,,,,,,,,,,,,,
14679,2026-07-15T14:45:00+00:00,SWEEP,bullish,4054.113,,,,,,,,,,,,,,,,,,,,,
14686,2026-07-15T15:20:00+00:00,SWEEP,bullish,4042.966,,,,,,,,,,,,,,,,,,,,,
14702,2026-07-15T16:40:00+00:00,SWEEP,bullish,4027.119,,,,,,,,,,,,,,,,,,,,,
14704,2026-07-15T16:50:00+00:00,SETUP_REJECTED,,,mtf_bias_mismatch,bearish,,,,,,,,,,,,,,,,,,,
14707,2026-07-15T17:05:00+00:00,SETUP_REJECTED,,,mtf_bias_mismatch,bearish,,,,,,,,,,,,,,,,,,,
14711,2026-07-15T17:25:00+00:00,SETUP_REJECTED,,,mtf_bias_mismatch,bearish,,,,,,,,,,,,,,,,,,,
14712,2026-07-15T17:30:00+00:00,SETUP_REJECTED,,,mtf_bias_mismatch,bearish,,,,,,,,,,,,,,,,,,,
14713,2026-07-15T17:35:00+00:00,SETUP_REJECTED,,,mtf_bias_mismatch,bearish,,,,,,,,,,,,,,,,,,,
14714,2026-07-15T17:40:00+00:00,SETUP_REJECTED,,,mtf_bias_mismatch,bearish,,,,,,,,,,,,,,,,,,,
14719,2026-07-15T18:05:00+00:00,SWEEP,bearish,4068.875,,,,,,,,,,,,,,,,,,,,,
14724,2026-07-15T18:30:00+00:00,SWEEP,bearish,4075.624,,,,,,,,,,,,,,,,,,,,,
14734,2026-07-15T19:20:00+00:00,SETUP_REJECTED,,,mtf_bias_mismatch,bullish,,,,,,,,,,,,,,,,,,,
14737,2026-07-15T19:35:00+00:00,SWEEP,bullish,4048.73,,,,,,,,,,,,,,,,,,,,,
14742,2026-07-15T20:00:00+00:00,SETUP_REJECTED,,,mtf_bias_mismatch,neutral,,,,,,,,,,,,,,,,,,,
14746,2026-07-15T20:20:00+00:00,SETUP_REJECTED,,,mtf_bias_mismatch,neutral,,,,,,,,,,,,,,,,,,,
14754,2026-07-15T22:00:00+00:00,SWEEP,bearish,4063.286,,,,,,,,,,,,,,,,,,,,,
14769,2026-07-15T23:15:00+00:00,SWEEP,bullish,4058.115,,,,,,,,,,,,,,,,,,,,,
14771,2026-07-15T23:25:00+00:00,SWEEP,bullish,4057.016,,,,,,,,,,,,,,,,,,,,,
14772,2026-07-15T23:30:00+00:00,SWEEP,bullish,4056.901,,,,,,,,,,,,,,,,,,,,,
14774,2026-07-15T23:40:00+00:00,SWEEP,bullish,4056.019,,,,,,,,,,,,,,,,,,,,,
14783,2026-07-16T00:25:00+00:00,SETUP_REJECTED,,,mtf_bias_mismatch,neutral,,,,,,,,,,,,,,,,,,,
14783,2026-07-16T00:25:00+00:00,SETUP_REJECTED,,,mtf_bias_mismatch,neutral,,,,,,,,,,,,,,,,,,,
14783,2026-07-16T00:25:00+00:00,SETUP_REJECTED,,,mtf_bias_mismatch,neutral,,,,,,,,,,,,,,,,,,,
14786,2026-07-16T00:40:00+00:00,SWEEP,bullish,4054.697,,,,,,,,,,,,,,,,,,,,,
14790,2026-07-16T01:00:00+00:00,SWEEP,bullish,4043.75,,,,,,,,,,,,,,,,,,,,,
14793,2026-07-16T01:15:00+00:00,SWEEP,bullish,4040.892,,,,,,,,,,,,,,,,,,,,,
14795,2026-07-16T01:25:00+00:00,SWEEP,bullish,4035.569,,,,,,,,,,,,,,,,,,,,,
14797,2026-07-16T01:35:00+00:00,SETUP_REJECTED,,,mtf_bias_mismatch,bearish,,,,,,,,,,,,,,,,,,,
14797,2026-07-16T01:35:00+00:00,SETUP_REJECTED,,,mtf_bias_mismatch,bearish,,,,,,,,,,,,,,,,,,,
14797,2026-07-16T01:35:00+00:00,SETUP_REJECTED,,,mtf_bias_mismatch,bearish,,,,,,,,,,,,,,,,,,,
14797,2026-07-16T01:35:00+00:00,SETUP_REJECTED,,,mtf_bias_mismatch,bearish,,,,,,,,,,,,,,,,,,,
14804,2026-07-16T02:10:00+00:00,SWEEP,bullish,4032.55,,,,,,,,,,,,,,,,,,,,,
14805,2026-07-16T02:15:00+00:00,SWEEP,bullish,4031.158,,,,,,,,,,,,,,,,,,,,,
14810,2026-07-16T02:40:00+00:00,SWEEP,bullish,4025.862,,,,,,,,,,,,,,,,,,,,,
14814,2026-07-16T03:00:00+00:00,SETUP_REJECTED,,,mtf_bias_mismatch,bearish,,,,,,,,,,,,,,,,,,,
14814,2026-07-16T03:00:00+00:00,SETUP_REJECTED,,,mtf_bias_mismatch,bearish,,,,,,,,,,,,,,,,,,,
14814,2026-07-16T03:00:00+00:00,SETUP_REJECTED,,,mtf_bias_mismatch,bearish,,,,,,,,,,,,,,,,,,,
14820,2026-07-16T03:30:00+00:00,SETUP_REJECTED,,,mtf_bias_mismatch,bearish,,,,,,,,,,,,,,,,,,,
14824,2026-07-16T03:50:00+00:00,SWEEP,bearish,4036.356,,,,,,,,,,,,,,,,,,,,,
14825,2026-07-16T03:55:00+00:00,SWEEP,bearish,4036.516,,,,,,,,,,,,,,,,,,,,,
14828,2026-07-16T04:10:00+00:00,SWEEP,bearish,4036.85,,,,,,,,,,,,,,,,,,,,,
14840,2026-07-16T05:10:00+00:00,SWEEP,bullish,4030.506,,,,,,,,,,,,,,,,,,,,,
14841,2026-07-16T05:15:00+00:00,SWEEP,bullish,4029.327,,,,,,,,,,,,,,,,,,,,,
14843,2026-07-16T05:25:00+00:00,SWEEP,bullish,4026.94,,,,,,,,,,,,,,,,,,,,,
14844,2026-07-16T05:30:00+00:00,SWEEP,bullish,4026.751,,,,,,,,,,,,,,,,,,,,,
14851,2026-07-16T06:05:00+00:00,SWEEP,bearish,4035.382,,,,,,,,,,,,,,,,,,,,,
14851,2026-07-16T06:05:00+00:00,SETUP_REJECTED,,,mtf_bias_mismatch,bearish,,,,,,,,,,,,,,,,,,,
14851,2026-07-16T06:05:00+00:00,SETUP_REJECTED,,,mtf_bias_mismatch,bearish,,,,,,,,,,,,,,,,,,,
14851,2026-07-16T06:05:00+00:00,SETUP_REJECTED,,,mtf_bias_mismatch,bearish,,,,,,,,,,,,,,,,,,,
14851,2026-07-16T06:05:00+00:00,SETUP_REJECTED,,,mtf_bias_mismatch,bearish,,,,,,,,,,,,,,,,,,,
14857,2026-07-16T06:35:00+00:00,SWEEP,bullish,4025.142,,,,,,,,,,,,,,,,,,,,,
14860,2026-07-16T06:50:00+00:00,SETUP_REJECTED,,,mtf_bias_mismatch,bearish,,,,,,,,,,,,,,,,,,,
14861,2026-07-16T06:55:00+00:00,SETUP_REJECTED,,,mtf_bias_mismatch,bearish,,,,,,,,,,,,,,,,,,,
14874,2026-07-16T08:00:00+00:00,SWEEP,bearish,4032.129,,,,,,,,,,,,,,,,,,,,,
14880,2026-07-16T08:30:00+00:00,SWEEP,bearish,4034.283,,,,,,,,,,,,,,,,,,,,,
14881,2026-07-16T08:35:00+00:00,SWEEP,bearish,4035.179,,,,,,,,,,,,,,,,,,,,,
14883,2026-07-16T08:45:00+00:00,SWEEP,bearish,4035.716,,,,,,,,,,,,,,,,,,,,,
14886,2026-07-16T09:00:00+00:00,SWEEP,bearish,4036.656,,,,,,,,,,,,,,,,,,,,,
14888,2026-07-16T09:10:00+00:00,SWEEP,bearish,4037.211,,,,,,,,,,,,,,,,,,,,,
14889,2026-07-16T09:15:00+00:00,SWEEP,bearish,4037.555,,,,,,,,,,,,,,,,,,,,,
14900,2026-07-16T10:10:00+00:00,SWEEP,bullish,4029.654,,,,,,,,,,,,,,,,,,,,,
14909,2026-07-16T10:55:00+00:00,SWEEP,bullish,4029.482,,,,,,,,,,,,,,,,,,,,,
14910,2026-07-16T11:00:00+00:00,SWEEP,bullish,4028.591,,,,,,,,,,,,,,,,,,,,,
14912,2026-07-16T11:10:00+00:00,SWEEP,bullish,4027.609,,,,,,,,,,,,,,,,,,,,,
14913,2026-07-16T11:15:00+00:00,SWEEP,bullish,4026.339,,,,,,,,,,,,,,,,,,,,,
14917,2026-07-16T11:35:00+00:00,SETUP_REJECTED,,,mtf_bias_mismatch,bearish,,,,,,,,,,,,,,,,,,,
14917,2026-07-16T11:35:00+00:00,SETUP_REJECTED,,,mtf_bias_mismatch,bearish,,,,,,,,,,,,,,,,,,,
14917,2026-07-16T11:35:00+00:00,SETUP_REJECTED,,,mtf_bias_mismatch,bearish,,,,,,,,,,,,,,,,,,,
14917,2026-07-16T11:35:00+00:00,SETUP_REJECTED,,,mtf_bias_mismatch,bearish,,,,,,,,,,,,,,,,,,,
14919,2026-07-16T11:45:00+00:00,SWEEP,bearish,4035.941,,,,,,,,,,,,,,,,,,,,,
14922,2026-07-16T12:00:00+00:00,SWEEP,bearish,4042.447,,,,,,,,,,,,,,,,,,,,,
14923,2026-07-16T12:05:00+00:00,SWEEP,bearish,4043.391,,,,,,,,,,,,,,,,,,,,,
14925,2026-07-16T12:15:00+00:00,SWEEP,bullish,4021.084,,,,,,,,,,,,,,,,,,,,,
14935,2026-07-16T13:05:00+00:00,SWEEP,bullish,3975.196,,,,,,,,,,,,,,,,,,,,,
14937,2026-07-16T13:15:00+00:00,SETUP_REJECTED,,,mtf_bias_mismatch,bearish,,,,,,,,,,,,,,,,,,,
14937,2026-07-16T13:15:00+00:00,SETUP_REJECTED,,,mtf_bias_mismatch,bearish,,,,,,,,,,,,,,,,,,,
14939,2026-07-16T13:25:00+00:00,SETUP_REJECTED,,,mtf_bias_mismatch,bearish,,,,,,,,,,,,,,,,,,,
14944,2026-07-16T13:50:00+00:00,SETUP_REJECTED,,,mtf_bias_mismatch,bearish,,,,,,,,,,,,,,,,,,,
14974,2026-07-16T16:20:00+00:00,SWEEP,bullish,3985.384,,,,,,,,,,,,,,,,,,,,,
14977,2026-07-16T16:35:00+00:00,SETUP_REJECTED,,,mtf_bias_mismatch,bearish,,,,,,,,,,,,,,,,,,,
14989,2026-07-16T17:35:00+00:00,SWEEP,bullish,3982.216,,,,,,,,,,,,,,,,,,,,,
14990,2026-07-16T17:40:00+00:00,SWEEP,bullish,3981.189,,,,,,,,,,,,,,,,,,,,,
14992,2026-07-16T17:50:00+00:00,SETUP_REJECTED,,,mtf_bias_mismatch,bearish,,,,,,,,,,,,,,,,,,,
14992,2026-07-16T17:50:00+00:00,SETUP_REJECTED,,,mtf_bias_mismatch,bearish,,,,,,,,,,,,,,,,,,,
15013,2026-07-16T19:35:00+00:00,SWEEP,bullish,3974.602,,,,,,,,,,,,,,,,,,,,,
15024,2026-07-16T20:30:00+00:00,SETUP_REJECTED,,,mtf_bias_mismatch,bearish,,,,,,,,,,,,,,,,,,,
15045,2026-07-16T23:15:00+00:00,SWEEP,bearish,3980.502,,,,,,,,,,,,,,,,,,,,,
15047,2026-07-16T23:25:00+00:00,SWEEP,bearish,3980.552,,,,,,,,,,,,,,,,,,,,,
15049,2026-07-16T23:35:00+00:00,SWEEP,bearish,3980.75,,,,,,,,,,,,,,,,,,,,,
15054,2026-07-17T00:00:00+00:00,SWEEP,bearish,3986.41,,,,,,,,,,,,,,,,,,,,,
15055,2026-07-17T00:05:00+00:00,SWEEP,bearish,3987.034,,,,,,,,,,,,,,,,,,,,,
15066,2026-07-17T01:00:00+00:00,SWEEP,bearish,3992.135,,,,,,,,,,,,,,,,,,,,,
15067,2026-07-17T01:05:00+00:00,SWEEP,bearish,3992.334,,,,,,,,,,,,,,,,,,,,,
15069,2026-07-17T01:15:00+00:00,SWEEP,bearish,3995.225,,,,,,,,,,,,,,,,,,,,,
15072,2026-07-17T01:30:00+00:00,OB_FORMED,bearish,,,bearish,36.0,3988.655,3993.03,79.4,3969.111,5.0,"{'D1': 'bearish', 'H1': 'bearish', 'M15': 'bullish', 'M5': 'bullish'}",,,,,,,,,,,,
15077,2026-07-17T01:55:00+00:00,SWEEP,bullish,3979.285,,,,,,,,,,,,,,,,,,,,,
15090,2026-07-17T03:00:00+00:00,OB_TOUCH,,,,,36.0,,,,,,,18.0,,,,,,,,,,,
15090,2026-07-17T03:00:00+00:00,ENTRY_WAIT_REVERSAL,,,,,36.0,,,,,,,,97.49,,,,,,,,,,
15091,2026-07-17T03:05:00+00:00,ENTRY_WAIT_70_REENTRY,,,,,36.0,,,,,,,,65.69,,,,,,,,,,
15092,2026-07-17T03:10:00+00:00,ENTRY,bearish,,,bearish,36.0,,,,3969.111,6.0,,,,,9.0,3988.508,3994.134,3977.2559999999994,crossed_ob_reentry_70pct,retracement_swing,True,,
15093,2026-07-17T03:15:00+00:00,TRADE_EXIT,,,SL,,,,,,,,,,,,9.0,,,,,,,LOSS,-1.0
15114,2026-07-17T05:00:00+00:00,SWEEP,bullish,3979.954,,,,,,,,,,,,,,,,,,,,,
15118,2026-07-17T05:20:00+00:00,SWEEP,bullish,3975.749,,,,,,,,,,,,,,,,,,,,,
15124,2026-07-17T05:50:00+00:00,SWEEP,bearish,3990.561,,,,,,,,,,,,,,,,,,,,,
15127,2026-07-17T06:05:00+00:00,SWEEP,bearish,3992.306,,,,,,,,,,,,,,,,,,,,,
15129,2026-07-17T06:15:00+00:00,SETUP_REJECTED,,,mtf_bias_mismatch,bearish,,,,,,,,,,,,,,,,,,,
15130,2026-07-17T06:20:00+00:00,SETUP_REJECTED,,,mtf_bias_mismatch,bearish,,,,,,,,,,,,,,,,,,,
15132,2026-07-17T06:30:00+00:00,SWEEP,bearish,4006.136,,,,,,,,,,,,,,,,,,,,,
15150,2026-07-17T08:00:00+00:00,SWEEP,bullish,3992.604,,,,,,,,,,,,,,,,,,,,,
15151,2026-07-17T08:05:00+00:00,SETUP_REJECTED,,,mtf_bias_mismatch,bearish,,,,,,,,,,,,,,,,,,,
15152,2026-07-17T08:10:00+00:00,SWEEP,bullish,3992.248,,,,,,,,,,,,,,,,,,,,,
15155,2026-07-17T08:25:00+00:00,SWEEP,bullish,3989.216,,,,,,,,,,,,,,,,,,,,,
15157,2026-07-17T08:35:00+00:00,SWEEP,bullish,3988.036,,,,,,,,,,,,,,,,,,,,,
15160,2026-07-17T08:50:00+00:00,SETUP_REJECTED,,,mtf_bias_mismatch,bearish,,,,,,,,,,,,,,,,,,,
15160,2026-07-17T08:50:00+00:00,SETUP_REJECTED,,,mtf_bias_mismatch,bearish,,,,,,,,,,,,,,,,,,,
15160,2026-07-17T08:50:00+00:00,SETUP_REJECTED,,,mtf_bias_mismatch,bearish,,,,,,,,,,,,,,,,,,,
15160,2026-07-17T08:50:00+00:00,SETUP_REJECTED,,,mtf_bias_mismatch,bearish,,,,,,,,,,,,,,,,,,,
15167,2026-07-17T09:25:00+00:00,SWEEP,bearish,4002.407,,,,,,,,,,,,,,,,,,,,,
15187,2026-07-17T11:05:00+00:00,SWEEP,bullish,3990.294,,,,,,,,,,,,,,,,,,,,,
15189,2026-07-17T11:15:00+00:00,SWEEP,bullish,3990.132,,,,,,,,,,,,,,,,,,,,,
15199,2026-07-17T12:05:00+00:00,SWEEP,bullish,3989.766,,,,,,,,,,,,,,,,,,,,,
15207,2026-07-17T12:45:00+00:00,SWEEP,bullish,3965.34,,,,,,,,,,,,,,,,,,,,,
15208,2026-07-17T12:50:00+00:00,SWEEP,bullish,3965.181,,,,,,,,,,,,,,,,,,,,,
15210,2026-07-17T13:00:00+00:00,SWEEP,bullish,3963.871,,,,,,,,,,,,,,,,,,,,,
15217,2026-07-17T13:35:00+00:00,SWEEP,bearish,3998.687,,,,,,,,,,,,,,,,,,,,,
15218,2026-07-17T13:40:00+00:00,SETUP_REJECTED,,,mtf_bias_mismatch,bearish,,,,,,,,,,,,,,,,,,,
15218,2026-07-17T13:40:00+00:00,SETUP_REJECTED,,,mtf_bias_mismatch,bearish,,,,,,,,,,,,,,,,,,,
15218,2026-07-17T13:40:00+00:00,SETUP_REJECTED,,,mtf_bias_mismatch,bearish,,,,,,,,,,,,,,,,,,,
15226,2026-07-17T14:20:00+00:00,SWEEP,bearish,4003.715,,,,,,,,,,,,,,,,,,,,,
15235,2026-07-17T15:05:00+00:00,SWEEP,bearish,4013.792,,,,,,,,,,,,,,,,,,,,,
15240,2026-07-17T15:30:00+00:00,SWEEP,bearish,4014.044,,,,,,,,,,,,,,,,,,,,,
15241,2026-07-17T15:35:00+00:00,SWEEP,bearish,4016.3,,,,,,,,,,,,,,,,,,,,,
15243,2026-07-17T15:45:00+00:00,SWEEP,bearish,4016.378,,,,,,,,,,,,,,,,,,,,,
15249,2026-07-17T16:15:00+00:00,SWEEP,bearish,4021.235,,,,,,,,,,,,,,,,,,,,,
15265,2026-07-17T17:35:00+00:00,SWEEP,bullish,4010.693,,,,,,,,,,,,,,,,,,,,,
15266,2026-07-17T17:40:00+00:00,SWEEP,bullish,4010.023,,,,,,,,,,,,,,,,,,,,,
15270,2026-07-17T18:00:00+00:00,SWEEP,bullish,4008.277,,,,,,,,,,,,,,,,,,,,,
15278,2026-07-17T18:40:00+00:00,SWEEP,bullish,4007.543,,,,,,,,,,,,,,,,,,,,,
15279,2026-07-17T18:45:00+00:00,SWEEP,bullish,4006.984,,,,,,,,,,,,,,,,,,,,,
15281,2026-07-17T18:55:00+00:00,SETUP_REJECTED,,,mtf_bias_mismatch,bearish,,,,,,,,,,,,,,,,,,,
15281,2026-07-17T18:55:00+00:00,SETUP_REJECTED,,,mtf_bias_mismatch,bearish,,,,,,,,,,,,,,,,,,,
15281,2026-07-17T18:55:00+00:00,SETUP_REJECTED,,,mtf_bias_mismatch,bearish,,,,,,,,,,,,,,,,,,,
15284,2026-07-17T19:10:00+00:00,SWEEP,bullish,4004.781,,,,,,,,,,,,,,,,,,,,,
15289,2026-07-17T19:35:00+00:00,SETUP_REJECTED,,,mtf_bias_mismatch,neutral,,,,,,,,,,,,,,,,,,,
15289,2026-07-17T19:35:00+00:00,SETUP_REJECTED,,,mtf_bias_mismatch,neutral,,,,,,,,,,,,,,,,,,,
15289,2026-07-17T19:35:00+00:00,SETUP_REJECTED,,,mtf_bias_mismatch,neutral,,,,,,,,,,,,,,,,,,,
15291,2026-07-17T19:45:00+00:00,SETUP_REJECTED,,,mtf_bias_mismatch,neutral,,,,,,,,,,,,,,,,,,,
15291,2026-07-17T19:45:00+00:00,SETUP_REJECTED,,,mtf_bias_mismatch,neutral,,,,,,,,,,,,,,,,,,,
15292,2026-07-17T19:50:00+00:00,SETUP_REJECTED,,,mtf_bias_mismatch,neutral,,,,,,,,,,,,,,,,,,,
15293,2026-07-17T19:55:00+00:00,SWEEP,bearish,4016.18,,,,,,,,,,,,,,,,,,,,,
15293,2026-07-17T19:55:00+00:00,SETUP_REJECTED,,,mtf_bias_mismatch,neutral,,,,,,,,,,,,,,,,,,,
15295,2026-07-17T20:05:00+00:00,SETUP_REJECTED,,,mtf_bias_mismatch,neutral,,,,,,,,,,,,,,,,,,,
15298,2026-07-17T20:20:00+00:00,SETUP_REJECTED,,,mtf_bias_mismatch,bullish,,,,,,,,,,,,,,,,,,,
15303,2026-07-17T20:45:00+00:00,SWEEP,bearish,4016.573,,,,,,,,,,,,,,,,,,,,,
15304,2026-07-17T20:50:00+00:00,SWEEP,bearish,4017.332,,,,,,,,,,,,,,,,,,,,,
15305,2026-07-17T20:55:00+00:00,SWEEP,bearish,4018.472,,,,,,,,,,,,,,,,,,,,,
15306,2026-07-19T22:00:00+00:00,SETUP_REJECTED,,,mtf_bias_mismatch,bullish,,,,,,,,,,,,,,,,,,,
15306,2026-07-19T22:00:00+00:00,SETUP_REJECTED,,,mtf_bias_mismatch,bullish,,,,,,,,,,,,,,,,,,,
15306,2026-07-19T22:00:00+00:00,SETUP_REJECTED,,,mtf_bias_mismatch,bullish,,,,,,,,,,,,,,,,,,,
15307,2026-07-19T22:05:00+00:00,SETUP_REJECTED,,,mtf_bias_mismatch,bullish,,,,,,,,,,,,,,,,,,,
15307,2026-07-19T22:05:00+00:00,SETUP_REJECTED,,,mtf_bias_mismatch,bullish,,,,,,,,,,,,,,,,,,,
15307,2026-07-19T22:05:00+00:00,SETUP_REJECTED,,,mtf_bias_mismatch,bullish,,,,,,,,,,,,,,,,,,,
15311,2026-07-19T22:25:00+00:00,SWEEP,bullish,3994.739,,,,,,,,,,,,,,,,,,,,,
15312,2026-07-19T22:30:00+00:00,SWEEP,bullish,3994.735,,,,,,,,,,,,,,,,,,,,,
15318,2026-07-19T23:00:00+00:00,SWEEP,bullish,3993.278,,,,,,,,,,,,,,,,,,,,,
15322,2026-07-19T23:20:00+00:00,SWEEP,bullish,3990.637,,,,,,,,,,,,,,,,,,,,,
15326,2026-07-19T23:40:00+00:00,SWEEP,bullish,3990.303,,,,,,,,,,,,,,,,,,,,,
15327,2026-07-19T23:45:00+00:00,SWEEP,bullish,3989.809,,,,,,,,,,,,,,,,,,,,,
15333,2026-07-20T00:15:00+00:00,SETUP_REJECTED,,,mtf_bias_mismatch,bearish,,,,,,,,,,,,,,,,,,,
15333,2026-07-20T00:15:00+00:00,SETUP_REJECTED,,,mtf_bias_mismatch,bearish,,,,,,,,,,,,,,,,,,,
15333,2026-07-20T00:15:00+00:00,SETUP_REJECTED,,,mtf_bias_mismatch,bearish,,,,,,,,,,,,,,,,,,,
15335,2026-07-20T00:25:00+00:00,SETUP_REJECTED,,,mtf_bias_mismatch,bearish,,,,,,,,,,,,,,,,,,,
15335,2026-07-20T00:25:00+00:00,SETUP_REJECTED,,,mtf_bias_mismatch,bearish,,,,,,,,,,,,,,,,,,,
15337,2026-07-20T00:35:00+00:00,SWEEP,bearish,4005.755,,,,,,,,,,,,,,,,,,,,,
15344,2026-07-20T01:10:00+00:00,SWEEP,bearish,4016.989,,,,,,,,,,,,,,,,,,,,,
15389,2026-07-20T04:55:00+00:00,SWEEP,bullish,4018.789,,,,,,,,,,,,,,,,,,,,,
15394,2026-07-20T05:20:00+00:00,SWEEP,bullish,4011.757,,,,,,,,,,,,,,,,,,,,,
15397,2026-07-20T05:35:00+00:00,SWEEP,bullish,4009.784,,,,,,,,,,,,,,,,,,,,,
15400,2026-07-20T05:50:00+00:00,SWEEP,bullish,4005.498,,,,,,,,,,,,,,,,,,,,,
15408,2026-07-20T06:30:00+00:00,SWEEP,bullish,4003.729,,,,,,,,,,,,,,,,,,,,,
15414,2026-07-20T07:00:00+00:00,SWEEP,bullish,4002.859,,,,,,,,,,,,,,,,,,,,,
15419,2026-07-20T07:25:00+00:00,OB_FORMED,bullish,,,bullish,37.0,4003.273,4008.365,94.31,4028.865,4.5,"{'D1': 'bearish', 'H1': 'bullish', 'M15': 'bullish', 'M5': 'bullish'}",,,,,,,,,,,,
15423,2026-07-20T07:45:00+00:00,SWEEP,bearish,4021.101,,,,,,,,,,,,,,,,,,,,,
15429,2026-07-20T08:15:00+00:00,SWEEP,bearish,4025.532,,,,,,,,,,,,,,,,,,,,,
15432,2026-07-20T08:30:00+00:00,SETUP_REJECTED,,,mtf_bias_mismatch,bullish,,,,,,,,,,,,,,,,,,,
15432,2026-07-20T08:30:00+00:00,SETUP_REJECTED,,,mtf_bias_mismatch,bullish,,,,,,,,,,,,,,,,,,,
15444,2026-07-20T09:30:00+00:00,SWEEP,bullish,4015.021,,,,,,,,,,,,,,,,,,,,,
15446,2026-07-20T09:40:00+00:00,SETUP_REJECTED,,,mtf_bias_mismatch,neutral,,,,,,,,,,,,,,,,,,,
15456,2026-07-20T10:30:00+00:00,SWEEP,bearish,4023.361,,,,,,,,,,,,,,,,,,,,,
15462,2026-07-20T11:00:00+00:00,SWEEP,bearish,4025.791,,,,,,,,,,,,,,,,,,,,,
15472,2026-07-20T11:50:00+00:00,SETUP_REJECTED,,,mtf_bias_mismatch,bullish,,,,,,,,,,,,,,,,,,,
15474,2026-07-20T12:00:00+00:00,SETUP_REJECTED,,,mtf_bias_mismatch,bullish,,,,,,,,,,,,,,,,,,,
15476,2026-07-20T12:10:00+00:00,SWEEP,bullish,4012.162,,,,,,,,,,,,,,,,,,,,,
15477,2026-07-20T12:15:00+00:00,SWEEP,bullish,4011.323,,,,,,,,,,,,,,,,,,,,,
15478,2026-07-20T12:20:00+00:00,OB_TOUCH,,,,,37.0,,,,,,,59.0,,,,,,,,,,,
15478,2026-07-20T12:20:00+00:00,ENTRY_WAIT_REVERSAL,,,,,37.0,,,,,,,,93.7,,,,,,,,,,
15479,2026-07-20T12:25:00+00:00,ENTRY,bullish,,,bullish,37.0,,,,4028.865,4.5,,,,,10.0,4012.921,4002.211625,4034.3397499999996,crossed_ob_reentry_70pct,retracement_swing,False,,
15482,2026-07-20T12:40:00+00:00,SWEEP,bullish,4006.698,,,,,,,,,,,,,,,,,,,,,
15498,2026-07-20T14:00:00+00:00,TRADE_EXIT,,,SL,,,,,,,,,,,,10.0,,,,,,,LOSS,-1.0
15530,2026-07-20T16:40:00+00:00,SWEEP,bullish,4004.317,,,,,,,,,,,,,,,,,,,,,
15534,2026-07-20T17:00:00+00:00,SETUP_REJECTED,,,mtf_bias_mismatch,bearish,,,,,,,,,,,,,,,,,,,
15586,2026-07-20T22:20:00+00:00,SWEEP,bullish,4005.308,,,,,,,,,,,,,,,,,,,,,
15587,2026-07-20T22:25:00+00:00,SWEEP,bearish,4010.108,,,,,,,,,,,,,,,,,,,,,
15587,2026-07-20T22:25:00+00:00,SETUP_REJECTED,,,mtf_bias_mismatch,bearish,,,,,,,,,,,,,,,,,,,
15593,2026-07-20T22:55:00+00:00,SWEEP,bullish,3999.904,,,,,,,,,,,,,,,,,,,,,
15595,2026-07-20T23:05:00+00:00,SETUP_REJECTED,,,mtf_bias_mismatch,bearish,,,,,,,,,,,,,,,,,,,
15595,2026-07-20T23:05:00+00:00,SETUP_REJECTED,,,mtf_bias_mismatch,bearish,,,,,,,,,,,,,,,,,,,
15611,2026-07-21T00:25:00+00:00,SWEEP,bearish,4017.655,,,,,,,,,,,,,,,,,,,,,
15616,2026-07-21T00:50:00+00:00,SWEEP,bearish,4025.001,,,,,,,,,,,,,,,,,,,,,
15620,2026-07-21T01:10:00+00:00,SWEEP,bearish,4029.138,,,,,,,,,,,,,,,,,,,,,
15655,2026-07-21T04:05:00+00:00,SWEEP,bearish,4051.545,,,,,,,,,,,,,,,,,,,,,
15657,2026-07-21T04:15:00+00:00,SETUP_REJECTED,,,mtf_bias_mismatch,bullish,,,,,,,,,,,,,,,,,,,
15669,2026-07-21T05:15:00+00:00,SWEEP,bearish,4052.05,,,,,,,,,,,,,,,,,,,,,
15675,2026-07-21T05:45:00+00:00,SWEEP,bearish,4066.621,,,,,,,,,,,,,,,,,,,,,
15681,2026-07-21T06:15:00+00:00,SWEEP,bearish,4072.498,,,,,,,,,,,,,,,,,,,,,
15684,2026-07-21T06:30:00+00:00,SWEEP,bearish,4074.557,,,,,,,,,,,,,,,,,,,,,
15685,2026-07-21T06:35:00+00:00,SWEEP,bearish,4074.656,,,,,,,,,,,,,,,,,,,,,
15691,2026-07-21T07:05:00+00:00,SETUP_REJECTED,,,mtf_bias_mismatch,bullish,,,,,,,,,,,,,,,,,,,
15691,2026-07-21T07:05:00+00:00,SETUP_REJECTED,,,mtf_bias_mismatch,bullish,,,,,,,,,,,,,,,,,,,
15691,2026-07-21T07:05:00+00:00,SETUP_REJECTED,,,mtf_bias_mismatch,bullish,,,,,,,,,,,,,,,,,,,
15692,2026-07-21T07:10:00+00:00,SETUP_REJECTED,,,mtf_bias_mismatch,bullish,,,,,,,,,,,,,,,,,,,
15692,2026-07-21T07:10:00+00:00,SETUP_REJECTED,,,mtf_bias_mismatch,bullish,,,,,,,,,,,,,,,,,,,
15692,2026-07-21T07:10:00+00:00,SETUP_REJECTED,,,mtf_bias_mismatch,bullish,,,,,,,,,,,,,,,,,,,
15693,2026-07-21T07:15:00+00:00,SETUP_REJECTED,,,mtf_bias_mismatch,bullish,,,,,,,,,,,,,,,,,,,
15693,2026-07-21T07:15:00+00:00,SETUP_REJECTED,,,mtf_bias_mismatch,bullish,,,,,,,,,,,,,,,,,,,
15693,2026-07-21T07:15:00+00:00,SETUP_REJECTED,,,mtf_bias_mismatch,bullish,,,,,,,,,,,,,,,,,,,
15703,2026-07-21T08:05:00+00:00,SWEEP,bullish,4066.186,,,,,,,,,,,,,,,,,,,,,
15709,2026-07-21T08:35:00+00:00,SWEEP,bullish,4061.752,,,,,,,,,,,,,,,,,,,,,
15712,2026-07-21T08:50:00+00:00,SWEEP,bullish,4059.303,,,,,,,,,,,,,,,,,,,,,
15715,2026-07-21T09:05:00+00:00,SETUP_REJECTED,,,mtf_bias_mismatch,neutral,,,,,,,,,,,,,,,,,,,
15715,2026-07-21T09:05:00+00:00,SETUP_REJECTED,,,mtf_bias_mismatch,neutral,,,,,,,,,,,,,,,,,,,
15715,2026-07-21T09:05:00+00:00,SETUP_REJECTED,,,mtf_bias_mismatch,neutral,,,,,,,,,,,,,,,,,,,
15724,2026-07-21T09:50:00+00:00,SETUP_REJECTED,,,mtf_bias_mismatch,neutral,,,,,,,,,,,,,,,,,,,
15733,2026-07-21T10:35:00+00:00,SWEEP,bearish,4069.858,,,,,,,,,,,,,,,,,,,,,
15736,2026-07-21T10:50:00+00:00,SETUP_REJECTED,,,mtf_bias_mismatch,neutral,,,,,,,,,,,,,,,,,,,
15739,2026-07-21T11:05:00+00:00,SWEEP,bullish,4056.296,,,,,,,,,,,,,,,,,,,,,
15747,2026-07-21T11:45:00+00:00,SWEEP,bullish,4055.33,,,,,,,,,,,,,,,,,,,,,
15751,2026-07-21T12:05:00+00:00,SETUP_REJECTED,,,mtf_bias_mismatch,bearish,,,,,,,,,,,,,,,,,,,
15751,2026-07-21T12:05:00+00:00,SETUP_REJECTED,,,mtf_bias_mismatch,bearish,,,,,,,,,,,,,,,,,,,
15755,2026-07-21T12:25:00+00:00,SETUP_REJECTED,,,mtf_bias_mismatch,bearish,,,,,,,,,,,,,,,,,,,
15757,2026-07-21T12:35:00+00:00,SWEEP,bullish,4054.285,,,,,,,,,,,,,,,,,,,,,
15758,2026-07-21T12:40:00+00:00,SWEEP,bullish,4053.651,,,,,,,,,,,,,,,,,,,,,
15763,2026-07-21T13:05:00+00:00,SETUP_REJECTED,,,mtf_bias_mismatch,bearish,,,,,,,,,,,,,,,,,,,
15763,2026-07-21T13:05:00+00:00,SETUP_REJECTED,,,mtf_bias_mismatch,bearish,,,,,,,,,,,,,,,,,,,
15767,2026-07-21T13:25:00+00:00,SWEEP,bullish,4050.962,,,,,,,,,,,,,,,,,,,,,
15768,2026-07-21T13:30:00+00:00,SWEEP,bullish,4050.354,,,,,,,,,,,,,,,,,,,,,
15771,2026-07-21T13:45:00+00:00,SWEEP,bullish,4044.549,,,,,,,,,,,,,,,,,,,,,
15775,2026-07-21T14:05:00+00:00,SETUP_REJECTED,,,mtf_bias_mismatch,bearish,,,,,,,,,,,,,,,,,,,
15775,2026-07-21T14:05:00+00:00,SETUP_REJECTED,,,mtf_bias_mismatch,bearish,,,,,,,,,,,,,,,,,,,
15775,2026-07-21T14:05:00+00:00,SETUP_REJECTED,,,mtf_bias_mismatch,bearish,,,,,,,,,,,,,,,,,,,
15777,2026-07-21T14:15:00+00:00,SWEEP,bearish,4066.016,,,,,,,,,,,,,,,,,,,,,
15777,2026-07-21T14:15:00+00:00,SETUP_REJECTED,,,mtf_bias_mismatch,bearish,,,,,,,,,,,,,,,,,,,
15777,2026-07-21T14:15:00+00:00,SETUP_REJECTED,,,mtf_bias_mismatch,bearish,,,,,,,,,,,,,,,,,,,
15777,2026-07-21T14:15:00+00:00,SETUP_REJECTED,,,mtf_bias_mismatch,bearish,,,,,,,,,,,,,,,,,,,
15780,2026-07-21T14:30:00+00:00,SWEEP,bearish,4069.473,,,,,,,,,,,,,,,,,,,,,
15780,2026-07-21T14:30:00+00:00,SETUP_REJECTED,,,mtf_bias_mismatch,bearish,,,,,,,,,,,,,,,,,,,
15780,2026-07-21T14:30:00+00:00,SETUP_REJECTED,,,mtf_bias_mismatch,bearish,,,,,,,,,,,,,,,,,,,
15790,2026-07-21T15:20:00+00:00,SWEEP,bearish,4078.655,,,,,,,,,,,,,,,,,,,,,
15793,2026-07-21T15:35:00+00:00,SWEEP,bearish,4082.964,,,,,,,,,,,,,,,,,,,,,
15795,2026-07-21T15:45:00+00:00,SETUP_REJECTED,,,mtf_bias_mismatch,bullish,,,,,,,,,,,,,,,,,,,
15795,2026-07-21T15:45:00+00:00,SETUP_REJECTED,,,mtf_bias_mismatch,bullish,,,,,,,,,,,,,,,,,,,
15810,2026-07-21T17:00:00+00:00,SWEEP,bullish,4069.969,,,,,,,,,,,,,,,,,,,,,
15817,2026-07-21T17:35:00+00:00,SWEEP,bullish,4068.956,,,,,,,,,,,,,,,,,,,,,
15821,2026-07-21T17:55:00+00:00,SWEEP,bullish,4066.721,,,,,,,,,,,,,,,,,,,,,
15824,2026-07-21T18:10:00+00:00,SETUP_REJECTED,,,mtf_bias_mismatch,bearish,,,,,,,,,,,,,,,,,,,
15824,2026-07-21T18:10:00+00:00,SETUP_REJECTED,,,mtf_bias_mismatch,bearish,,,,,,,,,,,,,,,,,,,
15827,2026-07-21T18:25:00+00:00,SETUP_REJECTED,,,mtf_bias_mismatch,bearish,,,,,,,,,,,,,,,,,,,
15827,2026-07-21T18:25:00+00:00,SETUP_REJECTED,,,mtf_bias_mismatch,bearish,,,,,,,,,,,,,,,,,,,
15857,2026-07-21T20:55:00+00:00,SWEEP,bullish,4077.495,,,,,,,,,,,,,,,,,,,,,
15862,2026-07-21T22:20:00+00:00,SETUP_REJECTED,,,mtf_bias_mismatch,bearish,,,,,,,,,,,,,,,,,,,
15864,2026-07-21T22:30:00+00:00,SETUP_REJECTED,,,mtf_bias_mismatch,bearish,,,,,,,,,,,,,,,,,,,
15882,2026-07-22T00:00:00+00:00,SWEEP,bullish,4078.314,,,,,,,,,,,,,,,,,,,,,
15888,2026-07-22T00:30:00+00:00,SWEEP,bearish,4098.781,,,,,,,,,,,,,,,,,,,,,
15897,2026-07-22T01:15:00+00:00,SWEEP,bearish,4121.507,,,,,,,,,,,,,,,,,,,,,
15902,2026-07-22T01:40:00+00:00,SWEEP,bearish,4121.913,,,,,,,,,,,,,,,,,,,,,
15903,2026-07-22T01:45:00+00:00,SWEEP,bearish,4122.856,,,,,,,,,,,,,,,,,,,,,
15909,2026-07-22T02:15:00+00:00,SWEEP,bearish,4123.696,,,,,,,,,,,,,,,,,,,,,
15910,2026-07-22T02:20:00+00:00,SWEEP,bearish,4125.162,,,,,,,,,,,,,,,,,,,,,
15911,2026-07-22T02:25:00+00:00,SWEEP,bearish,4125.473,,,,,,,,,,,,,,,,,,,,,
15915,2026-07-22T02:45:00+00:00,SWEEP,bearish,4130.469,,,,,,,,,,,,,,,,,,,,,
15917,2026-07-22T02:55:00+00:00,SWEEP,bearish,4130.626,,,,,,,,,,,,,,,,,,,,,
15922,2026-07-22T03:20:00+00:00,SWEEP,bearish,4140.706,,,,,,,,,,,,,,,,,,,,,
15925,2026-07-22T03:35:00+00:00,SETUP_REJECTED,,,mtf_bias_mismatch,bullish,,,,,,,,,,,,,,,,,,,
15925,2026-07-22T03:35:00+00:00,SETUP_REJECTED,,,mtf_bias_mismatch,bullish,,,,,,,,,,,,,,,,,,,
15925,2026-07-22T03:35:00+00:00,SETUP_REJECTED,,,mtf_bias_mismatch,bullish,,,,,,,,,,,,,,,,,,,
15926,2026-07-22T03:40:00+00:00,SETUP_REJECTED,,,mtf_bias_mismatch,bullish,,,,,,,,,,,,,,,,,,,
15926,2026-07-22T03:40:00+00:00,SETUP_REJECTED,,,mtf_bias_mismatch,bullish,,,,,,,,,,,,,,,,,,,
15926,2026-07-22T03:40:00+00:00,SETUP_REJECTED,,,mtf_bias_mismatch,bullish,,,,,,,,,,,,,,,,,,,
15929,2026-07-22T03:55:00+00:00,SETUP_REJECTED,,,mtf_bias_mismatch,bullish,,,,,,,,,,,,,,,,,,,
15929,2026-07-22T03:55:00+00:00,SETUP_REJECTED,,,mtf_bias_mismatch,bullish,,,,,,,,,,,,,,,,,,,
15936,2026-07-22T04:30:00+00:00,SWEEP,bullish,4126.127,,,,,,,,,,,,,,,,,,,,,
15937,2026-07-22T04:35:00+00:00,SWEEP,bullish,4124.913,,,,,,,,,,,,,,,,,,,,,
15948,2026-07-22T05:30:00+00:00,SWEEP,bullish,4123.083,,,,,,,,,,,,,,,,,,,,,
15949,2026-07-22T05:35:00+00:00,SETUP_REJECTED,,,mtf_bias_mismatch,neutral,,,,,,,,,,,,,,,,,,,
15949,2026-07-22T05:35:00+00:00,SETUP_REJECTED,,,mtf_bias_mismatch,neutral,,,,,,,,,,,,,,,,,,,
15965,2026-07-22T06:55:00+00:00,SWEEP,bullish,4113.854,,,,,,,,,,,,,,,,,,,,,
15969,2026-07-22T07:15:00+00:00,SETUP_REJECTED,,,mtf_bias_mismatch,bearish,,,,,,,,,,,,,,,,,,,
15970,2026-07-22T07:20:00+00:00,SETUP_REJECTED,,,mtf_bias_mismatch,bearish,,,,,,,,,,,,,,,,,,,
15974,2026-07-22T07:40:00+00:00,SWEEP,bullish,4111.749,,,,,,,,,,,,,,,,,,,,,
15976,2026-07-22T07:50:00+00:00,SWEEP,bullish,4109.621,,,,,,,,,,,,,,,,,,,,,
15977,2026-07-22T07:55:00+00:00,SWEEP,bullish,4109.593,,,,,,,,,,,,,,,,,,,,,
15989,2026-07-22T08:55:00+00:00,SETUP_REJECTED,,,mtf_bias_mismatch,bearish,,,,,,,,,,,,,,,,,,,
15994,2026-07-22T09:20:00+00:00,SWEEP,bearish,4122.297,,,,,,,,,,,,,,,,,,,,,
16017,2026-07-22T11:15:00+00:00,SWEEP,bearish,4121.668,,,,,,,,,,,,,,,,,,,,,
16022,2026-07-22T11:40:00+00:00,SWEEP,bullish,4114.797,,,,,,,,,,,,,,,,,,,,,
16027,2026-07-22T12:05:00+00:00,SWEEP,bearish,4126.586,,,,,,,,,,,,,,,,,,,,,
16028,2026-07-22T12:10:00+00:00,SWEEP,bearish,4127.014,,,,,,,,,,,,,,,,,,,,,
16029,2026-07-22T12:15:00+00:00,SWEEP,bearish,4127.511,,,,,,,,,,,,,,,,,,,,,
16029,2026-07-22T12:15:00+00:00,OB_FORMED,bullish,,,bullish,38.0,4124.834,4127.819,69.91,4141.681,4.5,"{'D1': 'bearish', 'H1': 'bullish', 'M15': 'bullish', 'M5': 'bullish'}",,,,,,,,,,,,
16032,2026-07-22T12:30:00+00:00,SWEEP,bearish,4133.222,,,,,,,,,,,,,,,,,,,,,
16032,2026-07-22T12:30:00+00:00,OB_TOUCH,,,,,38.0,,,,,,,3.0,,,,,,,,,,,
16032,2026-07-22T12:30:00+00:00,ENTRY_WAIT_REVERSAL,,,,,38.0,,,,,,,,93.97,,,,,,,,,,
16033,2026-07-22T12:35:00+00:00,SETUP_REJECTED,,,mtf_bias_mismatch,bullish,,,,,,,,,,,,,,,,,,,
16033,2026-07-22T12:35:00+00:00,SETUP_REJECTED,,,mtf_bias_mismatch,bullish,,,,,,,,,,,,,,,,,,,
16033,2026-07-22T12:35:00+00:00,SETUP_REJECTED,,,mtf_bias_mismatch,bullish,,,,,,,,,,,,,,,,,,,
16033,2026-07-22T12:35:00+00:00,SETUP_REJECTED,,,mtf_bias_mismatch,bullish,,,,,,,,,,,,,,,,,,,
16033,2026-07-22T12:35:00+00:00,ENTRY_WAIT_70_REENTRY,,,,,38.0,,,,,,,,69.48,,,,,,,,,,
16034,2026-07-22T12:40:00+00:00,ENTRY_WAIT_REVERSAL,,,,,38.0,,,,,,,,80.84,,,,,,,,,,
16035,2026-07-22T12:45:00+00:00,OB_INVALIDATED,,,,,38.0,,,,,,,,,,,,,,,,,,
16034,2026-07-22T12:40:00+00:00,OB_FORMED,bearish,,,bearish,39.0,4125.299,4128.306,86.02,4066.659,5.5,"{'D1': 'bearish', 'H1': 'bullish', 'M15': 'bearish', 'M5': 'bearish'}",,,,,,,,,,,,
16037,2026-07-22T12:55:00+00:00,SWEEP,bullish,4112.545,,,,,,,,,,,,,,,,,,,,,
16040,2026-07-22T13:10:00+00:00,OB_TOUCH,,,,,39.0,,,,,,,6.0,,,,,,,,,,,
16040,2026-07-22T13:10:00+00:00,ENTRY_WAIT_REVERSAL,,,,,39.0,,,,,,,,88.59,,,,,,,,,,
16041,2026-07-22T13:15:00+00:00,OB_INVALIDATED,,,,,39.0,,,,,,,,,,,,,,,,,,
16043,2026-07-22T13:25:00+00:00,SWEEP,bearish,4134.476,,,,,,,,,,,,,,,,,,,,,
16043,2026-07-22T13:25:00+00:00,OB_FORMED,bullish,,,bullish,40.0,4131.093,4135.15,82.88,4141.681,4.5,"{'D1': 'bearish', 'H1': 'bullish', 'M15': 'bullish', 'M5': 'bullish'}",,,,,,,,,,,,
16047,2026-07-22T13:45:00+00:00,SWEEP,bearish,4147.197,,,,,,,,,,,,,,,,,,,,,
16054,2026-07-22T14:20:00+00:00,SETUP_REJECTED,,,mtf_bias_mismatch,bullish,,,,,,,,,,,,,,,,,,,
16054,2026-07-22T14:20:00+00:00,SETUP_REJECTED,,,mtf_bias_mismatch,bullish,,,,,,,,,,,,,,,,,,,
16072,2026-07-22T15:50:00+00:00,SWEEP,bearish,4165.322,,,,,,,,,,,,,,,,,,,,,
16077,2026-07-22T16:15:00+00:00,OB_FORMED,bearish,,,bearish,41.0,4151.017,4155.444,74.66,4076.6,5.0,"{'D1': 'bearish', 'H1': 'bearish', 'M15': 'bullish', 'M5': 'bullish'}",,,,,,,,,,,,
16082,2026-07-22T16:40:00+00:00,OB_TOUCH,,,,,41.0,,,,,,,5.0,,,,,,,,,,,
16082,2026-07-22T16:40:00+00:00,ENTRY_WAIT_REVERSAL,,,,,41.0,,,,,,,,185.34,,,,,,,,,,
16086,2026-07-22T17:00:00+00:00,SWEEP,bullish,4144.469,,,,,,,,,,,,,,,,,,,,,
16087,2026-07-22T17:05:00+00:00,SWEEP,bullish,4144.401,,,,,,,,,,,,,,,,,,,,,
16090,2026-07-22T17:20:00+00:00,SWEEP,bullish,4142.638,,,,,,,,,,,,,,,,,,,,,
16094,2026-07-22T17:40:00+00:00,SWEEP,bullish,4138.887,,,,,,,,,,,,,,,,,,,,,
16096,2026-07-22T17:50:00+00:00,SETUP_REJECTED,,,mtf_bias_mismatch,bearish,,,,,,,,,,,,,,,,,,,
16096,2026-07-22T17:50:00+00:00,SETUP_REJECTED,,,mtf_bias_mismatch,bearish,,,,,,,,,,,,,,,,,,,
16096,2026-07-22T17:50:00+00:00,SETUP_REJECTED,,,mtf_bias_mismatch,bearish,,,,,,,,,,,,,,,,,,,
16096,2026-07-22T17:50:00+00:00,SETUP_REJECTED,,,mtf_bias_mismatch,bearish,,,,,,,,,,,,,,,,,,,
16102,2026-07-22T18:20:00+00:00,SWEEP,bullish,4136.607,,,,,,,,,,,,,,,,,,,,,
16102,2026-07-22T18:20:00+00:00,OB_TOUCH,,,,,40.0,,,,,,,59.0,,,,,,,,,,,
16102,2026-07-22T18:20:00+00:00,ENTRY_WAIT_REVERSAL,,,,,40.0,,,,,,,,142.17,,,,,,,,,,
16103,2026-07-22T18:25:00+00:00,SWEEP,bullish,4135.026,,,,,,,,,,,,,,,,,,,,,
16103,2026-07-22T18:25:00+00:00,ENTRY_WAIT_REVERSAL,,,,,40.0,,,,,,,,105.23,,,,,,,,,,
16104,2026-07-22T18:30:00+00:00,ENTRY_WAIT_70_REENTRY,,,,,40.0,,,,,,,,45.5,,,,,,,,,,
16105,2026-07-22T18:35:00+00:00,SETUP_REJECTED,,,mtf_bias_changed_before_entry,,40.0,,,,,,,,,,,,,,,,,,
16106,2026-07-22T18:40:00+00:00,ENTRY_WAIT_REVERSAL,,,,,40.0,,,,,,,,119.57,,,,,,,,,,
16108,2026-07-22T18:50:00+00:00,SETUP_REJECTED,,,mtf_bias_mismatch,neutral,,,,,,,,,,,,,,,,,,,
16108,2026-07-22T18:50:00+00:00,SETUP_REJECTED,,,mtf_bias_mismatch,neutral,,,,,,,,,,,,,,,,,,,
16110,2026-07-22T19:00:00+00:00,ENTRY_WAIT_REVERSAL,,,,,40.0,,,,,,,,99.33,,,,,,,,,,
16111,2026-07-22T19:05:00+00:00,ENTRY_WAIT_REVERSAL,,,,,40.0,,,,,,,,108.11,,,,,,,,,,
16112,2026-07-22T19:10:00+00:00,ENTRY_WAIT_REVERSAL,,,,,40.0,,,,,,,,76.44,,,,,,,,,,
16113,2026-07-22T19:15:00+00:00,ENTRY_WAIT_REVERSAL,,,,,40.0,,,,,,,,81.54,,,,,,,,,,
16114,2026-07-22T19:20:00+00:00,SWEEP,bullish,4131.808,,,,,,,,,,,,,,,,,,,,,
16114,2026-07-22T19:20:00+00:00,ENTRY_WAIT_REVERSAL,,,,,40.0,,,,,,,,,,,,,,,,,,
16115,2026-07-22T19:25:00+00:00,ENTRY_WAIT_REVERSAL,,,,,40.0,,,,,,,,,,,,,,,,,,
16116,2026-07-22T19:30:00+00:00,ENTRY_WAIT_REVERSAL,,,,,40.0,,,,,,,,107.44,,,,,,,,,,
16117,2026-07-22T19:35:00+00:00,ENTRY_WAIT_REVERSAL,,,,,40.0,,,,,,,,78.95,,,,,,,,,,
16118,2026-07-22T19:40:00+00:00,ENTRY_WAIT_70_REENTRY,,,,,40.0,,,,,,,,69.81,,,,,,,,,,
16119,2026-07-22T19:45:00+00:00,SETUP_REJECTED,,,mtf_bias_changed_before_entry,,40.0,,,,,,,,,,,,,,,,,,
16120,2026-07-22T19:50:00+00:00,OB_INVALIDATED,,,,,40.0,,,,,,,,,,,,,,,,,,
16131,2026-07-22T20:45:00+00:00,SWEEP,bullish,4128.937,,,,,,,,,,,,,,,,,,,,,
16155,2026-07-22T23:45:00+00:00,SWEEP,bearish,4129.89,,,,,,,,,,,,,,,,,,,,,
16156,2026-07-22T23:50:00+00:00,SWEEP,bearish,4131.645,,,,,,,,,,,,,,,,,,,,,
16158,2026-07-23T00:00:00+00:00,SWEEP,bearish,4134.193,,,,,,,,,,,,,,,,,,,,,
16163,2026-07-23T00:25:00+00:00,SWEEP,bearish,4134.48,,,,,,,,,,,,,,,,,,,,,
16170,2026-07-23T01:00:00+00:00,SWEEP,bearish,4134.739,,,,,,,,,,,,,,,,,,,,,
16174,2026-07-23T01:20:00+00:00,SWEEP,bearish,4139.063,,,,,,,,,,,,,,,,,,,,,
16175,2026-07-23T01:25:00+00:00,SWEEP,bearish,4140.122,,,,,,,,,,,,,,,,,,,,,
16177,2026-07-23T01:35:00+00:00,SETUP_REJECTED,,,mtf_bias_mismatch,bullish,,,,,,,,,,,,,,,,,,,
16177,2026-07-23T01:35:00+00:00,SETUP_REJECTED,,,mtf_bias_mismatch,bullish,,,,,,,,,,,,,,,,,,,
16177,2026-07-23T01:35:00+00:00,SETUP_REJECTED,,,mtf_bias_mismatch,bullish,,,,,,,,,,,,,,,,,,,
16178,2026-07-23T01:40:00+00:00,SETUP_REJECTED,,,mtf_bias_mismatch,neutral,,,,,,,,,,,,,,,,,,,
16178,2026-07-23T01:40:00+00:00,SETUP_REJECTED,,,mtf_bias_mismatch,neutral,,,,,,,,,,,,,,,,,,,
16178,2026-07-23T01:40:00+00:00,SETUP_REJECTED,,,mtf_bias_mismatch,neutral,,,,,,,,,,,,,,,,,,,
16178,2026-07-23T01:40:00+00:00,OB_EXPIRED,,,,,41.0,,,,,,,,,101.0,,,,,,,,,
16179,2026-07-23T01:45:00+00:00,SWEEP,bullish,4121.384,,,,,,,,,,,,,,,,,,,,,
16180,2026-07-23T01:50:00+00:00,SWEEP,bullish,4117.943,,,,,,,,,,,,,,,,,,,,,
16181,2026-07-23T01:55:00+00:00,SWEEP,bullish,4117.901,,,,,,,,,,,,,,,,,,,,,
16183,2026-07-23T02:05:00+00:00,SWEEP,bullish,4112.768,,,,,,,,,,,,,,,,,,,,,
16191,2026-07-23T02:45:00+00:00,SETUP_REJECTED,,,mtf_bias_mismatch,neutral,,,,,,,,,,,,,,,,,,,
16191,2026-07-23T02:45:00+00:00,SETUP_REJECTED,,,mtf_bias_mismatch,neutral,,,,,,,,,,,,,,,,,,,
16191,2026-07-23T02:45:00+00:00,SETUP_REJECTED,,,mtf_bias_mismatch,neutral,,,,,,,,,,,,,,,,,,,
16191,2026-07-23T02:45:00+00:00,SETUP_REJECTED,,,mtf_bias_mismatch,neutral,,,,,,,,,,,,,,,,,,,
16218,2026-07-23T05:00:00+00:00,SWEEP,bullish,4119.974,,,,,,,,,,,,,,,,,,,,,
16220,2026-07-23T05:10:00+00:00,SETUP_REJECTED,,,mtf_bias_mismatch,bearish,,,,,,,,,,,,,,,,,,,
16224,2026-07-23T05:30:00+00:00,SETUP_REJECTED,,,mtf_bias_mismatch,bearish,,,,,,,,,,,,,,,,,,,
16225,2026-07-23T05:35:00+00:00,SETUP_REJECTED,,,mtf_bias_mismatch,bearish,,,,,,,,,,,,,,,,,,,
16227,2026-07-23T05:45:00+00:00,SWEEP,bearish,4130.45,,,,,,,,,,,,,,,,,,,,,
16238,2026-07-23T06:40:00+00:00,SWEEP,bullish,4119.428,,,,,,,,,,,,,,,,,,,,,
16251,2026-07-23T07:45:00+00:00,SWEEP,bullish,4091.182,,,,,,,,,,,,,,,,,,,,,
16252,2026-07-23T07:50:00+00:00,SWEEP,bullish,4091.073,,,,,,,,,,,,,,,,,,,,,
16258,2026-07-23T08:20:00+00:00,SWEEP,bullish,4089.281,,,,,,,,,,,,,,,,,,,,,
16263,2026-07-23T08:45:00+00:00,SWEEP,bullish,4088.369,,,,,,,,,,,,,,,,,,,,,
16265,2026-07-23T08:55:00+00:00,SETUP_REJECTED,,,mtf_bias_mismatch,bearish,,,,,,,,,,,,,,,,,,,
16265,2026-07-23T08:55:00+00:00,SETUP_REJECTED,,,mtf_bias_mismatch,bearish,,,,,,,,,,,,,,,,,,,
16267,2026-07-23T09:05:00+00:00,SETUP_REJECTED,,,mtf_bias_mismatch,bearish,,,,,,,,,,,,,,,,,,,
16267,2026-07-23T09:05:00+00:00,SETUP_REJECTED,,,mtf_bias_mismatch,bearish,,,,,,,,,,,,,,,,,,,
16282,2026-07-23T10:20:00+00:00,SWEEP,bullish,4086.968,,,,,,,,,,,,,,,,,,,,,
16288,2026-07-23T10:50:00+00:00,SETUP_REJECTED,,,mtf_bias_mismatch,bearish,,,,,,,,,,,,,,,,,,,
16296,2026-07-23T11:30:00+00:00,SWEEP,bullish,4080.782,,,,,,,,,,,,,,,,,,,,,
16300,2026-07-23T11:50:00+00:00,SETUP_REJECTED,,,mtf_bias_mismatch,bearish,,,,,,,,,,,,,,,,,,,
16301,2026-07-23T11:55:00+00:00,SETUP_REJECTED,,,mtf_bias_mismatch,bearish,,,,,,,,,,,,,,,,,,,
16305,2026-07-23T12:15:00+00:00,SWEEP,bullish,4072.706,,,,,,,,,,,,,,,,,,,,,
16308,2026-07-23T12:30:00+00:00,SWEEP,bullish,4070.183,,,,,,,,,,,,,,,,,,,,,
16309,2026-07-23T12:35:00+00:00,SWEEP,bullish,4067.71,,,,,,,,,,,,,,,,,,,,,
16311,2026-07-23T12:45:00+00:00,SWEEP,bullish,4063.899,,,,,,,,,,,,,,,,,,,,,
16312,2026-07-23T12:50:00+00:00,SWEEP,bullish,4062.921,,,,,,,,,,,,,,,,,,,,,
16313,2026-07-23T12:55:00+00:00,SWEEP,bullish,4061.805,,,,,,,,,,,,,,,,,,,,,
16318,2026-07-23T13:20:00+00:00,SETUP_REJECTED,,,mtf_bias_mismatch,bearish,,,,,,,,,,,,,,,,,,,
16318,2026-07-23T13:20:00+00:00,SETUP_REJECTED,,,mtf_bias_mismatch,bearish,,,,,,,,,,,,,,,,,,,
16318,2026-07-23T13:20:00+00:00,SETUP_REJECTED,,,mtf_bias_mismatch,bearish,,,,,,,,,,,,,,,,,,,
16318,2026-07-23T13:20:00+00:00,SETUP_REJECTED,,,mtf_bias_mismatch,bearish,,,,,,,,,,,,,,,,,,,
16318,2026-07-23T13:20:00+00:00,SETUP_REJECTED,,,mtf_bias_mismatch,bearish,,,,,,,,,,,,,,,,,,,
16319,2026-07-23T13:25:00+00:00,SETUP_REJECTED,,,mtf_bias_mismatch,bearish,,,,,,,,,,,,,,,,,,,
16319,2026-07-23T13:25:00+00:00,SETUP_REJECTED,,,mtf_bias_mismatch,bearish,,,,,,,,,,,,,,,,,,,
16319,2026-07-23T13:25:00+00:00,SETUP_REJECTED,,,mtf_bias_mismatch,bearish,,,,,,,,,,,,,,,,,,,
16319,2026-07-23T13:25:00+00:00,SETUP_REJECTED,,,mtf_bias_mismatch,bearish,,,,,,,,,,,,,,,,,,,
16319,2026-07-23T13:25:00+00:00,SETUP_REJECTED,,,mtf_bias_mismatch,bearish,,,,,,,,,,,,,,,,,,,
16320,2026-07-23T13:30:00+00:00,SETUP_REJECTED,,,mtf_bias_mismatch,bearish,,,,,,,,,,,,,,,,,,,
16320,2026-07-23T13:30:00+00:00,SETUP_REJECTED,,,mtf_bias_mismatch,bearish,,,,,,,,,,,,,,,,,,,
16320,2026-07-23T13:30:00+00:00,SETUP_REJECTED,,,mtf_bias_mismatch,bearish,,,,,,,,,,,,,,,,,,,
16320,2026-07-23T13:30:00+00:00,SETUP_REJECTED,,,mtf_bias_mismatch,bearish,,,,,,,,,,,,,,,,,,,
16320,2026-07-23T13:30:00+00:00,SETUP_REJECTED,,,mtf_bias_mismatch,bearish,,,,,,,,,,,,,,,,,,,
16327,2026-07-23T14:05:00+00:00,SWEEP,bullish,4040.288,,,,,,,,,,,,,,,,,,,,,
16331,2026-07-23T14:25:00+00:00,SETUP_REJECTED,,,mtf_bias_mismatch,bearish,,,,,,,,,,,,,,,,,,,
16362,2026-07-23T17:00:00+00:00,SWEEP,bearish,4053.678,,,,,,,,,,,,,,,,,,,,,
16368,2026-07-23T17:30:00+00:00,OB_FORMED,bearish,,,bearish,42.0,4046.778,4049.266,81.66,4040.026,7.5,"{'D1': 'bearish', 'H1': 'bearish', 'M15': 'bearish', 'M5': 'bearish'}",,,,,,,,,,,,
16373,2026-07-23T17:55:00+00:00,SWEEP,bullish,4041.704,,,,,,,,,,,,,,,,,,,,,
16374,2026-07-23T18:00:00+00:00,SWEEP,bullish,4041.639,,,,,,,,,,,,,,,,,,,,,
16380,2026-07-23T18:30:00+00:00,SETUP_REJECTED,,,mtf_bias_mismatch,bearish,,,,,,,,,,,,,,,,,,,
16380,2026-07-23T18:30:00+00:00,SETUP_REJECTED,,,mtf_bias_mismatch,bearish,,,,,,,,,,,,,,,,,,,
16380,2026-07-23T18:30:00+00:00,OB_TOUCH,,,,,42.0,,,,,,,12.0,,,,,,,,,,,
16380,2026-07-23T18:30:00+00:00,ENTRY_WAIT_REVERSAL,,,,,42.0,,,,,,,,146.62,,,,,,,,,,
16381,2026-07-23T18:35:00+00:00,ENTRY_WAIT_REVERSAL,,,,,42.0,,,,,,,,151.57,,,,,,,,,,
16382,2026-07-23T18:40:00+00:00,ENTRY_WAIT_REVERSAL,,,,,42.0,,,,,,,,116.32,,,,,,,,,,
16383,2026-07-23T18:45:00+00:00,ENTRY_WAIT_REVERSAL,,,,,42.0,,,,,,,,83.28,,,,,,,,,,
16384,2026-07-23T18:50:00+00:00,ENTRY_WAIT_REVERSAL,,,,,42.0,,,,,,,,119.45,,,,,,,,,,
16385,2026-07-23T18:55:00+00:00,ENTRY_WAIT_REVERSAL,,,,,42.0,,,,,,,,133.64,,,,,,,,,,
16386,2026-07-23T19:00:00+00:00,ENTRY_WAIT_REVERSAL,,,,,42.0,,,,,,,,161.5,,,,,,,,,,
16390,2026-07-23T19:20:00+00:00,ENTRY_WAIT_70_REENTRY,,,,,42.0,,,,,,,,54.94,,,,,,,,,,
16391,2026-07-23T19:25:00+00:00,SWEEP,bearish,4048.607,,,,,,,,,,,,,,,,,,,,,
16391,2026-07-23T19:25:00+00:00,ENTRY_WAIT_70_REENTRY,,,,,42.0,,,,,,,,47.99,,,,,,,,,,
16392,2026-07-23T19:30:00+00:00,SWEEP,bearish,4049.285,,,,,,,,,,,,,,,,,,,,,
16392,2026-07-23T19:30:00+00:00,ENTRY_WAIT_REVERSAL,,,,,42.0,,,,,,,,77.77,,,,,,,,,,
16393,2026-07-23T19:35:00+00:00,ENTRY_WAIT_70_REENTRY,,,,,42.0,,,,,,,,61.66,,,,,,,,,,
16394,2026-07-23T19:40:00+00:00,ENTRY,bearish,,,bearish,42.0,,,,4040.026,6.5,,,,,11.0,4045.707,4051.105,4034.9109999999996,crossed_ob_reentry_70pct,retracement_swing,False,,
16398,2026-07-23T20:00:00+00:00,SWEEP,bearish,4051.105,,,,,,,,,,,,,,,,,,,,,
16398,2026-07-23T20:00:00+00:00,TRADE_EXIT,,,SL,,,,,,,,,,,,11.0,,,,,,,LOSS,-1.0
16424,2026-07-23T23:10:00+00:00,SWEEP,bullish,4047.378,,,,,,,,,,,,,,,,,,,,,
16425,2026-07-23T23:15:00+00:00,SWEEP,bullish,4047.326,,,,,,,,,,,,,,,,,,,,,
16426,2026-07-23T23:20:00+00:00,SWEEP,bullish,4047.292,,,,,,,,,,,,,,,,,,,,,
16428,2026-07-23T23:30:00+00:00,SWEEP,bearish,4050.733,,,,,,,,,,,,,,,,,,,,,
16430,2026-07-23T23:40:00+00:00,SWEEP,bullish,4046.983,,,,,,,,,,,,,,,,,,,,,
16433,2026-07-23T23:55:00+00:00,SWEEP,bullish,4046.874,,,,,,,,,,,,,,,,,,,,,
16437,2026-07-24T00:15:00+00:00,SWEEP,bullish,4041.342,,,,,,,,,,,,,,,,,,,,,
16442,2026-07-24T00:40:00+00:00,SETUP_REJECTED,,,mtf_bias_mismatch,bearish,,,,,,,,,,,,,,,,,,,
16442,2026-07-24T00:40:00+00:00,SETUP_REJECTED,,,mtf_bias_mismatch,bearish,,,,,,,,,,,,,,,,,,,
16442,2026-07-24T00:40:00+00:00,SETUP_REJECTED,,,mtf_bias_mismatch,bearish,,,,,,,,,,,,,,,,,,,
16445,2026-07-24T00:55:00+00:00,SWEEP,bearish,4050.803,,,,,,,,,,,,,,,,,,,,,
16446,2026-07-24T01:00:00+00:00,SWEEP,bullish,4041.051,,,,,,,,,,,,,,,,,,,,,
16455,2026-07-24T01:45:00+00:00,SETUP_REJECTED,,,mtf_bias_mismatch,bearish,,,,,,,,,,,,,,,,,,,
16470,2026-07-24T03:00:00+00:00,SWEEP,bullish,4023.109,,,,,,,,,,,,,,,,,,,,,
16473,2026-07-24T03:15:00+00:00,SETUP_REJECTED,,,mtf_bias_mismatch,bearish,,,,,,,,,,,,,,,,,,,
16491,2026-07-24T04:45:00+00:00,SWEEP,bullish,4025.863,,,,,,,,,,,,,,,,,,,,,
16494,2026-07-24T05:00:00+00:00,SWEEP,bullish,4025.662,,,,,,,,,,,,,,,,,,,,,
16505,2026-07-24T05:55:00+00:00,SWEEP,bullish,4022.219,,,,,,,,,,,,,,,,,,,,,
16507,2026-07-24T06:05:00+00:00,SETUP_REJECTED,,,mtf_bias_mismatch,bearish,,,,,,,,,,,,,,,,,,,
16508,2026-07-24T06:10:00+00:00,SETUP_REJECTED,,,mtf_bias_mismatch,bearish,,,,,,,,,,,,,,,,,,,
16509,2026-07-24T06:15:00+00:00,SETUP_REJECTED,,,mtf_bias_mismatch,bearish,,,,,,,,,,,,,,,,,,,
16510,2026-07-24T06:20:00+00:00,SETUP_REJECTED,,,mtf_bias_mismatch,bearish,,,,,,,,,,,,,,,,,,,
16511,2026-07-24T06:25:00+00:00,SWEEP,bearish,4037.052,,,,,,,,,,,,,,,,,,,,,
16511,2026-07-24T06:25:00+00:00,SETUP_REJECTED,,,mtf_bias_mismatch,bearish,,,,,,,,,,,,,,,,,,,
16518,2026-07-24T07:00:00+00:00,SWEEP,bearish,4039.111,,,,,,,,,,,,,,,,,,,,,
16520,2026-07-24T07:10:00+00:00,SWEEP,bearish,4045.87,,,,,,,,,,,,,,,,,,,,,
16521,2026-07-24T07:15:00+00:00,SWEEP,bearish,4047.387,,,,,,,,,,,,,,,,,,,,,
16523,2026-07-24T07:25:00+00:00,SWEEP,bearish,4049.048,,,,,,,,,,,,,,,,,,,,,
16525,2026-07-24T07:35:00+00:00,SWEEP,bearish,4053.604,,,,,,,,,,,,,,,,,,,,,
16542,2026-07-24T09:00:00+00:00,SWEEP,bearish,4058.909,,,,,,,,,,,,,,,,,,,,,
16554,2026-07-24T10:00:00+00:00,SWEEP,bearish,4060.919,,,,,,,,,,,,,,,,,,,,,
16557,2026-07-24T10:15:00+00:00,SWEEP,bearish,4061.548,,,,,,,,,,,,,,,,,,,,,
16559,2026-07-24T10:25:00+00:00,SWEEP,bearish,4062.047,,,,,,,,,,,,,,,,,,,,,
16560,2026-07-24T10:30:00+00:00,SWEEP,bearish,4063.816,,,,,,,,,,,,,,,,,,,,,
16573,2026-07-24T11:35:00+00:00,SWEEP,bullish,4057.058,,,,,,,,,,,,,,,,,,,,,
16575,2026-07-24T11:45:00+00:00,SWEEP,bullish,4055.106,,,,,,,,,,,,,,,,,,,,,
16577,2026-07-24T11:55:00+00:00,SWEEP,bullish,4052.536,,,,,,,,,,,,,,,,,,,,,
16590,2026-07-24T13:00:00+00:00,SWEEP,bullish,4051.419,,,,,,,,,,,,,,,,,,,,,
16592,2026-07-24T13:10:00+00:00,SWEEP,bullish,4045.713,,,,,,,,,,,,,,,,,,,,,
16596,2026-07-24T13:30:00+00:00,SWEEP,bullish,4044.563,,,,,,,,,,,,,,,,,,,,,
16597,2026-07-24T13:35:00+00:00,SETUP_REJECTED,,,mtf_bias_mismatch,bearish,,,,,,,,,,,,,,,,,,,
16597,2026-07-24T13:35:00+00:00,SETUP_REJECTED,,,mtf_bias_mismatch,bearish,,,,,,,,,,,,,,,,,,,
16597,2026-07-24T13:35:00+00:00,SETUP_REJECTED,,,mtf_bias_mismatch,bearish,,,,,,,,,,,,,,,,,,,
16598,2026-07-24T13:40:00+00:00,SETUP_REJECTED,,,mtf_bias_mismatch,bearish,,,,,,,,,,,,,,,,,,,
16598,2026-07-24T13:40:00+00:00,SETUP_REJECTED,,,mtf_bias_mismatch,bearish,,,,,,,,,,,,,,,,,,,
16598,2026-07-24T13:40:00+00:00,SETUP_REJECTED,,,mtf_bias_mismatch,bearish,,,,,,,,,,,,,,,,,,,
16599,2026-07-24T13:45:00+00:00,SWEEP,bearish,4060.233,,,,,,,,,,,,,,,,,,,,,
16602,2026-07-24T14:00:00+00:00,SWEEP,bearish,4068.581,,,,,,,,,,,,,,,,,,,,,
16602,2026-07-24T14:00:00+00:00,SETUP_REJECTED,,,mtf_bias_mismatch,bearish,,,,,,,,,,,,,,,,,,,
16602,2026-07-24T14:00:00+00:00,SETUP_REJECTED,,,mtf_bias_mismatch,bearish,,,,,,,,,,,,,,,,,,,
16602,2026-07-24T14:00:00+00:00,SETUP_REJECTED,,,mtf_bias_mismatch,bearish,,,,,,,,,,,,,,,,,,,
16607,2026-07-24T14:25:00+00:00,SETUP_REJECTED,,,mtf_bias_mismatch,bearish,,,,,,,,,,,,,,,,,,,
16618,2026-07-24T15:20:00+00:00,SWEEP,bearish,4081.474,,,,,,,,,,,,,,,,,,,,,
16639,2026-07-24T17:05:00+00:00,SWEEP,bullish,4064.03,,,,,,,,,,,,,,,,,,,,,
16640,2026-07-24T17:10:00+00:00,SWEEP,bullish,4063.886,,,,,,,,,,,,,,,,,,,,,
16643,2026-07-24T17:25:00+00:00,SETUP_REJECTED,,,mtf_bias_mismatch,neutral,,,,,,,,,,,,,,,,,,,
16643,2026-07-24T17:25:00+00:00,SETUP_REJECTED,,,mtf_bias_mismatch,neutral,,,,,,,,,,,,,,,,,,,
16650,2026-07-24T18:00:00+00:00,SWEEP,bullish,4062.948,,,,,,,,,,,,,,,,,,,,,
16667,2026-07-24T19:25:00+00:00,SWEEP,bullish,4049.414,,,,,,,,,,,,,,,,,,,,,
16669,2026-07-24T19:35:00+00:00,SETUP_REJECTED,,,mtf_bias_mismatch,bearish,,,,,,,,,,,,,,,,,,,
16670,2026-07-24T19:40:00+00:00,SETUP_REJECTED,,,mtf_bias_mismatch,bearish,,,,,,,,,,,,,,,,,,,
16708,2026-07-26T23:50:00+00:00,SWEEP,bearish,4094.716,,,,,,,,,,,,,,,,,,,,,
16715,2026-07-27T00:25:00+00:00,SETUP_REJECTED,,,mtf_bias_mismatch,neutral,,,,,,,,,,,,,,,,,,,
16716,2026-07-27T00:30:00+00:00,SETUP_REJECTED,,,mtf_bias_mismatch,bullish,,,,,,,,,,,,,,,,,,,
16744,2026-07-27T02:50:00+00:00,SWEEP,bullish,4095.115,,,,,,,,,,,,,,,,,,,,,
16748,2026-07-27T03:10:00+00:00,SWEEP,bullish,4090.839,,,,,,,,,,,,,,,,,,,,,
16775,2026-07-27T05:25:00+00:00,SWEEP,bullish,4086.946,,,,,,,,,,,,,,,,,,,,,
16777,2026-07-27T05:35:00+00:00,SWEEP,bullish,4086.036,,,,,,,,,,,,,,,,,,,,,
16779,2026-07-27T05:45:00+00:00,SWEEP,bullish,4085.649,,,,,,,,,,,,,,,,,,,,,
16784,2026-07-27T06:10:00+00:00,SWEEP,bearish,4094.917,,,,,,,,,,,,,,,,,,,,,
16787,2026-07-27T06:25:00+00:00,SWEEP,bearish,4096.358,,,,,,,,,,,,,,,,,,,,,
16788,2026-07-27T06:30:00+00:00,SWEEP,bearish,4096.428,,,,,,,,,,,,,,,,,,,,,
16790,2026-07-27T06:40:00+00:00,SWEEP,bearish,4098.542,,,,,,,,,,,,,,,,,,,,,
16794,2026-07-27T07:00:00+00:00,SWEEP,bearish,4099.435,,,,,,,,,,,,,,,,,,,,,
16799,2026-07-27T07:25:00+00:00,SWEEP,bearish,4105.64,,,,,,,,,,,,,,,,,,,,,
16803,2026-07-27T07:45:00+00:00,OB_FORMED,bearish,,,bearish,43.0,4096.611,4099.087,76.1,4044.518,4.5,"{'D1': 'bearish', 'H1': 'bullish', 'M15': 'bearish', 'M5': 'bullish'}",,,,,,,,,,,,
16807,2026-07-27T08:05:00+00:00,SWEEP,bullish,4087.946,,,,,,,,,,,,,,,,,,,,,
16817,2026-07-27T08:55:00+00:00,SETUP_REJECTED,,,mtf_bias_mismatch,neutral,,,,,,,,,,,,,,,,,,,
16817,2026-07-27T08:55:00+00:00,OB_TOUCH,,,,,43.0,,,,,,,14.0,,,,,,,,,,,
16817,2026-07-27T08:55:00+00:00,ENTRY_WAIT_REVERSAL,,,,,43.0,,,,,,,,152.63,,,,,,,,,,
16819,2026-07-27T09:05:00+00:00,ENTRY_WAIT_REVERSAL,,,,,43.0,,,,,,,,187.16,,,,,,,,,,
16827,2026-07-27T09:45:00+00:00,ENTRY_WAIT_REVERSAL,,,,,43.0,,,,,,,,78.55,,,,,,,,,,
16828,2026-07-27T09:50:00+00:00,SWEEP,bearish,4098.534,,,,,,,,,,,,,,,,,,,,,
16828,2026-07-27T09:50:00+00:00,ENTRY_WAIT_70_REENTRY,,,,,43.0,,,,,,,,56.66,,,,,,,,,,
16829,2026-07-27T09:55:00+00:00,SWEEP,bearish,4099.374,,,,,,,,,,,,,,,,,,,,,
16829,2026-07-27T09:55:00+00:00,ENTRY_WAIT_REVERSAL,,,,,43.0,,,,,,,,123.99,,,,,,,,,,
16832,2026-07-27T10:10:00+00:00,SWEEP,bullish,4087.214,,,,,,,,,,,,,,,,,,,,,
16835,2026-07-27T10:25:00+00:00,SETUP_REJECTED,,,mtf_bias_mismatch,bearish,,,,,,,,,,,,,,,,,,,
16837,2026-07-27T10:35:00+00:00,ENTRY_WAIT_70_REENTRY,,,,,43.0,,,,,,,,37.64,,,,,,,,,,
16838,2026-07-27T10:40:00+00:00,SWEEP,bearish,4100.373,,,,,,,,,,,,,,,,,,,,,
16838,2026-07-27T10:40:00+00:00,OB_INVALIDATED,,,,,43.0,,,,,,,,,,,,,,,,,,
16839,2026-07-27T10:45:00+00:00,SWEEP,bearish,4102.002,,,,,,,,,,,,,,,,,,,,,
16844,2026-07-27T11:10:00+00:00,SWEEP,bearish,4103.312,,,,,,,,,,,,,,,,,,,,,
16842,2026-07-27T11:00:00+00:00,OB_FORMED,bullish,,,bullish,44.0,4097.085,4101.063,63.48,4116.193,4.5,"{'D1': 'bearish', 'H1': 'bullish', 'M15': 'bullish', 'M5': 'bullish'}",,,,,,,,,,,,
16845,2026-07-27T11:15:00+00:00,OB_TOUCH,,,,,44.0,,,,,,,3.0,,,,,,,,,,,
16845,2026-07-27T11:15:00+00:00,ENTRY_WAIT_REVERSAL,,,,,44.0,,,,,,,,87.43,,,,,,,,,,
16846,2026-07-27T11:20:00+00:00,SETUP_REJECTED,,,mtf_bias_mismatch,bullish,,,,,,,,,,,,,,,,,,,
16846,2026-07-27T11:20:00+00:00,SETUP_REJECTED,,,mtf_bias_mismatch,bullish,,,,,,,,,,,,,,,,,,,
16846,2026-07-27T11:20:00+00:00,SETUP_REJECTED,,,mtf_bias_mismatch,bullish,,,,,,,,,,,,,,,,,,,
16846,2026-07-27T11:20:00+00:00,ENTRY_WAIT_REVERSAL,,,,,44.0,,,,,,,,71.52,,,,,,,,,,
16847,2026-07-27T11:25:00+00:00,ENTRY_WAIT_70_REENTRY,,,,,44.0,,,,,,,,0.13,,,,,,,,,,
16848,2026-07-27T11:30:00+00:00,ENTRY_WAIT_70_REENTRY,,,,,44.0,,,,,,,,18.15,,,,,,,,,,
16849,2026-07-27T11:35:00+00:00,OB_INVALIDATED,,,,,44.0,,,,,,,,,,,,,,,,,,
16858,2026-07-27T12:20:00+00:00,SWEEP,bullish,4082.196,,,,,,,,,,,,,,,,,,,,,
16865,2026-07-27T12:55:00+00:00,SWEEP,bullish,4081.629,,,,,,,,,,,,,,,,,,,,,
16868,2026-07-27T13:10:00+00:00,SWEEP,bullish,4081.435,,,,,,,,,,,,,,,,,,,,,
16872,2026-07-27T13:30:00+00:00,SWEEP,bullish,4075.899,,,,,,,,,,,,,,,,,,,,,
16874,2026-07-27T13:40:00+00:00,SETUP_REJECTED,,,mtf_bias_mismatch,bearish,,,,,,,,,,,,,,,,,,,
16874,2026-07-27T13:40:00+00:00,SETUP_REJECTED,,,mtf_bias_mismatch,bearish,,,,,,,,,,,,,,,,,,,
16874,2026-07-27T13:40:00+00:00,SETUP_REJECTED,,,mtf_bias_mismatch,bearish,,,,,,,,,,,,,,,,,,,
16884,2026-07-27T14:30:00+00:00,SWEEP,bullish,4067.013,,,,,,,,,,,,,,,,,,,,,
16885,2026-07-27T14:35:00+00:00,SWEEP,bullish,4066.247,,,,,,,,,,,,,,,,,,,,,
16886,2026-07-27T14:40:00+00:00,SWEEP,bullish,4066.021,,,,,,,,,,,,,,,,,,,,,
16888,2026-07-27T14:50:00+00:00,SETUP_REJECTED,,,mtf_bias_mismatch,bearish,,,,,,,,,,,,,,,,,,,
16888,2026-07-27T14:50:00+00:00,SETUP_REJECTED,,,mtf_bias_mismatch,bearish,,,,,,,,,,,,,,,,,,,
16888,2026-07-27T14:50:00+00:00,SETUP_REJECTED,,,mtf_bias_mismatch,bearish,,,,,,,,,,,,,,,,,,,
16893,2026-07-27T15:15:00+00:00,SETUP_REJECTED,,,mtf_bias_mismatch,bearish,,,,,,,,,,,,,,,,,,,
16893,2026-07-27T15:15:00+00:00,SETUP_REJECTED,,,mtf_bias_mismatch,bearish,,,,,,,,,,,,,,,,,,,
16893,2026-07-27T15:15:00+00:00,SETUP_REJECTED,,,mtf_bias_mismatch,bearish,,,,,,,,,,,,,,,,,,,
16900,2026-07-27T15:50:00+00:00,SWEEP,bearish,4079.307,,,,,,,,,,,,,,,,,,,,,
16909,2026-07-27T16:35:00+00:00,SWEEP,bearish,4093.247,,,,,,,,,,,,,,,,,,,,,
16913,2026-07-27T16:55:00+00:00,OB_FORMED,bearish,,,bearish,45.0,4080.785,4082.563,88.9,4049.084,6.5,"{'D1': 'bearish', 'H1': 'bearish', 'M15': 'bearish', 'M5': 'bullish'}",,,,,,,,,,,,
16916,2026-07-27T17:10:00+00:00,SWEEP,bullish,4072.485,,,,,,,,,,,,,,,,,,,,,
16925,2026-07-27T17:55:00+00:00,SETUP_REJECTED,,,mtf_bias_mismatch,bearish,,,,,,,,,,,,,,,,,,,
16927,2026-07-27T18:05:00+00:00,SETUP_REJECTED,,,mtf_bias_mismatch,bearish,,,,,,,,,,,,,,,,,,,
16940,2026-07-27T19:10:00+00:00,OB_TOUCH,,,,,45.0,,,,,,,27.0,,,,,,,,,,,
16940,2026-07-27T19:10:00+00:00,ENTRY_WAIT_REVERSAL,,,,,45.0,,,,,,,,136.61,,,,,,,,,,
16941,2026-07-27T19:15:00+00:00,OB_INVALIDATED,,,,,45.0,,,,,,,,,,,,,,,,,,
16948,2026-07-27T19:50:00+00:00,SWEEP,bearish,4089.143,,,,,,,,,,,,,,,,,,,,,
16951,2026-07-27T20:05:00+00:00,OB_FORMED,bearish,,,bearish,46.0,4081.482,4082.58,70.32,4065.168,5.0,"{'D1': 'bearish', 'H1': 'bearish', 'M15': 'bullish', 'M5': 'bullish'}",,,,,,,,,,,,
16957,2026-07-27T20:35:00+00:00,SWEEP,bullish,4076.177,,,,,,,,,,,,,,,,,,,,,
16960,2026-07-27T20:50:00+00:00,SWEEP,bullish,4075.755,,,,,,,,,,,,,,,,,,,,,
16962,2026-07-27T22:00:00+00:00,SETUP_REJECTED,,,mtf_bias_mismatch,bearish,,,,,,,,,,,,,,,,,,,
16962,2026-07-27T22:00:00+00:00,SETUP_REJECTED,,,mtf_bias_mismatch,bearish,,,,,,,,,,,,,,,,,,,
16962,2026-07-27T22:00:00+00:00,OB_TOUCH,,,,,46.0,,,,,,,11.0,,,,,,,,,,,
16962,2026-07-27T22:00:00+00:00,ENTRY_WAIT_REVERSAL,,,,,46.0,,,,,,,,177.41,,,,,,,,,,
16963,2026-07-27T22:05:00+00:00,SETUP_REJECTED,,,mtf_bias_mismatch,bearish,,,,,,,,,,,,,,,,,,,
16963,2026-07-27T22:05:00+00:00,SETUP_REJECTED,,,mtf_bias_mismatch,bearish,,,,,,,,,,,,,,,,,,,
16967,2026-07-27T22:25:00+00:00,SWEEP,bullish,4071.916,,,,,,,,,,,,,,,,,,,,,
16969,2026-07-27T22:35:00+00:00,SETUP_REJECTED,,,mtf_bias_mismatch,bearish,,,,,,,,,,,,,,,,,,,
16969,2026-07-27T22:35:00+00:00,SETUP_REJECTED,,,mtf_bias_mismatch,bearish,,,,,,,,,,,,,,,,,,,
16969,2026-07-27T22:35:00+00:00,SETUP_REJECTED,,,mtf_bias_mismatch,bearish,,,,,,,,,,,,,,,,,,,
16984,2026-07-27T23:50:00+00:00,SWEEP,bullish,4069.884,,,,,,,,,,,,,,,,,,,,,
16987,2026-07-28T00:05:00+00:00,SWEEP,bullish,4065.092,,,,,,,,,,,,,,,,,,,,,
16991,2026-07-28T00:25:00+00:00,SWEEP,bullish,4060.146,,,,,,,,,,,,,,,,,,,,,
16995,2026-07-28T00:45:00+00:00,SWEEP,bullish,4058.925,,,,,,,,,,,,,,,,,,,,,
16996,2026-07-28T00:50:00+00:00,SWEEP,bullish,4058.786,,,,,,,,,,,,,,,,,,,,,
16997,2026-07-28T00:55:00+00:00,SWEEP,bullish,4057.725,,,,,,,,,,,,,,,,,,,,,
16998,2026-07-28T01:00:00+00:00,SWEEP,bullish,4057.443,,,,,,,,,,,,,,,,,,,,,
17008,2026-07-28T01:50:00+00:00,SWEEP,bullish,4043.289,,,,,,,,,,,,,,,,,,,,,
17010,2026-07-28T02:00:00+00:00,SWEEP,bullish,4042.515,,,,,,,,,,,,,,,,,,,,,
17011,2026-07-28T02:05:00+00:00,SWEEP,bullish,4042.511,,,,,,,,,,,,,,,,,,,,,
17018,2026-07-28T02:40:00+00:00,SWEEP,bullish,4042.351,,,,,,,,,,,,,,,,,,,,,
17021,2026-07-28T02:55:00+00:00,SWEEP,bullish,4041.384,,,,,,,,,,,,,,,,,,,,,
17022,2026-07-28T03:00:00+00:00,SWEEP,bullish,4040.608,,,,,,,,,,,,,,,,,,,,,
17024,2026-07-28T03:10:00+00:00,SETUP_REJECTED,,,mtf_bias_mismatch,bearish,,,,,,,,,,,,,,,,,,,
17024,2026-07-28T03:10:00+00:00,SETUP_REJECTED,,,mtf_bias_mismatch,bearish,,,,,,,,,,,,,,,,,,,
17024,2026-07-28T03:10:00+00:00,SETUP_REJECTED,,,mtf_bias_mismatch,bearish,,,,,,,,,,,,,,,,,,,
17043,2026-07-28T04:45:00+00:00,SWEEP,bullish,4042.821,,,,,,,,,,,,,,,,,,,,,
17052,2026-07-28T05:30:00+00:00,OB_EXPIRED,,,,,46.0,,,,,,,,,101.0,,,,,,,,,
17053,2026-07-28T05:35:00+00:00,SWEEP,bullish,4037.098,,,,,,,,,,,,,,,,,,,,,
17063,2026-07-28T06:25:00+00:00,SWEEP,bearish,4047.881,,,,,,,,,,,,,,,,,,,,,
17066,2026-07-28T06:40:00+00:00,SWEEP,bearish,4050.554,,,,,,,,,,,,,,,,,,,,,
17082,2026-07-28T08:00:00+00:00,SWEEP,bearish,4052.374,,,,,,,,,,,,,,,,,,,,,
17083,2026-07-28T08:05:00+00:00,SWEEP,bearish,4052.917,,,,,,,,,,,,,,,,,,,,,
17089,2026-07-28T08:35:00+00:00,SWEEP,bullish,4042.872,,,,,,,,,,,,,,,,,,,,,
17090,2026-07-28T08:40:00+00:00,SWEEP,bullish,4042.331,,,,,,,,,,,,,,,,,,,,,
17095,2026-07-28T09:05:00+00:00,SWEEP,bullish,4041.758,,,,,,,,,,,,,,,,,,,,,
17104,2026-07-28T09:50:00+00:00,SWEEP,bullish,4029.367,,,,,,,,,,,,,,,,,,,,,
17110,2026-07-28T10:20:00+00:00,SWEEP,bullish,4019.055,,,,,,,,,,,,,,,,,,,,,
17116,2026-07-28T10:50:00+00:00,SETUP_REJECTED,,,mtf_bias_mismatch,bearish,,,,,,,,,,,,,,,,,,,
17116,2026-07-28T10:50:00+00:00,SETUP_REJECTED,,,mtf_bias_mismatch,bearish,,,,,,,,,,,,,,,,,,,
17122,2026-07-28T11:20:00+00:00,SETUP_REJECTED,,,mtf_bias_mismatch,bearish,,,,,,,,,,,,,,,,,,,
17135,2026-07-28T12:25:00+00:00,SWEEP,bearish,4034.366,,,,,,,,,,,,,,,,,,,,,
17136,2026-07-28T12:30:00+00:00,SWEEP,bearish,4034.995,,,,,,,,,,,,,,,,,,,,,
17139,2026-07-28T12:45:00+00:00,SWEEP,bearish,4035.08,,,,,,,,,,,,,,,,,,,,,
17141,2026-07-28T12:55:00+00:00,SETUP_REJECTED,,,mtf_bias_mismatch,neutral,,,,,,,,,,,,,,,,,,,
17141,2026-07-28T12:55:00+00:00,SETUP_REJECTED,,,mtf_bias_mismatch,neutral,,,,,,,,,,,,,,,,,,,
17141,2026-07-28T12:55:00+00:00,SETUP_REJECTED,,,mtf_bias_mismatch,neutral,,,,,,,,,,,,,,,,,,,
17150,2026-07-28T13:40:00+00:00,SWEEP,bullish,4021.695,,,,,,,,,,,,,,,,,,,,,
17150,2026-07-28T13:40:00+00:00,SETUP_REJECTED,,,mtf_bias_mismatch,bullish,,,,,,,,,,,,,,,,,,,
17168,2026-07-28T15:10:00+00:00,SWEEP,bearish,4033.576,,,,,,,,,,,,,,,,,,,,,
17170,2026-07-28T15:20:00+00:00,SWEEP,bearish,4036.483,,,,,,,,,,,,,,,,,,,,,
17177,2026-07-28T15:55:00+00:00,SWEEP,bearish,4047.057,,,,,,,,,,,,,,,,,,,,,
17187,2026-07-28T16:45:00+00:00,SETUP_REJECTED,,,mtf_bias_mismatch,bullish,,,,,,,,,,,,,,,,,,,
17188,2026-07-28T16:50:00+00:00,SETUP_REJECTED,,,mtf_bias_mismatch,bullish,,,,,,,,,,,,,,,,,,,
17194,2026-07-28T17:20:00+00:00,SWEEP,bullish,4035.406,,,,,,,,,,,,,,,,,,,,,
17199,2026-07-28T17:45:00+00:00,SWEEP,bullish,4027.644,,,,,,,,,,,,,,,,,,,,,
17203,2026-07-28T18:05:00+00:00,SETUP_REJECTED,,,mtf_bias_mismatch,bearish,,,,,,,,,,,,,,,,,,,
17203,2026-07-28T18:05:00+00:00,SETUP_REJECTED,,,mtf_bias_mismatch,bearish,,,,,,,,,,,,,,,,,,,
17209,2026-07-28T18:35:00+00:00,SWEEP,bullish,4023.816,,,,,,,,,,,,,,,,,,,,,
17213,2026-07-28T18:55:00+00:00,SWEEP,bullish,4022.248,,,,,,,,,,,,,,,,,,,,,
17215,2026-07-28T19:05:00+00:00,SETUP_REJECTED,,,mtf_bias_mismatch,bearish,,,,,,,,,,,,,,,,,,,
17215,2026-07-28T19:05:00+00:00,SETUP_REJECTED,,,mtf_bias_mismatch,bearish,,,,,,,,,,,,,,,,,,,
17221,2026-07-28T19:35:00+00:00,SETUP_REJECTED,,,mtf_bias_mismatch,bearish,,,,,,,,,,,,,,,,,,,
17221,2026-07-28T19:35:00+00:00,SETUP_REJECTED,,,mtf_bias_mismatch,bearish,,,,,,,,,,,,,,,,,,,
17233,2026-07-28T20:35:00+00:00,SWEEP,bearish,4028.441,,,,,,,,,,,,,,,,,,,,,
17234,2026-07-28T20:40:00+00:00,SWEEP,bearish,4029.93,,,,,,,,,,,,,,,,,,,,,
17235,2026-07-28T20:45:00+00:00,SWEEP,bearish,4030.202,,,,,,,,,,,,,,,,,,,,,
17239,2026-07-28T22:05:00+00:00,SETUP_REJECTED,,,mtf_bias_mismatch,bullish,,,,,,,,,,,,,,,,,,,
17239,2026-07-28T22:05:00+00:00,SETUP_REJECTED,,,mtf_bias_mismatch,bullish,,,,,,,,,,,,,,,,,,,
17239,2026-07-28T22:05:00+00:00,SETUP_REJECTED,,,mtf_bias_mismatch,bullish,,,,,,,,,,,,,,,,,,,
17241,2026-07-28T22:15:00+00:00,SETUP_REJECTED,,,mtf_bias_mismatch,bullish,,,,,,,,,,,,,,,,,,,
17241,2026-07-28T22:15:00+00:00,SETUP_REJECTED,,,mtf_bias_mismatch,bullish,,,,,,,,,,,,,,,,,,,
17241,2026-07-28T22:15:00+00:00,SETUP_REJECTED,,,mtf_bias_mismatch,bullish,,,,,,,,,,,,,,,,,,,
17242,2026-07-28T22:20:00+00:00,SETUP_REJECTED,,,mtf_bias_mismatch,bullish,,,,,,,,,,,,,,,,,,,
17242,2026-07-28T22:20:00+00:00,SETUP_REJECTED,,,mtf_bias_mismatch,bullish,,,,,,,,,,,,,,,,,,,
17242,2026-07-28T22:20:00+00:00,SETUP_REJECTED,,,mtf_bias_mismatch,bullish,,,,,,,,,,,,,,,,,,,
17243,2026-07-28T22:25:00+00:00,SETUP_REJECTED,,,mtf_bias_mismatch,bullish,,,,,,,,,,,,,,,,,,,
17243,2026-07-28T22:25:00+00:00,SETUP_REJECTED,,,mtf_bias_mismatch,bullish,,,,,,,,,,,,,,,,,,,
17243,2026-07-28T22:25:00+00:00,SETUP_REJECTED,,,mtf_bias_mismatch,bullish,,,,,,,,,,,,,,,,,,,
17244,2026-07-28T22:30:00+00:00,SWEEP,bullish,4017.414,,,,,,,,,,,,,,,,,,,,,
17245,2026-07-28T22:35:00+00:00,SETUP_REJECTED,,,mtf_bias_mismatch,bullish,,,,,,,,,,,,,,,,,,,
17245,2026-07-28T22:35:00+00:00,SETUP_REJECTED,,,mtf_bias_mismatch,bullish,,,,,,,,,,,,,,,,,,,
17245,2026-07-28T22:35:00+00:00,SETUP_REJECTED,,,mtf_bias_mismatch,bullish,,,,,,,,,,,,,,,,,,,
17261,2026-07-28T23:55:00+00:00,SWEEP,bearish,4025.289,,,,,,,,,,,,,,,,,,,,,
17262,2026-07-29T00:00:00+00:00,SWEEP,bearish,4026.184,,,,,,,,,,,,,,,,,,,,,
17265,2026-07-29T00:15:00+00:00,SWEEP,bearish,4026.196,,,,,,,,,,,,,,,,,,,,,
17266,2026-07-29T00:20:00+00:00,SWEEP,bearish,4026.336,,,,,,,,,,,,,,,,,,,,,
17272,2026-07-29T00:50:00+00:00,SETUP_REJECTED,,,mtf_bias_mismatch,bullish,,,,,,,,,,,,,,,,,,,
17272,2026-07-29T00:50:00+00:00,SETUP_REJECTED,,,mtf_bias_mismatch,bullish,,,,,,,,,,,,,,,,,,,
17272,2026-07-29T00:50:00+00:00,SETUP_REJECTED,,,mtf_bias_mismatch,bullish,,,,,,,,,,,,,,,,,,,
17272,2026-07-29T00:50:00+00:00,SETUP_REJECTED,,,mtf_bias_mismatch,bullish,,,,,,,,,,,,,,,,,,,
17281,2026-07-29T01:35:00+00:00,SWEEP,bearish,4030.053,,,,,,,,,,,,,,,,,,,,,
17292,2026-07-29T02:30:00+00:00,SWEEP,bearish,4035.511,,,,,,,,,,,,,,,,,,,,,
17294,2026-07-29T02:40:00+00:00,SWEEP,bearish,4036.576,,,,,,,,,,,,,,,,,,,,,
17296,2026-07-29T02:50:00+00:00,SETUP_REJECTED,,,mtf_bias_mismatch,bullish,,,,,,,,,,,,,,,,,,,
17296,2026-07-29T02:50:00+00:00,SETUP_REJECTED,,,mtf_bias_mismatch,bullish,,,,,,,,,,,,,,,,,,,
17297,2026-07-29T02:55:00+00:00,SETUP_REJECTED,,,mtf_bias_mismatch,bullish,,,,,,,,,,,,,,,,,,,
17297,2026-07-29T02:55:00+00:00,SETUP_REJECTED,,,mtf_bias_mismatch,bullish,,,,,,,,,,,,,,,,,,,
17311,2026-07-29T04:05:00+00:00,SWEEP,bullish,4021.507,,,,,,,,,,,,,,,,,,,,,
17312,2026-07-29T04:10:00+00:00,SWEEP,bullish,4021.243,,,,,,,,,,,,,,,,,,,,,
17313,2026-07-29T04:15:00+00:00,SWEEP,bullish,4021.131,,,,,,,,,,,,,,,,,,,,,
17315,2026-07-29T04:25:00+00:00,SETUP_REJECTED,,,mtf_bias_mismatch,bearish,,,,,,,,,,,,,,,,,,,
17315,2026-07-29T04:25:00+00:00,SETUP_REJECTED,,,mtf_bias_mismatch,bearish,,,,,,,,,,,,,,,,,,,
17315,2026-07-29T04:25:00+00:00,SETUP_REJECTED,,,mtf_bias_mismatch,bearish,,,,,,,,,,,,,,,,,,,
17331,2026-07-29T05:45:00+00:00,SWEEP,bearish,4039.526,,,,,,,,,,,,,,,,,,,,,
17341,2026-07-29T06:35:00+00:00,SWEEP,bearish,4043.685,,,,,,,,,,,,,,,,,,,,,
17347,2026-07-29T07:05:00+00:00,SWEEP,bearish,4044.891,,,,,,,,,,,,,,,,,,,,,
17356,2026-07-29T07:50:00+00:00,SETUP_REJECTED,,,mtf_bias_mismatch,bullish,,,,,,,,,,,,,,,,,,,
17375,2026-07-29T09:25:00+00:00,SWEEP,bullish,4033.779,,,,,,,,,,,,,,,,,,,,,
17376,2026-07-29T09:30:00+00:00,SWEEP,bullish,4033.41,,,,,,,,,,,,,,,,,,,,,
17383,2026-07-29T10:05:00+00:00,SWEEP,bullish,4031.11,,,,,,,,,,,,,,,,,,,,,
17385,2026-07-29T10:15:00+00:00,SWEEP,bullish,4030.864,,,,,,,,,,,,,,,,,,,,,
17392,2026-07-29T10:50:00+00:00,SWEEP,bullish,4026.13,,,,,,,,,,,,,,,,,,,,,
17395,2026-07-29T11:05:00+00:00,SWEEP,bullish,4025.792,,,,,,,,,,,,,,,,,,,,,
17412,2026-07-29T12:30:00+00:00,SWEEP,bullish,4012.449,,,,,,,,,,,,,,,,,,,,,
17429,2026-07-29T13:55:00+00:00,SWEEP,bullish,4006.533,,,,,,,,,,,,,,,,,,,,,
17430,2026-07-29T14:00:00+00:00,SWEEP,bullish,4002.443,,,,,,,,,,,,,,,,,,,,,
17432,2026-07-29T14:10:00+00:00,SWEEP,bullish,3998.737,,,,,,,,,,,,,,,,,,,,,
17452,2026-07-29T15:50:00+00:00,SWEEP,bearish,4013.526,,,,,,,,,,,,,,,,,,,,,
17456,2026-07-29T16:10:00+00:00,SWEEP,bearish,4015.631,,,,,,,,,,,,,,,,,,,,,
17458,2026-07-29T16:20:00+00:00,SWEEP,bearish,4015.742,,,,,,,,,,,,,,,,,,,,,
17460,2026-07-29T16:30:00+00:00,SWEEP,bearish,4017.785,,,,,,,,,,,,,,,,,,,,,
17472,2026-07-29T17:30:00+00:00,SETUP_REJECTED,,,mtf_bias_mismatch,bullish,,,,,,,,,,,,,,,,,,,
17480,2026-07-29T18:10:00+00:00,SWEEP,bearish,4086.024,,,,,,,,,,,,,,,,,,,,,
17483,2026-07-29T18:25:00+00:00,SETUP_REJECTED,,,mtf_bias_mismatch,bullish,,,,,,,,,,,,,,,,,,,
17486,2026-07-29T18:40:00+00:00,SWEEP,bearish,4086.199,,,,,,,,,,,,,,,,,,,,,
17490,2026-07-29T19:00:00+00:00,SWEEP,bearish,4110.04,,,,,,,,,,,,,,,,,,,,,
17495,2026-07-29T19:25:00+00:00,SETUP_REJECTED,,,mtf_bias_mismatch,bullish,,,,,,,,,,,,,,,,,,,
17495,2026-07-29T19:25:00+00:00,SETUP_REJECTED,,,mtf_bias_mismatch,bullish,,,,,,,,,,,,,,,,,,,
17497,2026-07-29T19:35:00+00:00,SETUP_REJECTED,,,mtf_bias_mismatch,bullish,,,,,,,,,,,,,,,,,,,
17497,2026-07-29T19:35:00+00:00,SETUP_REJECTED,,,mtf_bias_mismatch,bullish,,,,,,,,,,,,,,,,,,,
17501,2026-07-29T19:55:00+00:00,SETUP_REJECTED,,,mtf_bias_mismatch,bullish,,,,,,,,,,,,,,,,,,,
17502,2026-07-29T20:00:00+00:00,SWEEP,bullish,4044.039,,,,,,,,,,,,,,,,,,,,,
17502,2026-07-29T20:00:00+00:00,SETUP_REJECTED,,,mtf_bias_mismatch,bullish,,,,,,,,,,,,,,,,,,,
17521,2026-07-29T22:35:00+00:00,SWEEP,bearish,4077.686,,,,,,,,,,,,,,,,,,,,,
17524,2026-07-29T22:50:00+00:00,SWEEP,bearish,4085.422,,,,,,,,,,,,,,,,,,,,,
17547,2026-07-30T00:45:00+00:00,SWEEP,bullish,4064.877,,,,,,,,,,,,,,,,,,,,,
17574,2026-07-30T03:00:00+00:00,SWEEP,bullish,4063.241,,,,,,,,,,,,,,,,,,,,,
17576,2026-07-30T03:10:00+00:00,SWEEP,bullish,4062.433,,,,,,,,,,,,,,,,,,,,,
17578,2026-07-30T03:20:00+00:00,SWEEP,bullish,4056.33,,,,,,,,,,,,,,,,,,,,,
17580,2026-07-30T03:30:00+00:00,SWEEP,bullish,4052.446,,,,,,,,,,,,,,,,,,,,,
17581,2026-07-30T03:35:00+00:00,SWEEP,bullish,4051.381,,,,,,,,,,,,,,,,,,,,,
17596,2026-07-30T04:50:00+00:00,SWEEP,bullish,4046.206,,,,,,,,,,,,,,,,,,,,,
17597,2026-07-30T04:55:00+00:00,SWEEP,bullish,4045.92,,,,,,,,,,,,,,,,,,,,,
17598,2026-07-30T05:00:00+00:00,SWEEP,bullish,4044.228,,,,,,,,,,,,,,,,,,,,,
17601,2026-07-30T05:15:00+00:00,SWEEP,bullish,4041.666,,,,,,,,,,,,,,,,,,,,,
17604,2026-07-30T05:30:00+00:00,SETUP_REJECTED,,,mtf_bias_mismatch,bearish,,,,,,,,,,,,,,,,,,,
17604,2026-07-30T05:30:00+00:00,SETUP_REJECTED,,,mtf_bias_mismatch,bearish,,,,,,,,,,,,,,,,,,,
17604,2026-07-30T05:30:00+00:00,SETUP_REJECTED,,,mtf_bias_mismatch,bearish,,,,,,,,,,,,,,,,,,,
17604,2026-07-30T05:30:00+00:00,SETUP_REJECTED,,,mtf_bias_mismatch,bearish,,,,,,,,,,,,,,,,,,,
17635,2026-07-30T08:05:00+00:00,SWEEP,bearish,4051.392,,,,,,,,,,,,,,,,,,,,,
17636,2026-07-30T08:10:00+00:00,SWEEP,bearish,4053.709,,,,,,,,,,,,,,,,,,,,,
17640,2026-07-30T08:30:00+00:00,SWEEP,bearish,4068.466,,,,,,,,,,,,,,,,,,,,,
17645,2026-07-30T08:55:00+00:00,SETUP_REJECTED,,,mtf_bias_mismatch,bullish,,,,,,,,,,,,,,,,,,,
17645,2026-07-30T08:55:00+00:00,SETUP_REJECTED,,,mtf_bias_mismatch,bullish,,,,,,,,,,,,,,,,,,,
17645,2026-07-30T08:55:00+00:00,SETUP_REJECTED,,,mtf_bias_mismatch,bullish,,,,,,,,,,,,,,,,,,,
17656,2026-07-30T09:50:00+00:00,SWEEP,bearish,4072.937,,,,,,,,,,,,,,,,,,,,,
17660,2026-07-30T10:10:00+00:00,SWEEP,bearish,4073.171,,,,,,,,,,,,,,,,,,,,,
17663,2026-07-30T10:25:00+00:00,SWEEP,bearish,4077.646,,,,,,,,,,,,,,,,,,,,,
17664,2026-07-30T10:30:00+00:00,SWEEP,bearish,4077.769,,,,,,,,,,,,,,,,,,,,,
17665,2026-07-30T10:35:00+00:00,SWEEP,bearish,4079.284,,,,,,,,,,,,,,,,,,,,,
17666,2026-07-30T10:40:00+00:00,SWEEP,bearish,4081.462,,,,,,,,,,,,,,,,,,,,,
17667,2026-07-30T10:45:00+00:00,SWEEP,bearish,4082.782,,,,,,,,,,,,,,,,,,,,,
17685,2026-07-30T12:15:00+00:00,SWEEP,bullish,4074.558,,,,,,,,,,,,,,,,,,,,,
17686,2026-07-30T12:20:00+00:00,SWEEP,bullish,4072.81,,,,,,,,,,,,,,,,,,,,,
17688,2026-07-30T12:30:00+00:00,SWEEP,bearish,4082.804,,,,,,,,,,,,,,,,,,,,,
17694,2026-07-30T13:00:00+00:00,SWEEP,bullish,4067.032,,,,,,,,,,,,,,,,,,,,,
17700,2026-07-30T13:30:00+00:00,OB_FORMED,bullish,,,bullish,47.0,4075.332,4081.911,75.01,4116.461,4.5,"{'D1': 'bullish', 'H1': 'bearish', 'M15': 'bullish', 'M5': 'bearish'}",,,,,,,,,,,,
17703,2026-07-30T13:45:00+00:00,SWEEP,bearish,4098.78,,,,,,,,,,,,,,,,,,,,,
17706,2026-07-30T14:00:00+00:00,SWEEP,bearish,4112.606,,,,,,,,,,,,,,,,,,,,,
17708,2026-07-30T14:10:00+00:00,SETUP_REJECTED,,,mtf_bias_mismatch,bullish,,,,,,,,,,,,,,,,,,,
17708,2026-07-30T14:10:00+00:00,SETUP_REJECTED,,,mtf_bias_mismatch,bullish,,,,,,,,,,,,,,,,,,,
17717,2026-07-30T14:55:00+00:00,SETUP_REJECTED,,,mtf_bias_mismatch,bullish,,,,,,,,,,,,,,,,,,,
17732,2026-07-30T16:10:00+00:00,SWEEP,bearish,4115.962,,,,,,,,,,,,,,,,,,,,,
17733,2026-07-30T16:15:00+00:00,SWEEP,bearish,4115.992,,,,,,,,,,,,,,,,,,,,,
17737,2026-07-30T16:35:00+00:00,SETUP_REJECTED,,,mtf_bias_mismatch,bullish,,,,,,,,,,,,,,,,,,,
17737,2026-07-30T16:35:00+00:00,SETUP_REJECTED,,,mtf_bias_mismatch,bullish,,,,,,,,,,,,,,,,,,,
17738,2026-07-30T16:40:00+00:00,SETUP_REJECTED,,,mtf_bias_mismatch,bullish,,,,,,,,,,,,,,,,,,,
17738,2026-07-30T16:40:00+00:00,SETUP_REJECTED,,,mtf_bias_mismatch,bullish,,,,,,,,,,,,,,,,,,,
17739,2026-07-30T16:45:00+00:00,SETUP_REJECTED,,,mtf_bias_mismatch,bullish,,,,,,,,,,,,,,,,,,,
17739,2026-07-30T16:45:00+00:00,SETUP_REJECTED,,,mtf_bias_mismatch,bullish,,,,,,,,,,,,,,,,,,,
17771,2026-07-30T19:25:00+00:00,SWEEP,bearish,4113.18,,,,,,,,,,,,,,,,,,,,,
17773,2026-07-30T19:35:00+00:00,SWEEP,bearish,4115.02,,,,,,,,,,,,,,,,,,,,,
17785,2026-07-30T20:35:00+00:00,SETUP_REJECTED,,,mtf_bias_mismatch,bullish,,,,,,,,,,,,,,,,,,,
17788,2026-07-30T20:50:00+00:00,SWEEP,bullish,4099.976,,,,,,,,,,,,,,,,,,,,,
17795,2026-07-30T22:25:00+00:00,OB_FORMED,bullish,,,bullish,48.0,4106.904,4108.496,82.77,4120.412,6.5,"{'D1': 'bullish', 'H1': 'bullish', 'M15': 'bullish', 'M5': 'bearish'}",,,,,,,,,,,,
17801,2026-07-30T22:55:00+00:00,OB_EXPIRED,,,,,47.0,,,,,,,,,101.0,,,,,,,,,
17804,2026-07-30T23:10:00+00:00,OB_TOUCH,,,,,48.0,,,,,,,9.0,,,,,,,,,,,
17804,2026-07-30T23:10:00+00:00,ENTRY_WAIT_70_REENTRY,,,,,48.0,,,,,,,,13.57,,,,,,,,,,
17805,2026-07-30T23:15:00+00:00,OB_INVALIDATED,,,,,48.0,,,,,,,,,,,,,,,,,,
17814,2026-07-31T00:00:00+00:00,SWEEP,bullish,4102.113,,,,,,,,,,,,,,,,,,,,,
