idx,time,event,direction,level,setup_id,low,high,quality,quality_components,depth_percent,d1,h1,m15,mtf_score,age_bars,mode,required,trade_id,entry,sl,tp,rr,ob_quality,mtf_alignment,reentry_depth_percent,swing_idx,swing_price,swing_source,target_price,target_reachable,result,R,reason
27,2026-05-01T02:15:00+00:00,SWEEP,bearish,4634.585,,,,,,,,,,,,,,,,,,,,,,,,,,,,,
60,2026-05-01T05:00:00+00:00,SWEEP,bullish,4609.098,,,,,,,,,,,,,,,,,,,,,,,,,,,,,
69,2026-05-01T05:45:00+00:00,SWEEP,bullish,4607.377,,,,,,,,,,,,,,,,,,,,,,,,,,,,,
73,2026-05-01T06:05:00+00:00,SWEEP,bullish,4602.796,,,,,,,,,,,,,,,,,,,,,,,,,,,,,
74,2026-05-01T06:10:00+00:00,SWEEP,bullish,4601.359,,,,,,,,,,,,,,,,,,,,,,,,,,,,,
76,2026-05-01T06:20:00+00:00,SWEEP,bullish,4595.564,,,,,,,,,,,,,,,,,,,,,,,,,,,,,
78,2026-05-01T06:30:00+00:00,SWEEP,bullish,4593.371,,,,,,,,,,,,,,,,,,,,,,,,,,,,,
79,2026-05-01T06:35:00+00:00,SWEEP,bullish,4592.003,,,,,,,,,,,,,,,,,,,,,,,,,,,,,
80,2026-05-01T06:40:00+00:00,SWEEP,bullish,4591.151,,,,,,,,,,,,,,,,,,,,,,,,,,,,,
85,2026-05-01T07:05:00+00:00,SWEEP,bullish,4590.674,,,,,,,,,,,,,,,,,,,,,,,,,,,,,
88,2026-05-01T07:20:00+00:00,SWEEP,bullish,4589.508,,,,,,,,,,,,,,,,,,,,,,,,,,,,,
90,2026-05-01T07:30:00+00:00,SWEEP,bullish,4585.163,,,,,,,,,,,,,,,,,,,,,,,,,,,,,
102,2026-05-01T08:30:00+00:00,SWEEP,bullish,4566.386,,,,,,,,,,,,,,,,,,,,,,,,,,,,,
103,2026-05-01T08:35:00+00:00,SWEEP,bullish,4566.036,,,,,,,,,,,,,,,,,,,,,,,,,,,,,
106,2026-05-01T08:50:00+00:00,SWEEP,bullish,4565.975,,,,,,,,,,,,,,,,,,,,,,,,,,,,,
108,2026-05-01T09:00:00+00:00,SWEEP,bullish,4564.984,,,,,,,,,,,,,,,,,,,,,,,,,,,,,
109,2026-05-01T09:05:00+00:00,SWEEP,bullish,4564.298,,,,,,,,,,,,,,,,,,,,,,,,,,,,,
110,2026-05-01T09:10:00+00:00,SWEEP,bullish,4564.226,,,,,,,,,,,,,,,,,,,,,,,,,,,,,
119,2026-05-01T09:55:00+00:00,SWEEP,bullish,4560.712,,,,,,,,,,,,,,,,,,,,,,,,,,,,,
126,2026-05-01T10:30:00+00:00,SWEEP,bearish,4572.818,,,,,,,,,,,,,,,,,,,,,,,,,,,,,
137,2026-05-01T11:25:00+00:00,SWEEP,bearish,4575.997,,,,,,,,,,,,,,,,,,,,,,,,,,,,,
139,2026-05-01T11:35:00+00:00,SWEEP,bearish,4576.54,,,,,,,,,,,,,,,,,,,,,,,,,,,,,
140,2026-05-01T11:40:00+00:00,SWEEP,bearish,4577.11,,,,,,,,,,,,,,,,,,,,,,,,,,,,,
145,2026-05-01T12:05:00+00:00,SWEEP,bearish,4579.571,,,,,,,,,,,,,,,,,,,,,,,,,,,,,
164,2026-05-01T13:40:00+00:00,SWEEP,bearish,4607.838,,,,,,,,,,,,,,,,,,,,,,,,,,,,,
165,2026-05-01T13:45:00+00:00,SWEEP,bearish,4609.012,,,,,,,,,,,,,,,,,,,,,,,,,,,,,
171,2026-05-01T14:15:00+00:00,SWEEP,bearish,4659.962,,,,,,,,,,,,,,,,,,,,,,,,,,,,,
179,2026-05-01T14:55:00+00:00,OB_FORMED,bearish,,1.0,4629.992,4635.324,62.91,"{'body': 14.61, 'fvg': 6.25, 'sweep': 15.86, 'break': 1.2, 'ob_size': 15.0, 'adjacency': 10}",,,,,,,,,,,,,,,,,,,,,,,,
182,2026-05-01T15:10:00+00:00,OB_TOUCH,,,1.0,,,,,100.0,,,,,,,,,,,,,,,,,,,,,,,
182,2026-05-01T15:10:00+00:00,OB_CROSSED_AFTER_TOUCH,,,1.0,,,,,100.0,,,,,,,,,,,,,,,,,,,,,,,
183,2026-05-01T15:15:00+00:00,OB_CROSSED_AFTER_TOUCH,,,1.0,,,,,100.0,,,,,,,,,,,,,,,,,,,,,,,
184,2026-05-01T15:20:00+00:00,OB_CROSSED_AFTER_TOUCH,,,1.0,,,,,100.0,,,,,,,,,,,,,,,,,,,,,,,
185,2026-05-01T15:25:00+00:00,OB_CROSSED_AFTER_TOUCH,,,1.0,,,,,100.0,,,,,,,,,,,,,,,,,,,,,,,
186,2026-05-01T15:30:00+00:00,OB_CROSSED_AFTER_TOUCH,,,1.0,,,,,100.0,,,,,,,,,,,,,,,,,,,,,,,
187,2026-05-01T15:35:00+00:00,OB_CROSSED_AFTER_TOUCH,,,1.0,,,,,100.0,,,,,,,,,,,,,,,,,,,,,,,
188,2026-05-01T15:40:00+00:00,OB_CROSSED_AFTER_TOUCH,,,1.0,,,,,100.0,,,,,,,,,,,,,,,,,,,,,,,
189,2026-05-01T15:45:00+00:00,OB_CROSSED_AFTER_TOUCH,,,1.0,,,,,100.0,,,,,,,,,,,,,,,,,,,,,,,
190,2026-05-01T15:50:00+00:00,OB_CROSSED_AFTER_TOUCH,,,1.0,,,,,100.0,,,,,,,,,,,,,,,,,,,,,,,
191,2026-05-01T15:55:00+00:00,OB_CROSSED_AFTER_TOUCH,,,1.0,,,,,100.0,,,,,,,,,,,,,,,,,,,,,,,
192,2026-05-01T16:00:00+00:00,OB_CROSSED_AFTER_TOUCH,,,1.0,,,,,100.0,,,,,,,,,,,,,,,,,,,,,,,
193,2026-05-01T16:05:00+00:00,OB_CROSSED_AFTER_TOUCH,,,1.0,,,,,100.0,,,,,,,,,,,,,,,,,,,,,,,
194,2026-05-01T16:10:00+00:00,OB_CROSSED_AFTER_TOUCH,,,1.0,,,,,100.0,,,,,,,,,,,,,,,,,,,,,,,
195,2026-05-01T16:15:00+00:00,SWEEP,bearish,4648.018,,,,,,,,,,,,,,,,,,,,,,,,,,,,,
195,2026-05-01T16:15:00+00:00,OB_CROSSED_AFTER_TOUCH,,,1.0,,,,,100.0,,,,,,,,,,,,,,,,,,,,,,,
196,2026-05-01T16:20:00+00:00,OB_CROSSED_AFTER_TOUCH,,,1.0,,,,,100.0,,,,,,,,,,,,,,,,,,,,,,,
197,2026-05-01T16:25:00+00:00,OB_CROSSED_AFTER_TOUCH,,,1.0,,,,,100.0,,,,,,,,,,,,,,,,,,,,,,,
198,2026-05-01T16:30:00+00:00,OB_CROSSED_AFTER_TOUCH,,,1.0,,,,,100.0,,,,,,,,,,,,,,,,,,,,,,,
199,2026-05-01T16:35:00+00:00,OB_CROSSED_AFTER_TOUCH,,,1.0,,,,,100.0,,,,,,,,,,,,,,,,,,,,,,,
200,2026-05-01T16:40:00+00:00,OB_CROSSED_AFTER_TOUCH,,,1.0,,,,,100.0,,,,,,,,,,,,,,,,,,,,,,,
201,2026-05-01T16:45:00+00:00,OB_CROSSED_AFTER_TOUCH,,,1.0,,,,,100.0,,,,,,,,,,,,,,,,,,,,,,,
202,2026-05-01T16:50:00+00:00,OB_CROSSED_AFTER_TOUCH,,,1.0,,,,,100.0,,,,,,,,,,,,,,,,,,,,,,,
203,2026-05-01T16:55:00+00:00,OB_CROSSED_AFTER_TOUCH,,,1.0,,,,,100.0,,,,,,,,,,,,,,,,,,,,,,,
204,2026-05-01T17:00:00+00:00,OB_CROSSED_AFTER_TOUCH,,,1.0,,,,,100.0,,,,,,,,,,,,,,,,,,,,,,,
205,2026-05-01T17:05:00+00:00,OB_CROSSED_AFTER_TOUCH,,,1.0,,,,,100.0,,,,,,,,,,,,,,,,,,,,,,,
206,2026-05-01T17:10:00+00:00,OB_CROSSED_AFTER_TOUCH,,,1.0,,,,,100.0,,,,,,,,,,,,,,,,,,,,,,,
207,2026-05-01T17:15:00+00:00,OB_CROSSED_AFTER_TOUCH,,,1.0,,,,,100.0,,,,,,,,,,,,,,,,,,,,,,,
208,2026-05-01T17:20:00+00:00,WAIT_MTF_CONTEXT,,,1.0,,,,,,neutral,neutral,neutral,0.0,,,,,,,,,,,,,,,,,,,
209,2026-05-01T17:25:00+00:00,WAIT_MTF_CONTEXT,,,1.0,,,,,,neutral,neutral,neutral,0.0,,,,,,,,,,,,,,,,,,,
210,2026-05-01T17:30:00+00:00,WAIT_MTF_CONTEXT,,,1.0,,,,,,neutral,neutral,neutral,0.0,,,,,,,,,,,,,,,,,,,
211,2026-05-01T17:35:00+00:00,SWEEP,bullish,4628.6,,,,,,,,,,,,,,,,,,,,,,,,,,,,,
211,2026-05-01T17:35:00+00:00,WAIT_MTF_CONTEXT,,,1.0,,,,,,neutral,neutral,neutral,0.0,,,,,,,,,,,,,,,,,,,
212,2026-05-01T17:40:00+00:00,SWEEP,bullish,4628.128,,,,,,,,,,,,,,,,,,,,,,,,,,,,,
212,2026-05-01T17:40:00+00:00,WAIT_MTF_CONTEXT,,,1.0,,,,,,neutral,neutral,neutral,0.0,,,,,,,,,,,,,,,,,,,
213,2026-05-01T17:45:00+00:00,WAIT_MTF_CONTEXT,,,1.0,,,,,,neutral,neutral,neutral,0.0,,,,,,,,,,,,,,,,,,,
214,2026-05-01T17:50:00+00:00,WAIT_MTF_CONTEXT,,,1.0,,,,,,neutral,neutral,neutral,0.0,,,,,,,,,,,,,,,,,,,
215,2026-05-01T17:55:00+00:00,WAIT_MTF_CONTEXT,,,1.0,,,,,,neutral,neutral,neutral,0.0,,,,,,,,,,,,,,,,,,,
216,2026-05-01T18:00:00+00:00,WAIT_MTF_CONTEXT,,,1.0,,,,,,neutral,neutral,neutral,0.0,,,,,,,,,,,,,,,,,,,
217,2026-05-01T18:05:00+00:00,SWEEP,bullish,4623.517,,,,,,,,,,,,,,,,,,,,,,,,,,,,,
217,2026-05-01T18:05:00+00:00,WAIT_MTF_CONTEXT,,,1.0,,,,,,neutral,neutral,neutral,0.0,,,,,,,,,,,,,,,,,,,
218,2026-05-01T18:10:00+00:00,WAIT_MTF_CONTEXT,,,1.0,,,,,,neutral,neutral,neutral,0.0,,,,,,,,,,,,,,,,,,,
219,2026-05-01T18:15:00+00:00,SWEEP,bullish,4615.59,,,,,,,,,,,,,,,,,,,,,,,,,,,,,
219,2026-05-01T18:15:00+00:00,WAIT_MTF_CONTEXT,,,1.0,,,,,,neutral,neutral,neutral,0.0,,,,,,,,,,,,,,,,,,,
220,2026-05-01T18:20:00+00:00,WAIT_MTF_CONTEXT,,,1.0,,,,,,neutral,neutral,neutral,0.0,,,,,,,,,,,,,,,,,,,
221,2026-05-01T18:25:00+00:00,WAIT_MTF_CONTEXT,,,1.0,,,,,,neutral,neutral,neutral,0.0,,,,,,,,,,,,,,,,,,,
222,2026-05-01T18:30:00+00:00,WAIT_MTF_CONTEXT,,,1.0,,,,,,neutral,neutral,neutral,0.0,,,,,,,,,,,,,,,,,,,
223,2026-05-01T18:35:00+00:00,WAIT_MTF_CONTEXT,,,1.0,,,,,,neutral,neutral,neutral,0.0,,,,,,,,,,,,,,,,,,,
224,2026-05-01T18:40:00+00:00,WAIT_MTF_CONTEXT,,,1.0,,,,,,neutral,neutral,neutral,0.0,,,,,,,,,,,,,,,,,,,
225,2026-05-01T18:45:00+00:00,WAIT_MTF_CONTEXT,,,1.0,,,,,,neutral,neutral,neutral,0.0,,,,,,,,,,,,,,,,,,,
226,2026-05-01T18:50:00+00:00,WAIT_MTF_CONTEXT,,,1.0,,,,,,neutral,neutral,neutral,0.0,,,,,,,,,,,,,,,,,,,
227,2026-05-01T18:55:00+00:00,WAIT_MTF_CONTEXT,,,1.0,,,,,,neutral,neutral,neutral,0.0,,,,,,,,,,,,,,,,,,,
228,2026-05-01T19:00:00+00:00,WAIT_MTF_CONTEXT,,,1.0,,,,,,neutral,neutral,neutral,0.0,,,,,,,,,,,,,,,,,,,
229,2026-05-01T19:05:00+00:00,WAIT_MTF_CONTEXT,,,1.0,,,,,,neutral,neutral,neutral,0.0,,,,,,,,,,,,,,,,,,,
230,2026-05-01T19:10:00+00:00,WAIT_MTF_CONTEXT,,,1.0,,,,,,neutral,neutral,neutral,0.0,,,,,,,,,,,,,,,,,,,
228,2026-05-01T19:00:00+00:00,OB_FORMED,bullish,,2.0,4620.557,4625.014,83.11,"{'body': 16.26, 'fvg': 16.34, 'sweep': 25.0, 'break': 0.63, 'ob_size': 14.88, 'adjacency': 10}",,,,,,,,,,,,,,,,,,,,,,,,
231,2026-05-01T19:15:00+00:00,WAIT_MTF_CONTEXT,,,1.0,,,,,,neutral,neutral,neutral,0.0,,,,,,,,,,,,,,,,,,,
232,2026-05-01T19:20:00+00:00,WAIT_MTF_CONTEXT,,,1.0,,,,,,neutral,neutral,neutral,0.0,,,,,,,,,,,,,,,,,,,
233,2026-05-01T19:25:00+00:00,WAIT_MTF_CONTEXT,,,1.0,,,,,,neutral,neutral,neutral,0.0,,,,,,,,,,,,,,,,,,,
233,2026-05-01T19:25:00+00:00,OB_TOUCH,,,2.0,,,,,16.401166704054575,,,,,,,,,,,,,,,,,,,,,,,
233,2026-05-01T19:25:00+00:00,WAIT_MTF_CONTEXT,,,2.0,,,,,,neutral,neutral,neutral,0.0,,,,,,,,,,,,,,,,,,,
234,2026-05-01T19:30:00+00:00,WAIT_MTF_CONTEXT,,,1.0,,,,,,neutral,neutral,neutral,0.0,,,,,,,,,,,,,,,,,,,
234,2026-05-01T19:30:00+00:00,OB_CROSSED_AFTER_TOUCH,,,2.0,,,,,100.0,,,,,,,,,,,,,,,,,,,,,,,
235,2026-05-01T19:35:00+00:00,WAIT_MTF_CONTEXT,,,1.0,,,,,,neutral,neutral,neutral,0.0,,,,,,,,,,,,,,,,,,,
235,2026-05-01T19:35:00+00:00,OB_CROSSED_AFTER_TOUCH,,,2.0,,,,,100.0,,,,,,,,,,,,,,,,,,,,,,,
236,2026-05-01T19:40:00+00:00,WAIT_MTF_CONTEXT,,,1.0,,,,,,neutral,neutral,neutral,0.0,,,,,,,,,,,,,,,,,,,
236,2026-05-01T19:40:00+00:00,OB_CROSSED_AFTER_TOUCH,,,2.0,,,,,100.0,,,,,,,,,,,,,,,,,,,,,,,
237,2026-05-01T19:45:00+00:00,SWEEP,bullish,4611.315,,,,,,,,,,,,,,,,,,,,,,,,,,,,,
237,2026-05-01T19:45:00+00:00,WAIT_MTF_CONTEXT,,,1.0,,,,,,neutral,neutral,neutral,0.0,,,,,,,,,,,,,,,,,,,
237,2026-05-01T19:45:00+00:00,OB_CROSSED_AFTER_TOUCH,,,2.0,,,,,100.0,,,,,,,,,,,,,,,,,,,,,,,
238,2026-05-01T19:50:00+00:00,SWEEP,bullish,4610.874,,,,,,,,,,,,,,,,,,,,,,,,,,,,,
238,2026-05-01T19:50:00+00:00,WAIT_MTF_CONTEXT,,,1.0,,,,,,neutral,neutral,neutral,0.0,,,,,,,,,,,,,,,,,,,
238,2026-05-01T19:50:00+00:00,OB_CROSSED_AFTER_TOUCH,,,2.0,,,,,100.0,,,,,,,,,,,,,,,,,,,,,,,
239,2026-05-01T19:55:00+00:00,SWEEP,bullish,4608.875,,,,,,,,,,,,,,,,,,,,,,,,,,,,,
239,2026-05-01T19:55:00+00:00,WAIT_MTF_CONTEXT,,,1.0,,,,,,neutral,neutral,neutral,0.0,,,,,,,,,,,,,,,,,,,
239,2026-05-01T19:55:00+00:00,OB_CROSSED_AFTER_TOUCH,,,2.0,,,,,100.0,,,,,,,,,,,,,,,,,,,,,,,
240,2026-05-01T20:00:00+00:00,SWEEP,bullish,4608.813,,,,,,,,,,,,,,,,,,,,,,,,,,,,,
240,2026-05-01T20:00:00+00:00,WAIT_MTF_CONTEXT,,,1.0,,,,,,neutral,neutral,neutral,0.0,,,,,,,,,,,,,,,,,,,
240,2026-05-01T20:00:00+00:00,OB_CROSSED_AFTER_TOUCH,,,2.0,,,,,100.0,,,,,,,,,,,,,,,,,,,,,,,
241,2026-05-01T20:05:00+00:00,SWEEP,bullish,4607.265,,,,,,,,,,,,,,,,,,,,,,,,,,,,,
241,2026-05-01T20:05:00+00:00,WAIT_MTF_CONTEXT,,,1.0,,,,,,neutral,neutral,neutral,0.0,,,,,,,,,,,,,,,,,,,
241,2026-05-01T20:05:00+00:00,OB_CROSSED_AFTER_TOUCH,,,2.0,,,,,100.0,,,,,,,,,,,,,,,,,,,,,,,
242,2026-05-01T20:10:00+00:00,WAIT_MTF_CONTEXT,,,1.0,,,,,,neutral,neutral,neutral,0.0,,,,,,,,,,,,,,,,,,,
242,2026-05-01T20:10:00+00:00,OB_CROSSED_AFTER_TOUCH,,,2.0,,,,,100.0,,,,,,,,,,,,,,,,,,,,,,,
243,2026-05-01T20:15:00+00:00,WAIT_MTF_CONTEXT,,,1.0,,,,,,neutral,neutral,neutral,0.0,,,,,,,,,,,,,,,,,,,
243,2026-05-01T20:15:00+00:00,OB_CROSSED_AFTER_TOUCH,,,2.0,,,,,100.0,,,,,,,,,,,,,,,,,,,,,,,
244,2026-05-01T20:20:00+00:00,WAIT_MTF_CONTEXT,,,1.0,,,,,,neutral,neutral,neutral,0.0,,,,,,,,,,,,,,,,,,,
244,2026-05-01T20:20:00+00:00,OB_CROSSED_AFTER_TOUCH,,,2.0,,,,,100.0,,,,,,,,,,,,,,,,,,,,,,,
245,2026-05-01T20:25:00+00:00,WAIT_MTF_CONTEXT,,,1.0,,,,,,neutral,neutral,neutral,0.0,,,,,,,,,,,,,,,,,,,
245,2026-05-01T20:25:00+00:00,OB_CROSSED_AFTER_TOUCH,,,2.0,,,,,100.0,,,,,,,,,,,,,,,,,,,,,,,
246,2026-05-01T20:30:00+00:00,WAIT_MTF_CONTEXT,,,1.0,,,,,,neutral,neutral,neutral,0.0,,,,,,,,,,,,,,,,,,,
246,2026-05-01T20:30:00+00:00,OB_CROSSED_AFTER_TOUCH,,,2.0,,,,,100.0,,,,,,,,,,,,,,,,,,,,,,,
247,2026-05-01T20:35:00+00:00,WAIT_MTF_CONTEXT,,,1.0,,,,,,neutral,neutral,neutral,0.0,,,,,,,,,,,,,,,,,,,
247,2026-05-01T20:35:00+00:00,OB_CROSSED_AFTER_TOUCH,,,2.0,,,,,100.0,,,,,,,,,,,,,,,,,,,,,,,
248,2026-05-01T20:40:00+00:00,WAIT_MTF_CONTEXT,,,1.0,,,,,,neutral,neutral,neutral,0.0,,,,,,,,,,,,,,,,,,,
248,2026-05-01T20:40:00+00:00,OB_CROSSED_AFTER_TOUCH,,,2.0,,,,,100.0,,,,,,,,,,,,,,,,,,,,,,,
249,2026-05-01T20:45:00+00:00,WAIT_MTF_CONTEXT,,,1.0,,,,,,neutral,neutral,neutral,0.0,,,,,,,,,,,,,,,,,,,
249,2026-05-01T20:45:00+00:00,OB_CROSSED_AFTER_TOUCH,,,2.0,,,,,100.0,,,,,,,,,,,,,,,,,,,,,,,
250,2026-05-01T20:50:00+00:00,WAIT_MTF_CONTEXT,,,1.0,,,,,,neutral,neutral,neutral,0.0,,,,,,,,,,,,,,,,,,,
250,2026-05-01T20:50:00+00:00,OB_CROSSED_AFTER_TOUCH,,,2.0,,,,,100.0,,,,,,,,,,,,,,,,,,,,,,,
251,2026-05-01T20:55:00+00:00,WAIT_MTF_CONTEXT,,,1.0,,,,,,neutral,neutral,neutral,0.0,,,,,,,,,,,,,,,,,,,
251,2026-05-01T20:55:00+00:00,OB_CROSSED_AFTER_TOUCH,,,2.0,,,,,100.0,,,,,,,,,,,,,,,,,,,,,,,
252,2026-05-03T22:00:00+00:00,WAIT_MTF_CONTEXT,,,1.0,,,,,,neutral,neutral,neutral,0.0,,,,,,,,,,,,,,,,,,,
252,2026-05-03T22:00:00+00:00,WAIT_MTF_CONTEXT,,,2.0,,,,,,neutral,neutral,neutral,0.0,,,,,,,,,,,,,,,,,,,
253,2026-05-03T22:05:00+00:00,WAIT_MTF_CONTEXT,,,1.0,,,,,,neutral,neutral,neutral,0.0,,,,,,,,,,,,,,,,,,,
253,2026-05-03T22:05:00+00:00,WAIT_MTF_CONTEXT,,,2.0,,,,,,neutral,neutral,neutral,0.0,,,,,,,,,,,,,,,,,,,
254,2026-05-03T22:10:00+00:00,WAIT_MTF_CONTEXT,,,1.0,,,,,,neutral,neutral,neutral,0.0,,,,,,,,,,,,,,,,,,,
254,2026-05-03T22:10:00+00:00,WAIT_MTF_CONTEXT,,,2.0,,,,,,neutral,neutral,neutral,0.0,,,,,,,,,,,,,,,,,,,
255,2026-05-03T22:15:00+00:00,WAIT_MTF_CONTEXT,,,1.0,,,,,,neutral,neutral,neutral,0.0,,,,,,,,,,,,,,,,,,,
255,2026-05-03T22:15:00+00:00,WAIT_MTF_CONTEXT,,,2.0,,,,,,neutral,neutral,neutral,0.0,,,,,,,,,,,,,,,,,,,
256,2026-05-03T22:20:00+00:00,WAIT_MTF_CONTEXT,,,1.0,,,,,,neutral,neutral,neutral,0.0,,,,,,,,,,,,,,,,,,,
256,2026-05-03T22:20:00+00:00,OB_CROSSED_AFTER_TOUCH,,,2.0,,,,,100.0,,,,,,,,,,,,,,,,,,,,,,,
257,2026-05-03T22:25:00+00:00,WAIT_MTF_CONTEXT,,,1.0,,,,,,neutral,neutral,neutral,0.0,,,,,,,,,,,,,,,,,,,
257,2026-05-03T22:25:00+00:00,WAIT_MTF_CONTEXT,,,2.0,,,,,,neutral,neutral,neutral,0.0,,,,,,,,,,,,,,,,,,,
258,2026-05-03T22:30:00+00:00,WAIT_MTF_CONTEXT,,,1.0,,,,,,neutral,neutral,neutral,0.0,,,,,,,,,,,,,,,,,,,
258,2026-05-03T22:30:00+00:00,WAIT_MTF_CONTEXT,,,2.0,,,,,,neutral,neutral,neutral,0.0,,,,,,,,,,,,,,,,,,,
259,2026-05-03T22:35:00+00:00,WAIT_MTF_CONTEXT,,,1.0,,,,,,neutral,neutral,neutral,0.0,,,,,,,,,,,,,,,,,,,
259,2026-05-03T22:35:00+00:00,WAIT_MTF_CONTEXT,,,2.0,,,,,,neutral,neutral,neutral,0.0,,,,,,,,,,,,,,,,,,,
260,2026-05-03T22:40:00+00:00,WAIT_MTF_CONTEXT,,,1.0,,,,,,neutral,neutral,neutral,0.0,,,,,,,,,,,,,,,,,,,
260,2026-05-03T22:40:00+00:00,WAIT_MTF_CONTEXT,,,2.0,,,,,,neutral,neutral,neutral,0.0,,,,,,,,,,,,,,,,,,,
261,2026-05-03T22:45:00+00:00,WAIT_MTF_CONTEXT,,,1.0,,,,,,neutral,neutral,neutral,0.0,,,,,,,,,,,,,,,,,,,
261,2026-05-03T22:45:00+00:00,WAIT_MTF_CONTEXT,,,2.0,,,,,,neutral,neutral,neutral,0.0,,,,,,,,,,,,,,,,,,,
262,2026-05-03T22:50:00+00:00,WAIT_MTF_CONTEXT,,,1.0,,,,,,neutral,neutral,neutral,0.0,,,,,,,,,,,,,,,,,,,
262,2026-05-03T22:50:00+00:00,OB_CROSSED_AFTER_TOUCH,,,2.0,,,,,100.0,,,,,,,,,,,,,,,,,,,,,,,
263,2026-05-03T22:55:00+00:00,WAIT_MTF_CONTEXT,,,1.0,,,,,,neutral,neutral,neutral,0.0,,,,,,,,,,,,,,,,,,,
263,2026-05-03T22:55:00+00:00,OB_CROSSED_AFTER_TOUCH,,,2.0,,,,,100.0,,,,,,,,,,,,,,,,,,,,,,,
264,2026-05-03T23:00:00+00:00,WAIT_MTF_CONTEXT,,,1.0,,,,,,neutral,neutral,neutral,0.0,,,,,,,,,,,,,,,,,,,
264,2026-05-03T23:00:00+00:00,OB_CROSSED_AFTER_TOUCH,,,2.0,,,,,100.0,,,,,,,,,,,,,,,,,,,,,,,
265,2026-05-03T23:05:00+00:00,WAIT_MTF_CONTEXT,,,1.0,,,,,,neutral,neutral,neutral,0.0,,,,,,,,,,,,,,,,,,,
265,2026-05-03T23:05:00+00:00,OB_CROSSED_AFTER_TOUCH,,,2.0,,,,,100.0,,,,,,,,,,,,,,,,,,,,,,,
266,2026-05-03T23:10:00+00:00,WAIT_MTF_CONTEXT,,,1.0,,,,,,neutral,neutral,neutral,0.0,,,,,,,,,,,,,,,,,,,
266,2026-05-03T23:10:00+00:00,OB_CROSSED_AFTER_TOUCH,,,2.0,,,,,100.0,,,,,,,,,,,,,,,,,,,,,,,
267,2026-05-03T23:15:00+00:00,WAIT_MTF_CONTEXT,,,1.0,,,,,,neutral,neutral,neutral,0.0,,,,,,,,,,,,,,,,,,,
267,2026-05-03T23:15:00+00:00,OB_CROSSED_AFTER_TOUCH,,,2.0,,,,,100.0,,,,,,,,,,,,,,,,,,,,,,,
268,2026-05-03T23:20:00+00:00,WAIT_MTF_CONTEXT,,,1.0,,,,,,neutral,neutral,neutral,0.0,,,,,,,,,,,,,,,,,,,
268,2026-05-03T23:20:00+00:00,OB_CROSSED_AFTER_TOUCH,,,2.0,,,,,100.0,,,,,,,,,,,,,,,,,,,,,,,
269,2026-05-03T23:25:00+00:00,WAIT_MTF_CONTEXT,,,1.0,,,,,,neutral,neutral,neutral,0.0,,,,,,,,,,,,,,,,,,,
269,2026-05-03T23:25:00+00:00,OB_CROSSED_AFTER_TOUCH,,,2.0,,,,,100.0,,,,,,,,,,,,,,,,,,,,,,,
270,2026-05-03T23:30:00+00:00,WAIT_MTF_CONTEXT,,,1.0,,,,,,neutral,neutral,neutral,0.0,,,,,,,,,,,,,,,,,,,
270,2026-05-03T23:30:00+00:00,OB_CROSSED_AFTER_TOUCH,,,2.0,,,,,100.0,,,,,,,,,,,,,,,,,,,,,,,
271,2026-05-03T23:35:00+00:00,WAIT_MTF_CONTEXT,,,1.0,,,,,,neutral,neutral,neutral,0.0,,,,,,,,,,,,,,,,,,,
271,2026-05-03T23:35:00+00:00,OB_CROSSED_AFTER_TOUCH,,,2.0,,,,,100.0,,,,,,,,,,,,,,,,,,,,,,,
272,2026-05-03T23:40:00+00:00,WAIT_MTF_CONTEXT,,,1.0,,,,,,neutral,neutral,neutral,0.0,,,,,,,,,,,,,,,,,,,
272,2026-05-03T23:40:00+00:00,OB_CROSSED_AFTER_TOUCH,,,2.0,,,,,100.0,,,,,,,,,,,,,,,,,,,,,,,
273,2026-05-03T23:45:00+00:00,WAIT_MTF_CONTEXT,,,1.0,,,,,,neutral,neutral,neutral,0.0,,,,,,,,,,,,,,,,,,,
273,2026-05-03T23:45:00+00:00,OB_CROSSED_AFTER_TOUCH,,,2.0,,,,,100.0,,,,,,,,,,,,,,,,,,,,,,,
274,2026-05-03T23:50:00+00:00,WAIT_MTF_CONTEXT,,,1.0,,,,,,neutral,neutral,neutral,0.0,,,,,,,,,,,,,,,,,,,
274,2026-05-03T23:50:00+00:00,OB_CROSSED_AFTER_TOUCH,,,2.0,,,,,100.0,,,,,,,,,,,,,,,,,,,,,,,
275,2026-05-03T23:55:00+00:00,WAIT_MTF_CONTEXT,,,1.0,,,,,,neutral,neutral,neutral,0.0,,,,,,,,,,,,,,,,,,,
275,2026-05-03T23:55:00+00:00,OB_CROSSED_AFTER_TOUCH,,,2.0,,,,,100.0,,,,,,,,,,,,,,,,,,,,,,,
276,2026-05-04T00:00:00+00:00,WAIT_MTF_CONTEXT,,,1.0,,,,,,neutral,neutral,neutral,0.0,,,,,,,,,,,,,,,,,,,
276,2026-05-04T00:00:00+00:00,OB_CROSSED_AFTER_TOUCH,,,2.0,,,,,100.0,,,,,,,,,,,,,,,,,,,,,,,
277,2026-05-04T00:05:00+00:00,WAIT_MTF_CONTEXT,,,1.0,,,,,,neutral,neutral,neutral,0.0,,,,,,,,,,,,,,,,,,,
277,2026-05-04T00:05:00+00:00,OB_CROSSED_AFTER_TOUCH,,,2.0,,,,,100.0,,,,,,,,,,,,,,,,,,,,,,,
278,2026-05-04T00:10:00+00:00,WAIT_MTF_CONTEXT,,,1.0,,,,,,neutral,neutral,neutral,0.0,,,,,,,,,,,,,,,,,,,
278,2026-05-04T00:10:00+00:00,OB_CROSSED_AFTER_TOUCH,,,2.0,,,,,100.0,,,,,,,,,,,,,,,,,,,,,,,
279,2026-05-04T00:15:00+00:00,WAIT_MTF_CONTEXT,,,1.0,,,,,,neutral,neutral,neutral,0.0,,,,,,,,,,,,,,,,,,,
279,2026-05-04T00:15:00+00:00,OB_CROSSED_AFTER_TOUCH,,,2.0,,,,,100.0,,,,,,,,,,,,,,,,,,,,,,,
280,2026-05-04T00:20:00+00:00,SWEEP,bullish,4604.45,,,,,,,,,,,,,,,,,,,,,,,,,,,,,
280,2026-05-04T00:20:00+00:00,OB_EXPIRED,,,1.0,,,,,,,,,,101.0,,,,,,,,,,,,,,,,,,
280,2026-05-04T00:20:00+00:00,OB_CROSSED_AFTER_TOUCH,,,2.0,,,,,100.0,,,,,,,,,,,,,,,,,,,,,,,
281,2026-05-04T00:25:00+00:00,SWEEP,bullish,4602.022,,,,,,,,,,,,,,,,,,,,,,,,,,,,,
281,2026-05-04T00:25:00+00:00,OB_CROSSED_AFTER_TOUCH,,,2.0,,,,,100.0,,,,,,,,,,,,,,,,,,,,,,,
282,2026-05-04T00:30:00+00:00,OB_CROSSED_AFTER_TOUCH,,,2.0,,,,,100.0,,,,,,,,,,,,,,,,,,,,,,,
283,2026-05-04T00:35:00+00:00,OB_CROSSED_AFTER_TOUCH,,,2.0,,,,,100.0,,,,,,,,,,,,,,,,,,,,,,,
284,2026-05-04T00:40:00+00:00,OB_CROSSED_AFTER_TOUCH,,,2.0,,,,,100.0,,,,,,,,,,,,,,,,,,,,,,,
285,2026-05-04T00:45:00+00:00,OB_CROSSED_AFTER_TOUCH,,,2.0,,,,,100.0,,,,,,,,,,,,,,,,,,,,,,,
286,2026-05-04T00:50:00+00:00,OB_CROSSED_AFTER_TOUCH,,,2.0,,,,,100.0,,,,,,,,,,,,,,,,,,,,,,,
287,2026-05-04T00:55:00+00:00,OB_CROSSED_AFTER_TOUCH,,,2.0,,,,,100.0,,,,,,,,,,,,,,,,,,,,,,,
288,2026-05-04T01:00:00+00:00,OB_CROSSED_AFTER_TOUCH,,,2.0,,,,,100.0,,,,,,,,,,,,,,,,,,,,,,,
289,2026-05-04T01:05:00+00:00,OB_CROSSED_AFTER_TOUCH,,,2.0,,,,,100.0,,,,,,,,,,,,,,,,,,,,,,,
290,2026-05-04T01:10:00+00:00,SWEEP,bullish,4597.443,,,,,,,,,,,,,,,,,,,,,,,,,,,,,
290,2026-05-04T01:10:00+00:00,OB_CROSSED_AFTER_TOUCH,,,2.0,,,,,100.0,,,,,,,,,,,,,,,,,,,,,,,
291,2026-05-04T01:15:00+00:00,OB_CROSSED_AFTER_TOUCH,,,2.0,,,,,100.0,,,,,,,,,,,,,,,,,,,,,,,
292,2026-05-04T01:20:00+00:00,OB_CROSSED_AFTER_TOUCH,,,2.0,,,,,100.0,,,,,,,,,,,,,,,,,,,,,,,
293,2026-05-04T01:25:00+00:00,OB_CROSSED_AFTER_TOUCH,,,2.0,,,,,100.0,,,,,,,,,,,,,,,,,,,,,,,
294,2026-05-04T01:30:00+00:00,SWEEP,bullish,4594.21,,,,,,,,,,,,,,,,,,,,,,,,,,,,,
294,2026-05-04T01:30:00+00:00,OB_CROSSED_AFTER_TOUCH,,,2.0,,,,,100.0,,,,,,,,,,,,,,,,,,,,,,,
295,2026-05-04T01:35:00+00:00,OB_CROSSED_AFTER_TOUCH,,,2.0,,,,,100.0,,,,,,,,,,,,,,,,,,,,,,,
296,2026-05-04T01:40:00+00:00,OB_CROSSED_AFTER_TOUCH,,,2.0,,,,,100.0,,,,,,,,,,,,,,,,,,,,,,,
297,2026-05-04T01:45:00+00:00,OB_CROSSED_AFTER_TOUCH,,,2.0,,,,,100.0,,,,,,,,,,,,,,,,,,,,,,,
298,2026-05-04T01:50:00+00:00,OB_CROSSED_AFTER_TOUCH,,,2.0,,,,,100.0,,,,,,,,,,,,,,,,,,,,,,,
299,2026-05-04T01:55:00+00:00,OB_CROSSED_AFTER_TOUCH,,,2.0,,,,,100.0,,,,,,,,,,,,,,,,,,,,,,,
300,2026-05-04T02:00:00+00:00,SWEEP,bearish,4614.112,,,,,,,,,,,,,,,,,,,,,,,,,,,,,
300,2026-05-04T02:00:00+00:00,OB_CROSSED_AFTER_TOUCH,,,2.0,,,,,100.0,,,,,,,,,,,,,,,,,,,,,,,
301,2026-05-04T02:05:00+00:00,OB_CROSSED_AFTER_TOUCH,,,2.0,,,,,100.0,,,,,,,,,,,,,,,,,,,,,,,
302,2026-05-04T02:10:00+00:00,OB_CROSSED_AFTER_TOUCH,,,2.0,,,,,100.0,,,,,,,,,,,,,,,,,,,,,,,
303,2026-05-04T02:15:00+00:00,OB_CROSSED_AFTER_TOUCH,,,2.0,,,,,100.0,,,,,,,,,,,,,,,,,,,,,,,
304,2026-05-04T02:20:00+00:00,OB_CROSSED_AFTER_TOUCH,,,2.0,,,,,100.0,,,,,,,,,,,,,,,,,,,,,,,
305,2026-05-04T02:25:00+00:00,SWEEP,bullish,4592.737,,,,,,,,,,,,,,,,,,,,,,,,,,,,,
305,2026-05-04T02:25:00+00:00,OB_CROSSED_AFTER_TOUCH,,,2.0,,,,,100.0,,,,,,,,,,,,,,,,,,,,,,,
306,2026-05-04T02:30:00+00:00,SWEEP,bullish,4591.447,,,,,,,,,,,,,,,,,,,,,,,,,,,,,
306,2026-05-04T02:30:00+00:00,OB_CROSSED_AFTER_TOUCH,,,2.0,,,,,100.0,,,,,,,,,,,,,,,,,,,,,,,
307,2026-05-04T02:35:00+00:00,OB_CROSSED_AFTER_TOUCH,,,2.0,,,,,100.0,,,,,,,,,,,,,,,,,,,,,,,
308,2026-05-04T02:40:00+00:00,OB_CROSSED_AFTER_TOUCH,,,2.0,,,,,100.0,,,,,,,,,,,,,,,,,,,,,,,
309,2026-05-04T02:45:00+00:00,OB_CROSSED_AFTER_TOUCH,,,2.0,,,,,100.0,,,,,,,,,,,,,,,,,,,,,,,
310,2026-05-04T02:50:00+00:00,OB_CROSSED_AFTER_TOUCH,,,2.0,,,,,100.0,,,,,,,,,,,,,,,,,,,,,,,
311,2026-05-04T02:55:00+00:00,OB_CROSSED_AFTER_TOUCH,,,2.0,,,,,100.0,,,,,,,,,,,,,,,,,,,,,,,
312,2026-05-04T03:00:00+00:00,OB_CROSSED_AFTER_TOUCH,,,2.0,,,,,100.0,,,,,,,,,,,,,,,,,,,,,,,
313,2026-05-04T03:05:00+00:00,OB_CROSSED_AFTER_TOUCH,,,2.0,,,,,100.0,,,,,,,,,,,,,,,,,,,,,,,
314,2026-05-04T03:10:00+00:00,OB_CROSSED_AFTER_TOUCH,,,2.0,,,,,100.0,,,,,,,,,,,,,,,,,,,,,,,
315,2026-05-04T03:15:00+00:00,OB_CROSSED_AFTER_TOUCH,,,2.0,,,,,100.0,,,,,,,,,,,,,,,,,,,,,,,
316,2026-05-04T03:20:00+00:00,OB_CROSSED_AFTER_TOUCH,,,2.0,,,,,100.0,,,,,,,,,,,,,,,,,,,,,,,
317,2026-05-04T03:25:00+00:00,OB_CROSSED_AFTER_TOUCH,,,2.0,,,,,100.0,,,,,,,,,,,,,,,,,,,,,,,
318,2026-05-04T03:30:00+00:00,OB_CROSSED_AFTER_TOUCH,,,2.0,,,,,100.0,,,,,,,,,,,,,,,,,,,,,,,
319,2026-05-04T03:35:00+00:00,OB_CROSSED_AFTER_TOUCH,,,2.0,,,,,100.0,,,,,,,,,,,,,,,,,,,,,,,
320,2026-05-04T03:40:00+00:00,OB_CROSSED_AFTER_TOUCH,,,2.0,,,,,100.0,,,,,,,,,,,,,,,,,,,,,,,
321,2026-05-04T03:45:00+00:00,OB_CROSSED_AFTER_TOUCH,,,2.0,,,,,100.0,,,,,,,,,,,,,,,,,,,,,,,
322,2026-05-04T03:50:00+00:00,OB_CROSSED_AFTER_TOUCH,,,2.0,,,,,100.0,,,,,,,,,,,,,,,,,,,,,,,
323,2026-05-04T03:55:00+00:00,OB_CROSSED_AFTER_TOUCH,,,2.0,,,,,100.0,,,,,,,,,,,,,,,,,,,,,,,
324,2026-05-04T04:00:00+00:00,OB_CROSSED_AFTER_TOUCH,,,2.0,,,,,100.0,,,,,,,,,,,,,,,,,,,,,,,
325,2026-05-04T04:05:00+00:00,OB_CROSSED_AFTER_TOUCH,,,2.0,,,,,100.0,,,,,,,,,,,,,,,,,,,,,,,
326,2026-05-04T04:10:00+00:00,OB_CROSSED_AFTER_TOUCH,,,2.0,,,,,100.0,,,,,,,,,,,,,,,,,,,,,,,
327,2026-05-04T04:15:00+00:00,OB_CROSSED_AFTER_TOUCH,,,2.0,,,,,100.0,,,,,,,,,,,,,,,,,,,,,,,
328,2026-05-04T04:20:00+00:00,OB_CROSSED_AFTER_TOUCH,,,2.0,,,,,100.0,,,,,,,,,,,,,,,,,,,,,,,
329,2026-05-04T04:25:00+00:00,OB_EXPIRED,,,2.0,,,,,,,,,,101.0,,,,,,,,,,,,,,,,,,
348,2026-05-04T06:00:00+00:00,SWEEP,bullish,4592.275,,,,,,,,,,,,,,,,,,,,,,,,,,,,,
349,2026-05-04T06:05:00+00:00,SWEEP,bullish,4591.391,,,,,,,,,,,,,,,,,,,,,,,,,,,,,
354,2026-05-04T06:30:00+00:00,SWEEP,bullish,4587.708,,,,,,,,,,,,,,,,,,,,,,,,,,,,,
356,2026-05-04T06:40:00+00:00,SWEEP,bullish,4584.613,,,,,,,,,,,,,,,,,,,,,,,,,,,,,
357,2026-05-04T06:45:00+00:00,SWEEP,bullish,4584.166,,,,,,,,,,,,,,,,,,,,,,,,,,,,,
365,2026-05-04T07:25:00+00:00,SWEEP,bullish,4583.441,,,,,,,,,,,,,,,,,,,,,,,,,,,,,
366,2026-05-04T07:30:00+00:00,SWEEP,bullish,4583.221,,,,,,,,,,,,,,,,,,,,,,,,,,,,,
367,2026-05-04T07:35:00+00:00,SWEEP,bullish,4582.863,,,,,,,,,,,,,,,,,,,,,,,,,,,,,
373,2026-05-04T08:05:00+00:00,SWEEP,bullish,4575.41,,,,,,,,,,,,,,,,,,,,,,,,,,,,,
377,2026-05-04T08:25:00+00:00,SWEEP,bullish,4574.343,,,,,,,,,,,,,,,,,,,,,,,,,,,,,
378,2026-05-04T08:30:00+00:00,SWEEP,bullish,4574.01,,,,,,,,,,,,,,,,,,,,,,,,,,,,,
395,2026-05-04T09:55:00+00:00,SWEEP,bullish,4573.564,,,,,,,,,,,,,,,,,,,,,,,,,,,,,
399,2026-05-04T10:15:00+00:00,SWEEP,bullish,4537.479,,,,,,,,,,,,,,,,,,,,,,,,,,,,,
400,2026-05-04T10:20:00+00:00,SWEEP,bullish,4534.105,,,,,,,,,,,,,,,,,,,,,,,,,,,,,
424,2026-05-04T12:20:00+00:00,SWEEP,bearish,4574.642,,,,,,,,,,,,,,,,,,,,,,,,,,,,,
446,2026-05-04T14:10:00+00:00,SWEEP,bullish,4553.518,,,,,,,,,,,,,,,,,,,,,,,,,,,,,
452,2026-05-04T14:40:00+00:00,SWEEP,bearish,4582.172,,,,,,,,,,,,,,,,,,,,,,,,,,,,,
466,2026-05-04T15:50:00+00:00,SWEEP,bullish,4514.071,,,,,,,,,,,,,,,,,,,,,,,,,,,,,
470,2026-05-04T16:10:00+00:00,SWEEP,bullish,4504.273,,,,,,,,,,,,,,,,,,,,,,,,,,,,,
511,2026-05-04T19:35:00+00:00,SWEEP,bearish,4525.757,,,,,,,,,,,,,,,,,,,,,,,,,,,,,
557,2026-05-05T00:25:00+00:00,SWEEP,bullish,4515.506,,,,,,,,,,,,,,,,,,,,,,,,,,,,,
562,2026-05-05T00:50:00+00:00,SWEEP,bearish,4528.559,,,,,,,,,,,,,,,,,,,,,,,,,,,,,
565,2026-05-05T01:05:00+00:00,SWEEP,bearish,4534.423,,,,,,,,,,,,,,,,,,,,,,,,,,,,,
567,2026-05-05T01:15:00+00:00,SWEEP,bearish,4539.36,,,,,,,,,,,,,,,,,,,,,,,,,,,,,
571,2026-05-05T01:35:00+00:00,SWEEP,bearish,4539.987,,,,,,,,,,,,,,,,,,,,,,,,,,,,,
576,2026-05-05T02:00:00+00:00,SWEEP,bearish,4542.133,,,,,,,,,,,,,,,,,,,,,,,,,,,,,
582,2026-05-05T02:30:00+00:00,SWEEP,bearish,4542.575,,,,,,,,,,,,,,,,,,,,,,,,,,,,,
585,2026-05-05T02:45:00+00:00,SWEEP,bearish,4545.91,,,,,,,,,,,,,,,,,,,,,,,,,,,,,
595,2026-05-05T03:35:00+00:00,OB_FORMED,bearish,,3.0,4537.306,4539.26,70.04,"{'body': 17.79, 'fvg': 1.2, 'sweep': 24.4, 'break': 1.65, 'ob_size': 15.0, 'adjacency': 10}",,,,,,,,,,,,,,,,,,,,,,,,
599,2026-05-05T03:55:00+00:00,SWEEP,bullish,4534.55,,,,,,,,,,,,,,,,,,,,,,,,,,,,,
604,2026-05-05T04:20:00+00:00,SWEEP,bullish,4530.513,,,,,,,,,,,,,,,,,,,,,,,,,,,,,
606,2026-05-05T04:30:00+00:00,SWEEP,bullish,4529.455,,,,,,,,,,,,,,,,,,,,,,,,,,,,,
613,2026-05-05T05:05:00+00:00,OB_TOUCH,,,3.0,,,,,100.0,,,,,,,,,,,,,,,,,,,,,,,
613,2026-05-05T05:05:00+00:00,OB_CROSSED_AFTER_TOUCH,,,3.0,,,,,100.0,,,,,,,,,,,,,,,,,,,,,,,
614,2026-05-05T05:10:00+00:00,OB_CROSSED_AFTER_TOUCH,,,3.0,,,,,100.0,,,,,,,,,,,,,,,,,,,,,,,
615,2026-05-05T05:15:00+00:00,WAIT_MTF_CONTEXT,,,3.0,,,,,,neutral,neutral,neutral,0.0,,,,,,,,,,,,,,,,,,,
616,2026-05-05T05:20:00+00:00,WAIT_MTF_CONTEXT,,,3.0,,,,,,neutral,neutral,neutral,0.0,,,,,,,,,,,,,,,,,,,
617,2026-05-05T05:25:00+00:00,OB_CROSSED_AFTER_TOUCH,,,3.0,,,,,100.0,,,,,,,,,,,,,,,,,,,,,,,
618,2026-05-05T05:30:00+00:00,OB_CROSSED_AFTER_TOUCH,,,3.0,,,,,100.0,,,,,,,,,,,,,,,,,,,,,,,
619,2026-05-05T05:35:00+00:00,OB_CROSSED_AFTER_TOUCH,,,3.0,,,,,100.0,,,,,,,,,,,,,,,,,,,,,,,
620,2026-05-05T05:40:00+00:00,SWEEP,bearish,4550.979,,,,,,,,,,,,,,,,,,,,,,,,,,,,,
620,2026-05-05T05:40:00+00:00,OB_CROSSED_AFTER_TOUCH,,,3.0,,,,,100.0,,,,,,,,,,,,,,,,,,,,,,,
621,2026-05-05T05:45:00+00:00,OB_CROSSED_AFTER_TOUCH,,,3.0,,,,,100.0,,,,,,,,,,,,,,,,,,,,,,,
622,2026-05-05T05:50:00+00:00,OB_CROSSED_AFTER_TOUCH,,,3.0,,,,,100.0,,,,,,,,,,,,,,,,,,,,,,,
623,2026-05-05T05:55:00+00:00,OB_CROSSED_AFTER_TOUCH,,,3.0,,,,,100.0,,,,,,,,,,,,,,,,,,,,,,,
624,2026-05-05T06:00:00+00:00,SWEEP,bearish,4551.766,,,,,,,,,,,,,,,,,,,,,,,,,,,,,
624,2026-05-05T06:00:00+00:00,OB_CROSSED_AFTER_TOUCH,,,3.0,,,,,100.0,,,,,,,,,,,,,,,,,,,,,,,
625,2026-05-05T06:05:00+00:00,OB_CROSSED_AFTER_TOUCH,,,3.0,,,,,100.0,,,,,,,,,,,,,,,,,,,,,,,
626,2026-05-05T06:10:00+00:00,OB_CROSSED_AFTER_TOUCH,,,3.0,,,,,100.0,,,,,,,,,,,,,,,,,,,,,,,
627,2026-05-05T06:15:00+00:00,WAIT_MTF_CONTEXT,,,3.0,,,,,,neutral,neutral,neutral,0.0,,,,,,,,,,,,,,,,,,,
628,2026-05-05T06:20:00+00:00,WAIT_MTF_CONTEXT,,,3.0,,,,,,neutral,neutral,neutral,0.0,,,,,,,,,,,,,,,,,,,
629,2026-05-05T06:25:00+00:00,WAIT_MTF_CONTEXT,,,3.0,,,,,,neutral,neutral,neutral,0.0,,,,,,,,,,,,,,,,,,,
630,2026-05-05T06:30:00+00:00,OB_CROSSED_AFTER_TOUCH,,,3.0,,,,,100.0,,,,,,,,,,,,,,,,,,,,,,,
631,2026-05-05T06:35:00+00:00,OB_CROSSED_AFTER_TOUCH,,,3.0,,,,,100.0,,,,,,,,,,,,,,,,,,,,,,,
632,2026-05-05T06:40:00+00:00,OB_CROSSED_AFTER_TOUCH,,,3.0,,,,,100.0,,,,,,,,,,,,,,,,,,,,,,,
633,2026-05-05T06:45:00+00:00,OB_CROSSED_AFTER_TOUCH,,,3.0,,,,,100.0,,,,,,,,,,,,,,,,,,,,,,,
634,2026-05-05T06:50:00+00:00,OB_CROSSED_AFTER_TOUCH,,,3.0,,,,,100.0,,,,,,,,,,,,,,,,,,,,,,,
635,2026-05-05T06:55:00+00:00,OB_CROSSED_AFTER_TOUCH,,,3.0,,,,,100.0,,,,,,,,,,,,,,,,,,,,,,,
636,2026-05-05T07:00:00+00:00,OB_CROSSED_AFTER_TOUCH,,,3.0,,,,,100.0,,,,,,,,,,,,,,,,,,,,,,,
637,2026-05-05T07:05:00+00:00,SWEEP,bearish,4554.218,,,,,,,,,,,,,,,,,,,,,,,,,,,,,
637,2026-05-05T07:05:00+00:00,OB_CROSSED_AFTER_TOUCH,,,3.0,,,,,100.0,,,,,,,,,,,,,,,,,,,,,,,
638,2026-05-05T07:10:00+00:00,SWEEP,bearish,4554.678,,,,,,,,,,,,,,,,,,,,,,,,,,,,,
638,2026-05-05T07:10:00+00:00,OB_CROSSED_AFTER_TOUCH,,,3.0,,,,,100.0,,,,,,,,,,,,,,,,,,,,,,,
639,2026-05-05T07:15:00+00:00,SWEEP,bearish,4555.212,,,,,,,,,,,,,,,,,,,,,,,,,,,,,
639,2026-05-05T07:15:00+00:00,OB_CROSSED_AFTER_TOUCH,,,3.0,,,,,100.0,,,,,,,,,,,,,,,,,,,,,,,
640,2026-05-05T07:20:00+00:00,OB_CROSSED_AFTER_TOUCH,,,3.0,,,,,100.0,,,,,,,,,,,,,,,,,,,,,,,
641,2026-05-05T07:25:00+00:00,OB_CROSSED_AFTER_TOUCH,,,3.0,,,,,100.0,,,,,,,,,,,,,,,,,,,,,,,
642,2026-05-05T07:30:00+00:00,OB_CROSSED_AFTER_TOUCH,,,3.0,,,,,100.0,,,,,,,,,,,,,,,,,,,,,,,
643,2026-05-05T07:35:00+00:00,SWEEP,bearish,4555.604,,,,,,,,,,,,,,,,,,,,,,,,,,,,,
643,2026-05-05T07:35:00+00:00,OB_CROSSED_AFTER_TOUCH,,,3.0,,,,,100.0,,,,,,,,,,,,,,,,,,,,,,,
644,2026-05-05T07:40:00+00:00,OB_CROSSED_AFTER_TOUCH,,,3.0,,,,,100.0,,,,,,,,,,,,,,,,,,,,,,,
645,2026-05-05T07:45:00+00:00,OB_CROSSED_AFTER_TOUCH,,,3.0,,,,,100.0,,,,,,,,,,,,,,,,,,,,,,,
646,2026-05-05T07:50:00+00:00,OB_CROSSED_AFTER_TOUCH,,,3.0,,,,,100.0,,,,,,,,,,,,,,,,,,,,,,,
647,2026-05-05T07:55:00+00:00,OB_CROSSED_AFTER_TOUCH,,,3.0,,,,,100.0,,,,,,,,,,,,,,,,,,,,,,,
648,2026-05-05T08:00:00+00:00,OB_CROSSED_AFTER_TOUCH,,,3.0,,,,,100.0,,,,,,,,,,,,,,,,,,,,,,,
649,2026-05-05T08:05:00+00:00,OB_CROSSED_AFTER_TOUCH,,,3.0,,,,,100.0,,,,,,,,,,,,,,,,,,,,,,,
650,2026-05-05T08:10:00+00:00,OB_CROSSED_AFTER_TOUCH,,,3.0,,,,,100.0,,,,,,,,,,,,,,,,,,,,,,,
651,2026-05-05T08:15:00+00:00,OB_CROSSED_AFTER_TOUCH,,,3.0,,,,,100.0,,,,,,,,,,,,,,,,,,,,,,,
652,2026-05-05T08:20:00+00:00,OB_CROSSED_AFTER_TOUCH,,,3.0,,,,,100.0,,,,,,,,,,,,,,,,,,,,,,,
653,2026-05-05T08:25:00+00:00,OB_CROSSED_AFTER_TOUCH,,,3.0,,,,,100.0,,,,,,,,,,,,,,,,,,,,,,,
654,2026-05-05T08:30:00+00:00,OB_CROSSED_AFTER_TOUCH,,,3.0,,,,,100.0,,,,,,,,,,,,,,,,,,,,,,,
655,2026-05-05T08:35:00+00:00,OB_CROSSED_AFTER_TOUCH,,,3.0,,,,,100.0,,,,,,,,,,,,,,,,,,,,,,,
656,2026-05-05T08:40:00+00:00,OB_CROSSED_AFTER_TOUCH,,,3.0,,,,,100.0,,,,,,,,,,,,,,,,,,,,,,,
657,2026-05-05T08:45:00+00:00,OB_CROSSED_AFTER_TOUCH,,,3.0,,,,,100.0,,,,,,,,,,,,,,,,,,,,,,,
658,2026-05-05T08:50:00+00:00,OB_CROSSED_AFTER_TOUCH,,,3.0,,,,,100.0,,,,,,,,,,,,,,,,,,,,,,,
659,2026-05-05T08:55:00+00:00,SWEEP,bearish,4558.4,,,,,,,,,,,,,,,,,,,,,,,,,,,,,
659,2026-05-05T08:55:00+00:00,OB_CROSSED_AFTER_TOUCH,,,3.0,,,,,100.0,,,,,,,,,,,,,,,,,,,,,,,
660,2026-05-05T09:00:00+00:00,OB_CROSSED_AFTER_TOUCH,,,3.0,,,,,100.0,,,,,,,,,,,,,,,,,,,,,,,
661,2026-05-05T09:05:00+00:00,SWEEP,bearish,4559.54,,,,,,,,,,,,,,,,,,,,,,,,,,,,,
661,2026-05-05T09:05:00+00:00,OB_CROSSED_AFTER_TOUCH,,,3.0,,,,,100.0,,,,,,,,,,,,,,,,,,,,,,,
662,2026-05-05T09:10:00+00:00,OB_CROSSED_AFTER_TOUCH,,,3.0,,,,,100.0,,,,,,,,,,,,,,,,,,,,,,,
663,2026-05-05T09:15:00+00:00,OB_CROSSED_AFTER_TOUCH,,,3.0,,,,,100.0,,,,,,,,,,,,,,,,,,,,,,,
664,2026-05-05T09:20:00+00:00,OB_CROSSED_AFTER_TOUCH,,,3.0,,,,,100.0,,,,,,,,,,,,,,,,,,,,,,,
665,2026-05-05T09:25:00+00:00,OB_CROSSED_AFTER_TOUCH,,,3.0,,,,,100.0,,,,,,,,,,,,,,,,,,,,,,,
666,2026-05-05T09:30:00+00:00,OB_CROSSED_AFTER_TOUCH,,,3.0,,,,,100.0,,,,,,,,,,,,,,,,,,,,,,,
667,2026-05-05T09:35:00+00:00,OB_CROSSED_AFTER_TOUCH,,,3.0,,,,,100.0,,,,,,,,,,,,,,,,,,,,,,,
668,2026-05-05T09:40:00+00:00,OB_CROSSED_AFTER_TOUCH,,,3.0,,,,,100.0,,,,,,,,,,,,,,,,,,,,,,,
669,2026-05-05T09:45:00+00:00,OB_CROSSED_AFTER_TOUCH,,,3.0,,,,,100.0,,,,,,,,,,,,,,,,,,,,,,,
670,2026-05-05T09:50:00+00:00,OB_CROSSED_AFTER_TOUCH,,,3.0,,,,,100.0,,,,,,,,,,,,,,,,,,,,,,,
671,2026-05-05T09:55:00+00:00,OB_CROSSED_AFTER_TOUCH,,,3.0,,,,,100.0,,,,,,,,,,,,,,,,,,,,,,,
672,2026-05-05T10:00:00+00:00,OB_CROSSED_AFTER_TOUCH,,,3.0,,,,,100.0,,,,,,,,,,,,,,,,,,,,,,,
673,2026-05-05T10:05:00+00:00,OB_CROSSED_AFTER_TOUCH,,,3.0,,,,,100.0,,,,,,,,,,,,,,,,,,,,,,,
674,2026-05-05T10:10:00+00:00,OB_CROSSED_AFTER_TOUCH,,,3.0,,,,,100.0,,,,,,,,,,,,,,,,,,,,,,,
675,2026-05-05T10:15:00+00:00,OB_CROSSED_AFTER_TOUCH,,,3.0,,,,,100.0,,,,,,,,,,,,,,,,,,,,,,,
676,2026-05-05T10:20:00+00:00,OB_CROSSED_AFTER_TOUCH,,,3.0,,,,,100.0,,,,,,,,,,,,,,,,,,,,,,,
677,2026-05-05T10:25:00+00:00,OB_CROSSED_AFTER_TOUCH,,,3.0,,,,,100.0,,,,,,,,,,,,,,,,,,,,,,,
678,2026-05-05T10:30:00+00:00,OB_CROSSED_AFTER_TOUCH,,,3.0,,,,,100.0,,,,,,,,,,,,,,,,,,,,,,,
679,2026-05-05T10:35:00+00:00,OB_CROSSED_AFTER_TOUCH,,,3.0,,,,,100.0,,,,,,,,,,,,,,,,,,,,,,,
680,2026-05-05T10:40:00+00:00,OB_CROSSED_AFTER_TOUCH,,,3.0,,,,,100.0,,,,,,,,,,,,,,,,,,,,,,,
681,2026-05-05T10:45:00+00:00,SWEEP,bullish,4544.407,,,,,,,,,,,,,,,,,,,,,,,,,,,,,
681,2026-05-05T10:45:00+00:00,OB_CROSSED_AFTER_TOUCH,,,3.0,,,,,100.0,,,,,,,,,,,,,,,,,,,,,,,
682,2026-05-05T10:50:00+00:00,OB_CROSSED_AFTER_TOUCH,,,3.0,,,,,100.0,,,,,,,,,,,,,,,,,,,,,,,
683,2026-05-05T10:55:00+00:00,OB_CROSSED_AFTER_TOUCH,,,3.0,,,,,100.0,,,,,,,,,,,,,,,,,,,,,,,
684,2026-05-05T11:00:00+00:00,SWEEP,bullish,4540.094,,,,,,,,,,,,,,,,,,,,,,,,,,,,,
684,2026-05-05T11:00:00+00:00,OB_CROSSED_AFTER_TOUCH,,,3.0,,,,,100.0,,,,,,,,,,,,,,,,,,,,,,,
685,2026-05-05T11:05:00+00:00,OB_CROSSED_AFTER_TOUCH,,,3.0,,,,,100.0,,,,,,,,,,,,,,,,,,,,,,,
686,2026-05-05T11:10:00+00:00,OB_CROSSED_AFTER_TOUCH,,,3.0,,,,,100.0,,,,,,,,,,,,,,,,,,,,,,,
687,2026-05-05T11:15:00+00:00,OB_CROSSED_AFTER_TOUCH,,,3.0,,,,,100.0,,,,,,,,,,,,,,,,,,,,,,,
688,2026-05-05T11:20:00+00:00,OB_CROSSED_AFTER_TOUCH,,,3.0,,,,,100.0,,,,,,,,,,,,,,,,,,,,,,,
689,2026-05-05T11:25:00+00:00,SWEEP,bearish,4557.314,,,,,,,,,,,,,,,,,,,,,,,,,,,,,
689,2026-05-05T11:25:00+00:00,OB_CROSSED_AFTER_TOUCH,,,3.0,,,,,100.0,,,,,,,,,,,,,,,,,,,,,,,
690,2026-05-05T11:30:00+00:00,SWEEP,bearish,4557.671,,,,,,,,,,,,,,,,,,,,,,,,,,,,,
690,2026-05-05T11:30:00+00:00,OB_CROSSED_AFTER_TOUCH,,,3.0,,,,,100.0,,,,,,,,,,,,,,,,,,,,,,,
691,2026-05-05T11:35:00+00:00,SWEEP,bearish,4558.738,,,,,,,,,,,,,,,,,,,,,,,,,,,,,
691,2026-05-05T11:35:00+00:00,OB_CROSSED_AFTER_TOUCH,,,3.0,,,,,100.0,,,,,,,,,,,,,,,,,,,,,,,
692,2026-05-05T11:40:00+00:00,OB_CROSSED_AFTER_TOUCH,,,3.0,,,,,100.0,,,,,,,,,,,,,,,,,,,,,,,
693,2026-05-05T11:45:00+00:00,SWEEP,bearish,4564.612,,,,,,,,,,,,,,,,,,,,,,,,,,,,,
693,2026-05-05T11:45:00+00:00,OB_CROSSED_AFTER_TOUCH,,,3.0,,,,,100.0,,,,,,,,,,,,,,,,,,,,,,,
694,2026-05-05T11:50:00+00:00,OB_CROSSED_AFTER_TOUCH,,,3.0,,,,,100.0,,,,,,,,,,,,,,,,,,,,,,,
695,2026-05-05T11:55:00+00:00,OB_CROSSED_AFTER_TOUCH,,,3.0,,,,,100.0,,,,,,,,,,,,,,,,,,,,,,,
696,2026-05-05T12:00:00+00:00,OB_EXPIRED,,,3.0,,,,,,,,,,101.0,,,,,,,,,,,,,,,,,,
698,2026-05-05T12:10:00+00:00,SWEEP,bearish,4564.93,,,,,,,,,,,,,,,,,,,,,,,,,,,,,
702,2026-05-05T12:30:00+00:00,SWEEP,bearish,4574.142,,,,,,,,,,,,,,,,,,,,,,,,,,,,,
708,2026-05-05T13:00:00+00:00,SWEEP,bearish,4574.721,,,,,,,,,,,,,,,,,,,,,,,,,,,,,
710,2026-05-05T13:10:00+00:00,SWEEP,bearish,4580.503,,,,,,,,,,,,,,,,,,,,,,,,,,,,,
711,2026-05-05T13:15:00+00:00,SWEEP,bearish,4581.119,,,,,,,,,,,,,,,,,,,,,,,,,,,,,
725,2026-05-05T14:25:00+00:00,SWEEP,bearish,4584.982,,,,,,,,,,,,,,,,,,,,,,,,,,,,,
745,2026-05-05T16:05:00+00:00,SWEEP,bullish,4564.393,,,,,,,,,,,,,,,,,,,,,,,,,,,,,
746,2026-05-05T16:10:00+00:00,SWEEP,bullish,4562.567,,,,,,,,,,,,,,,,,,,,,,,,,,,,,
750,2026-05-05T16:30:00+00:00,SWEEP,bullish,4555.994,,,,,,,,,,,,,,,,,,,,,,,,,,,,,
757,2026-05-05T17:05:00+00:00,SWEEP,bullish,4553.662,,,,,,,,,,,,,,,,,,,,,,,,,,,,,
758,2026-05-05T17:10:00+00:00,SWEEP,bullish,4553.215,,,,,,,,,,,,,,,,,,,,,,,,,,,,,
771,2026-05-05T18:15:00+00:00,SWEEP,bearish,4564.888,,,,,,,,,,,,,,,,,,,,,,,,,,,,,
777,2026-05-05T18:45:00+00:00,SWEEP,bearish,4565.382,,,,,,,,,,,,,,,,,,,,,,,,,,,,,
783,2026-05-05T19:15:00+00:00,SWEEP,bullish,4556.782,,,,,,,,,,,,,,,,,,,,,,,,,,,,,
789,2026-05-05T19:45:00+00:00,SWEEP,bullish,4555.034,,,,,,,,,,,,,,,,,,,,,,,,,,,,,
791,2026-05-05T19:55:00+00:00,SWEEP,bullish,4554.044,,,,,,,,,,,,,,,,,,,,,,,,,,,,,
795,2026-05-05T20:15:00+00:00,OB_FORMED,bullish,,4.0,4555.909,4557.79,68.58,"{'body': 17.47, 'fvg': 7.19, 'sweep': 17.28, 'break': 1.64, 'ob_size': 15.0, 'adjacency': 10}",,,,,,,,,,,,,,,,,,,,,,,,
798,2026-05-05T20:30:00+00:00,OB_TOUCH,,,4.0,,,,,0.0,,,,,,,,,,,,,,,,,,,,,,,
798,2026-05-05T20:30:00+00:00,WAIT_MTF_CONTEXT,,,4.0,,,,,,neutral,neutral,neutral,0.0,,,,,,,,,,,,,,,,,,,
799,2026-05-05T20:35:00+00:00,WAIT_MTF_CONTEXT,,,4.0,,,,,,neutral,neutral,neutral,0.0,,,,,,,,,,,,,,,,,,,
800,2026-05-05T20:40:00+00:00,OB_CROSSED_AFTER_TOUCH,,,4.0,,,,,100.0,,,,,,,,,,,,,,,,,,,,,,,
801,2026-05-05T20:45:00+00:00,WAIT_MTF_CONTEXT,,,4.0,,,,,,neutral,neutral,neutral,0.0,,,,,,,,,,,,,,,,,,,
802,2026-05-05T20:50:00+00:00,OB_CROSSED_AFTER_TOUCH,,,4.0,,,,,100.0,,,,,,,,,,,,,,,,,,,,,,,
803,2026-05-05T20:55:00+00:00,WAIT_MTF_CONTEXT,,,4.0,,,,,,neutral,neutral,neutral,0.0,,,,,,,,,,,,,,,,,,,
804,2026-05-05T22:00:00+00:00,SWEEP,bullish,4551.557,,,,,,,,,,,,,,,,,,,,,,,,,,,,,
804,2026-05-05T22:00:00+00:00,OB_CROSSED_AFTER_TOUCH,,,4.0,,,,,100.0,,,,,,,,,,,,,,,,,,,,,,,
805,2026-05-05T22:05:00+00:00,SWEEP,bullish,4550.236,,,,,,,,,,,,,,,,,,,,,,,,,,,,,
805,2026-05-05T22:05:00+00:00,OB_CROSSED_AFTER_TOUCH,,,4.0,,,,,100.0,,,,,,,,,,,,,,,,,,,,,,,
806,2026-05-05T22:10:00+00:00,OB_CROSSED_AFTER_TOUCH,,,4.0,,,,,100.0,,,,,,,,,,,,,,,,,,,,,,,
807,2026-05-05T22:15:00+00:00,OB_CROSSED_AFTER_TOUCH,,,4.0,,,,,100.0,,,,,,,,,,,,,,,,,,,,,,,
808,2026-05-05T22:20:00+00:00,SWEEP,bullish,4548.309,,,,,,,,,,,,,,,,,,,,,,,,,,,,,
808,2026-05-05T22:20:00+00:00,OB_CROSSED_AFTER_TOUCH,,,4.0,,,,,100.0,,,,,,,,,,,,,,,,,,,,,,,
809,2026-05-05T22:25:00+00:00,OB_CROSSED_AFTER_TOUCH,,,4.0,,,,,100.0,,,,,,,,,,,,,,,,,,,,,,,
810,2026-05-05T22:30:00+00:00,SWEEP,bullish,4546.473,,,,,,,,,,,,,,,,,,,,,,,,,,,,,
810,2026-05-05T22:30:00+00:00,OB_CROSSED_AFTER_TOUCH,,,4.0,,,,,100.0,,,,,,,,,,,,,,,,,,,,,,,
811,2026-05-05T22:35:00+00:00,OB_CROSSED_AFTER_TOUCH,,,4.0,,,,,100.0,,,,,,,,,,,,,,,,,,,,,,,
812,2026-05-05T22:40:00+00:00,OB_CROSSED_AFTER_TOUCH,,,4.0,,,,,100.0,,,,,,,,,,,,,,,,,,,,,,,
813,2026-05-05T22:45:00+00:00,OB_CROSSED_AFTER_TOUCH,,,4.0,,,,,100.0,,,,,,,,,,,,,,,,,,,,,,,
814,2026-05-05T22:50:00+00:00,WAIT_MTF_CONTEXT,,,4.0,,,,,,neutral,neutral,neutral,0.0,,,,,,,,,,,,,,,,,,,
813,2026-05-05T22:45:00+00:00,OB_FORMED,bullish,,5.0,4546.988,4548.651,100.0,"{'body': 20.55, 'fvg': 25.73, 'sweep': 22.2, 'break': 15.68, 'ob_size': 15.0, 'adjacency': 10}",,,,,,,,,,,,,,,,,,,,,,,,
815,2026-05-05T22:55:00+00:00,WAIT_MTF_CONTEXT,,,4.0,,,,,,neutral,neutral,neutral,0.0,,,,,,,,,,,,,,,,,,,
816,2026-05-05T23:00:00+00:00,WAIT_MTF_CONTEXT,,,4.0,,,,,,neutral,neutral,neutral,0.0,,,,,,,,,,,,,,,,,,,
817,2026-05-05T23:05:00+00:00,WAIT_MTF_CONTEXT,,,4.0,,,,,,neutral,neutral,neutral,0.0,,,,,,,,,,,,,,,,,,,
818,2026-05-05T23:10:00+00:00,WAIT_MTF_CONTEXT,,,4.0,,,,,,neutral,neutral,neutral,0.0,,,,,,,,,,,,,,,,,,,
819,2026-05-05T23:15:00+00:00,WAIT_MTF_CONTEXT,,,4.0,,,,,,neutral,neutral,neutral,0.0,,,,,,,,,,,,,,,,,,,
820,2026-05-05T23:20:00+00:00,WAIT_MTF_CONTEXT,,,4.0,,,,,,neutral,neutral,neutral,0.0,,,,,,,,,,,,,,,,,,,
821,2026-05-05T23:25:00+00:00,WAIT_MTF_CONTEXT,,,4.0,,,,,,neutral,neutral,neutral,0.0,,,,,,,,,,,,,,,,,,,
822,2026-05-05T23:30:00+00:00,WAIT_MTF_CONTEXT,,,4.0,,,,,,neutral,neutral,neutral,0.0,,,,,,,,,,,,,,,,,,,
823,2026-05-05T23:35:00+00:00,WAIT_MTF_CONTEXT,,,4.0,,,,,,neutral,neutral,neutral,0.0,,,,,,,,,,,,,,,,,,,
824,2026-05-05T23:40:00+00:00,WAIT_MTF_CONTEXT,,,4.0,,,,,,neutral,neutral,neutral,0.0,,,,,,,,,,,,,,,,,,,
825,2026-05-05T23:45:00+00:00,WAIT_MTF_CONTEXT,,,4.0,,,,,,neutral,neutral,neutral,0.0,,,,,,,,,,,,,,,,,,,
826,2026-05-05T23:50:00+00:00,SWEEP,bearish,4593.943,,,,,,,,,,,,,,,,,,,,,,,,,,,,,
826,2026-05-05T23:50:00+00:00,WAIT_MTF_CONTEXT,,,4.0,,,,,,neutral,neutral,neutral,0.0,,,,,,,,,,,,,,,,,,,
827,2026-05-05T23:55:00+00:00,SWEEP,bearish,4594.851,,,,,,,,,,,,,,,,,,,,,,,,,,,,,
827,2026-05-05T23:55:00+00:00,WAIT_MTF_CONTEXT,,,4.0,,,,,,neutral,neutral,neutral,0.0,,,,,,,,,,,,,,,,,,,
828,2026-05-06T00:00:00+00:00,SWEEP,bearish,4595.722,,,,,,,,,,,,,,,,,,,,,,,,,,,,,
828,2026-05-06T00:00:00+00:00,WAIT_MTF_CONTEXT,,,4.0,,,,,,neutral,neutral,neutral,0.0,,,,,,,,,,,,,,,,,,,
829,2026-05-06T00:05:00+00:00,WAIT_MTF_CONTEXT,,,4.0,,,,,,neutral,neutral,neutral,0.0,,,,,,,,,,,,,,,,,,,
830,2026-05-06T00:10:00+00:00,WAIT_MTF_CONTEXT,,,4.0,,,,,,neutral,neutral,neutral,0.0,,,,,,,,,,,,,,,,,,,
831,2026-05-06T00:15:00+00:00,WAIT_MTF_CONTEXT,,,4.0,,,,,,neutral,neutral,neutral,0.0,,,,,,,,,,,,,,,,,,,
832,2026-05-06T00:20:00+00:00,WAIT_MTF_CONTEXT,,,4.0,,,,,,neutral,neutral,neutral,0.0,,,,,,,,,,,,,,,,,,,
833,2026-05-06T00:25:00+00:00,SWEEP,bearish,4602.753,,,,,,,,,,,,,,,,,,,,,,,,,,,,,
833,2026-05-06T00:25:00+00:00,WAIT_MTF_CONTEXT,,,4.0,,,,,,neutral,neutral,neutral,0.0,,,,,,,,,,,,,,,,,,,
834,2026-05-06T00:30:00+00:00,WAIT_MTF_CONTEXT,,,4.0,,,,,,neutral,neutral,neutral,0.0,,,,,,,,,,,,,,,,,,,
835,2026-05-06T00:35:00+00:00,SWEEP,bearish,4608.889,,,,,,,,,,,,,,,,,,,,,,,,,,,,,
835,2026-05-06T00:35:00+00:00,WAIT_MTF_CONTEXT,,,4.0,,,,,,neutral,neutral,neutral,0.0,,,,,,,,,,,,,,,,,,,
836,2026-05-06T00:40:00+00:00,SWEEP,bearish,4610.36,,,,,,,,,,,,,,,,,,,,,,,,,,,,,
836,2026-05-06T00:40:00+00:00,WAIT_MTF_CONTEXT,,,4.0,,,,,,neutral,neutral,neutral,0.0,,,,,,,,,,,,,,,,,,,
837,2026-05-06T00:45:00+00:00,WAIT_MTF_CONTEXT,,,4.0,,,,,,neutral,neutral,neutral,0.0,,,,,,,,,,,,,,,,,,,
838,2026-05-06T00:50:00+00:00,SWEEP,bearish,4611.26,,,,,,,,,,,,,,,,,,,,,,,,,,,,,
838,2026-05-06T00:50:00+00:00,WAIT_MTF_CONTEXT,,,4.0,,,,,,neutral,neutral,neutral,0.0,,,,,,,,,,,,,,,,,,,
839,2026-05-06T00:55:00+00:00,WAIT_MTF_CONTEXT,,,4.0,,,,,,neutral,neutral,neutral,0.0,,,,,,,,,,,,,,,,,,,
840,2026-05-06T01:00:00+00:00,SWEEP,bearish,4620.04,,,,,,,,,,,,,,,,,,,,,,,,,,,,,
840,2026-05-06T01:00:00+00:00,WAIT_MTF_CONTEXT,,,4.0,,,,,,neutral,neutral,neutral,0.0,,,,,,,,,,,,,,,,,,,
841,2026-05-06T01:05:00+00:00,WAIT_MTF_CONTEXT,,,4.0,,,,,,neutral,neutral,neutral,0.0,,,,,,,,,,,,,,,,,,,
842,2026-05-06T01:10:00+00:00,WAIT_MTF_CONTEXT,,,4.0,,,,,,neutral,neutral,neutral,0.0,,,,,,,,,,,,,,,,,,,
843,2026-05-06T01:15:00+00:00,WAIT_MTF_CONTEXT,,,4.0,,,,,,neutral,neutral,neutral,0.0,,,,,,,,,,,,,,,,,,,
844,2026-05-06T01:20:00+00:00,WAIT_MTF_CONTEXT,,,4.0,,,,,,neutral,neutral,neutral,0.0,,,,,,,,,,,,,,,,,,,
845,2026-05-06T01:25:00+00:00,WAIT_MTF_CONTEXT,,,4.0,,,,,,neutral,neutral,neutral,0.0,,,,,,,,,,,,,,,,,,,
846,2026-05-06T01:30:00+00:00,SWEEP,bearish,4625.635,,,,,,,,,,,,,,,,,,,,,,,,,,,,,
846,2026-05-06T01:30:00+00:00,WAIT_MTF_CONTEXT,,,4.0,,,,,,neutral,neutral,neutral,0.0,,,,,,,,,,,,,,,,,,,
847,2026-05-06T01:35:00+00:00,WAIT_MTF_CONTEXT,,,4.0,,,,,,neutral,neutral,neutral,0.0,,,,,,,,,,,,,,,,,,,
848,2026-05-06T01:40:00+00:00,WAIT_MTF_CONTEXT,,,4.0,,,,,,neutral,neutral,neutral,0.0,,,,,,,,,,,,,,,,,,,
849,2026-05-06T01:45:00+00:00,WAIT_MTF_CONTEXT,,,4.0,,,,,,neutral,neutral,neutral,0.0,,,,,,,,,,,,,,,,,,,
850,2026-05-06T01:50:00+00:00,WAIT_MTF_CONTEXT,,,4.0,,,,,,neutral,neutral,neutral,0.0,,,,,,,,,,,,,,,,,,,
851,2026-05-06T01:55:00+00:00,WAIT_MTF_CONTEXT,,,4.0,,,,,,neutral,neutral,neutral,0.0,,,,,,,,,,,,,,,,,,,
852,2026-05-06T02:00:00+00:00,SWEEP,bearish,4628.554,,,,,,,,,,,,,,,,,,,,,,,,,,,,,
852,2026-05-06T02:00:00+00:00,WAIT_MTF_CONTEXT,,,4.0,,,,,,neutral,neutral,neutral,0.0,,,,,,,,,,,,,,,,,,,
853,2026-05-06T02:05:00+00:00,WAIT_MTF_CONTEXT,,,4.0,,,,,,neutral,neutral,neutral,0.0,,,,,,,,,,,,,,,,,,,
854,2026-05-06T02:10:00+00:00,SWEEP,bearish,4633.58,,,,,,,,,,,,,,,,,,,,,,,,,,,,,
854,2026-05-06T02:10:00+00:00,WAIT_MTF_CONTEXT,,,4.0,,,,,,neutral,neutral,neutral,0.0,,,,,,,,,,,,,,,,,,,
855,2026-05-06T02:15:00+00:00,SWEEP,bearish,4634.136,,,,,,,,,,,,,,,,,,,,,,,,,,,,,
855,2026-05-06T02:15:00+00:00,WAIT_MTF_CONTEXT,,,4.0,,,,,,neutral,neutral,neutral,0.0,,,,,,,,,,,,,,,,,,,
856,2026-05-06T02:20:00+00:00,WAIT_MTF_CONTEXT,,,4.0,,,,,,neutral,neutral,neutral,0.0,,,,,,,,,,,,,,,,,,,
857,2026-05-06T02:25:00+00:00,WAIT_MTF_CONTEXT,,,4.0,,,,,,neutral,neutral,neutral,0.0,,,,,,,,,,,,,,,,,,,
858,2026-05-06T02:30:00+00:00,WAIT_MTF_CONTEXT,,,4.0,,,,,,neutral,neutral,neutral,0.0,,,,,,,,,,,,,,,,,,,
859,2026-05-06T02:35:00+00:00,WAIT_MTF_CONTEXT,,,4.0,,,,,,neutral,neutral,neutral,0.0,,,,,,,,,,,,,,,,,,,
860,2026-05-06T02:40:00+00:00,WAIT_MTF_CONTEXT,,,4.0,,,,,,neutral,neutral,neutral,0.0,,,,,,,,,,,,,,,,,,,
861,2026-05-06T02:45:00+00:00,SWEEP,bearish,4636.36,,,,,,,,,,,,,,,,,,,,,,,,,,,,,
861,2026-05-06T02:45:00+00:00,WAIT_MTF_CONTEXT,,,4.0,,,,,,neutral,neutral,neutral,0.0,,,,,,,,,,,,,,,,,,,
862,2026-05-06T02:50:00+00:00,SWEEP,bearish,4638.502,,,,,,,,,,,,,,,,,,,,,,,,,,,,,
862,2026-05-06T02:50:00+00:00,WAIT_MTF_CONTEXT,,,4.0,,,,,,neutral,neutral,neutral,0.0,,,,,,,,,,,,,,,,,,,
863,2026-05-06T02:55:00+00:00,WAIT_MTF_CONTEXT,,,4.0,,,,,,neutral,neutral,neutral,0.0,,,,,,,,,,,,,,,,,,,
864,2026-05-06T03:00:00+00:00,SWEEP,bearish,4641.871,,,,,,,,,,,,,,,,,,,,,,,,,,,,,
864,2026-05-06T03:00:00+00:00,WAIT_MTF_CONTEXT,,,4.0,,,,,,neutral,neutral,neutral,0.0,,,,,,,,,,,,,,,,,,,
865,2026-05-06T03:05:00+00:00,WAIT_MTF_CONTEXT,,,4.0,,,,,,neutral,neutral,neutral,0.0,,,,,,,,,,,,,,,,,,,
866,2026-05-06T03:10:00+00:00,WAIT_MTF_CONTEXT,,,4.0,,,,,,neutral,neutral,neutral,0.0,,,,,,,,,,,,,,,,,,,
867,2026-05-06T03:15:00+00:00,WAIT_MTF_CONTEXT,,,4.0,,,,,,neutral,neutral,neutral,0.0,,,,,,,,,,,,,,,,,,,
868,2026-05-06T03:20:00+00:00,SWEEP,bearish,4650.47,,,,,,,,,,,,,,,,,,,,,,,,,,,,,
868,2026-05-06T03:20:00+00:00,WAIT_MTF_CONTEXT,,,4.0,,,,,,neutral,neutral,neutral,0.0,,,,,,,,,,,,,,,,,,,
869,2026-05-06T03:25:00+00:00,WAIT_MTF_CONTEXT,,,4.0,,,,,,neutral,neutral,neutral,0.0,,,,,,,,,,,,,,,,,,,
870,2026-05-06T03:30:00+00:00,WAIT_MTF_CONTEXT,,,4.0,,,,,,neutral,neutral,neutral,0.0,,,,,,,,,,,,,,,,,,,
871,2026-05-06T03:35:00+00:00,WAIT_MTF_CONTEXT,,,4.0,,,,,,neutral,neutral,neutral,0.0,,,,,,,,,,,,,,,,,,,
872,2026-05-06T03:40:00+00:00,WAIT_MTF_CONTEXT,,,4.0,,,,,,neutral,neutral,neutral,0.0,,,,,,,,,,,,,,,,,,,
873,2026-05-06T03:45:00+00:00,WAIT_MTF_CONTEXT,,,4.0,,,,,,neutral,neutral,neutral,0.0,,,,,,,,,,,,,,,,,,,
874,2026-05-06T03:50:00+00:00,WAIT_MTF_CONTEXT,,,4.0,,,,,,neutral,neutral,neutral,0.0,,,,,,,,,,,,,,,,,,,
875,2026-05-06T03:55:00+00:00,WAIT_MTF_CONTEXT,,,4.0,,,,,,neutral,neutral,neutral,0.0,,,,,,,,,,,,,,,,,,,
876,2026-05-06T04:00:00+00:00,WAIT_MTF_CONTEXT,,,4.0,,,,,,neutral,neutral,neutral,0.0,,,,,,,,,,,,,,,,,,,
877,2026-05-06T04:05:00+00:00,WAIT_MTF_CONTEXT,,,4.0,,,,,,neutral,neutral,neutral,0.0,,,,,,,,,,,,,,,,,,,
878,2026-05-06T04:10:00+00:00,WAIT_MTF_CONTEXT,,,4.0,,,,,,neutral,neutral,neutral,0.0,,,,,,,,,,,,,,,,,,,
879,2026-05-06T04:15:00+00:00,WAIT_MTF_CONTEXT,,,4.0,,,,,,neutral,neutral,neutral,0.0,,,,,,,,,,,,,,,,,,,
880,2026-05-06T04:20:00+00:00,WAIT_MTF_CONTEXT,,,4.0,,,,,,neutral,neutral,neutral,0.0,,,,,,,,,,,,,,,,,,,
881,2026-05-06T04:25:00+00:00,WAIT_MTF_CONTEXT,,,4.0,,,,,,neutral,neutral,neutral,0.0,,,,,,,,,,,,,,,,,,,
882,2026-05-06T04:30:00+00:00,WAIT_MTF_CONTEXT,,,4.0,,,,,,neutral,neutral,neutral,0.0,,,,,,,,,,,,,,,,,,,
883,2026-05-06T04:35:00+00:00,WAIT_MTF_CONTEXT,,,4.0,,,,,,neutral,neutral,neutral,0.0,,,,,,,,,,,,,,,,,,,
884,2026-05-06T04:40:00+00:00,WAIT_MTF_CONTEXT,,,4.0,,,,,,neutral,neutral,neutral,0.0,,,,,,,,,,,,,,,,,,,
885,2026-05-06T04:45:00+00:00,WAIT_MTF_CONTEXT,,,4.0,,,,,,neutral,neutral,neutral,0.0,,,,,,,,,,,,,,,,,,,
886,2026-05-06T04:50:00+00:00,WAIT_MTF_CONTEXT,,,4.0,,,,,,neutral,neutral,neutral,0.0,,,,,,,,,,,,,,,,,,,
887,2026-05-06T04:55:00+00:00,WAIT_MTF_CONTEXT,,,4.0,,,,,,neutral,neutral,neutral,0.0,,,,,,,,,,,,,,,,,,,
888,2026-05-06T05:00:00+00:00,WAIT_MTF_CONTEXT,,,4.0,,,,,,neutral,neutral,neutral,0.0,,,,,,,,,,,,,,,,,,,
889,2026-05-06T05:05:00+00:00,WAIT_MTF_CONTEXT,,,4.0,,,,,,neutral,neutral,neutral,0.0,,,,,,,,,,,,,,,,,,,
890,2026-05-06T05:10:00+00:00,WAIT_MTF_CONTEXT,,,4.0,,,,,,neutral,neutral,neutral,0.0,,,,,,,,,,,,,,,,,,,
891,2026-05-06T05:15:00+00:00,WAIT_MTF_CONTEXT,,,4.0,,,,,,neutral,neutral,neutral,0.0,,,,,,,,,,,,,,,,,,,
892,2026-05-06T05:20:00+00:00,WAIT_MTF_CONTEXT,,,4.0,,,,,,neutral,neutral,neutral,0.0,,,,,,,,,,,,,,,,,,,
893,2026-05-06T05:25:00+00:00,WAIT_MTF_CONTEXT,,,4.0,,,,,,neutral,neutral,neutral,0.0,,,,,,,,,,,,,,,,,,,
894,2026-05-06T05:30:00+00:00,WAIT_MTF_CONTEXT,,,4.0,,,,,,neutral,neutral,neutral,0.0,,,,,,,,,,,,,,,,,,,
895,2026-05-06T05:35:00+00:00,WAIT_MTF_CONTEXT,,,4.0,,,,,,neutral,neutral,neutral,0.0,,,,,,,,,,,,,,,,,,,
896,2026-05-06T05:40:00+00:00,OB_EXPIRED,,,4.0,,,,,,,,,,101.0,,,,,,,,,,,,,,,,,,
900,2026-05-06T06:00:00+00:00,SWEEP,bearish,4663.884,,,,,,,,,,,,,,,,,,,,,,,,,,,,,
901,2026-05-06T06:05:00+00:00,SWEEP,bearish,4665.523,,,,,,,,,,,,,,,,,,,,,,,,,,,,,
906,2026-05-06T06:30:00+00:00,SWEEP,bearish,4666.733,,,,,,,,,,,,,,,,,,,,,,,,,,,,,
907,2026-05-06T06:35:00+00:00,SWEEP,bearish,4668.386,,,,,,,,,,,,,,,,,,,,,,,,,,,,,
912,2026-05-06T07:00:00+00:00,SWEEP,bearish,4669.629,,,,,,,,,,,,,,,,,,,,,,,,,,,,,
914,2026-05-06T07:10:00+00:00,OB_EXPIRED,,,5.0,,,,,,,,,,101.0,,,,,,,,,,,,,,,,,,
922,2026-05-06T07:50:00+00:00,SWEEP,bearish,4677.366,,,,,,,,,,,,,,,,,,,,,,,,,,,,,
924,2026-05-06T08:00:00+00:00,SWEEP,bearish,4681.798,,,,,,,,,,,,,,,,,,,,,,,,,,,,,
936,2026-05-06T09:00:00+00:00,SWEEP,bearish,4702.704,,,,,,,,,,,,,,,,,,,,,,,,,,,,,
973,2026-05-06T12:05:00+00:00,SWEEP,bullish,4681.016,,,,,,,,,,,,,,,,,,,,,,,,,,,,,
991,2026-05-06T13:35:00+00:00,SWEEP,bearish,4698.784,,,,,,,,,,,,,,,,,,,,,,,,,,,,,
996,2026-05-06T14:00:00+00:00,SWEEP,bearish,4707.736,,,,,,,,,,,,,,,,,,,,,,,,,,,,,
1014,2026-05-06T15:30:00+00:00,SWEEP,bullish,4693.221,,,,,,,,,,,,,,,,,,,,,,,,,,,,,
1016,2026-05-06T15:40:00+00:00,SWEEP,bullish,4691.346,,,,,,,,,,,,,,,,,,,,,,,,,,,,,
1031,2026-05-06T16:55:00+00:00,SWEEP,bullish,4681.228,,,,,,,,,,,,,,,,,,,,,,,,,,,,,
1040,2026-05-06T17:40:00+00:00,SWEEP,bullish,4679.175,,,,,,,,,,,,,,,,,,,,,,,,,,,,,
1077,2026-05-06T20:45:00+00:00,SWEEP,bullish,4688.765,,,,,,,,,,,,,,,,,,,,,,,,,,,,,
1084,2026-05-06T22:20:00+00:00,SWEEP,bearish,4699.578,,,,,,,,,,,,,,,,,,,,,,,,,,,,,
1104,2026-05-07T00:00:00+00:00,SWEEP,bearish,4699.744,,,,,,,,,,,,,,,,,,,,,,,,,,,,,
1105,2026-05-07T00:05:00+00:00,SWEEP,bullish,4690.024,,,,,,,,,,,,,,,,,,,,,,,,,,,,,
1106,2026-05-07T00:10:00+00:00,SWEEP,bearish,4700.694,,,,,,,,,,,,,,,,,,,,,,,,,,,,,
1108,2026-05-07T00:20:00+00:00,SWEEP,bearish,4700.969,,,,,,,,,,,,,,,,,,,,,,,,,,,,,
1110,2026-05-07T00:30:00+00:00,SWEEP,bullish,4689.795,,,,,,,,,,,,,,,,,,,,,,,,,,,,,
1115,2026-05-07T00:55:00+00:00,SWEEP,bullish,4685.844,,,,,,,,,,,,,,,,,,,,,,,,,,,,,
1116,2026-05-07T01:00:00+00:00,SWEEP,bullish,4685.401,,,,,,,,,,,,,,,,,,,,,,,,,,,,,
1124,2026-05-07T01:40:00+00:00,SWEEP,bearish,4716.359,,,,,,,,,,,,,,,,,,,,,,,,,,,,,
1126,2026-05-07T01:50:00+00:00,SWEEP,bearish,4720.025,,,,,,,,,,,,,,,,,,,,,,,,,,,,,
1159,2026-05-07T04:35:00+00:00,SWEEP,bullish,4693.39,,,,,,,,,,,,,,,,,,,,,,,,,,,,,
1170,2026-05-07T05:30:00+00:00,SWEEP,bearish,4704.88,,,,,,,,,,,,,,,,,,,,,,,,,,,,,
1171,2026-05-07T05:35:00+00:00,SWEEP,bearish,4705.797,,,,,,,,,,,,,,,,,,,,,,,,,,,,,
1168,2026-05-07T05:20:00+00:00,OB_FORMED,bullish,,6.0,4694.8,4697.732,87.06,"{'body': 14.75, 'fvg': 15.93, 'sweep': 25.0, 'break': 6.38, 'ob_size': 15.0, 'adjacency': 10}",,,,,,,,,,,,,,,,,,,,,,,,
1174,2026-05-07T05:50:00+00:00,SWEEP,bearish,4705.814,,,,,,,,,,,,,,,,,,,,,,,,,,,,,
1176,2026-05-07T06:00:00+00:00,SWEEP,bearish,4706.577,,,,,,,,,,,,,,,,,,,,,,,,,,,,,
1178,2026-05-07T06:10:00+00:00,SWEEP,bearish,4708.054,,,,,,,,,,,,,,,,,,,,,,,,,,,,,
1179,2026-05-07T06:15:00+00:00,SWEEP,bearish,4710.351,,,,,,,,,,,,,,,,,,,,,,,,,,,,,
1190,2026-05-07T07:10:00+00:00,SWEEP,bearish,4750.155,,,,,,,,,,,,,,,,,,,,,,,,,,,,,
1191,2026-05-07T07:15:00+00:00,SWEEP,bearish,4750.392,,,,,,,,,,,,,,,,,,,,,,,,,,,,,
1200,2026-05-07T08:00:00+00:00,SWEEP,bearish,4750.605,,,,,,,,,,,,,,,,,,,,,,,,,,,,,
1201,2026-05-07T08:05:00+00:00,SWEEP,bearish,4751.445,,,,,,,,,,,,,,,,,,,,,,,,,,,,,
1210,2026-05-07T08:50:00+00:00,SWEEP,bullish,4733.062,,,,,,,,,,,,,,,,,,,,,,,,,,,,,
1232,2026-05-07T10:40:00+00:00,SWEEP,bearish,4739.259,,,,,,,,,,,,,,,,,,,,,,,,,,,,,
1233,2026-05-07T10:45:00+00:00,SWEEP,bearish,4739.591,,,,,,,,,,,,,,,,,,,,,,,,,,,,,
1248,2026-05-07T12:00:00+00:00,SWEEP,bearish,4743.669,,,,,,,,,,,,,,,,,,,,,,,,,,,,,
1250,2026-05-07T12:10:00+00:00,SWEEP,bearish,4745.953,,,,,,,,,,,,,,,,,,,,,,,,,,,,,
1251,2026-05-07T12:15:00+00:00,SWEEP,bearish,4746.16,,,,,,,,,,,,,,,,,,,,,,,,,,,,,
1255,2026-05-07T12:35:00+00:00,SWEEP,bearish,4749.393,,,,,,,,,,,,,,,,,,,,,,,,,,,,,
1262,2026-05-07T13:10:00+00:00,SWEEP,bullish,4731.604,,,,,,,,,,,,,,,,,,,,,,,,,,,,,
1269,2026-05-07T13:45:00+00:00,OB_EXPIRED,,,6.0,,,,,,,,,,101.0,,,,,,,,,,,,,,,,,,
1277,2026-05-07T14:25:00+00:00,SWEEP,bearish,4758.103,,,,,,,,,,,,,,,,,,,,,,,,,,,,,
1284,2026-05-07T15:00:00+00:00,SWEEP,bearish,4763.382,,,,,,,,,,,,,,,,,,,,,,,,,,,,,
1289,2026-05-07T15:25:00+00:00,SWEEP,bullish,4737.301,,,,,,,,,,,,,,,,,,,,,,,,,,,,,
1295,2026-05-07T15:55:00+00:00,SWEEP,bullish,4728.657,,,,,,,,,,,,,,,,,,,,,,,,,,,,,
1352,2026-05-07T20:40:00+00:00,SWEEP,bullish,4697.672,,,,,,,,,,,,,,,,,,,,,,,,,,,,,
1357,2026-05-07T22:05:00+00:00,SWEEP,bullish,4686.305,,,,,,,,,,,,,,,,,,,,,,,,,,,,,
1364,2026-05-07T22:40:00+00:00,SWEEP,bullish,4686.063,,,,,,,,,,,,,,,,,,,,,,,,,,,,,
1366,2026-05-07T22:50:00+00:00,SWEEP,bullish,4682.522,,,,,,,,,,,,,,,,,,,,,,,,,,,,,
1376,2026-05-07T23:40:00+00:00,OB_FORMED,bullish,,7.0,4696.771,4699.056,68.7,"{'body': 14.58, 'fvg': 6.36, 'sweep': 19.64, 'break': 3.12, 'ob_size': 15.0, 'adjacency': 10}",,,,,,,,,,,,,,,,,,,,,,,,
1379,2026-05-07T23:55:00+00:00,SWEEP,bearish,4704.602,,,,,,,,,,,,,,,,,,,,,,,,,,,,,
1380,2026-05-08T00:00:00+00:00,SWEEP,bearish,4705.563,,,,,,,,,,,,,,,,,,,,,,,,,,,,,
1382,2026-05-08T00:10:00+00:00,SWEEP,bearish,4708.145,,,,,,,,,,,,,,,,,,,,,,,,,,,,,
1383,2026-05-08T00:15:00+00:00,OB_TOUCH,,,7.0,,,,,100.0,,,,,,,,,,,,,,,,,,,,,,,
1383,2026-05-08T00:15:00+00:00,OB_CROSSED_AFTER_TOUCH,,,7.0,,,,,100.0,,,,,,,,,,,,,,,,,,,,,,,
1384,2026-05-08T00:20:00+00:00,WAIT_MTF_CONTEXT,,,7.0,,,,,,neutral,neutral,neutral,0.0,,,,,,,,,,,,,,,,,,,
1385,2026-05-08T00:25:00+00:00,WAIT_MTF_CONTEXT,,,7.0,,,,,,neutral,neutral,neutral,0.0,,,,,,,,,,,,,,,,,,,
1386,2026-05-08T00:30:00+00:00,WAIT_MTF_CONTEXT,,,7.0,,,,,,neutral,neutral,neutral,0.0,,,,,,,,,,,,,,,,,,,
1387,2026-05-08T00:35:00+00:00,WAIT_MTF_CONTEXT,,,7.0,,,,,,neutral,neutral,neutral,0.0,,,,,,,,,,,,,,,,,,,
1388,2026-05-08T00:40:00+00:00,WAIT_MTF_CONTEXT,,,7.0,,,,,,neutral,neutral,neutral,0.0,,,,,,,,,,,,,,,,,,,
1389,2026-05-08T00:45:00+00:00,WAIT_MTF_CONTEXT,,,7.0,,,,,,neutral,neutral,neutral,0.0,,,,,,,,,,,,,,,,,,,
1390,2026-05-08T00:50:00+00:00,WAIT_MTF_CONTEXT,,,7.0,,,,,,neutral,neutral,neutral,0.0,,,,,,,,,,,,,,,,,,,
1391,2026-05-08T00:55:00+00:00,WAIT_MTF_CONTEXT,,,7.0,,,,,,neutral,neutral,neutral,0.0,,,,,,,,,,,,,,,,,,,
1392,2026-05-08T01:00:00+00:00,WAIT_MTF_CONTEXT,,,7.0,,,,,,neutral,neutral,neutral,0.0,,,,,,,,,,,,,,,,,,,
1393,2026-05-08T01:05:00+00:00,SWEEP,bearish,4715.56,,,,,,,,,,,,,,,,,,,,,,,,,,,,,
1393,2026-05-08T01:05:00+00:00,WAIT_MTF_CONTEXT,,,7.0,,,,,,neutral,neutral,neutral,0.0,,,,,,,,,,,,,,,,,,,
1394,2026-05-08T01:10:00+00:00,WAIT_MTF_CONTEXT,,,7.0,,,,,,neutral,neutral,neutral,0.0,,,,,,,,,,,,,,,,,,,
1395,2026-05-08T01:15:00+00:00,WAIT_MTF_CONTEXT,,,7.0,,,,,,neutral,neutral,neutral,0.0,,,,,,,,,,,,,,,,,,,
1396,2026-05-08T01:20:00+00:00,WAIT_MTF_CONTEXT,,,7.0,,,,,,neutral,neutral,neutral,0.0,,,,,,,,,,,,,,,,,,,
1397,2026-05-08T01:25:00+00:00,WAIT_MTF_CONTEXT,,,7.0,,,,,,neutral,neutral,neutral,0.0,,,,,,,,,,,,,,,,,,,
1398,2026-05-08T01:30:00+00:00,WAIT_MTF_CONTEXT,,,7.0,,,,,,neutral,neutral,neutral,0.0,,,,,,,,,,,,,,,,,,,
1399,2026-05-08T01:35:00+00:00,WAIT_MTF_CONTEXT,,,7.0,,,,,,neutral,neutral,neutral,0.0,,,,,,,,,,,,,,,,,,,
1400,2026-05-08T01:40:00+00:00,WAIT_MTF_CONTEXT,,,7.0,,,,,,neutral,neutral,neutral,0.0,,,,,,,,,,,,,,,,,,,
1401,2026-05-08T01:45:00+00:00,WAIT_MTF_CONTEXT,,,7.0,,,,,,neutral,neutral,neutral,0.0,,,,,,,,,,,,,,,,,,,
1402,2026-05-08T01:50:00+00:00,WAIT_MTF_CONTEXT,,,7.0,,,,,,neutral,neutral,neutral,0.0,,,,,,,,,,,,,,,,,,,
1403,2026-05-08T01:55:00+00:00,SWEEP,bearish,4723.414,,,,,,,,,,,,,,,,,,,,,,,,,,,,,
1403,2026-05-08T01:55:00+00:00,WAIT_MTF_CONTEXT,,,7.0,,,,,,neutral,neutral,neutral,0.0,,,,,,,,,,,,,,,,,,,
1404,2026-05-08T02:00:00+00:00,WAIT_MTF_CONTEXT,,,7.0,,,,,,neutral,neutral,neutral,0.0,,,,,,,,,,,,,,,,,,,
1405,2026-05-08T02:05:00+00:00,WAIT_MTF_CONTEXT,,,7.0,,,,,,neutral,neutral,neutral,0.0,,,,,,,,,,,,,,,,,,,
1406,2026-05-08T02:10:00+00:00,WAIT_MTF_CONTEXT,,,7.0,,,,,,neutral,neutral,neutral,0.0,,,,,,,,,,,,,,,,,,,
1407,2026-05-08T02:15:00+00:00,WAIT_MTF_CONTEXT,,,7.0,,,,,,neutral,neutral,neutral,0.0,,,,,,,,,,,,,,,,,,,
1408,2026-05-08T02:20:00+00:00,WAIT_MTF_CONTEXT,,,7.0,,,,,,neutral,neutral,neutral,0.0,,,,,,,,,,,,,,,,,,,
1409,2026-05-08T02:25:00+00:00,WAIT_MTF_CONTEXT,,,7.0,,,,,,neutral,neutral,neutral,0.0,,,,,,,,,,,,,,,,,,,
1410,2026-05-08T02:30:00+00:00,WAIT_MTF_CONTEXT,,,7.0,,,,,,neutral,neutral,neutral,0.0,,,,,,,,,,,,,,,,,,,
1411,2026-05-08T02:35:00+00:00,WAIT_MTF_CONTEXT,,,7.0,,,,,,neutral,neutral,neutral,0.0,,,,,,,,,,,,,,,,,,,
1412,2026-05-08T02:40:00+00:00,WAIT_MTF_CONTEXT,,,7.0,,,,,,neutral,neutral,neutral,0.0,,,,,,,,,,,,,,,,,,,
1413,2026-05-08T02:45:00+00:00,WAIT_MTF_CONTEXT,,,7.0,,,,,,neutral,neutral,neutral,0.0,,,,,,,,,,,,,,,,,,,
1414,2026-05-08T02:50:00+00:00,WAIT_MTF_CONTEXT,,,7.0,,,,,,neutral,neutral,neutral,0.0,,,,,,,,,,,,,,,,,,,
1415,2026-05-08T02:55:00+00:00,WAIT_MTF_CONTEXT,,,7.0,,,,,,neutral,neutral,neutral,0.0,,,,,,,,,,,,,,,,,,,
1416,2026-05-08T03:00:00+00:00,WAIT_MTF_CONTEXT,,,7.0,,,,,,neutral,neutral,neutral,0.0,,,,,,,,,,,,,,,,,,,
1417,2026-05-08T03:05:00+00:00,WAIT_MTF_CONTEXT,,,7.0,,,,,,neutral,neutral,neutral,0.0,,,,,,,,,,,,,,,,,,,
1418,2026-05-08T03:10:00+00:00,WAIT_MTF_CONTEXT,,,7.0,,,,,,neutral,neutral,neutral,0.0,,,,,,,,,,,,,,,,,,,
1419,2026-05-08T03:15:00+00:00,WAIT_MTF_CONTEXT,,,7.0,,,,,,neutral,neutral,neutral,0.0,,,,,,,,,,,,,,,,,,,
1420,2026-05-08T03:20:00+00:00,WAIT_MTF_CONTEXT,,,7.0,,,,,,neutral,neutral,neutral,0.0,,,,,,,,,,,,,,,,,,,
1421,2026-05-08T03:25:00+00:00,WAIT_MTF_CONTEXT,,,7.0,,,,,,neutral,neutral,neutral,0.0,,,,,,,,,,,,,,,,,,,
1422,2026-05-08T03:30:00+00:00,WAIT_MTF_CONTEXT,,,7.0,,,,,,neutral,neutral,neutral,0.0,,,,,,,,,,,,,,,,,,,
1423,2026-05-08T03:35:00+00:00,WAIT_MTF_CONTEXT,,,7.0,,,,,,neutral,neutral,neutral,0.0,,,,,,,,,,,,,,,,,,,
1424,2026-05-08T03:40:00+00:00,WAIT_MTF_CONTEXT,,,7.0,,,,,,neutral,neutral,neutral,0.0,,,,,,,,,,,,,,,,,,,
1425,2026-05-08T03:45:00+00:00,WAIT_MTF_CONTEXT,,,7.0,,,,,,neutral,neutral,neutral,0.0,,,,,,,,,,,,,,,,,,,
1426,2026-05-08T03:50:00+00:00,WAIT_MTF_CONTEXT,,,7.0,,,,,,neutral,neutral,neutral,0.0,,,,,,,,,,,,,,,,,,,
1427,2026-05-08T03:55:00+00:00,WAIT_MTF_CONTEXT,,,7.0,,,,,,neutral,neutral,neutral,0.0,,,,,,,,,,,,,,,,,,,
1428,2026-05-08T04:00:00+00:00,WAIT_MTF_CONTEXT,,,7.0,,,,,,neutral,neutral,neutral,0.0,,,,,,,,,,,,,,,,,,,
1429,2026-05-08T04:05:00+00:00,WAIT_MTF_CONTEXT,,,7.0,,,,,,neutral,neutral,neutral,0.0,,,,,,,,,,,,,,,,,,,
1430,2026-05-08T04:10:00+00:00,WAIT_MTF_CONTEXT,,,7.0,,,,,,neutral,neutral,neutral,0.0,,,,,,,,,,,,,,,,,,,
1431,2026-05-08T04:15:00+00:00,WAIT_MTF_CONTEXT,,,7.0,,,,,,neutral,neutral,neutral,0.0,,,,,,,,,,,,,,,,,,,
1432,2026-05-08T04:20:00+00:00,WAIT_MTF_CONTEXT,,,7.0,,,,,,neutral,neutral,neutral,0.0,,,,,,,,,,,,,,,,,,,
1433,2026-05-08T04:25:00+00:00,WAIT_MTF_CONTEXT,,,7.0,,,,,,neutral,neutral,neutral,0.0,,,,,,,,,,,,,,,,,,,
1434,2026-05-08T04:30:00+00:00,WAIT_MTF_CONTEXT,,,7.0,,,,,,neutral,neutral,neutral,0.0,,,,,,,,,,,,,,,,,,,
1435,2026-05-08T04:35:00+00:00,WAIT_MTF_CONTEXT,,,7.0,,,,,,neutral,neutral,neutral,0.0,,,,,,,,,,,,,,,,,,,
1436,2026-05-08T04:40:00+00:00,SWEEP,bullish,4710.945,,,,,,,,,,,,,,,,,,,,,,,,,,,,,
1436,2026-05-08T04:40:00+00:00,WAIT_MTF_CONTEXT,,,7.0,,,,,,neutral,neutral,neutral,0.0,,,,,,,,,,,,,,,,,,,
1437,2026-05-08T04:45:00+00:00,WAIT_MTF_CONTEXT,,,7.0,,,,,,neutral,neutral,neutral,0.0,,,,,,,,,,,,,,,,,,,
1438,2026-05-08T04:50:00+00:00,WAIT_MTF_CONTEXT,,,7.0,,,,,,neutral,neutral,neutral,0.0,,,,,,,,,,,,,,,,,,,
1439,2026-05-08T04:55:00+00:00,WAIT_MTF_CONTEXT,,,7.0,,,,,,neutral,neutral,neutral,0.0,,,,,,,,,,,,,,,,,,,
1440,2026-05-08T05:00:00+00:00,WAIT_MTF_CONTEXT,,,7.0,,,,,,neutral,neutral,neutral,0.0,,,,,,,,,,,,,,,,,,,
1441,2026-05-08T05:05:00+00:00,WAIT_MTF_CONTEXT,,,7.0,,,,,,neutral,neutral,neutral,0.0,,,,,,,,,,,,,,,,,,,
1442,2026-05-08T05:10:00+00:00,WAIT_MTF_CONTEXT,,,7.0,,,,,,neutral,neutral,neutral,0.0,,,,,,,,,,,,,,,,,,,
1443,2026-05-08T05:15:00+00:00,WAIT_MTF_CONTEXT,,,7.0,,,,,,neutral,neutral,neutral,0.0,,,,,,,,,,,,,,,,,,,
1444,2026-05-08T05:20:00+00:00,WAIT_MTF_CONTEXT,,,7.0,,,,,,neutral,neutral,neutral,0.0,,,,,,,,,,,,,,,,,,,
1445,2026-05-08T05:25:00+00:00,WAIT_MTF_CONTEXT,,,7.0,,,,,,neutral,neutral,neutral,0.0,,,,,,,,,,,,,,,,,,,
1446,2026-05-08T05:30:00+00:00,WAIT_MTF_CONTEXT,,,7.0,,,,,,neutral,neutral,neutral,0.0,,,,,,,,,,,,,,,,,,,
1447,2026-05-08T05:35:00+00:00,WAIT_MTF_CONTEXT,,,7.0,,,,,,neutral,neutral,neutral,0.0,,,,,,,,,,,,,,,,,,,
1448,2026-05-08T05:40:00+00:00,WAIT_MTF_CONTEXT,,,7.0,,,,,,neutral,neutral,neutral,0.0,,,,,,,,,,,,,,,,,,,
1449,2026-05-08T05:45:00+00:00,WAIT_MTF_CONTEXT,,,7.0,,,,,,neutral,neutral,neutral,0.0,,,,,,,,,,,,,,,,,,,
1450,2026-05-08T05:50:00+00:00,SWEEP,bearish,4728.521,,,,,,,,,,,,,,,,,,,,,,,,,,,,,
1450,2026-05-08T05:50:00+00:00,WAIT_MTF_CONTEXT,,,7.0,,,,,,neutral,neutral,neutral,0.0,,,,,,,,,,,,,,,,,,,
1451,2026-05-08T05:55:00+00:00,SWEEP,bearish,4730.22,,,,,,,,,,,,,,,,,,,,,,,,,,,,,
1451,2026-05-08T05:55:00+00:00,WAIT_MTF_CONTEXT,,,7.0,,,,,,neutral,neutral,neutral,0.0,,,,,,,,,,,,,,,,,,,
1452,2026-05-08T06:00:00+00:00,WAIT_MTF_CONTEXT,,,7.0,,,,,,neutral,neutral,neutral,0.0,,,,,,,,,,,,,,,,,,,
1453,2026-05-08T06:05:00+00:00,WAIT_MTF_CONTEXT,,,7.0,,,,,,neutral,neutral,neutral,0.0,,,,,,,,,,,,,,,,,,,
1454,2026-05-08T06:10:00+00:00,WAIT_MTF_CONTEXT,,,7.0,,,,,,neutral,neutral,neutral,0.0,,,,,,,,,,,,,,,,,,,
1455,2026-05-08T06:15:00+00:00,WAIT_MTF_CONTEXT,,,7.0,,,,,,neutral,neutral,neutral,0.0,,,,,,,,,,,,,,,,,,,
1456,2026-05-08T06:20:00+00:00,WAIT_MTF_CONTEXT,,,7.0,,,,,,neutral,neutral,neutral,0.0,,,,,,,,,,,,,,,,,,,
1457,2026-05-08T06:25:00+00:00,WAIT_MTF_CONTEXT,,,7.0,,,,,,neutral,neutral,neutral,0.0,,,,,,,,,,,,,,,,,,,
1458,2026-05-08T06:30:00+00:00,WAIT_MTF_CONTEXT,,,7.0,,,,,,neutral,neutral,neutral,0.0,,,,,,,,,,,,,,,,,,,
1459,2026-05-08T06:35:00+00:00,WAIT_MTF_CONTEXT,,,7.0,,,,,,neutral,neutral,neutral,0.0,,,,,,,,,,,,,,,,,,,
1460,2026-05-08T06:40:00+00:00,WAIT_MTF_CONTEXT,,,7.0,,,,,,neutral,neutral,neutral,0.0,,,,,,,,,,,,,,,,,,,
1461,2026-05-08T06:45:00+00:00,WAIT_MTF_CONTEXT,,,7.0,,,,,,neutral,neutral,neutral,0.0,,,,,,,,,,,,,,,,,,,
1462,2026-05-08T06:50:00+00:00,WAIT_MTF_CONTEXT,,,7.0,,,,,,neutral,neutral,neutral,0.0,,,,,,,,,,,,,,,,,,,
1463,2026-05-08T06:55:00+00:00,WAIT_MTF_CONTEXT,,,7.0,,,,,,neutral,neutral,neutral,0.0,,,,,,,,,,,,,,,,,,,
1464,2026-05-08T07:00:00+00:00,WAIT_MTF_CONTEXT,,,7.0,,,,,,neutral,neutral,neutral,0.0,,,,,,,,,,,,,,,,,,,
1465,2026-05-08T07:05:00+00:00,WAIT_MTF_CONTEXT,,,7.0,,,,,,neutral,neutral,neutral,0.0,,,,,,,,,,,,,,,,,,,
1466,2026-05-08T07:10:00+00:00,WAIT_MTF_CONTEXT,,,7.0,,,,,,neutral,neutral,neutral,0.0,,,,,,,,,,,,,,,,,,,
1467,2026-05-08T07:15:00+00:00,SWEEP,bullish,4712.621,,,,,,,,,,,,,,,,,,,,,,,,,,,,,
1467,2026-05-08T07:15:00+00:00,WAIT_MTF_CONTEXT,,,7.0,,,,,,neutral,neutral,neutral,0.0,,,,,,,,,,,,,,,,,,,
1468,2026-05-08T07:20:00+00:00,WAIT_MTF_CONTEXT,,,7.0,,,,,,neutral,neutral,neutral,0.0,,,,,,,,,,,,,,,,,,,
1469,2026-05-08T07:25:00+00:00,SWEEP,bullish,4703.391,,,,,,,,,,,,,,,,,,,,,,,,,,,,,
1469,2026-05-08T07:25:00+00:00,WAIT_MTF_CONTEXT,,,7.0,,,,,,neutral,neutral,neutral,0.0,,,,,,,,,,,,,,,,,,,
1470,2026-05-08T07:30:00+00:00,WAIT_MTF_CONTEXT,,,7.0,,,,,,neutral,neutral,neutral,0.0,,,,,,,,,,,,,,,,,,,
1471,2026-05-08T07:35:00+00:00,WAIT_MTF_CONTEXT,,,7.0,,,,,,neutral,neutral,neutral,0.0,,,,,,,,,,,,,,,,,,,
1472,2026-05-08T07:40:00+00:00,WAIT_MTF_CONTEXT,,,7.0,,,,,,neutral,neutral,neutral,0.0,,,,,,,,,,,,,,,,,,,
1473,2026-05-08T07:45:00+00:00,WAIT_MTF_CONTEXT,,,7.0,,,,,,neutral,neutral,neutral,0.0,,,,,,,,,,,,,,,,,,,
1474,2026-05-08T07:50:00+00:00,WAIT_MTF_CONTEXT,,,7.0,,,,,,neutral,neutral,neutral,0.0,,,,,,,,,,,,,,,,,,,
1475,2026-05-08T07:55:00+00:00,WAIT_MTF_CONTEXT,,,7.0,,,,,,neutral,neutral,neutral,0.0,,,,,,,,,,,,,,,,,,,
1476,2026-05-08T08:00:00+00:00,WAIT_MTF_CONTEXT,,,7.0,,,,,,neutral,neutral,neutral,0.0,,,,,,,,,,,,,,,,,,,
1477,2026-05-08T08:05:00+00:00,OB_EXPIRED,,,7.0,,,,,,,,,,101.0,,,,,,,,,,,,,,,,,,
1498,2026-05-08T09:50:00+00:00,SWEEP,bullish,4708.133,,,,,,,,,,,,,,,,,,,,,,,,,,,,,
1504,2026-05-08T10:20:00+00:00,SWEEP,bearish,4722.871,,,,,,,,,,,,,,,,,,,,,,,,,,,,,
1505,2026-05-08T10:25:00+00:00,SWEEP,bearish,4723.211,,,,,,,,,,,,,,,,,,,,,,,,,,,,,
1508,2026-05-08T10:40:00+00:00,SWEEP,bearish,4727.58,,,,,,,,,,,,,,,,,,,,,,,,,,,,,
1505,2026-05-08T10:25:00+00:00,OB_FORMED,bullish,,8.0,4720.327,4724.068,78.04,"{'body': 18.82, 'fvg': 5.39, 'sweep': 21.85, 'break': 6.98, 'ob_size': 15.0, 'adjacency': 10}",,,,,,,,,,,,,,,,,,,,,,,,
1509,2026-05-08T10:45:00+00:00,OB_TOUCH,,,8.0,,,,,100.0,,,,,,,,,,,,,,,,,,,,,,,
1509,2026-05-08T10:45:00+00:00,OB_CROSSED_AFTER_TOUCH,,,8.0,,,,,100.0,,,,,,,,,,,,,,,,,,,,,,,
1510,2026-05-08T10:50:00+00:00,WAIT_MTF_CONTEXT,,,8.0,,,,,,neutral,neutral,neutral,0.0,,,,,,,,,,,,,,,,,,,
1511,2026-05-08T10:55:00+00:00,OB_CROSSED_AFTER_TOUCH,,,8.0,,,,,100.0,,,,,,,,,,,,,,,,,,,,,,,
1512,2026-05-08T11:00:00+00:00,WAIT_MTF_CONTEXT,,,8.0,,,,,,neutral,neutral,neutral,0.0,,,,,,,,,,,,,,,,,,,
1513,2026-05-08T11:05:00+00:00,WAIT_MTF_CONTEXT,,,8.0,,,,,,neutral,neutral,neutral,0.0,,,,,,,,,,,,,,,,,,,
1514,2026-05-08T11:10:00+00:00,WAIT_MTF_CONTEXT,,,8.0,,,,,,neutral,neutral,neutral,0.0,,,,,,,,,,,,,,,,,,,
1515,2026-05-08T11:15:00+00:00,WAIT_MTF_CONTEXT,,,8.0,,,,,,neutral,neutral,neutral,0.0,,,,,,,,,,,,,,,,,,,
1516,2026-05-08T11:20:00+00:00,WAIT_MTF_CONTEXT,,,8.0,,,,,,neutral,neutral,neutral,0.0,,,,,,,,,,,,,,,,,,,
1517,2026-05-08T11:25:00+00:00,WAIT_MTF_CONTEXT,,,8.0,,,,,,neutral,neutral,neutral,0.0,,,,,,,,,,,,,,,,,,,
1518,2026-05-08T11:30:00+00:00,WAIT_MTF_CONTEXT,,,8.0,,,,,,neutral,neutral,neutral,0.0,,,,,,,,,,,,,,,,,,,
1519,2026-05-08T11:35:00+00:00,WAIT_MTF_CONTEXT,,,8.0,,,,,,neutral,neutral,neutral,0.0,,,,,,,,,,,,,,,,,,,
1520,2026-05-08T11:40:00+00:00,WAIT_MTF_CONTEXT,,,8.0,,,,,,neutral,neutral,neutral,0.0,,,,,,,,,,,,,,,,,,,
1521,2026-05-08T11:45:00+00:00,OB_CROSSED_AFTER_TOUCH,,,8.0,,,,,100.0,,,,,,,,,,,,,,,,,,,,,,,
1522,2026-05-08T11:50:00+00:00,OB_CROSSED_AFTER_TOUCH,,,8.0,,,,,100.0,,,,,,,,,,,,,,,,,,,,,,,
1523,2026-05-08T11:55:00+00:00,OB_CROSSED_AFTER_TOUCH,,,8.0,,,,,100.0,,,,,,,,,,,,,,,,,,,,,,,
1524,2026-05-08T12:00:00+00:00,OB_CROSSED_AFTER_TOUCH,,,8.0,,,,,100.0,,,,,,,,,,,,,,,,,,,,,,,
1525,2026-05-08T12:05:00+00:00,OB_CROSSED_AFTER_TOUCH,,,8.0,,,,,100.0,,,,,,,,,,,,,,,,,,,,,,,
1526,2026-05-08T12:10:00+00:00,OB_CROSSED_AFTER_TOUCH,,,8.0,,,,,100.0,,,,,,,,,,,,,,,,,,,,,,,
1527,2026-05-08T12:15:00+00:00,SWEEP,bullish,4703.67,,,,,,,,,,,,,,,,,,,,,,,,,,,,,
1527,2026-05-08T12:15:00+00:00,OB_CROSSED_AFTER_TOUCH,,,8.0,,,,,100.0,,,,,,,,,,,,,,,,,,,,,,,
1528,2026-05-08T12:20:00+00:00,OB_CROSSED_AFTER_TOUCH,,,8.0,,,,,100.0,,,,,,,,,,,,,,,,,,,,,,,
1529,2026-05-08T12:25:00+00:00,OB_CROSSED_AFTER_TOUCH,,,8.0,,,,,100.0,,,,,,,,,,,,,,,,,,,,,,,
1530,2026-05-08T12:30:00+00:00,WAIT_MTF_CONTEXT,,,8.0,,,,,,neutral,neutral,neutral,0.0,,,,,,,,,,,,,,,,,,,
1531,2026-05-08T12:35:00+00:00,SWEEP,bearish,4727.278,,,,,,,,,,,,,,,,,,,,,,,,,,,,,
1531,2026-05-08T12:35:00+00:00,WAIT_MTF_CONTEXT,,,8.0,,,,,,neutral,neutral,neutral,0.0,,,,,,,,,,,,,,,,,,,
1532,2026-05-08T12:40:00+00:00,SWEEP,bearish,4728.045,,,,,,,,,,,,,,,,,,,,,,,,,,,,,
1532,2026-05-08T12:40:00+00:00,WAIT_MTF_CONTEXT,,,8.0,,,,,,neutral,neutral,neutral,0.0,,,,,,,,,,,,,,,,,,,
1533,2026-05-08T12:45:00+00:00,WAIT_MTF_CONTEXT,,,8.0,,,,,,neutral,neutral,neutral,0.0,,,,,,,,,,,,,,,,,,,
1534,2026-05-08T12:50:00+00:00,SWEEP,bearish,4730.878,,,,,,,,,,,,,,,,,,,,,,,,,,,,,
1534,2026-05-08T12:50:00+00:00,WAIT_MTF_CONTEXT,,,8.0,,,,,,neutral,neutral,neutral,0.0,,,,,,,,,,,,,,,,,,,
1535,2026-05-08T12:55:00+00:00,SWEEP,bearish,4731.478,,,,,,,,,,,,,,,,,,,,,,,,,,,,,
1535,2026-05-08T12:55:00+00:00,WAIT_MTF_CONTEXT,,,8.0,,,,,,neutral,neutral,neutral,0.0,,,,,,,,,,,,,,,,,,,
1536,2026-05-08T13:00:00+00:00,WAIT_MTF_CONTEXT,,,8.0,,,,,,neutral,neutral,neutral,0.0,,,,,,,,,,,,,,,,,,,
1537,2026-05-08T13:05:00+00:00,WAIT_MTF_CONTEXT,,,8.0,,,,,,neutral,neutral,neutral,0.0,,,,,,,,,,,,,,,,,,,
1538,2026-05-08T13:10:00+00:00,WAIT_MTF_CONTEXT,,,8.0,,,,,,neutral,neutral,neutral,0.0,,,,,,,,,,,,,,,,,,,
1539,2026-05-08T13:15:00+00:00,WAIT_MTF_CONTEXT,,,8.0,,,,,,neutral,neutral,neutral,0.0,,,,,,,,,,,,,,,,,,,
1540,2026-05-08T13:20:00+00:00,WAIT_MTF_CONTEXT,,,8.0,,,,,,neutral,neutral,neutral,0.0,,,,,,,,,,,,,,,,,,,
1541,2026-05-08T13:25:00+00:00,WAIT_MTF_CONTEXT,,,8.0,,,,,,neutral,neutral,neutral,0.0,,,,,,,,,,,,,,,,,,,
1542,2026-05-08T13:30:00+00:00,WAIT_MTF_CONTEXT,,,8.0,,,,,,neutral,neutral,neutral,0.0,,,,,,,,,,,,,,,,,,,
1543,2026-05-08T13:35:00+00:00,SWEEP,bearish,4743.92,,,,,,,,,,,,,,,,,,,,,,,,,,,,,
1543,2026-05-08T13:35:00+00:00,WAIT_MTF_CONTEXT,,,8.0,,,,,,neutral,neutral,neutral,0.0,,,,,,,,,,,,,,,,,,,
1544,2026-05-08T13:40:00+00:00,WAIT_MTF_CONTEXT,,,8.0,,,,,,neutral,neutral,neutral,0.0,,,,,,,,,,,,,,,,,,,
1545,2026-05-08T13:45:00+00:00,WAIT_MTF_CONTEXT,,,8.0,,,,,,neutral,neutral,neutral,0.0,,,,,,,,,,,,,,,,,,,
1546,2026-05-08T13:50:00+00:00,SWEEP,bearish,4744.368,,,,,,,,,,,,,,,,,,,,,,,,,,,,,
1546,2026-05-08T13:50:00+00:00,WAIT_MTF_CONTEXT,,,8.0,,,,,,neutral,neutral,neutral,0.0,,,,,,,,,,,,,,,,,,,
1547,2026-05-08T13:55:00+00:00,WAIT_MTF_CONTEXT,,,8.0,,,,,,neutral,neutral,neutral,0.0,,,,,,,,,,,,,,,,,,,
1548,2026-05-08T14:00:00+00:00,SWEEP,bearish,4747.709,,,,,,,,,,,,,,,,,,,,,,,,,,,,,
1548,2026-05-08T14:00:00+00:00,WAIT_MTF_CONTEXT,,,8.0,,,,,,neutral,neutral,neutral,0.0,,,,,,,,,,,,,,,,,,,
1549,2026-05-08T14:05:00+00:00,WAIT_MTF_CONTEXT,,,8.0,,,,,,neutral,neutral,neutral,0.0,,,,,,,,,,,,,,,,,,,
1550,2026-05-08T14:10:00+00:00,WAIT_MTF_CONTEXT,,,8.0,,,,,,neutral,neutral,neutral,0.0,,,,,,,,,,,,,,,,,,,
1551,2026-05-08T14:15:00+00:00,WAIT_MTF_CONTEXT,,,8.0,,,,,,neutral,neutral,neutral,0.0,,,,,,,,,,,,,,,,,,,
1552,2026-05-08T14:20:00+00:00,WAIT_MTF_CONTEXT,,,8.0,,,,,,neutral,neutral,neutral,0.0,,,,,,,,,,,,,,,,,,,
1553,2026-05-08T14:25:00+00:00,OB_CROSSED_AFTER_TOUCH,,,8.0,,,,,100.0,,,,,,,,,,,,,,,,,,,,,,,
1554,2026-05-08T14:30:00+00:00,SWEEP,bullish,4716.343,,,,,,,,,,,,,,,,,,,,,,,,,,,,,
1554,2026-05-08T14:30:00+00:00,WAIT_MTF_CONTEXT,,,8.0,,,,,,neutral,neutral,neutral,0.0,,,,,,,,,,,,,,,,,,,
1555,2026-05-08T14:35:00+00:00,WAIT_MTF_CONTEXT,,,8.0,,,,,,neutral,neutral,neutral,0.0,,,,,,,,,,,,,,,,,,,
1556,2026-05-08T14:40:00+00:00,WAIT_MTF_CONTEXT,,,8.0,,,,,,neutral,neutral,neutral,0.0,,,,,,,,,,,,,,,,,,,
1557,2026-05-08T14:45:00+00:00,OB_CROSSED_AFTER_TOUCH,,,8.0,,,,,100.0,,,,,,,,,,,,,,,,,,,,,,,
1558,2026-05-08T14:50:00+00:00,SWEEP,bullish,4714.065,,,,,,,,,,,,,,,,,,,,,,,,,,,,,
1558,2026-05-08T14:50:00+00:00,OB_CROSSED_AFTER_TOUCH,,,8.0,,,,,100.0,,,,,,,,,,,,,,,,,,,,,,,
1559,2026-05-08T14:55:00+00:00,OB_CROSSED_AFTER_TOUCH,,,8.0,,,,,100.0,,,,,,,,,,,,,,,,,,,,,,,
1560,2026-05-08T15:00:00+00:00,SWEEP,bullish,4713.292,,,,,,,,,,,,,,,,,,,,,,,,,,,,,
1560,2026-05-08T15:00:00+00:00,OB_CROSSED_AFTER_TOUCH,,,8.0,,,,,100.0,,,,,,,,,,,,,,,,,,,,,,,
1561,2026-05-08T15:05:00+00:00,OB_CROSSED_AFTER_TOUCH,,,8.0,,,,,100.0,,,,,,,,,,,,,,,,,,,,,,,
1562,2026-05-08T15:10:00+00:00,OB_CROSSED_AFTER_TOUCH,,,8.0,,,,,100.0,,,,,,,,,,,,,,,,,,,,,,,
1563,2026-05-08T15:15:00+00:00,SWEEP,bullish,4705.898,,,,,,,,,,,,,,,,,,,,,,,,,,,,,
1563,2026-05-08T15:15:00+00:00,OB_CROSSED_AFTER_TOUCH,,,8.0,,,,,100.0,,,,,,,,,,,,,,,,,,,,,,,
1564,2026-05-08T15:20:00+00:00,SWEEP,bullish,4704.469,,,,,,,,,,,,,,,,,,,,,,,,,,,,,
1564,2026-05-08T15:20:00+00:00,OB_CROSSED_AFTER_TOUCH,,,8.0,,,,,100.0,,,,,,,,,,,,,,,,,,,,,,,
1565,2026-05-08T15:25:00+00:00,OB_CROSSED_AFTER_TOUCH,,,8.0,,,,,100.0,,,,,,,,,,,,,,,,,,,,,,,
1566,2026-05-08T15:30:00+00:00,OB_CROSSED_AFTER_TOUCH,,,8.0,,,,,100.0,,,,,,,,,,,,,,,,,,,,,,,
1567,2026-05-08T15:35:00+00:00,OB_CROSSED_AFTER_TOUCH,,,8.0,,,,,100.0,,,,,,,,,,,,,,,,,,,,,,,
1568,2026-05-08T15:40:00+00:00,SWEEP,bullish,4704.235,,,,,,,,,,,,,,,,,,,,,,,,,,,,,
1568,2026-05-08T15:40:00+00:00,OB_CROSSED_AFTER_TOUCH,,,8.0,,,,,100.0,,,,,,,,,,,,,,,,,,,,,,,
1569,2026-05-08T15:45:00+00:00,SWEEP,bullish,4703.828,,,,,,,,,,,,,,,,,,,,,,,,,,,,,
1569,2026-05-08T15:45:00+00:00,OB_CROSSED_AFTER_TOUCH,,,8.0,,,,,100.0,,,,,,,,,,,,,,,,,,,,,,,
1570,2026-05-08T15:50:00+00:00,OB_CROSSED_AFTER_TOUCH,,,8.0,,,,,100.0,,,,,,,,,,,,,,,,,,,,,,,
1571,2026-05-08T15:55:00+00:00,OB_CROSSED_AFTER_TOUCH,,,8.0,,,,,100.0,,,,,,,,,,,,,,,,,,,,,,,
1572,2026-05-08T16:00:00+00:00,OB_CROSSED_AFTER_TOUCH,,,8.0,,,,,100.0,,,,,,,,,,,,,,,,,,,,,,,
1573,2026-05-08T16:05:00+00:00,OB_CROSSED_AFTER_TOUCH,,,8.0,,,,,100.0,,,,,,,,,,,,,,,,,,,,,,,
1574,2026-05-08T16:10:00+00:00,OB_CROSSED_AFTER_TOUCH,,,8.0,,,,,100.0,,,,,,,,,,,,,,,,,,,,,,,
1575,2026-05-08T16:15:00+00:00,OB_CROSSED_AFTER_TOUCH,,,8.0,,,,,100.0,,,,,,,,,,,,,,,,,,,,,,,
1576,2026-05-08T16:20:00+00:00,OB_CROSSED_AFTER_TOUCH,,,8.0,,,,,100.0,,,,,,,,,,,,,,,,,,,,,,,
1577,2026-05-08T16:25:00+00:00,OB_CROSSED_AFTER_TOUCH,,,8.0,,,,,100.0,,,,,,,,,,,,,,,,,,,,,,,
1578,2026-05-08T16:30:00+00:00,OB_CROSSED_AFTER_TOUCH,,,8.0,,,,,100.0,,,,,,,,,,,,,,,,,,,,,,,
1579,2026-05-08T16:35:00+00:00,OB_CROSSED_AFTER_TOUCH,,,8.0,,,,,100.0,,,,,,,,,,,,,,,,,,,,,,,
1580,2026-05-08T16:40:00+00:00,OB_CROSSED_AFTER_TOUCH,,,8.0,,,,,100.0,,,,,,,,,,,,,,,,,,,,,,,
1581,2026-05-08T16:45:00+00:00,OB_CROSSED_AFTER_TOUCH,,,8.0,,,,,100.0,,,,,,,,,,,,,,,,,,,,,,,
1582,2026-05-08T16:50:00+00:00,OB_CROSSED_AFTER_TOUCH,,,8.0,,,,,100.0,,,,,,,,,,,,,,,,,,,,,,,
1583,2026-05-08T16:55:00+00:00,OB_CROSSED_AFTER_TOUCH,,,8.0,,,,,100.0,,,,,,,,,,,,,,,,,,,,,,,
1584,2026-05-08T17:00:00+00:00,OB_CROSSED_AFTER_TOUCH,,,8.0,,,,,100.0,,,,,,,,,,,,,,,,,,,,,,,
1585,2026-05-08T17:05:00+00:00,OB_CROSSED_AFTER_TOUCH,,,8.0,,,,,100.0,,,,,,,,,,,,,,,,,,,,,,,
1586,2026-05-08T17:10:00+00:00,OB_CROSSED_AFTER_TOUCH,,,8.0,,,,,100.0,,,,,,,,,,,,,,,,,,,,,,,
1587,2026-05-08T17:15:00+00:00,OB_CROSSED_AFTER_TOUCH,,,8.0,,,,,100.0,,,,,,,,,,,,,,,,,,,,,,,
1588,2026-05-08T17:20:00+00:00,SWEEP,bearish,4720.133,,,,,,,,,,,,,,,,,,,,,,,,,,,,,
1588,2026-05-08T17:20:00+00:00,OB_CROSSED_AFTER_TOUCH,,,8.0,,,,,100.0,,,,,,,,,,,,,,,,,,,,,,,
1589,2026-05-08T17:25:00+00:00,SWEEP,bearish,4720.759,,,,,,,,,,,,,,,,,,,,,,,,,,,,,
1589,2026-05-08T17:25:00+00:00,WAIT_MTF_CONTEXT,,,8.0,,,,,,neutral,neutral,neutral,0.0,,,,,,,,,,,,,,,,,,,
1590,2026-05-08T17:30:00+00:00,WAIT_MTF_CONTEXT,,,8.0,,,,,,neutral,neutral,neutral,0.0,,,,,,,,,,,,,,,,,,,
1591,2026-05-08T17:35:00+00:00,OB_CROSSED_AFTER_TOUCH,,,8.0,,,,,100.0,,,,,,,,,,,,,,,,,,,,,,,
1592,2026-05-08T17:40:00+00:00,WAIT_MTF_CONTEXT,,,8.0,,,,,,neutral,neutral,neutral,0.0,,,,,,,,,,,,,,,,,,,
1593,2026-05-08T17:45:00+00:00,OB_CROSSED_AFTER_TOUCH,,,8.0,,,,,100.0,,,,,,,,,,,,,,,,,,,,,,,
1594,2026-05-08T17:50:00+00:00,WAIT_MTF_CONTEXT,,,8.0,,,,,,neutral,neutral,neutral,0.0,,,,,,,,,,,,,,,,,,,
1595,2026-05-08T17:55:00+00:00,SWEEP,bearish,4722.035,,,,,,,,,,,,,,,,,,,,,,,,,,,,,
1595,2026-05-08T17:55:00+00:00,WAIT_MTF_CONTEXT,,,8.0,,,,,,neutral,neutral,neutral,0.0,,,,,,,,,,,,,,,,,,,
1596,2026-05-08T18:00:00+00:00,WAIT_MTF_CONTEXT,,,8.0,,,,,,neutral,neutral,neutral,0.0,,,,,,,,,,,,,,,,,,,
1597,2026-05-08T18:05:00+00:00,SWEEP,bearish,4727.542,,,,,,,,,,,,,,,,,,,,,,,,,,,,,
1597,2026-05-08T18:05:00+00:00,WAIT_MTF_CONTEXT,,,8.0,,,,,,neutral,neutral,neutral,0.0,,,,,,,,,,,,,,,,,,,
1598,2026-05-08T18:10:00+00:00,SWEEP,bearish,4727.832,,,,,,,,,,,,,,,,,,,,,,,,,,,,,
1598,2026-05-08T18:10:00+00:00,WAIT_MTF_CONTEXT,,,8.0,,,,,,neutral,neutral,neutral,0.0,,,,,,,,,,,,,,,,,,,
1599,2026-05-08T18:15:00+00:00,SWEEP,bearish,4728.647,,,,,,,,,,,,,,,,,,,,,,,,,,,,,
1599,2026-05-08T18:15:00+00:00,WAIT_MTF_CONTEXT,,,8.0,,,,,,neutral,neutral,neutral,0.0,,,,,,,,,,,,,,,,,,,
1600,2026-05-08T18:20:00+00:00,WAIT_MTF_CONTEXT,,,8.0,,,,,,neutral,neutral,neutral,0.0,,,,,,,,,,,,,,,,,,,
1601,2026-05-08T18:25:00+00:00,WAIT_MTF_CONTEXT,,,8.0,,,,,,neutral,neutral,neutral,0.0,,,,,,,,,,,,,,,,,,,
1602,2026-05-08T18:30:00+00:00,WAIT_MTF_CONTEXT,,,8.0,,,,,,neutral,neutral,neutral,0.0,,,,,,,,,,,,,,,,,,,
1603,2026-05-08T18:35:00+00:00,WAIT_MTF_CONTEXT,,,8.0,,,,,,neutral,neutral,neutral,0.0,,,,,,,,,,,,,,,,,,,
1604,2026-05-08T18:40:00+00:00,WAIT_MTF_CONTEXT,,,8.0,,,,,,neutral,neutral,neutral,0.0,,,,,,,,,,,,,,,,,,,
1605,2026-05-08T18:45:00+00:00,WAIT_MTF_CONTEXT,,,8.0,,,,,,neutral,neutral,neutral,0.0,,,,,,,,,,,,,,,,,,,
1606,2026-05-08T18:50:00+00:00,OB_EXPIRED,,,8.0,,,,,,,,,,101.0,,,,,,,,,,,,,,,,,,
1624,2026-05-08T20:20:00+00:00,SWEEP,bullish,4715.292,,,,,,,,,,,,,,,,,,,,,,,,,,,,,
1630,2026-05-08T20:50:00+00:00,SWEEP,bullish,4714.672,,,,,,,,,,,,,,,,,,,,,,,,,,,,,
1652,2026-05-10T23:40:00+00:00,SWEEP,bearish,4698.254,,,,,,,,,,,,,,,,,,,,,,,,,,,,,
1654,2026-05-10T23:50:00+00:00,SWEEP,bearish,4698.335,,,,,,,,,,,,,,,,,,,,,,,,,,,,,
1656,2026-05-11T00:00:00+00:00,SWEEP,bullish,4685.527,,,,,,,,,,,,,,,,,,,,,,,,,,,,,
1658,2026-05-11T00:10:00+00:00,SWEEP,bullish,4682.137,,,,,,,,,,,,,,,,,,,,,,,,,,,,,
1660,2026-05-11T00:20:00+00:00,SWEEP,bullish,4676.613,,,,,,,,,,,,,,,,,,,,,,,,,,,,,
1666,2026-05-11T00:50:00+00:00,SWEEP,bullish,4675.672,,,,,,,,,,,,,,,,,,,,,,,,,,,,,
1669,2026-05-11T01:05:00+00:00,SWEEP,bearish,4698.608,,,,,,,,,,,,,,,,,,,,,,,,,,,,,
1673,2026-05-11T01:25:00+00:00,SWEEP,bearish,4705.228,,,,,,,,,,,,,,,,,,,,,,,,,,,,,
1669,2026-05-11T01:05:00+00:00,OB_FORMED,bullish,,9.0,4689.447,4699.793,63.57,"{'body': 13.6, 'fvg': 3.95, 'sweep': 23.1, 'break': 4.58, 'ob_size': 8.33, 'adjacency': 10}",,,,,,,,,,,,,,,,,,,,,,,,
1673,2026-05-11T01:25:00+00:00,OB_TOUCH,,,9.0,,,,,8.911656678905963,,,,,,,,,,,,,,,,,,,,,,,
1673,2026-05-11T01:25:00+00:00,WAIT_MTF_CONTEXT,,,9.0,,,,,,neutral,neutral,bearish,23.08,,,,,,,,,,,,,,,,,,,
1674,2026-05-11T01:30:00+00:00,WAIT_MTF_CONTEXT,,,9.0,,,,,,neutral,neutral,bearish,23.08,,,,,,,,,,,,,,,,,,,
1675,2026-05-11T01:35:00+00:00,WAIT_MTF_CONTEXT,,,9.0,,,,,,neutral,neutral,bearish,23.08,,,,,,,,,,,,,,,,,,,
1676,2026-05-11T01:40:00+00:00,WAIT_MTF_CONTEXT,,,9.0,,,,,,neutral,neutral,bearish,23.08,,,,,,,,,,,,,,,,,,,
1677,2026-05-11T01:45:00+00:00,WAIT_MTF_CONTEXT,,,9.0,,,,,,neutral,neutral,bearish,23.08,,,,,,,,,,,,,,,,,,,
1678,2026-05-11T01:50:00+00:00,OB_CROSSED_AFTER_TOUCH,,,9.0,,,,,100.0,,,,,,,,,,,,,,,,,,,,,,,
1679,2026-05-11T01:55:00+00:00,OB_CROSSED_AFTER_TOUCH,,,9.0,,,,,100.0,,,,,,,,,,,,,,,,,,,,,,,
1680,2026-05-11T02:00:00+00:00,OB_CROSSED_AFTER_TOUCH,,,9.0,,,,,100.0,,,,,,,,,,,,,,,,,,,,,,,
1681,2026-05-11T02:05:00+00:00,OB_CROSSED_AFTER_TOUCH,,,9.0,,,,,100.0,,,,,,,,,,,,,,,,,,,,,,,
1682,2026-05-11T02:10:00+00:00,OB_CROSSED_AFTER_TOUCH,,,9.0,,,,,100.0,,,,,,,,,,,,,,,,,,,,,,,
1683,2026-05-11T02:15:00+00:00,OB_CROSSED_AFTER_TOUCH,,,9.0,,,,,100.0,,,,,,,,,,,,,,,,,,,,,,,
1684,2026-05-11T02:20:00+00:00,OB_CROSSED_AFTER_TOUCH,,,9.0,,,,,100.0,,,,,,,,,,,,,,,,,,,,,,,
1685,2026-05-11T02:25:00+00:00,OB_CROSSED_AFTER_TOUCH,,,9.0,,,,,100.0,,,,,,,,,,,,,,,,,,,,,,,
1686,2026-05-11T02:30:00+00:00,WAIT_MTF_CONTEXT,,,9.0,,,,,,neutral,neutral,neutral,0.0,,,,,,,,,,,,,,,,,,,
1687,2026-05-11T02:35:00+00:00,WAIT_MTF_CONTEXT,,,9.0,,,,,,neutral,neutral,neutral,0.0,,,,,,,,,,,,,,,,,,,
1688,2026-05-11T02:40:00+00:00,OB_CROSSED_AFTER_TOUCH,,,9.0,,,,,100.0,,,,,,,,,,,,,,,,,,,,,,,
1689,2026-05-11T02:45:00+00:00,OB_CROSSED_AFTER_TOUCH,,,9.0,,,,,100.0,,,,,,,,,,,,,,,,,,,,,,,
1690,2026-05-11T02:50:00+00:00,OB_CROSSED_AFTER_TOUCH,,,9.0,,,,,100.0,,,,,,,,,,,,,,,,,,,,,,,
1691,2026-05-11T02:55:00+00:00,SWEEP,bullish,4678.303,,,,,,,,,,,,,,,,,,,,,,,,,,,,,
1691,2026-05-11T02:55:00+00:00,OB_CROSSED_AFTER_TOUCH,,,9.0,,,,,100.0,,,,,,,,,,,,,,,,,,,,,,,
1692,2026-05-11T03:00:00+00:00,SWEEP,bullish,4676.648,,,,,,,,,,,,,,,,,,,,,,,,,,,,,
1692,2026-05-11T03:00:00+00:00,OB_CROSSED_AFTER_TOUCH,,,9.0,,,,,100.0,,,,,,,,,,,,,,,,,,,,,,,
1693,2026-05-11T03:05:00+00:00,OB_CROSSED_AFTER_TOUCH,,,9.0,,,,,100.0,,,,,,,,,,,,,,,,,,,,,,,
1694,2026-05-11T03:10:00+00:00,OB_CROSSED_AFTER_TOUCH,,,9.0,,,,,100.0,,,,,,,,,,,,,,,,,,,,,,,
1695,2026-05-11T03:15:00+00:00,OB_CROSSED_AFTER_TOUCH,,,9.0,,,,,100.0,,,,,,,,,,,,,,,,,,,,,,,
1696,2026-05-11T03:20:00+00:00,OB_CROSSED_AFTER_TOUCH,,,9.0,,,,,100.0,,,,,,,,,,,,,,,,,,,,,,,
1697,2026-05-11T03:25:00+00:00,WAIT_MTF_CONTEXT,,,9.0,,,,,,neutral,neutral,neutral,0.0,,,,,,,,,,,,,,,,,,,
1698,2026-05-11T03:30:00+00:00,OB_CROSSED_AFTER_TOUCH,,,9.0,,,,,100.0,,,,,,,,,,,,,,,,,,,,,,,
1699,2026-05-11T03:35:00+00:00,OB_CROSSED_AFTER_TOUCH,,,9.0,,,,,100.0,,,,,,,,,,,,,,,,,,,,,,,
1700,2026-05-11T03:40:00+00:00,OB_CROSSED_AFTER_TOUCH,,,9.0,,,,,100.0,,,,,,,,,,,,,,,,,,,,,,,
1701,2026-05-11T03:45:00+00:00,OB_CROSSED_AFTER_TOUCH,,,9.0,,,,,100.0,,,,,,,,,,,,,,,,,,,,,,,
1702,2026-05-11T03:50:00+00:00,OB_CROSSED_AFTER_TOUCH,,,9.0,,,,,100.0,,,,,,,,,,,,,,,,,,,,,,,
1703,2026-05-11T03:55:00+00:00,OB_CROSSED_AFTER_TOUCH,,,9.0,,,,,100.0,,,,,,,,,,,,,,,,,,,,,,,
1704,2026-05-11T04:00:00+00:00,SWEEP,bullish,4674.794,,,,,,,,,,,,,,,,,,,,,,,,,,,,,
1704,2026-05-11T04:00:00+00:00,OB_CROSSED_AFTER_TOUCH,,,9.0,,,,,100.0,,,,,,,,,,,,,,,,,,,,,,,
1705,2026-05-11T04:05:00+00:00,OB_CROSSED_AFTER_TOUCH,,,9.0,,,,,100.0,,,,,,,,,,,,,,,,,,,,,,,
1706,2026-05-11T04:10:00+00:00,OB_CROSSED_AFTER_TOUCH,,,9.0,,,,,100.0,,,,,,,,,,,,,,,,,,,,,,,
1707,2026-05-11T04:15:00+00:00,OB_CROSSED_AFTER_TOUCH,,,9.0,,,,,100.0,,,,,,,,,,,,,,,,,,,,,,,
1708,2026-05-11T04:20:00+00:00,SWEEP,bullish,4673.547,,,,,,,,,,,,,,,,,,,,,,,,,,,,,
1708,2026-05-11T04:20:00+00:00,OB_CROSSED_AFTER_TOUCH,,,9.0,,,,,100.0,,,,,,,,,,,,,,,,,,,,,,,
1709,2026-05-11T04:25:00+00:00,OB_CROSSED_AFTER_TOUCH,,,9.0,,,,,100.0,,,,,,,,,,,,,,,,,,,,,,,
1710,2026-05-11T04:30:00+00:00,SWEEP,bullish,4670.217,,,,,,,,,,,,,,,,,,,,,,,,,,,,,
1710,2026-05-11T04:30:00+00:00,OB_CROSSED_AFTER_TOUCH,,,9.0,,,,,100.0,,,,,,,,,,,,,,,,,,,,,,,
1711,2026-05-11T04:35:00+00:00,OB_CROSSED_AFTER_TOUCH,,,9.0,,,,,100.0,,,,,,,,,,,,,,,,,,,,,,,
1712,2026-05-11T04:40:00+00:00,OB_CROSSED_AFTER_TOUCH,,,9.0,,,,,100.0,,,,,,,,,,,,,,,,,,,,,,,
1713,2026-05-11T04:45:00+00:00,OB_CROSSED_AFTER_TOUCH,,,9.0,,,,,100.0,,,,,,,,,,,,,,,,,,,,,,,
1714,2026-05-11T04:50:00+00:00,OB_CROSSED_AFTER_TOUCH,,,9.0,,,,,100.0,,,,,,,,,,,,,,,,,,,,,,,
1715,2026-05-11T04:55:00+00:00,OB_CROSSED_AFTER_TOUCH,,,9.0,,,,,100.0,,,,,,,,,,,,,,,,,,,,,,,
1716,2026-05-11T05:00:00+00:00,OB_CROSSED_AFTER_TOUCH,,,9.0,,,,,100.0,,,,,,,,,,,,,,,,,,,,,,,
1717,2026-05-11T05:05:00+00:00,OB_CROSSED_AFTER_TOUCH,,,9.0,,,,,100.0,,,,,,,,,,,,,,,,,,,,,,,
1718,2026-05-11T05:10:00+00:00,OB_CROSSED_AFTER_TOUCH,,,9.0,,,,,100.0,,,,,,,,,,,,,,,,,,,,,,,
1719,2026-05-11T05:15:00+00:00,OB_CROSSED_AFTER_TOUCH,,,9.0,,,,,100.0,,,,,,,,,,,,,,,,,,,,,,,
1720,2026-05-11T05:20:00+00:00,OB_CROSSED_AFTER_TOUCH,,,9.0,,,,,100.0,,,,,,,,,,,,,,,,,,,,,,,
1721,2026-05-11T05:25:00+00:00,OB_CROSSED_AFTER_TOUCH,,,9.0,,,,,100.0,,,,,,,,,,,,,,,,,,,,,,,
1722,2026-05-11T05:30:00+00:00,OB_CROSSED_AFTER_TOUCH,,,9.0,,,,,100.0,,,,,,,,,,,,,,,,,,,,,,,
1723,2026-05-11T05:35:00+00:00,SWEEP,bearish,4679.674,,,,,,,,,,,,,,,,,,,,,,,,,,,,,
1723,2026-05-11T05:35:00+00:00,OB_CROSSED_AFTER_TOUCH,,,9.0,,,,,100.0,,,,,,,,,,,,,,,,,,,,,,,
1724,2026-05-11T05:40:00+00:00,OB_CROSSED_AFTER_TOUCH,,,9.0,,,,,100.0,,,,,,,,,,,,,,,,,,,,,,,
1725,2026-05-11T05:45:00+00:00,OB_CROSSED_AFTER_TOUCH,,,9.0,,,,,100.0,,,,,,,,,,,,,,,,,,,,,,,
1726,2026-05-11T05:50:00+00:00,OB_CROSSED_AFTER_TOUCH,,,9.0,,,,,100.0,,,,,,,,,,,,,,,,,,,,,,,
1727,2026-05-11T05:55:00+00:00,OB_CROSSED_AFTER_TOUCH,,,9.0,,,,,100.0,,,,,,,,,,,,,,,,,,,,,,,
1728,2026-05-11T06:00:00+00:00,OB_CROSSED_AFTER_TOUCH,,,9.0,,,,,100.0,,,,,,,,,,,,,,,,,,,,,,,
1729,2026-05-11T06:05:00+00:00,OB_CROSSED_AFTER_TOUCH,,,9.0,,,,,100.0,,,,,,,,,,,,,,,,,,,,,,,
1730,2026-05-11T06:10:00+00:00,OB_CROSSED_AFTER_TOUCH,,,9.0,,,,,100.0,,,,,,,,,,,,,,,,,,,,,,,
1731,2026-05-11T06:15:00+00:00,OB_CROSSED_AFTER_TOUCH,,,9.0,,,,,100.0,,,,,,,,,,,,,,,,,,,,,,,
1732,2026-05-11T06:20:00+00:00,OB_CROSSED_AFTER_TOUCH,,,9.0,,,,,100.0,,,,,,,,,,,,,,,,,,,,,,,
1733,2026-05-11T06:25:00+00:00,OB_CROSSED_AFTER_TOUCH,,,9.0,,,,,100.0,,,,,,,,,,,,,,,,,,,,,,,
1734,2026-05-11T06:30:00+00:00,OB_CROSSED_AFTER_TOUCH,,,9.0,,,,,100.0,,,,,,,,,,,,,,,,,,,,,,,
1735,2026-05-11T06:35:00+00:00,OB_CROSSED_AFTER_TOUCH,,,9.0,,,,,100.0,,,,,,,,,,,,,,,,,,,,,,,
1736,2026-05-11T06:40:00+00:00,OB_CROSSED_AFTER_TOUCH,,,9.0,,,,,100.0,,,,,,,,,,,,,,,,,,,,,,,
1737,2026-05-11T06:45:00+00:00,OB_CROSSED_AFTER_TOUCH,,,9.0,,,,,100.0,,,,,,,,,,,,,,,,,,,,,,,
1738,2026-05-11T06:50:00+00:00,OB_CROSSED_AFTER_TOUCH,,,9.0,,,,,100.0,,,,,,,,,,,,,,,,,,,,,,,
1739,2026-05-11T06:55:00+00:00,OB_CROSSED_AFTER_TOUCH,,,9.0,,,,,100.0,,,,,,,,,,,,,,,,,,,,,,,
1740,2026-05-11T07:00:00+00:00,OB_CROSSED_AFTER_TOUCH,,,9.0,,,,,100.0,,,,,,,,,,,,,,,,,,,,,,,
1741,2026-05-11T07:05:00+00:00,OB_CROSSED_AFTER_TOUCH,,,9.0,,,,,100.0,,,,,,,,,,,,,,,,,,,,,,,
1742,2026-05-11T07:10:00+00:00,OB_CROSSED_AFTER_TOUCH,,,9.0,,,,,100.0,,,,,,,,,,,,,,,,,,,,,,,
1743,2026-05-11T07:15:00+00:00,OB_CROSSED_AFTER_TOUCH,,,9.0,,,,,100.0,,,,,,,,,,,,,,,,,,,,,,,
1744,2026-05-11T07:20:00+00:00,OB_CROSSED_AFTER_TOUCH,,,9.0,,,,,100.0,,,,,,,,,,,,,,,,,,,,,,,
1745,2026-05-11T07:25:00+00:00,OB_CROSSED_AFTER_TOUCH,,,9.0,,,,,100.0,,,,,,,,,,,,,,,,,,,,,,,
1746,2026-05-11T07:30:00+00:00,OB_CROSSED_AFTER_TOUCH,,,9.0,,,,,100.0,,,,,,,,,,,,,,,,,,,,,,,
1747,2026-05-11T07:35:00+00:00,OB_CROSSED_AFTER_TOUCH,,,9.0,,,,,100.0,,,,,,,,,,,,,,,,,,,,,,,
1748,2026-05-11T07:40:00+00:00,OB_CROSSED_AFTER_TOUCH,,,9.0,,,,,100.0,,,,,,,,,,,,,,,,,,,,,,,
1749,2026-05-11T07:45:00+00:00,OB_CROSSED_AFTER_TOUCH,,,9.0,,,,,100.0,,,,,,,,,,,,,,,,,,,,,,,
1750,2026-05-11T07:50:00+00:00,OB_CROSSED_AFTER_TOUCH,,,9.0,,,,,100.0,,,,,,,,,,,,,,,,,,,,,,,
1751,2026-05-11T07:55:00+00:00,OB_CROSSED_AFTER_TOUCH,,,9.0,,,,,100.0,,,,,,,,,,,,,,,,,,,,,,,
1752,2026-05-11T08:00:00+00:00,OB_CROSSED_AFTER_TOUCH,,,9.0,,,,,100.0,,,,,,,,,,,,,,,,,,,,,,,
1753,2026-05-11T08:05:00+00:00,OB_CROSSED_AFTER_TOUCH,,,9.0,,,,,100.0,,,,,,,,,,,,,,,,,,,,,,,
1754,2026-05-11T08:10:00+00:00,SWEEP,bullish,4664.403,,,,,,,,,,,,,,,,,,,,,,,,,,,,,
1754,2026-05-11T08:10:00+00:00,OB_CROSSED_AFTER_TOUCH,,,9.0,,,,,100.0,,,,,,,,,,,,,,,,,,,,,,,
1755,2026-05-11T08:15:00+00:00,OB_CROSSED_AFTER_TOUCH,,,9.0,,,,,100.0,,,,,,,,,,,,,,,,,,,,,,,
1756,2026-05-11T08:20:00+00:00,OB_CROSSED_AFTER_TOUCH,,,9.0,,,,,100.0,,,,,,,,,,,,,,,,,,,,,,,
1757,2026-05-11T08:25:00+00:00,OB_CROSSED_AFTER_TOUCH,,,9.0,,,,,100.0,,,,,,,,,,,,,,,,,,,,,,,
1758,2026-05-11T08:30:00+00:00,OB_CROSSED_AFTER_TOUCH,,,9.0,,,,,100.0,,,,,,,,,,,,,,,,,,,,,,,
1759,2026-05-11T08:35:00+00:00,OB_CROSSED_AFTER_TOUCH,,,9.0,,,,,100.0,,,,,,,,,,,,,,,,,,,,,,,
1760,2026-05-11T08:40:00+00:00,OB_CROSSED_AFTER_TOUCH,,,9.0,,,,,100.0,,,,,,,,,,,,,,,,,,,,,,,
1761,2026-05-11T08:45:00+00:00,OB_CROSSED_AFTER_TOUCH,,,9.0,,,,,100.0,,,,,,,,,,,,,,,,,,,,,,,
1762,2026-05-11T08:50:00+00:00,OB_CROSSED_AFTER_TOUCH,,,9.0,,,,,100.0,,,,,,,,,,,,,,,,,,,,,,,
1763,2026-05-11T08:55:00+00:00,OB_CROSSED_AFTER_TOUCH,,,9.0,,,,,100.0,,,,,,,,,,,,,,,,,,,,,,,
1764,2026-05-11T09:00:00+00:00,OB_CROSSED_AFTER_TOUCH,,,9.0,,,,,100.0,,,,,,,,,,,,,,,,,,,,,,,
1765,2026-05-11T09:05:00+00:00,OB_CROSSED_AFTER_TOUCH,,,9.0,,,,,100.0,,,,,,,,,,,,,,,,,,,,,,,
1766,2026-05-11T09:10:00+00:00,OB_CROSSED_AFTER_TOUCH,,,9.0,,,,,100.0,,,,,,,,,,,,,,,,,,,,,,,
1767,2026-05-11T09:15:00+00:00,OB_CROSSED_AFTER_TOUCH,,,9.0,,,,,100.0,,,,,,,,,,,,,,,,,,,,,,,
1768,2026-05-11T09:20:00+00:00,OB_CROSSED_AFTER_TOUCH,,,9.0,,,,,100.0,,,,,,,,,,,,,,,,,,,,,,,
1769,2026-05-11T09:25:00+00:00,OB_CROSSED_AFTER_TOUCH,,,9.0,,,,,100.0,,,,,,,,,,,,,,,,,,,,,,,
1770,2026-05-11T09:30:00+00:00,OB_EXPIRED,,,9.0,,,,,,,,,,101.0,,,,,,,,,,,,,,,,,,
1794,2026-05-11T11:30:00+00:00,SWEEP,bearish,4672.412,,,,,,,,,,,,,,,,,,,,,,,,,,,,,
1796,2026-05-11T11:40:00+00:00,SWEEP,bearish,4676.039,,,,,,,,,,,,,,,,,,,,,,,,,,,,,
1806,2026-05-11T12:30:00+00:00,SWEEP,bearish,4695.266,,,,,,,,,,,,,,,,,,,,,,,,,,,,,
1807,2026-05-11T12:35:00+00:00,SWEEP,bearish,4696.284,,,,,,,,,,,,,,,,,,,,,,,,,,,,,
1818,2026-05-11T13:30:00+00:00,SWEEP,bearish,4735.571,,,,,,,,,,,,,,,,,,,,,,,,,,,,,
1819,2026-05-11T13:35:00+00:00,SWEEP,bearish,4736.897,,,,,,,,,,,,,,,,,,,,,,,,,,,,,
1821,2026-05-11T13:45:00+00:00,SWEEP,bearish,4745.473,,,,,,,,,,,,,,,,,,,,,,,,,,,,,
1853,2026-05-11T16:25:00+00:00,SWEEP,bullish,4722.72,,,,,,,,,,,,,,,,,,,,,,,,,,,,,
1854,2026-05-11T16:30:00+00:00,SWEEP,bullish,4722.25,,,,,,,,,,,,,,,,,,,,,,,,,,,,,
1873,2026-05-11T18:05:00+00:00,SWEEP,bearish,4726.09,,,,,,,,,,,,,,,,,,,,,,,,,,,,,
1878,2026-05-11T18:30:00+00:00,SWEEP,bearish,4727.551,,,,,,,,,,,,,,,,,,,,,,,,,,,,,
1879,2026-05-11T18:35:00+00:00,SWEEP,bearish,4727.744,,,,,,,,,,,,,,,,,,,,,,,,,,,,,
1895,2026-05-11T19:55:00+00:00,SWEEP,bearish,4734.347,,,,,,,,,,,,,,,,,,,,,,,,,,,,,
1909,2026-05-11T22:05:00+00:00,SWEEP,bearish,4743.128,,,,,,,,,,,,,,,,,,,,,,,,,,,,,
1927,2026-05-11T23:35:00+00:00,SWEEP,bearish,4758.065,,,,,,,,,,,,,,,,,,,,,,,,,,,,,
1952,2026-05-12T01:40:00+00:00,SWEEP,bullish,4723.006,,,,,,,,,,,,,,,,,,,,,,,,,,,,,
1979,2026-05-12T03:55:00+00:00,SWEEP,bullish,4718.8,,,,,,,,,,,,,,,,,,,,,,,,,,,,,
1991,2026-05-12T04:55:00+00:00,SWEEP,bullish,4712.62,,,,,,,,,,,,,,,,,,,,,,,,,,,,,
1992,2026-05-12T05:00:00+00:00,SWEEP,bullish,4710.869,,,,,,,,,,,,,,,,,,,,,,,,,,,,,
1993,2026-05-12T05:05:00+00:00,SWEEP,bullish,4710.827,,,,,,,,,,,,,,,,,,,,,,,,,,,,,
1994,2026-05-12T05:10:00+00:00,SWEEP,bullish,4709.721,,,,,,,,,,,,,,,,,,,,,,,,,,,,,
2005,2026-05-12T06:05:00+00:00,SWEEP,bullish,4704.303,,,,,,,,,,,,,,,,,,,,,,,,,,,,,
2007,2026-05-12T06:15:00+00:00,SWEEP,bullish,4702.763,,,,,,,,,,,,,,,,,,,,,,,,,,,,,
2015,2026-05-12T06:55:00+00:00,SWEEP,bullish,4695.022,,,,,,,,,,,,,,,,,,,,,,,,,,,,,
2017,2026-05-12T07:05:00+00:00,SWEEP,bullish,4689.84,,,,,,,,,,,,,,,,,,,,,,,,,,,,,
2028,2026-05-12T08:00:00+00:00,SWEEP,bearish,4705.29,,,,,,,,,,,,,,,,,,,,,,,,,,,,,
2054,2026-05-12T10:10:00+00:00,SWEEP,bearish,4708.143,,,,,,,,,,,,,,,,,,,,,,,,,,,,,
2058,2026-05-12T10:30:00+00:00,SWEEP,bullish,4694.197,,,,,,,,,,,,,,,,,,,,,,,,,,,,,
2060,2026-05-12T10:40:00+00:00,SWEEP,bullish,4685.182,,,,,,,,,,,,,,,,,,,,,,,,,,,,,
2068,2026-05-12T11:20:00+00:00,OB_FORMED,bullish,,10.0,4692.883,4697.598,67.32,"{'body': 17.91, 'fvg': 0.14, 'sweep': 21.04, 'break': 3.23, 'ob_size': 15.0, 'adjacency': 10}",,,,,,,,,,,,,,,,,,,,,,,,
2070,2026-05-12T11:30:00+00:00,OB_FORMED,bullish,,11.0,4697.634,4702.121,65.91,"{'body': 19.64, 'fvg': 1.94, 'sweep': 15.62, 'break': 3.72, 'ob_size': 15.0, 'adjacency': 10}",,,,,,,,,,,,,,,,,,,,,,,,
2075,2026-05-12T11:55:00+00:00,SWEEP,bearish,4707.94,,,,,,,,,,,,,,,,,,,,,,,,,,,,,
2077,2026-05-12T12:05:00+00:00,OB_TOUCH,,,11.0,,,,,30.82237575216818,,,,,,,,,,,,,,,,,,,,,,,
2077,2026-05-12T12:05:00+00:00,WAIT_MTF_CONTEXT,,,11.0,,,,,,neutral,neutral,neutral,0.0,,,,,,,,,,,,,,,,,,,
2078,2026-05-12T12:10:00+00:00,WAIT_MTF_CONTEXT,,,11.0,,,,,,neutral,neutral,neutral,0.0,,,,,,,,,,,,,,,,,,,
2079,2026-05-12T12:15:00+00:00,WAIT_MTF_CONTEXT,,,11.0,,,,,,neutral,neutral,neutral,0.0,,,,,,,,,,,,,,,,,,,
2080,2026-05-12T12:20:00+00:00,OB_TOUCH,,,10.0,,,,,18.133616118760067,,,,,,,,,,,,,,,,,,,,,,,
2080,2026-05-12T12:20:00+00:00,WAIT_MTF_CONTEXT,,,10.0,,,,,,neutral,neutral,neutral,0.0,,,,,,,,,,,,,,,,,,,
2080,2026-05-12T12:20:00+00:00,OB_CROSSED_AFTER_TOUCH,,,11.0,,,,,100.0,,,,,,,,,,,,,,,,,,,,,,,
2078,2026-05-12T12:10:00+00:00,OB_FORMED,bearish,,12.0,4699.691,4706.104,72.84,"{'body': 14.92, 'fvg': 9.31, 'sweep': 23.75, 'break': 1.74, 'ob_size': 13.12, 'adjacency': 10}",,,,,,,,,,,,,,,,,,,,,,,,
2081,2026-05-12T12:25:00+00:00,WAIT_MTF_CONTEXT,,,10.0,,,,,,neutral,neutral,neutral,0.0,,,,,,,,,,,,,,,,,,,
2081,2026-05-12T12:25:00+00:00,OB_CROSSED_AFTER_TOUCH,,,11.0,,,,,100.0,,,,,,,,,,,,,,,,,,,,,,,
2082,2026-05-12T12:30:00+00:00,WAIT_MTF_CONTEXT,,,10.0,,,,,,neutral,neutral,neutral,0.0,,,,,,,,,,,,,,,,,,,
2082,2026-05-12T12:30:00+00:00,OB_CROSSED_AFTER_TOUCH,,,11.0,,,,,100.0,,,,,,,,,,,,,,,,,,,,,,,
2082,2026-05-12T12:30:00+00:00,OB_TOUCH,,,12.0,,,,,0.0,,,,,,,,,,,,,,,,,,,,,,,
2082,2026-05-12T12:30:00+00:00,WAIT_MTF_CONTEXT,,,12.0,,,,,,neutral,neutral,neutral,0.0,,,,,,,,,,,,,,,,,,,
2083,2026-05-12T12:35:00+00:00,WAIT_MTF_CONTEXT,,,10.0,,,,,,neutral,neutral,neutral,0.0,,,,,,,,,,,,,,,,,,,
2083,2026-05-12T12:35:00+00:00,WAIT_MTF_CONTEXT,,,11.0,,,,,,neutral,neutral,neutral,0.0,,,,,,,,,,,,,,,,,,,
2083,2026-05-12T12:35:00+00:00,WAIT_MTF_CONTEXT,,,12.0,,,,,,neutral,neutral,neutral,0.0,,,,,,,,,,,,,,,,,,,
2084,2026-05-12T12:40:00+00:00,WAIT_MTF_CONTEXT,,,10.0,,,,,,neutral,neutral,neutral,0.0,,,,,,,,,,,,,,,,,,,
2084,2026-05-12T12:40:00+00:00,WAIT_MTF_CONTEXT,,,11.0,,,,,,neutral,neutral,neutral,0.0,,,,,,,,,,,,,,,,,,,
2084,2026-05-12T12:40:00+00:00,WAIT_MTF_CONTEXT,,,12.0,,,,,,neutral,neutral,neutral,0.0,,,,,,,,,,,,,,,,,,,
2085,2026-05-12T12:45:00+00:00,SWEEP,bearish,4709.371,,,,,,,,,,,,,,,,,,,,,,,,,,,,,
2085,2026-05-12T12:45:00+00:00,WAIT_MTF_CONTEXT,,,10.0,,,,,,neutral,neutral,neutral,0.0,,,,,,,,,,,,,,,,,,,
2085,2026-05-12T12:45:00+00:00,WAIT_MTF_CONTEXT,,,11.0,,,,,,neutral,neutral,neutral,0.0,,,,,,,,,,,,,,,,,,,
2085,2026-05-12T12:45:00+00:00,OB_CROSSED_AFTER_TOUCH,,,12.0,,,,,100.0,,,,,,,,,,,,,,,,,,,,,,,
2086,2026-05-12T12:50:00+00:00,SWEEP,bearish,4710.937,,,,,,,,,,,,,,,,,,,,,,,,,,,,,
2086,2026-05-12T12:50:00+00:00,WAIT_MTF_CONTEXT,,,10.0,,,,,,neutral,neutral,neutral,0.0,,,,,,,,,,,,,,,,,,,
2086,2026-05-12T12:50:00+00:00,WAIT_MTF_CONTEXT,,,11.0,,,,,,neutral,neutral,neutral,0.0,,,,,,,,,,,,,,,,,,,
2086,2026-05-12T12:50:00+00:00,OB_CROSSED_AFTER_TOUCH,,,12.0,,,,,100.0,,,,,,,,,,,,,,,,,,,,,,,
2087,2026-05-12T12:55:00+00:00,WAIT_MTF_CONTEXT,,,10.0,,,,,,neutral,neutral,neutral,0.0,,,,,,,,,,,,,,,,,,,
2087,2026-05-12T12:55:00+00:00,WAIT_MTF_CONTEXT,,,11.0,,,,,,neutral,neutral,neutral,0.0,,,,,,,,,,,,,,,,,,,
2087,2026-05-12T12:55:00+00:00,WAIT_MTF_CONTEXT,,,12.0,,,,,,neutral,neutral,neutral,0.0,,,,,,,,,,,,,,,,,,,
2088,2026-05-12T13:00:00+00:00,WAIT_MTF_CONTEXT,,,10.0,,,,,,neutral,neutral,neutral,0.0,,,,,,,,,,,,,,,,,,,
2088,2026-05-12T13:00:00+00:00,OB_CROSSED_AFTER_TOUCH,,,11.0,,,,,100.0,,,,,,,,,,,,,,,,,,,,,,,
2088,2026-05-12T13:00:00+00:00,WAIT_MTF_CONTEXT,,,12.0,,,,,,neutral,neutral,neutral,0.0,,,,,,,,,,,,,,,,,,,
2089,2026-05-12T13:05:00+00:00,WAIT_MTF_CONTEXT,,,10.0,,,,,,neutral,neutral,neutral,0.0,,,,,,,,,,,,,,,,,,,
2089,2026-05-12T13:05:00+00:00,OB_CROSSED_AFTER_TOUCH,,,11.0,,,,,100.0,,,,,,,,,,,,,,,,,,,,,,,
2089,2026-05-12T13:05:00+00:00,WAIT_MTF_CONTEXT,,,12.0,,,,,,neutral,neutral,neutral,0.0,,,,,,,,,,,,,,,,,,,
2090,2026-05-12T13:10:00+00:00,OB_CROSSED_AFTER_TOUCH,,,10.0,,,,,100.0,,,,,,,,,,,,,,,,,,,,,,,
2090,2026-05-12T13:10:00+00:00,OB_CROSSED_AFTER_TOUCH,,,11.0,,,,,100.0,,,,,,,,,,,,,,,,,,,,,,,
2090,2026-05-12T13:10:00+00:00,WAIT_MTF_CONTEXT,,,12.0,,,,,,neutral,neutral,neutral,0.0,,,,,,,,,,,,,,,,,,,
2091,2026-05-12T13:15:00+00:00,OB_CROSSED_AFTER_TOUCH,,,10.0,,,,,100.0,,,,,,,,,,,,,,,,,,,,,,,
2091,2026-05-12T13:15:00+00:00,OB_CROSSED_AFTER_TOUCH,,,11.0,,,,,100.0,,,,,,,,,,,,,,,,,,,,,,,
2091,2026-05-12T13:15:00+00:00,WAIT_MTF_CONTEXT,,,12.0,,,,,,neutral,neutral,neutral,0.0,,,,,,,,,,,,,,,,,,,
2092,2026-05-12T13:20:00+00:00,OB_CROSSED_AFTER_TOUCH,,,10.0,,,,,100.0,,,,,,,,,,,,,,,,,,,,,,,
2092,2026-05-12T13:20:00+00:00,OB_CROSSED_AFTER_TOUCH,,,11.0,,,,,100.0,,,,,,,,,,,,,,,,,,,,,,,
2092,2026-05-12T13:20:00+00:00,WAIT_MTF_CONTEXT,,,12.0,,,,,,neutral,neutral,neutral,0.0,,,,,,,,,,,,,,,,,,,
2093,2026-05-12T13:25:00+00:00,OB_CROSSED_AFTER_TOUCH,,,10.0,,,,,100.0,,,,,,,,,,,,,,,,,,,,,,,
2093,2026-05-12T13:25:00+00:00,OB_CROSSED_AFTER_TOUCH,,,11.0,,,,,100.0,,,,,,,,,,,,,,,,,,,,,,,
2093,2026-05-12T13:25:00+00:00,WAIT_MTF_CONTEXT,,,12.0,,,,,,neutral,neutral,neutral,0.0,,,,,,,,,,,,,,,,,,,
2094,2026-05-12T13:30:00+00:00,OB_CROSSED_AFTER_TOUCH,,,10.0,,,,,100.0,,,,,,,,,,,,,,,,,,,,,,,
2094,2026-05-12T13:30:00+00:00,OB_CROSSED_AFTER_TOUCH,,,11.0,,,,,100.0,,,,,,,,,,,,,,,,,,,,,,,
2094,2026-05-12T13:30:00+00:00,WAIT_MTF_CONTEXT,,,12.0,,,,,,neutral,neutral,neutral,0.0,,,,,,,,,,,,,,,,,,,
2095,2026-05-12T13:35:00+00:00,WAIT_MTF_CONTEXT,,,10.0,,,,,,neutral,neutral,neutral,0.0,,,,,,,,,,,,,,,,,,,
2095,2026-05-12T13:35:00+00:00,WAIT_MTF_CONTEXT,,,11.0,,,,,,neutral,neutral,neutral,0.0,,,,,,,,,,,,,,,,,,,
2095,2026-05-12T13:35:00+00:00,WAIT_MTF_CONTEXT,,,12.0,,,,,,neutral,neutral,neutral,0.0,,,,,,,,,,,,,,,,,,,
2096,2026-05-12T13:40:00+00:00,WAIT_MTF_CONTEXT,,,10.0,,,,,,neutral,neutral,neutral,0.0,,,,,,,,,,,,,,,,,,,
2096,2026-05-12T13:40:00+00:00,WAIT_MTF_CONTEXT,,,11.0,,,,,,neutral,neutral,neutral,0.0,,,,,,,,,,,,,,,,,,,
2096,2026-05-12T13:40:00+00:00,WAIT_MTF_CONTEXT,,,12.0,,,,,,neutral,neutral,neutral,0.0,,,,,,,,,,,,,,,,,,,
2097,2026-05-12T13:45:00+00:00,OB_CROSSED_AFTER_TOUCH,,,10.0,,,,,100.0,,,,,,,,,,,,,,,,,,,,,,,
2097,2026-05-12T13:45:00+00:00,OB_CROSSED_AFTER_TOUCH,,,11.0,,,,,100.0,,,,,,,,,,,,,,,,,,,,,,,
2097,2026-05-12T13:45:00+00:00,WAIT_MTF_CONTEXT,,,12.0,,,,,,neutral,neutral,neutral,0.0,,,,,,,,,,,,,,,,,,,
2098,2026-05-12T13:50:00+00:00,OB_CROSSED_AFTER_TOUCH,,,10.0,,,,,100.0,,,,,,,,,,,,,,,,,,,,,,,
2098,2026-05-12T13:50:00+00:00,OB_CROSSED_AFTER_TOUCH,,,11.0,,,,,100.0,,,,,,,,,,,,,,,,,,,,,,,
2098,2026-05-12T13:50:00+00:00,WAIT_MTF_CONTEXT,,,12.0,,,,,,neutral,neutral,neutral,0.0,,,,,,,,,,,,,,,,,,,
2099,2026-05-12T13:55:00+00:00,OB_CROSSED_AFTER_TOUCH,,,10.0,,,,,100.0,,,,,,,,,,,,,,,,,,,,,,,
2099,2026-05-12T13:55:00+00:00,OB_CROSSED_AFTER_TOUCH,,,11.0,,,,,100.0,,,,,,,,,,,,,,,,,,,,,,,
2099,2026-05-12T13:55:00+00:00,WAIT_MTF_CONTEXT,,,12.0,,,,,,neutral,neutral,neutral,0.0,,,,,,,,,,,,,,,,,,,
2100,2026-05-12T14:00:00+00:00,SWEEP,bullish,4676.83,,,,,,,,,,,,,,,,,,,,,,,,,,,,,
2100,2026-05-12T14:00:00+00:00,OB_CROSSED_AFTER_TOUCH,,,10.0,,,,,100.0,,,,,,,,,,,,,,,,,,,,,,,
2100,2026-05-12T14:00:00+00:00,OB_CROSSED_AFTER_TOUCH,,,11.0,,,,,100.0,,,,,,,,,,,,,,,,,,,,,,,
2100,2026-05-12T14:00:00+00:00,WAIT_MTF_CONTEXT,,,12.0,,,,,,neutral,neutral,neutral,0.0,,,,,,,,,,,,,,,,,,,
2101,2026-05-12T14:05:00+00:00,OB_CROSSED_AFTER_TOUCH,,,10.0,,,,,100.0,,,,,,,,,,,,,,,,,,,,,,,
2101,2026-05-12T14:05:00+00:00,OB_CROSSED_AFTER_TOUCH,,,11.0,,,,,100.0,,,,,,,,,,,,,,,,,,,,,,,
2101,2026-05-12T14:05:00+00:00,WAIT_MTF_CONTEXT,,,12.0,,,,,,neutral,neutral,neutral,0.0,,,,,,,,,,,,,,,,,,,
2102,2026-05-12T14:10:00+00:00,OB_CROSSED_AFTER_TOUCH,,,10.0,,,,,100.0,,,,,,,,,,,,,,,,,,,,,,,
2102,2026-05-12T14:10:00+00:00,OB_CROSSED_AFTER_TOUCH,,,11.0,,,,,100.0,,,,,,,,,,,,,,,,,,,,,,,
2102,2026-05-12T14:10:00+00:00,WAIT_MTF_CONTEXT,,,12.0,,,,,,neutral,neutral,neutral,0.0,,,,,,,,,,,,,,,,,,,
2103,2026-05-12T14:15:00+00:00,OB_CROSSED_AFTER_TOUCH,,,10.0,,,,,100.0,,,,,,,,,,,,,,,,,,,,,,,
2103,2026-05-12T14:15:00+00:00,OB_CROSSED_AFTER_TOUCH,,,11.0,,,,,100.0,,,,,,,,,,,,,,,,,,,,,,,
2103,2026-05-12T14:15:00+00:00,WAIT_MTF_CONTEXT,,,12.0,,,,,,neutral,neutral,neutral,0.0,,,,,,,,,,,,,,,,,,,
2104,2026-05-12T14:20:00+00:00,OB_CROSSED_AFTER_TOUCH,,,10.0,,,,,100.0,,,,,,,,,,,,,,,,,,,,,,,
2104,2026-05-12T14:20:00+00:00,OB_CROSSED_AFTER_TOUCH,,,11.0,,,,,100.0,,,,,,,,,,,,,,,,,,,,,,,
2104,2026-05-12T14:20:00+00:00,WAIT_MTF_CONTEXT,,,12.0,,,,,,neutral,neutral,neutral,0.0,,,,,,,,,,,,,,,,,,,
2105,2026-05-12T14:25:00+00:00,OB_CROSSED_AFTER_TOUCH,,,10.0,,,,,100.0,,,,,,,,,,,,,,,,,,,,,,,
2105,2026-05-12T14:25:00+00:00,OB_CROSSED_AFTER_TOUCH,,,11.0,,,,,100.0,,,,,,,,,,,,,,,,,,,,,,,
2105,2026-05-12T14:25:00+00:00,WAIT_MTF_CONTEXT,,,12.0,,,,,,neutral,neutral,neutral,0.0,,,,,,,,,,,,,,,,,,,
2106,2026-05-12T14:30:00+00:00,SWEEP,bullish,4675.785,,,,,,,,,,,,,,,,,,,,,,,,,,,,,
2106,2026-05-12T14:30:00+00:00,OB_CROSSED_AFTER_TOUCH,,,10.0,,,,,100.0,,,,,,,,,,,,,,,,,,,,,,,
2106,2026-05-12T14:30:00+00:00,OB_CROSSED_AFTER_TOUCH,,,11.0,,,,,100.0,,,,,,,,,,,,,,,,,,,,,,,
2106,2026-05-12T14:30:00+00:00,WAIT_MTF_CONTEXT,,,12.0,,,,,,neutral,neutral,neutral,0.0,,,,,,,,,,,,,,,,,,,
2107,2026-05-12T14:35:00+00:00,OB_CROSSED_AFTER_TOUCH,,,10.0,,,,,100.0,,,,,,,,,,,,,,,,,,,,,,,
2107,2026-05-12T14:35:00+00:00,OB_CROSSED_AFTER_TOUCH,,,11.0,,,,,100.0,,,,,,,,,,,,,,,,,,,,,,,
2107,2026-05-12T14:35:00+00:00,WAIT_MTF_CONTEXT,,,12.0,,,,,,neutral,neutral,neutral,0.0,,,,,,,,,,,,,,,,,,,
2108,2026-05-12T14:40:00+00:00,OB_CROSSED_AFTER_TOUCH,,,10.0,,,,,100.0,,,,,,,,,,,,,,,,,,,,,,,
2108,2026-05-12T14:40:00+00:00,OB_CROSSED_AFTER_TOUCH,,,11.0,,,,,100.0,,,,,,,,,,,,,,,,,,,,,,,
2108,2026-05-12T14:40:00+00:00,WAIT_MTF_CONTEXT,,,12.0,,,,,,neutral,neutral,neutral,0.0,,,,,,,,,,,,,,,,,,,
2109,2026-05-12T14:45:00+00:00,OB_CROSSED_AFTER_TOUCH,,,10.0,,,,,100.0,,,,,,,,,,,,,,,,,,,,,,,
2109,2026-05-12T14:45:00+00:00,OB_CROSSED_AFTER_TOUCH,,,11.0,,,,,100.0,,,,,,,,,,,,,,,,,,,,,,,
2109,2026-05-12T14:45:00+00:00,WAIT_MTF_CONTEXT,,,12.0,,,,,,neutral,neutral,neutral,0.0,,,,,,,,,,,,,,,,,,,
2110,2026-05-12T14:50:00+00:00,SWEEP,bullish,4671.42,,,,,,,,,,,,,,,,,,,,,,,,,,,,,
2110,2026-05-12T14:50:00+00:00,OB_CROSSED_AFTER_TOUCH,,,10.0,,,,,100.0,,,,,,,,,,,,,,,,,,,,,,,
2110,2026-05-12T14:50:00+00:00,OB_CROSSED_AFTER_TOUCH,,,11.0,,,,,100.0,,,,,,,,,,,,,,,,,,,,,,,
2110,2026-05-12T14:50:00+00:00,WAIT_MTF_CONTEXT,,,12.0,,,,,,neutral,neutral,neutral,0.0,,,,,,,,,,,,,,,,,,,
2111,2026-05-12T14:55:00+00:00,SWEEP,bullish,4670.864,,,,,,,,,,,,,,,,,,,,,,,,,,,,,
2111,2026-05-12T14:55:00+00:00,OB_CROSSED_AFTER_TOUCH,,,10.0,,,,,100.0,,,,,,,,,,,,,,,,,,,,,,,
2111,2026-05-12T14:55:00+00:00,OB_CROSSED_AFTER_TOUCH,,,11.0,,,,,100.0,,,,,,,,,,,,,,,,,,,,,,,
2111,2026-05-12T14:55:00+00:00,WAIT_MTF_CONTEXT,,,12.0,,,,,,neutral,neutral,neutral,0.0,,,,,,,,,,,,,,,,,,,
2112,2026-05-12T15:00:00+00:00,SWEEP,bullish,4669.123,,,,,,,,,,,,,,,,,,,,,,,,,,,,,
2112,2026-05-12T15:00:00+00:00,OB_CROSSED_AFTER_TOUCH,,,10.0,,,,,100.0,,,,,,,,,,,,,,,,,,,,,,,
2112,2026-05-12T15:00:00+00:00,OB_CROSSED_AFTER_TOUCH,,,11.0,,,,,100.0,,,,,,,,,,,,,,,,,,,,,,,
2112,2026-05-12T15:00:00+00:00,WAIT_MTF_CONTEXT,,,12.0,,,,,,neutral,neutral,neutral,0.0,,,,,,,,,,,,,,,,,,,
2113,2026-05-12T15:05:00+00:00,OB_CROSSED_AFTER_TOUCH,,,10.0,,,,,100.0,,,,,,,,,,,,,,,,,,,,,,,
2113,2026-05-12T15:05:00+00:00,OB_CROSSED_AFTER_TOUCH,,,11.0,,,,,100.0,,,,,,,,,,,,,,,,,,,,,,,
2113,2026-05-12T15:05:00+00:00,WAIT_MTF_CONTEXT,,,12.0,,,,,,neutral,neutral,neutral,0.0,,,,,,,,,,,,,,,,,,,
2114,2026-05-12T15:10:00+00:00,OB_CROSSED_AFTER_TOUCH,,,10.0,,,,,100.0,,,,,,,,,,,,,,,,,,,,,,,
2114,2026-05-12T15:10:00+00:00,OB_CROSSED_AFTER_TOUCH,,,11.0,,,,,100.0,,,,,,,,,,,,,,,,,,,,,,,
2114,2026-05-12T15:10:00+00:00,WAIT_MTF_CONTEXT,,,12.0,,,,,,neutral,neutral,neutral,0.0,,,,,,,,,,,,,,,,,,,
2115,2026-05-12T15:15:00+00:00,OB_CROSSED_AFTER_TOUCH,,,10.0,,,,,100.0,,,,,,,,,,,,,,,,,,,,,,,
2115,2026-05-12T15:15:00+00:00,OB_CROSSED_AFTER_TOUCH,,,11.0,,,,,100.0,,,,,,,,,,,,,,,,,,,,,,,
2115,2026-05-12T15:15:00+00:00,WAIT_MTF_CONTEXT,,,12.0,,,,,,neutral,neutral,neutral,0.0,,,,,,,,,,,,,,,,,,,
2116,2026-05-12T15:20:00+00:00,OB_CROSSED_AFTER_TOUCH,,,10.0,,,,,100.0,,,,,,,,,,,,,,,,,,,,,,,
2116,2026-05-12T15:20:00+00:00,OB_CROSSED_AFTER_TOUCH,,,11.0,,,,,100.0,,,,,,,,,,,,,,,,,,,,,,,
2116,2026-05-12T15:20:00+00:00,WAIT_MTF_CONTEXT,,,12.0,,,,,,neutral,neutral,neutral,0.0,,,,,,,,,,,,,,,,,,,
2117,2026-05-12T15:25:00+00:00,SWEEP,bullish,4638.191,,,,,,,,,,,,,,,,,,,,,,,,,,,,,
2117,2026-05-12T15:25:00+00:00,OB_CROSSED_AFTER_TOUCH,,,10.0,,,,,100.0,,,,,,,,,,,,,,,,,,,,,,,
2117,2026-05-12T15:25:00+00:00,OB_CROSSED_AFTER_TOUCH,,,11.0,,,,,100.0,,,,,,,,,,,,,,,,,,,,,,,
2117,2026-05-12T15:25:00+00:00,WAIT_MTF_CONTEXT,,,12.0,,,,,,neutral,neutral,neutral,0.0,,,,,,,,,,,,,,,,,,,
2118,2026-05-12T15:30:00+00:00,OB_CROSSED_AFTER_TOUCH,,,10.0,,,,,100.0,,,,,,,,,,,,,,,,,,,,,,,
2118,2026-05-12T15:30:00+00:00,OB_CROSSED_AFTER_TOUCH,,,11.0,,,,,100.0,,,,,,,,,,,,,,,,,,,,,,,
2118,2026-05-12T15:30:00+00:00,WAIT_MTF_CONTEXT,,,12.0,,,,,,neutral,neutral,neutral,0.0,,,,,,,,,,,,,,,,,,,
2119,2026-05-12T15:35:00+00:00,OB_CROSSED_AFTER_TOUCH,,,10.0,,,,,100.0,,,,,,,,,,,,,,,,,,,,,,,
2119,2026-05-12T15:35:00+00:00,OB_CROSSED_AFTER_TOUCH,,,11.0,,,,,100.0,,,,,,,,,,,,,,,,,,,,,,,
2119,2026-05-12T15:35:00+00:00,WAIT_MTF_CONTEXT,,,12.0,,,,,,neutral,neutral,neutral,0.0,,,,,,,,,,,,,,,,,,,
2120,2026-05-12T15:40:00+00:00,OB_CROSSED_AFTER_TOUCH,,,10.0,,,,,100.0,,,,,,,,,,,,,,,,,,,,,,,
2120,2026-05-12T15:40:00+00:00,OB_CROSSED_AFTER_TOUCH,,,11.0,,,,,100.0,,,,,,,,,,,,,,,,,,,,,,,
2120,2026-05-12T15:40:00+00:00,WAIT_MTF_CONTEXT,,,12.0,,,,,,neutral,neutral,neutral,0.0,,,,,,,,,,,,,,,,,,,
2121,2026-05-12T15:45:00+00:00,OB_CROSSED_AFTER_TOUCH,,,10.0,,,,,100.0,,,,,,,,,,,,,,,,,,,,,,,
2121,2026-05-12T15:45:00+00:00,OB_CROSSED_AFTER_TOUCH,,,11.0,,,,,100.0,,,,,,,,,,,,,,,,,,,,,,,
2121,2026-05-12T15:45:00+00:00,WAIT_MTF_CONTEXT,,,12.0,,,,,,neutral,neutral,neutral,0.0,,,,,,,,,,,,,,,,,,,
2122,2026-05-12T15:50:00+00:00,OB_CROSSED_AFTER_TOUCH,,,10.0,,,,,100.0,,,,,,,,,,,,,,,,,,,,,,,
2122,2026-05-12T15:50:00+00:00,OB_CROSSED_AFTER_TOUCH,,,11.0,,,,,100.0,,,,,,,,,,,,,,,,,,,,,,,
2122,2026-05-12T15:50:00+00:00,WAIT_MTF_CONTEXT,,,12.0,,,,,,neutral,neutral,neutral,0.0,,,,,,,,,,,,,,,,,,,
2123,2026-05-12T15:55:00+00:00,OB_CROSSED_AFTER_TOUCH,,,10.0,,,,,100.0,,,,,,,,,,,,,,,,,,,,,,,
2123,2026-05-12T15:55:00+00:00,OB_CROSSED_AFTER_TOUCH,,,11.0,,,,,100.0,,,,,,,,,,,,,,,,,,,,,,,
2123,2026-05-12T15:55:00+00:00,WAIT_MTF_CONTEXT,,,12.0,,,,,,neutral,neutral,neutral,0.0,,,,,,,,,,,,,,,,,,,
2124,2026-05-12T16:00:00+00:00,OB_CROSSED_AFTER_TOUCH,,,10.0,,,,,100.0,,,,,,,,,,,,,,,,,,,,,,,
2124,2026-05-12T16:00:00+00:00,OB_CROSSED_AFTER_TOUCH,,,11.0,,,,,100.0,,,,,,,,,,,,,,,,,,,,,,,
2125,2026-05-12T16:05:00+00:00,OB_CROSSED_AFTER_TOUCH,,,10.0,,,,,100.0,,,,,,,,,,,,,,,,,,,,,,,
2125,2026-05-12T16:05:00+00:00,OB_CROSSED_AFTER_TOUCH,,,11.0,,,,,100.0,,,,,,,,,,,,,,,,,,,,,,,
2126,2026-05-12T16:10:00+00:00,OB_CROSSED_AFTER_TOUCH,,,10.0,,,,,100.0,,,,,,,,,,,,,,,,,,,,,,,
2126,2026-05-12T16:10:00+00:00,OB_CROSSED_AFTER_TOUCH,,,11.0,,,,,100.0,,,,,,,,,,,,,,,,,,,,,,,
2127,2026-05-12T16:15:00+00:00,OB_CROSSED_AFTER_TOUCH,,,10.0,,,,,100.0,,,,,,,,,,,,,,,,,,,,,,,
2127,2026-05-12T16:15:00+00:00,OB_CROSSED_AFTER_TOUCH,,,11.0,,,,,100.0,,,,,,,,,,,,,,,,,,,,,,,
2128,2026-05-12T16:20:00+00:00,OB_CROSSED_AFTER_TOUCH,,,10.0,,,,,100.0,,,,,,,,,,,,,,,,,,,,,,,
2128,2026-05-12T16:20:00+00:00,OB_CROSSED_AFTER_TOUCH,,,11.0,,,,,100.0,,,,,,,,,,,,,,,,,,,,,,,
2129,2026-05-12T16:25:00+00:00,OB_CROSSED_AFTER_TOUCH,,,10.0,,,,,100.0,,,,,,,,,,,,,,,,,,,,,,,
2129,2026-05-12T16:25:00+00:00,OB_CROSSED_AFTER_TOUCH,,,11.0,,,,,100.0,,,,,,,,,,,,,,,,,,,,,,,
2130,2026-05-12T16:30:00+00:00,OB_CROSSED_AFTER_TOUCH,,,10.0,,,,,100.0,,,,,,,,,,,,,,,,,,,,,,,
2130,2026-05-12T16:30:00+00:00,OB_CROSSED_AFTER_TOUCH,,,11.0,,,,,100.0,,,,,,,,,,,,,,,,,,,,,,,
2131,2026-05-12T16:35:00+00:00,OB_CROSSED_AFTER_TOUCH,,,10.0,,,,,100.0,,,,,,,,,,,,,,,,,,,,,,,
2131,2026-05-12T16:35:00+00:00,OB_CROSSED_AFTER_TOUCH,,,11.0,,,,,100.0,,,,,,,,,,,,,,,,,,,,,,,
2132,2026-05-12T16:40:00+00:00,OB_CROSSED_AFTER_TOUCH,,,10.0,,,,,100.0,,,,,,,,,,,,,,,,,,,,,,,
2132,2026-05-12T16:40:00+00:00,OB_CROSSED_AFTER_TOUCH,,,11.0,,,,,100.0,,,,,,,,,,,,,,,,,,,,,,,
2133,2026-05-12T16:45:00+00:00,OB_CROSSED_AFTER_TOUCH,,,10.0,,,,,100.0,,,,,,,,,,,,,,,,,,,,,,,
2133,2026-05-12T16:45:00+00:00,OB_CROSSED_AFTER_TOUCH,,,11.0,,,,,100.0,,,,,,,,,,,,,,,,,,,,,,,
2134,2026-05-12T16:50:00+00:00,OB_CROSSED_AFTER_TOUCH,,,10.0,,,,,100.0,,,,,,,,,,,,,,,,,,,,,,,
2134,2026-05-12T16:50:00+00:00,OB_CROSSED_AFTER_TOUCH,,,11.0,,,,,100.0,,,,,,,,,,,,,,,,,,,,,,,
2135,2026-05-12T16:55:00+00:00,OB_CROSSED_AFTER_TOUCH,,,10.0,,,,,100.0,,,,,,,,,,,,,,,,,,,,,,,
2135,2026-05-12T16:55:00+00:00,OB_CROSSED_AFTER_TOUCH,,,11.0,,,,,100.0,,,,,,,,,,,,,,,,,,,,,,,
2136,2026-05-12T17:00:00+00:00,OB_CROSSED_AFTER_TOUCH,,,10.0,,,,,100.0,,,,,,,,,,,,,,,,,,,,,,,
2136,2026-05-12T17:00:00+00:00,OB_CROSSED_AFTER_TOUCH,,,11.0,,,,,100.0,,,,,,,,,,,,,,,,,,,,,,,
2137,2026-05-12T17:05:00+00:00,OB_CROSSED_AFTER_TOUCH,,,10.0,,,,,100.0,,,,,,,,,,,,,,,,,,,,,,,
2137,2026-05-12T17:05:00+00:00,OB_CROSSED_AFTER_TOUCH,,,11.0,,,,,100.0,,,,,,,,,,,,,,,,,,,,,,,
2138,2026-05-12T17:10:00+00:00,OB_CROSSED_AFTER_TOUCH,,,10.0,,,,,100.0,,,,,,,,,,,,,,,,,,,,,,,
2138,2026-05-12T17:10:00+00:00,OB_CROSSED_AFTER_TOUCH,,,11.0,,,,,100.0,,,,,,,,,,,,,,,,,,,,,,,
2139,2026-05-12T17:15:00+00:00,OB_CROSSED_AFTER_TOUCH,,,10.0,,,,,100.0,,,,,,,,,,,,,,,,,,,,,,,
2139,2026-05-12T17:15:00+00:00,OB_CROSSED_AFTER_TOUCH,,,11.0,,,,,100.0,,,,,,,,,,,,,,,,,,,,,,,
2140,2026-05-12T17:20:00+00:00,SWEEP,bearish,4681.056,,,,,,,,,,,,,,,,,,,,,,,,,,,,,
2140,2026-05-12T17:20:00+00:00,OB_CROSSED_AFTER_TOUCH,,,10.0,,,,,100.0,,,,,,,,,,,,,,,,,,,,,,,
2140,2026-05-12T17:20:00+00:00,OB_CROSSED_AFTER_TOUCH,,,11.0,,,,,100.0,,,,,,,,,,,,,,,,,,,,,,,
2141,2026-05-12T17:25:00+00:00,SWEEP,bearish,4681.275,,,,,,,,,,,,,,,,,,,,,,,,,,,,,
2141,2026-05-12T17:25:00+00:00,OB_CROSSED_AFTER_TOUCH,,,10.0,,,,,100.0,,,,,,,,,,,,,,,,,,,,,,,
2141,2026-05-12T17:25:00+00:00,OB_CROSSED_AFTER_TOUCH,,,11.0,,,,,100.0,,,,,,,,,,,,,,,,,,,,,,,
2142,2026-05-12T17:30:00+00:00,OB_CROSSED_AFTER_TOUCH,,,10.0,,,,,100.0,,,,,,,,,,,,,,,,,,,,,,,
2142,2026-05-12T17:30:00+00:00,OB_CROSSED_AFTER_TOUCH,,,11.0,,,,,100.0,,,,,,,,,,,,,,,,,,,,,,,
2143,2026-05-12T17:35:00+00:00,OB_CROSSED_AFTER_TOUCH,,,10.0,,,,,100.0,,,,,,,,,,,,,,,,,,,,,,,
2143,2026-05-12T17:35:00+00:00,OB_CROSSED_AFTER_TOUCH,,,11.0,,,,,100.0,,,,,,,,,,,,,,,,,,,,,,,
2144,2026-05-12T17:40:00+00:00,OB_CROSSED_AFTER_TOUCH,,,10.0,,,,,100.0,,,,,,,,,,,,,,,,,,,,,,,
2144,2026-05-12T17:40:00+00:00,OB_CROSSED_AFTER_TOUCH,,,11.0,,,,,100.0,,,,,,,,,,,,,,,,,,,,,,,
2145,2026-05-12T17:45:00+00:00,OB_CROSSED_AFTER_TOUCH,,,10.0,,,,,100.0,,,,,,,,,,,,,,,,,,,,,,,
2145,2026-05-12T17:45:00+00:00,OB_CROSSED_AFTER_TOUCH,,,11.0,,,,,100.0,,,,,,,,,,,,,,,,,,,,,,,
2146,2026-05-12T17:50:00+00:00,OB_CROSSED_AFTER_TOUCH,,,10.0,,,,,100.0,,,,,,,,,,,,,,,,,,,,,,,
2146,2026-05-12T17:50:00+00:00,OB_CROSSED_AFTER_TOUCH,,,11.0,,,,,100.0,,,,,,,,,,,,,,,,,,,,,,,
2147,2026-05-12T17:55:00+00:00,OB_CROSSED_AFTER_TOUCH,,,10.0,,,,,100.0,,,,,,,,,,,,,,,,,,,,,,,
2147,2026-05-12T17:55:00+00:00,OB_CROSSED_AFTER_TOUCH,,,11.0,,,,,100.0,,,,,,,,,,,,,,,,,,,,,,,
2148,2026-05-12T18:00:00+00:00,SWEEP,bearish,4682.34,,,,,,,,,,,,,,,,,,,,,,,,,,,,,
2148,2026-05-12T18:00:00+00:00,OB_CROSSED_AFTER_TOUCH,,,10.0,,,,,100.0,,,,,,,,,,,,,,,,,,,,,,,
2148,2026-05-12T18:00:00+00:00,OB_CROSSED_AFTER_TOUCH,,,11.0,,,,,100.0,,,,,,,,,,,,,,,,,,,,,,,
2149,2026-05-12T18:05:00+00:00,OB_CROSSED_AFTER_TOUCH,,,10.0,,,,,100.0,,,,,,,,,,,,,,,,,,,,,,,
2149,2026-05-12T18:05:00+00:00,OB_CROSSED_AFTER_TOUCH,,,11.0,,,,,100.0,,,,,,,,,,,,,,,,,,,,,,,
2150,2026-05-12T18:10:00+00:00,OB_CROSSED_AFTER_TOUCH,,,10.0,,,,,100.0,,,,,,,,,,,,,,,,,,,,,,,
2150,2026-05-12T18:10:00+00:00,OB_CROSSED_AFTER_TOUCH,,,11.0,,,,,100.0,,,,,,,,,,,,,,,,,,,,,,,
2151,2026-05-12T18:15:00+00:00,OB_CROSSED_AFTER_TOUCH,,,10.0,,,,,100.0,,,,,,,,,,,,,,,,,,,,,,,
2151,2026-05-12T18:15:00+00:00,OB_CROSSED_AFTER_TOUCH,,,11.0,,,,,100.0,,,,,,,,,,,,,,,,,,,,,,,
2152,2026-05-12T18:20:00+00:00,SWEEP,bearish,4683.599,,,,,,,,,,,,,,,,,,,,,,,,,,,,,
2152,2026-05-12T18:20:00+00:00,OB_CROSSED_AFTER_TOUCH,,,10.0,,,,,100.0,,,,,,,,,,,,,,,,,,,,,,,
2152,2026-05-12T18:20:00+00:00,OB_CROSSED_AFTER_TOUCH,,,11.0,,,,,100.0,,,,,,,,,,,,,,,,,,,,,,,
2153,2026-05-12T18:25:00+00:00,OB_CROSSED_AFTER_TOUCH,,,10.0,,,,,100.0,,,,,,,,,,,,,,,,,,,,,,,
2153,2026-05-12T18:25:00+00:00,OB_CROSSED_AFTER_TOUCH,,,11.0,,,,,100.0,,,,,,,,,,,,,,,,,,,,,,,
2154,2026-05-12T18:30:00+00:00,OB_CROSSED_AFTER_TOUCH,,,10.0,,,,,100.0,,,,,,,,,,,,,,,,,,,,,,,
2154,2026-05-12T18:30:00+00:00,OB_CROSSED_AFTER_TOUCH,,,11.0,,,,,100.0,,,,,,,,,,,,,,,,,,,,,,,
2155,2026-05-12T18:35:00+00:00,OB_CROSSED_AFTER_TOUCH,,,10.0,,,,,100.0,,,,,,,,,,,,,,,,,,,,,,,
2155,2026-05-12T18:35:00+00:00,OB_CROSSED_AFTER_TOUCH,,,11.0,,,,,100.0,,,,,,,,,,,,,,,,,,,,,,,
2156,2026-05-12T18:40:00+00:00,WAIT_MTF_CONTEXT,,,10.0,,,,,,neutral,bearish,neutral,30.77,,,,,,,,,,,,,,,,,,,
2156,2026-05-12T18:40:00+00:00,OB_CROSSED_AFTER_TOUCH,,,11.0,,,,,100.0,,,,,,,,,,,,,,,,,,,,,,,
2157,2026-05-12T18:45:00+00:00,OB_CROSSED_AFTER_TOUCH,,,10.0,,,,,100.0,,,,,,,,,,,,,,,,,,,,,,,
2157,2026-05-12T18:45:00+00:00,OB_CROSSED_AFTER_TOUCH,,,11.0,,,,,100.0,,,,,,,,,,,,,,,,,,,,,,,
2158,2026-05-12T18:50:00+00:00,SWEEP,bearish,4697.641,,,,,,,,,,,,,,,,,,,,,,,,,,,,,
2158,2026-05-12T18:50:00+00:00,WAIT_MTF_CONTEXT,,,10.0,,,,,,neutral,bearish,neutral,30.77,,,,,,,,,,,,,,,,,,,
2158,2026-05-12T18:50:00+00:00,OB_CROSSED_AFTER_TOUCH,,,11.0,,,,,100.0,,,,,,,,,,,,,,,,,,,,,,,
2159,2026-05-12T18:55:00+00:00,WAIT_MTF_CONTEXT,,,10.0,,,,,,neutral,bearish,neutral,30.77,,,,,,,,,,,,,,,,,,,
2159,2026-05-12T18:55:00+00:00,OB_CROSSED_AFTER_TOUCH,,,11.0,,,,,100.0,,,,,,,,,,,,,,,,,,,,,,,
2160,2026-05-12T19:00:00+00:00,SWEEP,bearish,4698.24,,,,,,,,,,,,,,,,,,,,,,,,,,,,,
2160,2026-05-12T19:00:00+00:00,WAIT_MTF_CONTEXT,,,10.0,,,,,,neutral,bearish,neutral,30.77,,,,,,,,,,,,,,,,,,,
2160,2026-05-12T19:00:00+00:00,OB_CROSSED_AFTER_TOUCH,,,11.0,,,,,100.0,,,,,,,,,,,,,,,,,,,,,,,
2161,2026-05-12T19:05:00+00:00,SWEEP,bearish,4699.25,,,,,,,,,,,,,,,,,,,,,,,,,,,,,
2161,2026-05-12T19:05:00+00:00,WAIT_MTF_CONTEXT,,,10.0,,,,,,neutral,bearish,neutral,30.77,,,,,,,,,,,,,,,,,,,
2161,2026-05-12T19:05:00+00:00,WAIT_MTF_CONTEXT,,,11.0,,,,,,neutral,bearish,neutral,30.77,,,,,,,,,,,,,,,,,,,
2162,2026-05-12T19:10:00+00:00,SWEEP,bearish,4700.093,,,,,,,,,,,,,,,,,,,,,,,,,,,,,
2162,2026-05-12T19:10:00+00:00,WAIT_MTF_CONTEXT,,,10.0,,,,,,neutral,bearish,neutral,30.77,,,,,,,,,,,,,,,,,,,
2162,2026-05-12T19:10:00+00:00,WAIT_MTF_CONTEXT,,,11.0,,,,,,neutral,bearish,neutral,30.77,,,,,,,,,,,,,,,,,,,
2163,2026-05-12T19:15:00+00:00,WAIT_MTF_CONTEXT,,,10.0,,,,,,neutral,bearish,neutral,30.77,,,,,,,,,,,,,,,,,,,
2163,2026-05-12T19:15:00+00:00,WAIT_MTF_CONTEXT,,,11.0,,,,,,neutral,bearish,neutral,30.77,,,,,,,,,,,,,,,,,,,
2164,2026-05-12T19:20:00+00:00,WAIT_MTF_CONTEXT,,,10.0,,,,,,neutral,bearish,neutral,30.77,,,,,,,,,,,,,,,,,,,
2164,2026-05-12T19:20:00+00:00,WAIT_MTF_CONTEXT,,,11.0,,,,,,neutral,bearish,neutral,30.77,,,,,,,,,,,,,,,,,,,
2165,2026-05-12T19:25:00+00:00,SWEEP,bearish,4703.91,,,,,,,,,,,,,,,,,,,,,,,,,,,,,
2165,2026-05-12T19:25:00+00:00,WAIT_MTF_CONTEXT,,,10.0,,,,,,neutral,bearish,neutral,30.77,,,,,,,,,,,,,,,,,,,
2165,2026-05-12T19:25:00+00:00,WAIT_MTF_CONTEXT,,,11.0,,,,,,neutral,bearish,neutral,30.77,,,,,,,,,,,,,,,,,,,
2166,2026-05-12T19:30:00+00:00,WAIT_MTF_CONTEXT,,,10.0,,,,,,neutral,bearish,neutral,30.77,,,,,,,,,,,,,,,,,,,
2166,2026-05-12T19:30:00+00:00,WAIT_MTF_CONTEXT,,,11.0,,,,,,neutral,bearish,neutral,30.77,,,,,,,,,,,,,,,,,,,
2166,2026-05-12T19:30:00+00:00,OB_CROSSED_AFTER_TOUCH,,,12.0,,,,,100.0,,,,,,,,,,,,,,,,,,,,,,,
2167,2026-05-12T19:35:00+00:00,SWEEP,bearish,4709.253,,,,,,,,,,,,,,,,,,,,,,,,,,,,,
2167,2026-05-12T19:35:00+00:00,WAIT_MTF_CONTEXT,,,10.0,,,,,,neutral,bearish,neutral,30.77,,,,,,,,,,,,,,,,,,,
2167,2026-05-12T19:35:00+00:00,WAIT_MTF_CONTEXT,,,11.0,,,,,,neutral,bearish,neutral,30.77,,,,,,,,,,,,,,,,,,,
2167,2026-05-12T19:35:00+00:00,OB_CROSSED_AFTER_TOUCH,,,12.0,,,,,100.0,,,,,,,,,,,,,,,,,,,,,,,
2168,2026-05-12T19:40:00+00:00,WAIT_MTF_CONTEXT,,,10.0,,,,,,neutral,bearish,neutral,30.77,,,,,,,,,,,,,,,,,,,
2168,2026-05-12T19:40:00+00:00,WAIT_MTF_CONTEXT,,,11.0,,,,,,neutral,bearish,neutral,30.77,,,,,,,,,,,,,,,,,,,
2168,2026-05-12T19:40:00+00:00,OB_CROSSED_AFTER_TOUCH,,,12.0,,,,,100.0,,,,,,,,,,,,,,,,,,,,,,,
2169,2026-05-12T19:45:00+00:00,SWEEP,bearish,4710.495,,,,,,,,,,,,,,,,,,,,,,,,,,,,,
2169,2026-05-12T19:45:00+00:00,OB_EXPIRED,,,10.0,,,,,,,,,,101.0,,,,,,,,,,,,,,,,,,
2169,2026-05-12T19:45:00+00:00,WAIT_MTF_CONTEXT,,,11.0,,,,,,neutral,bearish,neutral,30.77,,,,,,,,,,,,,,,,,,,
2169,2026-05-12T19:45:00+00:00,OB_CROSSED_AFTER_TOUCH,,,12.0,,,,,100.0,,,,,,,,,,,,,,,,,,,,,,,
2170,2026-05-12T19:50:00+00:00,WAIT_MTF_CONTEXT,,,11.0,,,,,,neutral,bearish,neutral,30.77,,,,,,,,,,,,,,,,,,,
2170,2026-05-12T19:50:00+00:00,OB_CROSSED_AFTER_TOUCH,,,12.0,,,,,100.0,,,,,,,,,,,,,,,,,,,,,,,
2171,2026-05-12T19:55:00+00:00,OB_EXPIRED,,,11.0,,,,,,,,,,101.0,,,,,,,,,,,,,,,,,,
2171,2026-05-12T19:55:00+00:00,OB_CROSSED_AFTER_TOUCH,,,12.0,,,,,100.0,,,,,,,,,,,,,,,,,,,,,,,
2172,2026-05-12T20:00:00+00:00,SWEEP,bearish,4715.876,,,,,,,,,,,,,,,,,,,,,,,,,,,,,
2172,2026-05-12T20:00:00+00:00,OB_CROSSED_AFTER_TOUCH,,,12.0,,,,,100.0,,,,,,,,,,,,,,,,,,,,,,,
2173,2026-05-12T20:05:00+00:00,OB_CROSSED_AFTER_TOUCH,,,12.0,,,,,100.0,,,,,,,,,,,,,,,,,,,,,,,
2174,2026-05-12T20:10:00+00:00,OB_CROSSED_AFTER_TOUCH,,,12.0,,,,,100.0,,,,,,,,,,,,,,,,,,,,,,,
2175,2026-05-12T20:15:00+00:00,OB_CROSSED_AFTER_TOUCH,,,12.0,,,,,100.0,,,,,,,,,,,,,,,,,,,,,,,
2176,2026-05-12T20:20:00+00:00,OB_CROSSED_AFTER_TOUCH,,,12.0,,,,,100.0,,,,,,,,,,,,,,,,,,,,,,,
2177,2026-05-12T20:25:00+00:00,OB_CROSSED_AFTER_TOUCH,,,12.0,,,,,100.0,,,,,,,,,,,,,,,,,,,,,,,
2178,2026-05-12T20:30:00+00:00,OB_CROSSED_AFTER_TOUCH,,,12.0,,,,,100.0,,,,,,,,,,,,,,,,,,,,,,,
2179,2026-05-12T20:35:00+00:00,OB_EXPIRED,,,12.0,,,,,,,,,,101.0,,,,,,,,,,,,,,,,,,
2194,2026-05-12T22:50:00+00:00,SWEEP,bearish,4721.273,,,,,,,,,,,,,,,,,,,,,,,,,,,,,
2197,2026-05-12T23:05:00+00:00,SWEEP,bearish,4722.39,,,,,,,,,,,,,,,,,,,,,,,,,,,,,
2201,2026-05-12T23:25:00+00:00,SWEEP,bearish,4723.1,,,,,,,,,,,,,,,,,,,,,,,,,,,,,
2209,2026-05-13T00:05:00+00:00,SWEEP,bearish,4725.382,,,,,,,,,,,,,,,,,,,,,,,,,,,,,
2221,2026-05-13T01:05:00+00:00,SWEEP,bullish,4707.44,,,,,,,,,,,,,,,,,,,,,,,,,,,,,
2226,2026-05-13T01:30:00+00:00,SWEEP,bullish,4702.747,,,,,,,,,,,,,,,,,,,,,,,,,,,,,
2227,2026-05-13T01:35:00+00:00,SWEEP,bullish,4702.621,,,,,,,,,,,,,,,,,,,,,,,,,,,,,
2231,2026-05-13T01:55:00+00:00,SWEEP,bullish,4701.686,,,,,,,,,,,,,,,,,,,,,,,,,,,,,
2235,2026-05-13T02:15:00+00:00,SWEEP,bullish,4699.086,,,,,,,,,,,,,,,,,,,,,,,,,,,,,
2237,2026-05-13T02:25:00+00:00,SWEEP,bullish,4698.78,,,,,,,,,,,,,,,,,,,,,,,,,,,,,
2241,2026-05-13T02:45:00+00:00,SWEEP,bullish,4693.889,,,,,,,,,,,,,,,,,,,,,,,,,,,,,
2243,2026-05-13T02:55:00+00:00,SWEEP,bullish,4688.785,,,,,,,,,,,,,,,,,,,,,,,,,,,,,
2269,2026-05-13T05:05:00+00:00,SWEEP,bearish,4706.583,,,,,,,,,,,,,,,,,,,,,,,,,,,,,
2270,2026-05-13T05:10:00+00:00,SWEEP,bearish,4706.92,,,,,,,,,,,,,,,,,,,,,,,,,,,,,
2274,2026-05-13T05:30:00+00:00,SWEEP,bullish,4694.39,,,,,,,,,,,,,,,,,,,,,,,,,,,,,
2283,2026-05-13T06:15:00+00:00,SWEEP,bearish,4712.84,,,,,,,,,,,,,,,,,,,,,,,,,,,,,
2309,2026-05-13T08:25:00+00:00,SWEEP,bullish,4696.556,,,,,,,,,,,,,,,,,,,,,,,,,,,,,
2310,2026-05-13T08:30:00+00:00,SWEEP,bullish,4694.606,,,,,,,,,,,,,,,,,,,,,,,,,,,,,
2318,2026-05-13T09:10:00+00:00,SWEEP,bullish,4694.282,,,,,,,,,,,,,,,,,,,,,,,,,,,,,
2328,2026-05-13T10:00:00+00:00,OB_FORMED,bullish,,13.0,4698.558,4701.551,77.92,"{'body': 17.98, 'fvg': 0.28, 'sweep': 16.85, 'break': 17.81, 'ob_size': 15.0, 'adjacency': 10}",,,,,,,,,,,,,,,,,,,,,,,,
2331,2026-05-13T10:15:00+00:00,OB_TOUCH,,,13.0,,,,,29.33511526897748,,,,,,,,,,,,,,,,,,,,,,,
2331,2026-05-13T10:15:00+00:00,WAIT_MTF_CONTEXT,,,13.0,,,,,,neutral,neutral,neutral,0.0,,,,,,,,,,,,,,,,,,,
2332,2026-05-13T10:20:00+00:00,WAIT_MTF_CONTEXT,,,13.0,,,,,,neutral,neutral,neutral,0.0,,,,,,,,,,,,,,,,,,,
2333,2026-05-13T10:25:00+00:00,WAIT_MTF_CONTEXT,,,13.0,,,,,,neutral,neutral,neutral,0.0,,,,,,,,,,,,,,,,,,,
2334,2026-05-13T10:30:00+00:00,OB_CROSSED_AFTER_TOUCH,,,13.0,,,,,100.0,,,,,,,,,,,,,,,,,,,,,,,
2335,2026-05-13T10:35:00+00:00,OB_CROSSED_AFTER_TOUCH,,,13.0,,,,,100.0,,,,,,,,,,,,,,,,,,,,,,,
2336,2026-05-13T10:40:00+00:00,OB_CROSSED_AFTER_TOUCH,,,13.0,,,,,100.0,,,,,,,,,,,,,,,,,,,,,,,
2337,2026-05-13T10:45:00+00:00,OB_CROSSED_AFTER_TOUCH,,,13.0,,,,,100.0,,,,,,,,,,,,,,,,,,,,,,,
2338,2026-05-13T10:50:00+00:00,OB_CROSSED_AFTER_TOUCH,,,13.0,,,,,100.0,,,,,,,,,,,,,,,,,,,,,,,
2339,2026-05-13T10:55:00+00:00,OB_CROSSED_AFTER_TOUCH,,,13.0,,,,,100.0,,,,,,,,,,,,,,,,,,,,,,,
2340,2026-05-13T11:00:00+00:00,OB_CROSSED_AFTER_TOUCH,,,13.0,,,,,100.0,,,,,,,,,,,,,,,,,,,,,,,
2341,2026-05-13T11:05:00+00:00,OB_CROSSED_AFTER_TOUCH,,,13.0,,,,,100.0,,,,,,,,,,,,,,,,,,,,,,,
2342,2026-05-13T11:10:00+00:00,WAIT_MTF_CONTEXT,,,13.0,,,,,,neutral,neutral,bearish,23.08,,,,,,,,,,,,,,,,,,,
2343,2026-05-13T11:15:00+00:00,OB_CROSSED_AFTER_TOUCH,,,13.0,,,,,100.0,,,,,,,,,,,,,,,,,,,,,,,
2344,2026-05-13T11:20:00+00:00,WAIT_MTF_CONTEXT,,,13.0,,,,,,neutral,neutral,bearish,23.08,,,,,,,,,,,,,,,,,,,
2345,2026-05-13T11:25:00+00:00,OB_CROSSED_AFTER_TOUCH,,,13.0,,,,,100.0,,,,,,,,,,,,,,,,,,,,,,,
2346,2026-05-13T11:30:00+00:00,WAIT_MTF_CONTEXT,,,13.0,,,,,,neutral,neutral,bearish,23.08,,,,,,,,,,,,,,,,,,,
2347,2026-05-13T11:35:00+00:00,WAIT_MTF_CONTEXT,,,13.0,,,,,,neutral,neutral,bearish,23.08,,,,,,,,,,,,,,,,,,,
2348,2026-05-13T11:40:00+00:00,WAIT_MTF_CONTEXT,,,13.0,,,,,,neutral,neutral,bearish,23.08,,,,,,,,,,,,,,,,,,,
2349,2026-05-13T11:45:00+00:00,WAIT_MTF_CONTEXT,,,13.0,,,,,,neutral,neutral,bearish,23.08,,,,,,,,,,,,,,,,,,,
2350,2026-05-13T11:50:00+00:00,WAIT_MTF_CONTEXT,,,13.0,,,,,,neutral,neutral,bearish,23.08,,,,,,,,,,,,,,,,,,,
2351,2026-05-13T11:55:00+00:00,OB_CROSSED_AFTER_TOUCH,,,13.0,,,,,100.0,,,,,,,,,,,,,,,,,,,,,,,
2352,2026-05-13T12:00:00+00:00,WAIT_MTF_CONTEXT,,,13.0,,,,,,neutral,neutral,neutral,0.0,,,,,,,,,,,,,,,,,,,
2353,2026-05-13T12:05:00+00:00,WAIT_MTF_CONTEXT,,,13.0,,,,,,neutral,neutral,neutral,0.0,,,,,,,,,,,,,,,,,,,
2354,2026-05-13T12:10:00+00:00,OB_CROSSED_AFTER_TOUCH,,,13.0,,,,,100.0,,,,,,,,,,,,,,,,,,,,,,,
2355,2026-05-13T12:15:00+00:00,SWEEP,bullish,4691.323,,,,,,,,,,,,,,,,,,,,,,,,,,,,,
2355,2026-05-13T12:15:00+00:00,OB_CROSSED_AFTER_TOUCH,,,13.0,,,,,100.0,,,,,,,,,,,,,,,,,,,,,,,
2356,2026-05-13T12:20:00+00:00,OB_CROSSED_AFTER_TOUCH,,,13.0,,,,,100.0,,,,,,,,,,,,,,,,,,,,,,,
2357,2026-05-13T12:25:00+00:00,SWEEP,bullish,4684.738,,,,,,,,,,,,,,,,,,,,,,,,,,,,,
2357,2026-05-13T12:25:00+00:00,OB_CROSSED_AFTER_TOUCH,,,13.0,,,,,100.0,,,,,,,,,,,,,,,,,,,,,,,
2358,2026-05-13T12:30:00+00:00,OB_CROSSED_AFTER_TOUCH,,,13.0,,,,,100.0,,,,,,,,,,,,,,,,,,,,,,,
2359,2026-05-13T12:35:00+00:00,OB_CROSSED_AFTER_TOUCH,,,13.0,,,,,100.0,,,,,,,,,,,,,,,,,,,,,,,
2360,2026-05-13T12:40:00+00:00,OB_CROSSED_AFTER_TOUCH,,,13.0,,,,,100.0,,,,,,,,,,,,,,,,,,,,,,,
2361,2026-05-13T12:45:00+00:00,OB_CROSSED_AFTER_TOUCH,,,13.0,,,,,100.0,,,,,,,,,,,,,,,,,,,,,,,
2362,2026-05-13T12:50:00+00:00,OB_CROSSED_AFTER_TOUCH,,,13.0,,,,,100.0,,,,,,,,,,,,,,,,,,,,,,,
2363,2026-05-13T12:55:00+00:00,OB_CROSSED_AFTER_TOUCH,,,13.0,,,,,100.0,,,,,,,,,,,,,,,,,,,,,,,
2364,2026-05-13T13:00:00+00:00,OB_CROSSED_AFTER_TOUCH,,,13.0,,,,,100.0,,,,,,,,,,,,,,,,,,,,,,,
2365,2026-05-13T13:05:00+00:00,OB_CROSSED_AFTER_TOUCH,,,13.0,,,,,100.0,,,,,,,,,,,,,,,,,,,,,,,
2366,2026-05-13T13:10:00+00:00,OB_CROSSED_AFTER_TOUCH,,,13.0,,,,,100.0,,,,,,,,,,,,,,,,,,,,,,,
2367,2026-05-13T13:15:00+00:00,OB_CROSSED_AFTER_TOUCH,,,13.0,,,,,100.0,,,,,,,,,,,,,,,,,,,,,,,
2368,2026-05-13T13:20:00+00:00,OB_CROSSED_AFTER_TOUCH,,,13.0,,,,,100.0,,,,,,,,,,,,,,,,,,,,,,,
2369,2026-05-13T13:25:00+00:00,OB_CROSSED_AFTER_TOUCH,,,13.0,,,,,100.0,,,,,,,,,,,,,,,,,,,,,,,
2370,2026-05-13T13:30:00+00:00,OB_CROSSED_AFTER_TOUCH,,,13.0,,,,,100.0,,,,,,,,,,,,,,,,,,,,,,,
2371,2026-05-13T13:35:00+00:00,OB_CROSSED_AFTER_TOUCH,,,13.0,,,,,100.0,,,,,,,,,,,,,,,,,,,,,,,
2372,2026-05-13T13:40:00+00:00,OB_CROSSED_AFTER_TOUCH,,,13.0,,,,,100.0,,,,,,,,,,,,,,,,,,,,,,,
2373,2026-05-13T13:45:00+00:00,SWEEP,bullish,4672.834,,,,,,,,,,,,,,,,,,,,,,,,,,,,,
2373,2026-05-13T13:45:00+00:00,OB_CROSSED_AFTER_TOUCH,,,13.0,,,,,100.0,,,,,,,,,,,,,,,,,,,,,,,
2374,2026-05-13T13:50:00+00:00,OB_CROSSED_AFTER_TOUCH,,,13.0,,,,,100.0,,,,,,,,,,,,,,,,,,,,,,,
2375,2026-05-13T13:55:00+00:00,OB_CROSSED_AFTER_TOUCH,,,13.0,,,,,100.0,,,,,,,,,,,,,,,,,,,,,,,
2376,2026-05-13T14:00:00+00:00,OB_CROSSED_AFTER_TOUCH,,,13.0,,,,,100.0,,,,,,,,,,,,,,,,,,,,,,,
2377,2026-05-13T14:05:00+00:00,OB_CROSSED_AFTER_TOUCH,,,13.0,,,,,100.0,,,,,,,,,,,,,,,,,,,,,,,
2378,2026-05-13T14:10:00+00:00,OB_CROSSED_AFTER_TOUCH,,,13.0,,,,,100.0,,,,,,,,,,,,,,,,,,,,,,,
2379,2026-05-13T14:15:00+00:00,OB_CROSSED_AFTER_TOUCH,,,13.0,,,,,100.0,,,,,,,,,,,,,,,,,,,,,,,
2380,2026-05-13T14:20:00+00:00,OB_CROSSED_AFTER_TOUCH,,,13.0,,,,,100.0,,,,,,,,,,,,,,,,,,,,,,,
2381,2026-05-13T14:25:00+00:00,OB_CROSSED_AFTER_TOUCH,,,13.0,,,,,100.0,,,,,,,,,,,,,,,,,,,,,,,
2382,2026-05-13T14:30:00+00:00,OB_CROSSED_AFTER_TOUCH,,,13.0,,,,,100.0,,,,,,,,,,,,,,,,,,,,,,,
2383,2026-05-13T14:35:00+00:00,OB_CROSSED_AFTER_TOUCH,,,13.0,,,,,100.0,,,,,,,,,,,,,,,,,,,,,,,
2384,2026-05-13T14:40:00+00:00,OB_CROSSED_AFTER_TOUCH,,,13.0,,,,,100.0,,,,,,,,,,,,,,,,,,,,,,,
2385,2026-05-13T14:45:00+00:00,OB_CROSSED_AFTER_TOUCH,,,13.0,,,,,100.0,,,,,,,,,,,,,,,,,,,,,,,
2386,2026-05-13T14:50:00+00:00,OB_CROSSED_AFTER_TOUCH,,,13.0,,,,,100.0,,,,,,,,,,,,,,,,,,,,,,,
2387,2026-05-13T14:55:00+00:00,OB_CROSSED_AFTER_TOUCH,,,13.0,,,,,100.0,,,,,,,,,,,,,,,,,,,,,,,
2388,2026-05-13T15:00:00+00:00,OB_CROSSED_AFTER_TOUCH,,,13.0,,,,,100.0,,,,,,,,,,,,,,,,,,,,,,,
2389,2026-05-13T15:05:00+00:00,OB_CROSSED_AFTER_TOUCH,,,13.0,,,,,100.0,,,,,,,,,,,,,,,,,,,,,,,
2390,2026-05-13T15:10:00+00:00,OB_CROSSED_AFTER_TOUCH,,,13.0,,,,,100.0,,,,,,,,,,,,,,,,,,,,,,,
2391,2026-05-13T15:15:00+00:00,OB_CROSSED_AFTER_TOUCH,,,13.0,,,,,100.0,,,,,,,,,,,,,,,,,,,,,,,
2392,2026-05-13T15:20:00+00:00,OB_CROSSED_AFTER_TOUCH,,,13.0,,,,,100.0,,,,,,,,,,,,,,,,,,,,,,,
2393,2026-05-13T15:25:00+00:00,OB_CROSSED_AFTER_TOUCH,,,13.0,,,,,100.0,,,,,,,,,,,,,,,,,,,,,,,
2394,2026-05-13T15:30:00+00:00,OB_CROSSED_AFTER_TOUCH,,,13.0,,,,,100.0,,,,,,,,,,,,,,,,,,,,,,,
2395,2026-05-13T15:35:00+00:00,WAIT_MTF_CONTEXT,,,13.0,,,,,,neutral,neutral,bearish,23.08,,,,,,,,,,,,,,,,,,,
2396,2026-05-13T15:40:00+00:00,WAIT_MTF_CONTEXT,,,13.0,,,,,,neutral,neutral,bearish,23.08,,,,,,,,,,,,,,,,,,,
2397,2026-05-13T15:45:00+00:00,OB_CROSSED_AFTER_TOUCH,,,13.0,,,,,100.0,,,,,,,,,,,,,,,,,,,,,,,
2398,2026-05-13T15:50:00+00:00,OB_CROSSED_AFTER_TOUCH,,,13.0,,,,,100.0,,,,,,,,,,,,,,,,,,,,,,,
2399,2026-05-13T15:55:00+00:00,OB_CROSSED_AFTER_TOUCH,,,13.0,,,,,100.0,,,,,,,,,,,,,,,,,,,,,,,
2400,2026-05-13T16:00:00+00:00,OB_CROSSED_AFTER_TOUCH,,,13.0,,,,,100.0,,,,,,,,,,,,,,,,,,,,,,,
2401,2026-05-13T16:05:00+00:00,WAIT_MTF_CONTEXT,,,13.0,,,,,,neutral,neutral,bearish,23.08,,,,,,,,,,,,,,,,,,,
2402,2026-05-13T16:10:00+00:00,SWEEP,bearish,4701.912,,,,,,,,,,,,,,,,,,,,,,,,,,,,,
2402,2026-05-13T16:10:00+00:00,WAIT_MTF_CONTEXT,,,13.0,,,,,,neutral,neutral,bearish,23.08,,,,,,,,,,,,,,,,,,,
2403,2026-05-13T16:15:00+00:00,SWEEP,bearish,4703.021,,,,,,,,,,,,,,,,,,,,,,,,,,,,,
2403,2026-05-13T16:15:00+00:00,WAIT_MTF_CONTEXT,,,13.0,,,,,,neutral,neutral,bearish,23.08,,,,,,,,,,,,,,,,,,,
2404,2026-05-13T16:20:00+00:00,WAIT_MTF_CONTEXT,,,13.0,,,,,,neutral,neutral,bearish,23.08,,,,,,,,,,,,,,,,,,,
2405,2026-05-13T16:25:00+00:00,SWEEP,bearish,4709.665,,,,,,,,,,,,,,,,,,,,,,,,,,,,,
2405,2026-05-13T16:25:00+00:00,WAIT_MTF_CONTEXT,,,13.0,,,,,,neutral,neutral,bearish,23.08,,,,,,,,,,,,,,,,,,,
2406,2026-05-13T16:30:00+00:00,WAIT_MTF_CONTEXT,,,13.0,,,,,,neutral,neutral,bearish,23.08,,,,,,,,,,,,,,,,,,,
2407,2026-05-13T16:35:00+00:00,WAIT_MTF_CONTEXT,,,13.0,,,,,,neutral,neutral,bearish,23.08,,,,,,,,,,,,,,,,,,,
2408,2026-05-13T16:40:00+00:00,WAIT_MTF_CONTEXT,,,13.0,,,,,,neutral,neutral,bearish,23.08,,,,,,,,,,,,,,,,,,,
2409,2026-05-13T16:45:00+00:00,WAIT_MTF_CONTEXT,,,13.0,,,,,,neutral,neutral,bearish,23.08,,,,,,,,,,,,,,,,,,,
2410,2026-05-13T16:50:00+00:00,OB_CROSSED_AFTER_TOUCH,,,13.0,,,,,100.0,,,,,,,,,,,,,,,,,,,,,,,
2411,2026-05-13T16:55:00+00:00,OB_CROSSED_AFTER_TOUCH,,,13.0,,,,,100.0,,,,,,,,,,,,,,,,,,,,,,,
2412,2026-05-13T17:00:00+00:00,OB_CROSSED_AFTER_TOUCH,,,13.0,,,,,100.0,,,,,,,,,,,,,,,,,,,,,,,
2413,2026-05-13T17:05:00+00:00,WAIT_MTF_CONTEXT,,,13.0,,,,,,neutral,bearish,bearish,53.85,,,,,,,,,,,,,,,,,,,
2414,2026-05-13T17:10:00+00:00,WAIT_MTF_CONTEXT,,,13.0,,,,,,neutral,bearish,bearish,53.85,,,,,,,,,,,,,,,,,,,
2415,2026-05-13T17:15:00+00:00,WAIT_MTF_CONTEXT,,,13.0,,,,,,neutral,bearish,neutral,30.77,,,,,,,,,,,,,,,,,,,
2416,2026-05-13T17:20:00+00:00,OB_CROSSED_AFTER_TOUCH,,,13.0,,,,,100.0,,,,,,,,,,,,,,,,,,,,,,,
2417,2026-05-13T17:25:00+00:00,OB_CROSSED_AFTER_TOUCH,,,13.0,,,,,100.0,,,,,,,,,,,,,,,,,,,,,,,
2418,2026-05-13T17:30:00+00:00,OB_CROSSED_AFTER_TOUCH,,,13.0,,,,,100.0,,,,,,,,,,,,,,,,,,,,,,,
2419,2026-05-13T17:35:00+00:00,SWEEP,bullish,4690.12,,,,,,,,,,,,,,,,,,,,,,,,,,,,,
2419,2026-05-13T17:35:00+00:00,OB_CROSSED_AFTER_TOUCH,,,13.0,,,,,100.0,,,,,,,,,,,,,,,,,,,,,,,
2420,2026-05-13T17:40:00+00:00,OB_CROSSED_AFTER_TOUCH,,,13.0,,,,,100.0,,,,,,,,,,,,,,,,,,,,,,,
2421,2026-05-13T17:45:00+00:00,OB_CROSSED_AFTER_TOUCH,,,13.0,,,,,100.0,,,,,,,,,,,,,,,,,,,,,,,
2422,2026-05-13T17:50:00+00:00,OB_CROSSED_AFTER_TOUCH,,,13.0,,,,,100.0,,,,,,,,,,,,,,,,,,,,,,,
2423,2026-05-13T17:55:00+00:00,OB_CROSSED_AFTER_TOUCH,,,13.0,,,,,100.0,,,,,,,,,,,,,,,,,,,,,,,
2424,2026-05-13T18:00:00+00:00,SWEEP,bullish,4684.559,,,,,,,,,,,,,,,,,,,,,,,,,,,,,
2424,2026-05-13T18:00:00+00:00,OB_CROSSED_AFTER_TOUCH,,,13.0,,,,,100.0,,,,,,,,,,,,,,,,,,,,,,,
2425,2026-05-13T18:05:00+00:00,OB_CROSSED_AFTER_TOUCH,,,13.0,,,,,100.0,,,,,,,,,,,,,,,,,,,,,,,
2426,2026-05-13T18:10:00+00:00,OB_CROSSED_AFTER_TOUCH,,,13.0,,,,,100.0,,,,,,,,,,,,,,,,,,,,,,,
2427,2026-05-13T18:15:00+00:00,OB_CROSSED_AFTER_TOUCH,,,13.0,,,,,100.0,,,,,,,,,,,,,,,,,,,,,,,
2428,2026-05-13T18:20:00+00:00,OB_CROSSED_AFTER_TOUCH,,,13.0,,,,,100.0,,,,,,,,,,,,,,,,,,,,,,,
2429,2026-05-13T18:25:00+00:00,OB_EXPIRED,,,13.0,,,,,,,,,,101.0,,,,,,,,,,,,,,,,,,
2453,2026-05-13T20:25:00+00:00,SWEEP,bearish,4693.389,,,,,,,,,,,,,,,,,,,,,,,,,,,,,
2460,2026-05-13T22:00:00+00:00,SWEEP,bearish,4693.562,,,,,,,,,,,,,,,,,,,,,,,,,,,,,
2464,2026-05-13T22:20:00+00:00,SWEEP,bearish,4696.125,,,,,,,,,,,,,,,,,,,,,,,,,,,,,
2466,2026-05-13T22:30:00+00:00,SWEEP,bearish,4697.187,,,,,,,,,,,,,,,,,,,,,,,,,,,,,
2468,2026-05-13T22:40:00+00:00,SWEEP,bearish,4699.178,,,,,,,,,,,,,,,,,,,,,,,,,,,,,
2470,2026-05-13T22:50:00+00:00,SWEEP,bearish,4700.528,,,,,,,,,,,,,,,,,,,,,,,,,,,,,
2472,2026-05-13T23:00:00+00:00,SWEEP,bearish,4700.668,,,,,,,,,,,,,,,,,,,,,,,,,,,,,
2473,2026-05-13T23:05:00+00:00,SWEEP,bearish,4701.018,,,,,,,,,,,,,,,,,,,,,,,,,,,,,
2474,2026-05-13T23:10:00+00:00,SWEEP,bearish,4701.709,,,,,,,,,,,,,,,,,,,,,,,,,,,,,
2487,2026-05-14T00:15:00+00:00,SWEEP,bearish,4702.281,,,,,,,,,,,,,,,,,,,,,,,,,,,,,
2495,2026-05-14T00:55:00+00:00,SWEEP,bearish,4705.497,,,,,,,,,,,,,,,,,,,,,,,,,,,,,
2496,2026-05-14T01:00:00+00:00,SWEEP,bearish,4706.891,,,,,,,,,,,,,,,,,,,,,,,,,,,,,
2498,2026-05-14T01:10:00+00:00,SWEEP,bullish,4686.261,,,,,,,,,,,,,,,,,,,,,,,,,,,,,
2504,2026-05-14T01:40:00+00:00,SWEEP,bullish,4684.085,,,,,,,,,,,,,,,,,,,,,,,,,,,,,
2506,2026-05-14T01:50:00+00:00,SWEEP,bullish,4683.45,,,,,,,,,,,,,,,,,,,,,,,,,,,,,
2518,2026-05-14T02:50:00+00:00,SWEEP,bullish,4680.51,,,,,,,,,,,,,,,,,,,,,,,,,,,,,
2527,2026-05-14T03:35:00+00:00,SWEEP,bullish,4679.91,,,,,,,,,,,,,,,,,,,,,,,,,,,,,
2529,2026-05-14T03:45:00+00:00,SWEEP,bullish,4675.683,,,,,,,,,,,,,,,,,,,,,,,,,,,,,
2530,2026-05-14T03:50:00+00:00,SWEEP,bullish,4674.384,,,,,,,,,,,,,,,,,,,,,,,,,,,,,
2531,2026-05-14T03:55:00+00:00,SWEEP,bullish,4674.249,,,,,,,,,,,,,,,,,,,,,,,,,,,,,
2539,2026-05-14T04:35:00+00:00,SWEEP,bearish,4710.732,,,,,,,,,,,,,,,,,,,,,,,,,,,,,
2557,2026-05-14T06:05:00+00:00,SWEEP,bullish,4687.454,,,,,,,,,,,,,,,,,,,,,,,,,,,,,
2558,2026-05-14T06:10:00+00:00,SWEEP,bullish,4687.149,,,,,,,,,,,,,,,,,,,,,,,,,,,,,
2592,2026-05-14T09:00:00+00:00,SWEEP,bullish,4690.688,,,,,,,,,,,,,,,,,,,,,,,,,,,,,
2598,2026-05-14T09:30:00+00:00,SWEEP,bullish,4689.987,,,,,,,,,,,,,,,,,,,,,,,,,,,,,
2599,2026-05-14T09:35:00+00:00,SWEEP,bullish,4688.901,,,,,,,,,,,,,,,,,,,,,,,,,,,,,
2621,2026-05-14T11:25:00+00:00,SWEEP,bullish,4690.998,,,,,,,,,,,,,,,,,,,,,,,,,,,,,
2627,2026-05-14T11:55:00+00:00,SWEEP,bearish,4704.465,,,,,,,,,,,,,,,,,,,,,,,,,,,,,
2634,2026-05-14T12:30:00+00:00,SWEEP,bearish,4707.587,,,,,,,,,,,,,,,,,,,,,,,,,,,,,
2635,2026-05-14T12:35:00+00:00,SWEEP,bearish,4708.163,,,,,,,,,,,,,,,,,,,,,,,,,,,,,
2643,2026-05-14T13:15:00+00:00,SWEEP,bullish,4692.199,,,,,,,,,,,,,,,,,,,,,,,,,,,,,
2644,2026-05-14T13:20:00+00:00,SWEEP,bullish,4691.239,,,,,,,,,,,,,,,,,,,,,,,,,,,,,
2642,2026-05-14T13:10:00+00:00,OB_FORMED,bearish,,14.0,4700.949,4704.617,75.44,"{'body': 17.75, 'fvg': 13.03, 'sweep': 15.8, 'break': 3.86, 'ob_size': 15.0, 'adjacency': 10}",,,,,,,,,,,,,,,,,,,,,,,,
2644,2026-05-14T13:20:00+00:00,OB_FORMED,bearish,,15.0,4689.94,4695.334,67.59,"{'body': 16.07, 'fvg': 1.13, 'sweep': 22.84, 'break': 2.55, 'ob_size': 15.0, 'adjacency': 10}",,,,,,,,,,,,,,,,,,,,,,,,
2647,2026-05-14T13:35:00+00:00,SWEEP,bullish,4681.823,,,,,,,,,,,,,,,,,,,,,,,,,,,,,
2649,2026-05-14T13:45:00+00:00,OB_TOUCH,,,15.0,,,,,0.0,,,,,,,,,,,,,,,,,,,,,,,
2649,2026-05-14T13:45:00+00:00,WAIT_MTF_CONTEXT,,,15.0,,,,,,neutral,neutral,bullish,23.08,,,,,,,,,,,,,,,,,,,
2650,2026-05-14T13:50:00+00:00,WAIT_MTF_CONTEXT,,,15.0,,,,,,neutral,neutral,bullish,23.08,,,,,,,,,,,,,,,,,,,
2651,2026-05-14T13:55:00+00:00,WAIT_MTF_CONTEXT,,,15.0,,,,,,neutral,neutral,bullish,23.08,,,,,,,,,,,,,,,,,,,
2652,2026-05-14T14:00:00+00:00,WAIT_MTF_CONTEXT,,,15.0,,,,,,neutral,neutral,bullish,23.08,,,,,,,,,,,,,,,,,,,
2653,2026-05-14T14:05:00+00:00,WAIT_MTF_CONTEXT,,,15.0,,,,,,neutral,neutral,bullish,23.08,,,,,,,,,,,,,,,,,,,
2654,2026-05-14T14:10:00+00:00,WAIT_MTF_CONTEXT,,,15.0,,,,,,neutral,neutral,bullish,23.08,,,,,,,,,,,,,,,,,,,
2655,2026-05-14T14:15:00+00:00,WAIT_MTF_CONTEXT,,,15.0,,,,,,neutral,neutral,bullish,23.08,,,,,,,,,,,,,,,,,,,
2656,2026-05-14T14:20:00+00:00,OB_TOUCH,,,14.0,,,,,0.0,,,,,,,,,,,,,,,,,,,,,,,
2656,2026-05-14T14:20:00+00:00,WAIT_MTF_CONTEXT,,,14.0,,,,,,neutral,neutral,bullish,23.08,,,,,,,,,,,,,,,,,,,
2656,2026-05-14T14:20:00+00:00,WAIT_MTF_CONTEXT,,,15.0,,,,,,neutral,neutral,bullish,23.08,,,,,,,,,,,,,,,,,,,
2657,2026-05-14T14:25:00+00:00,WAIT_MTF_CONTEXT,,,14.0,,,,,,neutral,neutral,bullish,23.08,,,,,,,,,,,,,,,,,,,
2657,2026-05-14T14:25:00+00:00,WAIT_MTF_CONTEXT,,,15.0,,,,,,neutral,neutral,bullish,23.08,,,,,,,,,,,,,,,,,,,
2658,2026-05-14T14:30:00+00:00,WAIT_MTF_CONTEXT,,,14.0,,,,,,neutral,neutral,neutral,0.0,,,,,,,,,,,,,,,,,,,
2658,2026-05-14T14:30:00+00:00,WAIT_MTF_CONTEXT,,,15.0,,,,,,neutral,neutral,neutral,0.0,,,,,,,,,,,,,,,,,,,
2659,2026-05-14T14:35:00+00:00,WAIT_MTF_CONTEXT,,,14.0,,,,,,neutral,neutral,neutral,0.0,,,,,,,,,,,,,,,,,,,
2659,2026-05-14T14:35:00+00:00,WAIT_MTF_CONTEXT,,,15.0,,,,,,neutral,neutral,neutral,0.0,,,,,,,,,,,,,,,,,,,
2660,2026-05-14T14:40:00+00:00,WAIT_MTF_CONTEXT,,,14.0,,,,,,neutral,neutral,neutral,0.0,,,,,,,,,,,,,,,,,,,
2660,2026-05-14T14:40:00+00:00,WAIT_MTF_CONTEXT,,,15.0,,,,,,neutral,neutral,neutral,0.0,,,,,,,,,,,,,,,,,,,
2661,2026-05-14T14:45:00+00:00,WAIT_MTF_CONTEXT,,,14.0,,,,,,neutral,neutral,neutral,0.0,,,,,,,,,,,,,,,,,,,
2661,2026-05-14T14:45:00+00:00,WAIT_MTF_CONTEXT,,,15.0,,,,,,neutral,neutral,neutral,0.0,,,,,,,,,,,,,,,,,,,
2662,2026-05-14T14:50:00+00:00,WAIT_MTF_CONTEXT,,,14.0,,,,,,neutral,neutral,neutral,0.0,,,,,,,,,,,,,,,,,,,
2662,2026-05-14T14:50:00+00:00,WAIT_MTF_CONTEXT,,,15.0,,,,,,neutral,neutral,neutral,0.0,,,,,,,,,,,,,,,,,,,
2663,2026-05-14T14:55:00+00:00,WAIT_MTF_CONTEXT,,,14.0,,,,,,neutral,neutral,neutral,0.0,,,,,,,,,,,,,,,,,,,
2663,2026-05-14T14:55:00+00:00,WAIT_MTF_CONTEXT,,,15.0,,,,,,neutral,neutral,neutral,0.0,,,,,,,,,,,,,,,,,,,
2664,2026-05-14T15:00:00+00:00,WAIT_MTF_CONTEXT,,,14.0,,,,,,neutral,neutral,neutral,0.0,,,,,,,,,,,,,,,,,,,
2664,2026-05-14T15:00:00+00:00,WAIT_MTF_CONTEXT,,,15.0,,,,,,neutral,neutral,neutral,0.0,,,,,,,,,,,,,,,,,,,
2665,2026-05-14T15:05:00+00:00,WAIT_MTF_CONTEXT,,,14.0,,,,,,neutral,neutral,neutral,0.0,,,,,,,,,,,,,,,,,,,
2665,2026-05-14T15:05:00+00:00,WAIT_MTF_CONTEXT,,,15.0,,,,,,neutral,neutral,neutral,0.0,,,,,,,,,,,,,,,,,,,
2666,2026-05-14T15:10:00+00:00,WAIT_MTF_CONTEXT,,,14.0,,,,,,neutral,neutral,neutral,0.0,,,,,,,,,,,,,,,,,,,
2666,2026-05-14T15:10:00+00:00,WAIT_MTF_CONTEXT,,,15.0,,,,,,neutral,neutral,neutral,0.0,,,,,,,,,,,,,,,,,,,
2677,2026-05-14T16:05:00+00:00,SWEEP,bullish,4676.83,,,,,,,,,,,,,,,,,,,,,,,,,,,,,
2678,2026-05-14T16:10:00+00:00,SWEEP,bullish,4674.588,,,,,,,,,,,,,,,,,,,,,,,,,,,,,
2682,2026-05-14T16:30:00+00:00,SWEEP,bullish,4674.077,,,,,,,,,,,,,,,,,,,,,,,,,,,,,
2708,2026-05-14T18:40:00+00:00,SWEEP,bullish,4668.62,,,,,,,,,,,,,,,,,,,,,,,,,,,,,
2709,2026-05-14T18:45:00+00:00,SWEEP,bullish,4668.437,,,,,,,,,,,,,,,,,,,,,,,,,,,,,
2713,2026-05-14T19:05:00+00:00,SWEEP,bullish,4666.922,,,,,,,,,,,,,,,,,,,,,,,,,,,,,
2714,2026-05-14T19:10:00+00:00,SWEEP,bullish,4666.749,,,,,,,,,,,,,,,,,,,,,,,,,,,,,
2715,2026-05-14T19:15:00+00:00,SWEEP,bullish,4666.543,,,,,,,,,,,,,,,,,,,,,,,,,,,,,
2718,2026-05-14T19:30:00+00:00,SWEEP,bullish,4662.894,,,,,,,,,,,,,,,,,,,,,,,,,,,,,
2721,2026-05-14T19:45:00+00:00,SWEEP,bullish,4655.479,,,,,,,,,,,,,,,,,,,,,,,,,,,,,
2725,2026-05-14T20:05:00+00:00,SWEEP,bullish,4649.686,,,,,,,,,,,,,,,,,,,,,,,,,,,,,
2727,2026-05-14T20:15:00+00:00,SWEEP,bullish,4649.091,,,,,,,,,,,,,,,,,,,,,,,,,,,,,
2728,2026-05-14T20:20:00+00:00,SWEEP,bullish,4648.381,,,,,,,,,,,,,,,,,,,,,,,,,,,,,
2741,2026-05-14T22:25:00+00:00,SWEEP,bearish,4659.39,,,,,,,,,,,,,,,,,,,,,,,,,,,,,
2743,2026-05-14T22:35:00+00:00,OB_EXPIRED,,,14.0,,,,,,,,,,101.0,,,,,,,,,,,,,,,,,,
2744,2026-05-14T22:40:00+00:00,SWEEP,bearish,4662.451,,,,,,,,,,,,,,,,,,,,,,,,,,,,,
2745,2026-05-14T22:45:00+00:00,OB_EXPIRED,,,15.0,,,,,,,,,,101.0,,,,,,,,,,,,,,,,,,
2746,2026-05-14T22:50:00+00:00,SWEEP,bearish,4662.472,,,,,,,,,,,,,,,,,,,,,,,,,,,,,
2749,2026-05-14T23:05:00+00:00,SWEEP,bearish,4663.16,,,,,,,,,,,,,,,,,,,,,,,,,,,,,
2754,2026-05-14T23:30:00+00:00,SWEEP,bearish,4664.288,,,,,,,,,,,,,,,,,,,,,,,,,,,,,
2755,2026-05-14T23:35:00+00:00,SWEEP,bullish,4646.868,,,,,,,,,,,,,,,,,,,,,,,,,,,,,
2753,2026-05-14T23:25:00+00:00,OB_FORMED,bearish,,16.0,4657.824,4664.288,70.3,"{'body': 18.11, 'fvg': 8.92, 'sweep': 13.47, 'break': 15.31, 'ob_size': 4.5, 'adjacency': 10}",,,,,,,,,,,,,,,,,,,,,,,,
2760,2026-05-15T00:00:00+00:00,SWEEP,bullish,4646.59,,,,,,,,,,,,,,,,,,,,,,,,,,,,,
2763,2026-05-15T00:15:00+00:00,OB_TOUCH,,,16.0,,,,,0.0,,,,,,,,,,,,,,,,,,,,,,,
2768,2026-05-15T00:40:00+00:00,SWEEP,bullish,4618.298,,,,,,,,,,,,,,,,,,,,,,,,,,,,,
2774,2026-05-15T01:10:00+00:00,SWEEP,bullish,4609.84,,,,,,,,,,,,,,,,,,,,,,,,,,,,,
2778,2026-05-15T01:30:00+00:00,SWEEP,bullish,4607.615,,,,,,,,,,,,,,,,,,,,,,,,,,,,,
2782,2026-05-15T01:50:00+00:00,SWEEP,bullish,4607.467,,,,,,,,,,,,,,,,,,,,,,,,,,,,,
2824,2026-05-15T05:20:00+00:00,SWEEP,bullish,4581.679,,,,,,,,,,,,,,,,,,,,,,,,,,,,,
2827,2026-05-15T05:35:00+00:00,SWEEP,bullish,4567.326,,,,,,,,,,,,,,,,,,,,,,,,,,,,,
2829,2026-05-15T05:45:00+00:00,SWEEP,bullish,4563.684,,,,,,,,,,,,,,,,,,,,,,,,,,,,,
2832,2026-05-15T06:00:00+00:00,SWEEP,bullish,4556.567,,,,,,,,,,,,,,,,,,,,,,,,,,,,,
2847,2026-05-15T07:15:00+00:00,SWEEP,bearish,4586.218,,,,,,,,,,,,,,,,,,,,,,,,,,,,,
2848,2026-05-15T07:20:00+00:00,SWEEP,bearish,4587.42,,,,,,,,,,,,,,,,,,,,,,,,,,,,,
2854,2026-05-15T07:50:00+00:00,OB_EXPIRED,,,16.0,,,,,,,,,,101.0,,,,,,,,,,,,,,,,,,
2855,2026-05-15T07:55:00+00:00,OB_FORMED,bearish,,17.0,4568.765,4572.73,72.47,"{'body': 13.97, 'fvg': 1.86, 'sweep': 19.13, 'break': 12.5, 'ob_size': 15.0, 'adjacency': 10}",,,,,,,,,,,,,,,,,,,,,,,,
2857,2026-05-15T08:05:00+00:00,OB_FORMED,bearish,,18.0,4559.612,4567.836,66.47,"{'body': 14.9, 'fvg': 6.15, 'sweep': 22.79, 'break': 0.31, 'ob_size': 12.32, 'adjacency': 10}",,,,,,,,,,,,,,,,,,,,,,,,
2860,2026-05-15T08:20:00+00:00,OB_TOUCH,,,18.0,,,,,4.182879377432445,,,,,,,,,,,,,,,,,,,,,,,
2862,2026-05-15T08:30:00+00:00,SWEEP,bullish,4552.858,,,,,,,,,,,,,,,,,,,,,,,,,,,,,
2865,2026-05-15T08:45:00+00:00,REVERSAL_INSIDE_OB,,,18.0,,,,,29.012645914390394,,,,,,,,,,,,,,,,,,,,,,,
2865,2026-05-15T08:45:00+00:00,WAIT_MICRO_BOS,,,18.0,,,,,,,,,,,normal_reversal_inside_ob,,,,,,,,,,,,,,,,,
2871,2026-05-15T09:15:00+00:00,SWEEP,bullish,4545.752,,,,,,,,,,,,,,,,,,,,,,,,,,,,,
2878,2026-05-15T09:50:00+00:00,SWEEP,bullish,4537.496,,,,,,,,,,,,,,,,,,,,,,,,,,,,,
2890,2026-05-15T10:50:00+00:00,OB_TOUCH,,,17.0,,,,,2.7490542244511946,,,,,,,,,,,,,,,,,,,,,,,
2890,2026-05-15T10:50:00+00:00,OB_CROSSED_AFTER_TOUCH,,,18.0,,,,,100.0,,,,,,,,,,,,,,,,,,,,,,,
2891,2026-05-15T10:55:00+00:00,REVERSAL_AFTER_OB_CROSS,,,18.0,,,,,80.42315175096607,,,,,,,,,,,,,,,,,,,,,,,
2891,2026-05-15T10:55:00+00:00,WAIT_MICRO_BOS,,,18.0,,,,,,,,,,,crossed_ob_reentry,,,,,,,,,,,,,,,,,
2892,2026-05-15T11:00:00+00:00,REVERSAL_AFTER_OB_CROSS,,,18.0,,,,,26.313229571981005,,,,,,,,,,,,,,,,,,,,,,,
2892,2026-05-15T11:00:00+00:00,WAIT_REENTRY_DEPTH,,,18.0,,,,,26.313229571981005,,,,,,,70.0,,,,,,,,,,,,,,,,
2893,2026-05-15T11:05:00+00:00,WAIT_REENTRY_DEPTH,,,18.0,,,,,55.508268482484326,,,,,,,70.0,,,,,,,,,,,,,,,,
2894,2026-05-15T11:10:00+00:00,WAIT_MICRO_BOS,,,18.0,,,,,,,,,,,crossed_ob_reentry,,,,,,,,,,,,,,,,,
2895,2026-05-15T11:15:00+00:00,REVERSAL_AFTER_OB_CROSS,,,18.0,,,,,53.51410505836277,,,,,,,,,,,,,,,,,,,,,,,
2895,2026-05-15T11:15:00+00:00,WAIT_REENTRY_DEPTH,,,18.0,,,,,53.51410505836277,,,,,,,70.0,,,,,,,,,,,,,,,,
2896,2026-05-15T11:20:00+00:00,WAIT_REENTRY_DEPTH,,,18.0,,,,,60.153210116731756,,,,,,,70.0,,,,,,,,,,,,,,,,
2897,2026-05-15T11:25:00+00:00,REVERSAL_AFTER_OB_CROSS,,,18.0,,,,,30.398832684824313,,,,,,,,,,,,,,,,,,,,,,,
2897,2026-05-15T11:25:00+00:00,WAIT_REENTRY_DEPTH,,,18.0,,,,,30.398832684824313,,,,,,,70.0,,,,,,,,,,,,,,,,
2898,2026-05-15T11:30:00+00:00,WAIT_REENTRY_DEPTH,,,18.0,,,,,0.0,,,,,,,70.0,,,,,,,,,,,,,,,,
2899,2026-05-15T11:35:00+00:00,WAIT_REENTRY_DEPTH,,,18.0,,,,,0.0,,,,,,,70.0,,,,,,,,,,,,,,,,
2900,2026-05-15T11:40:00+00:00,WAIT_REENTRY_DEPTH,,,18.0,,,,,0.0,,,,,,,70.0,,,,,,,,,,,,,,,,
2901,2026-05-15T11:45:00+00:00,WAIT_REENTRY_DEPTH,,,18.0,,,,,0.0,,,,,,,70.0,,,,,,,,,,,,,,,,
2902,2026-05-15T11:50:00+00:00,WAIT_REENTRY_DEPTH,,,18.0,,,,,0.0,,,,,,,70.0,,,,,,,,,,,,,,,,
2903,2026-05-15T11:55:00+00:00,WAIT_REENTRY_DEPTH,,,18.0,,,,,0.0,,,,,,,70.0,,,,,,,,,,,,,,,,
2904,2026-05-15T12:00:00+00:00,SWEEP,bullish,4549.585,,,,,,,,,,,,,,,,,,,,,,,,,,,,,
2904,2026-05-15T12:00:00+00:00,WAIT_REENTRY_DEPTH,,,18.0,,,,,0.0,,,,,,,70.0,,,,,,,,,,,,,,,,
2905,2026-05-15T12:05:00+00:00,WAIT_REENTRY_DEPTH,,,18.0,,,,,0.0,,,,,,,70.0,,,,,,,,,,,,,,,,
2906,2026-05-15T12:10:00+00:00,WAIT_REENTRY_DEPTH,,,18.0,,,,,0.0,,,,,,,70.0,,,,,,,,,,,,,,,,
2907,2026-05-15T12:15:00+00:00,SWEEP,bullish,4544.987,,,,,,,,,,,,,,,,,,,,,,,,,,,,,
2907,2026-05-15T12:15:00+00:00,WAIT_REENTRY_DEPTH,,,18.0,,,,,0.0,,,,,,,70.0,,,,,,,,,,,,,,,,
2908,2026-05-15T12:20:00+00:00,WAIT_REENTRY_DEPTH,,,18.0,,,,,0.0,,,,,,,70.0,,,,,,,,,,,,,,,,
2909,2026-05-15T12:25:00+00:00,WAIT_REENTRY_DEPTH,,,18.0,,,,,0.0,,,,,,,70.0,,,,,,,,,,,,,,,,
2910,2026-05-15T12:30:00+00:00,WAIT_REENTRY_DEPTH,,,18.0,,,,,0.0,,,,,,,70.0,,,,,,,,,,,,,,,,
2911,2026-05-15T12:35:00+00:00,WAIT_REENTRY_DEPTH,,,18.0,,,,,0.0,,,,,,,70.0,,,,,,,,,,,,,,,,
2912,2026-05-15T12:40:00+00:00,SWEEP,bullish,4544.824,,,,,,,,,,,,,,,,,,,,,,,,,,,,,
2912,2026-05-15T12:40:00+00:00,WAIT_REENTRY_DEPTH,,,18.0,,,,,0.0,,,,,,,70.0,,,,,,,,,,,,,,,,
2913,2026-05-15T12:45:00+00:00,WAIT_REENTRY_DEPTH,,,18.0,,,,,0.0,,,,,,,70.0,,,,,,,,,,,,,,,,
2914,2026-05-15T12:50:00+00:00,WAIT_REENTRY_DEPTH,,,18.0,,,,,0.0,,,,,,,70.0,,,,,,,,,,,,,,,,
2915,2026-05-15T12:55:00+00:00,WAIT_REENTRY_DEPTH,,,18.0,,,,,0.0,,,,,,,70.0,,,,,,,,,,,,,,,,
2916,2026-05-15T13:00:00+00:00,SWEEP,bullish,4543.612,,,,,,,,,,,,,,,,,,,,,,,,,,,,,
2916,2026-05-15T13:00:00+00:00,WAIT_REENTRY_DEPTH,,,18.0,,,,,0.0,,,,,,,70.0,,,,,,,,,,,,,,,,
2917,2026-05-15T13:05:00+00:00,SWEEP,bullish,4538.214,,,,,,,,,,,,,,,,,,,,,,,,,,,,,
2917,2026-05-15T13:05:00+00:00,WAIT_REENTRY_DEPTH,,,18.0,,,,,0.0,,,,,,,70.0,,,,,,,,,,,,,,,,
2918,2026-05-15T13:10:00+00:00,WAIT_REENTRY_DEPTH,,,18.0,,,,,0.0,,,,,,,70.0,,,,,,,,,,,,,,,,
2919,2026-05-15T13:15:00+00:00,WAIT_REENTRY_DEPTH,,,18.0,,,,,0.0,,,,,,,70.0,,,,,,,,,,,,,,,,
2920,2026-05-15T13:20:00+00:00,WAIT_REENTRY_DEPTH,,,18.0,,,,,0.0,,,,,,,70.0,,,,,,,,,,,,,,,,
2921,2026-05-15T13:25:00+00:00,WAIT_REENTRY_DEPTH,,,18.0,,,,,0.0,,,,,,,70.0,,,,,,,,,,,,,,,,
2922,2026-05-15T13:30:00+00:00,WAIT_REENTRY_DEPTH,,,18.0,,,,,0.0,,,,,,,70.0,,,,,,,,,,,,,,,,
2923,2026-05-15T13:35:00+00:00,WAIT_REENTRY_DEPTH,,,18.0,,,,,0.0,,,,,,,70.0,,,,,,,,,,,,,,,,
2924,2026-05-15T13:40:00+00:00,WAIT_REENTRY_DEPTH,,,18.0,,,,,0.0,,,,,,,70.0,,,,,,,,,,,,,,,,
2925,2026-05-15T13:45:00+00:00,SWEEP,bullish,4519.923,,,,,,,,,,,,,,,,,,,,,,,,,,,,,
2925,2026-05-15T13:45:00+00:00,WAIT_REENTRY_DEPTH,,,18.0,,,,,0.0,,,,,,,70.0,,,,,,,,,,,,,,,,
2926,2026-05-15T13:50:00+00:00,WAIT_REENTRY_DEPTH,,,18.0,,,,,0.0,,,,,,,70.0,,,,,,,,,,,,,,,,
2927,2026-05-15T13:55:00+00:00,WAIT_REENTRY_DEPTH,,,18.0,,,,,0.0,,,,,,,70.0,,,,,,,,,,,,,,,,
2928,2026-05-15T14:00:00+00:00,WAIT_REENTRY_DEPTH,,,18.0,,,,,0.0,,,,,,,70.0,,,,,,,,,,,,,,,,
2929,2026-05-15T14:05:00+00:00,WAIT_REENTRY_DEPTH,,,18.0,,,,,0.0,,,,,,,70.0,,,,,,,,,,,,,,,,
2930,2026-05-15T14:10:00+00:00,WAIT_REENTRY_DEPTH,,,18.0,,,,,0.0,,,,,,,70.0,,,,,,,,,,,,,,,,
2931,2026-05-15T14:15:00+00:00,WAIT_REENTRY_DEPTH,,,18.0,,,,,0.0,,,,,,,70.0,,,,,,,,,,,,,,,,
2932,2026-05-15T14:20:00+00:00,SWEEP,bearish,4558.654,,,,,,,,,,,,,,,,,,,,,,,,,,,,,
2932,2026-05-15T14:20:00+00:00,WAIT_REENTRY_DEPTH,,,18.0,,,,,0.0,,,,,,,70.0,,,,,,,,,,,,,,,,
2933,2026-05-15T14:25:00+00:00,WAIT_REENTRY_DEPTH,,,18.0,,,,,0.0,,,,,,,70.0,,,,,,,,,,,,,,,,
2934,2026-05-15T14:30:00+00:00,WAIT_REENTRY_DEPTH,,,18.0,,,,,0.0,,,,,,,70.0,,,,,,,,,,,,,,,,
2935,2026-05-15T14:35:00+00:00,WAIT_REENTRY_DEPTH,,,18.0,,,,,0.0,,,,,,,70.0,,,,,,,,,,,,,,,,
2936,2026-05-15T14:40:00+00:00,WAIT_REENTRY_DEPTH,,,18.0,,,,,0.0,,,,,,,70.0,,,,,,,,,,,,,,,,
2937,2026-05-15T14:45:00+00:00,WAIT_REENTRY_DEPTH,,,18.0,,,,,0.0,,,,,,,70.0,,,,,,,,,,,,,,,,
2938,2026-05-15T14:50:00+00:00,WAIT_REENTRY_DEPTH,,,18.0,,,,,0.0,,,,,,,70.0,,,,,,,,,,,,,,,,
2939,2026-05-15T14:55:00+00:00,SWEEP,bearish,4562.953,,,,,,,,,,,,,,,,,,,,,,,,,,,,,
2939,2026-05-15T14:55:00+00:00,WAIT_REENTRY_DEPTH,,,18.0,,,,,38.46060311283432,,,,,,,70.0,,,,,,,,,,,,,,,,
2940,2026-05-15T15:00:00+00:00,WAIT_REENTRY_DEPTH,,,18.0,,,,,0.0,,,,,,,70.0,,,,,,,,,,,,,,,,
2941,2026-05-15T15:05:00+00:00,WAIT_REENTRY_DEPTH,,,18.0,,,,,0.0,,,,,,,70.0,,,,,,,,,,,,,,,,
2942,2026-05-15T15:10:00+00:00,WAIT_REENTRY_DEPTH,,,18.0,,,,,0.0,,,,,,,70.0,,,,,,,,,,,,,,,,
2943,2026-05-15T15:15:00+00:00,WAIT_REENTRY_DEPTH,,,18.0,,,,,0.0,,,,,,,70.0,,,,,,,,,,,,,,,,
2944,2026-05-15T15:20:00+00:00,WAIT_REENTRY_DEPTH,,,18.0,,,,,0.0,,,,,,,70.0,,,,,,,,,,,,,,,,
2945,2026-05-15T15:25:00+00:00,WAIT_REENTRY_DEPTH,,,18.0,,,,,0.0,,,,,,,70.0,,,,,,,,,,,,,,,,
2946,2026-05-15T15:30:00+00:00,WAIT_REENTRY_DEPTH,,,18.0,,,,,0.0,,,,,,,70.0,,,,,,,,,,,,,,,,
2947,2026-05-15T15:35:00+00:00,WAIT_REENTRY_DEPTH,,,18.0,,,,,0.0,,,,,,,70.0,,,,,,,,,,,,,,,,
2948,2026-05-15T15:40:00+00:00,WAIT_REENTRY_DEPTH,,,18.0,,,,,0.0,,,,,,,70.0,,,,,,,,,,,,,,,,
2949,2026-05-15T15:45:00+00:00,WAIT_REENTRY_DEPTH,,,18.0,,,,,0.0,,,,,,,70.0,,,,,,,,,,,,,,,,
2950,2026-05-15T15:50:00+00:00,WAIT_REENTRY_DEPTH,,,18.0,,,,,0.0,,,,,,,70.0,,,,,,,,,,,,,,,,
2951,2026-05-15T15:55:00+00:00,SWEEP,bullish,4536.296,,,,,,,,,,,,,,,,,,,,,,,,,,,,,
2951,2026-05-15T15:55:00+00:00,WAIT_REENTRY_DEPTH,,,18.0,,,,,0.0,,,,,,,70.0,,,,,,,,,,,,,,,,
2952,2026-05-15T16:00:00+00:00,SWEEP,bullish,4533.635,,,,,,,,,,,,,,,,,,,,,,,,,,,,,
2952,2026-05-15T16:00:00+00:00,WAIT_REENTRY_DEPTH,,,18.0,,,,,0.0,,,,,,,70.0,,,,,,,,,,,,,,,,
2953,2026-05-15T16:05:00+00:00,WAIT_REENTRY_DEPTH,,,18.0,,,,,0.0,,,,,,,70.0,,,,,,,,,,,,,,,,
2954,2026-05-15T16:10:00+00:00,SWEEP,bullish,4529.442,,,,,,,,,,,,,,,,,,,,,,,,,,,,,
2954,2026-05-15T16:10:00+00:00,WAIT_REENTRY_DEPTH,,,18.0,,,,,0.0,,,,,,,70.0,,,,,,,,,,,,,,,,
2955,2026-05-15T16:15:00+00:00,WAIT_REENTRY_DEPTH,,,18.0,,,,,0.0,,,,,,,70.0,,,,,,,,,,,,,,,,
2956,2026-05-15T16:20:00+00:00,OB_EXPIRED,,,17.0,,,,,,,,,,101.0,,,,,,,,,,,,,,,,,,
2956,2026-05-15T16:20:00+00:00,WAIT_REENTRY_DEPTH,,,18.0,,,,,0.0,,,,,,,70.0,,,,,,,,,,,,,,,,
2957,2026-05-15T16:25:00+00:00,WAIT_REENTRY_DEPTH,,,18.0,,,,,0.0,,,,,,,70.0,,,,,,,,,,,,,,,,
2958,2026-05-15T16:30:00+00:00,OB_EXPIRED,,,18.0,,,,,,,,,,101.0,,,,,,,,,,,,,,,,,,
2964,2026-05-15T17:00:00+00:00,SWEEP,bearish,4552.214,,,,,,,,,,,,,,,,,,,,,,,,,,,,,
2969,2026-05-15T17:25:00+00:00,SWEEP,bearish,4563.794,,,,,,,,,,,,,,,,,,,,,,,,,,,,,
2991,2026-05-15T19:15:00+00:00,SWEEP,bullish,4549.471,,,,,,,,,,,,,,,,,,,,,,,,,,,,,
2993,2026-05-15T19:25:00+00:00,SWEEP,bullish,4548.841,,,,,,,,,,,,,,,,,,,,,,,,,,,,,
2998,2026-05-15T19:50:00+00:00,SWEEP,bullish,4548.38,,,,,,,,,,,,,,,,,,,,,,,,,,,,,
3003,2026-05-15T20:15:00+00:00,SWEEP,bullish,4536.08,,,,,,,,,,,,,,,,,,,,,,,,,,,,,
3004,2026-05-15T20:20:00+00:00,SWEEP,bullish,4535.357,,,,,,,,,,,,,,,,,,,,,,,,,,,,,
3009,2026-05-15T20:45:00+00:00,OB_FORMED,bullish,,19.0,4537.793,4541.502,93.84,"{'body': 20.69, 'fvg': 23.34, 'sweep': 21.72, 'break': 3.1, 'ob_size': 15.0, 'adjacency': 10}",,,,,,,,,,,,,,,,,,,,,,,,
3016,2026-05-17T22:20:00+00:00,OB_TOUCH,,,19.0,,,,,0.0,,,,,,,,,,,,,,,,,,,,,,,
3016,2026-05-17T22:20:00+00:00,WAIT_MTF_CONTEXT,,,19.0,,,,,,neutral,bearish,neutral,30.77,,,,,,,,,,,,,,,,,,,
3017,2026-05-17T22:25:00+00:00,WAIT_MTF_CONTEXT,,,19.0,,,,,,neutral,bearish,neutral,30.77,,,,,,,,,,,,,,,,,,,
3018,2026-05-17T22:30:00+00:00,WAIT_MTF_CONTEXT,,,19.0,,,,,,neutral,bearish,neutral,30.77,,,,,,,,,,,,,,,,,,,
3019,2026-05-17T22:35:00+00:00,WAIT_MTF_CONTEXT,,,19.0,,,,,,neutral,bearish,neutral,30.77,,,,,,,,,,,,,,,,,,,
3020,2026-05-17T22:40:00+00:00,WAIT_MTF_CONTEXT,,,19.0,,,,,,neutral,bearish,neutral,30.77,,,,,,,,,,,,,,,,,,,
3021,2026-05-17T22:45:00+00:00,WAIT_MTF_CONTEXT,,,19.0,,,,,,neutral,bearish,neutral,30.77,,,,,,,,,,,,,,,,,,,
3022,2026-05-17T22:50:00+00:00,WAIT_MTF_CONTEXT,,,19.0,,,,,,neutral,bearish,neutral,30.77,,,,,,,,,,,,,,,,,,,
3023,2026-05-17T22:55:00+00:00,WAIT_MTF_CONTEXT,,,19.0,,,,,,neutral,bearish,neutral,30.77,,,,,,,,,,,,,,,,,,,
3024,2026-05-17T23:00:00+00:00,WAIT_MTF_CONTEXT,,,19.0,,,,,,neutral,bearish,neutral,30.77,,,,,,,,,,,,,,,,,,,
3025,2026-05-17T23:05:00+00:00,WAIT_MTF_CONTEXT,,,19.0,,,,,,neutral,bearish,neutral,30.77,,,,,,,,,,,,,,,,,,,
3026,2026-05-17T23:10:00+00:00,WAIT_MTF_CONTEXT,,,19.0,,,,,,neutral,bearish,neutral,30.77,,,,,,,,,,,,,,,,,,,
3027,2026-05-17T23:15:00+00:00,WAIT_MTF_CONTEXT,,,19.0,,,,,,neutral,bearish,neutral,30.77,,,,,,,,,,,,,,,,,,,
3028,2026-05-17T23:20:00+00:00,WAIT_MTF_CONTEXT,,,19.0,,,,,,neutral,bearish,neutral,30.77,,,,,,,,,,,,,,,,,,,
3029,2026-05-17T23:25:00+00:00,WAIT_MTF_CONTEXT,,,19.0,,,,,,neutral,bearish,neutral,30.77,,,,,,,,,,,,,,,,,,,
3030,2026-05-17T23:30:00+00:00,SWEEP,bullish,4536.242,,,,,,,,,,,,,,,,,,,,,,,,,,,,,
3030,2026-05-17T23:30:00+00:00,WAIT_MTF_CONTEXT,,,19.0,,,,,,neutral,bearish,neutral,30.77,,,,,,,,,,,,,,,,,,,
3031,2026-05-17T23:35:00+00:00,WAIT_MTF_CONTEXT,,,19.0,,,,,,neutral,bearish,neutral,30.77,,,,,,,,,,,,,,,,,,,
3032,2026-05-17T23:40:00+00:00,SWEEP,bullish,4534.842,,,,,,,,,,,,,,,,,,,,,,,,,,,,,
3032,2026-05-17T23:40:00+00:00,WAIT_MTF_CONTEXT,,,19.0,,,,,,neutral,bearish,neutral,30.77,,,,,,,,,,,,,,,,,,,
3033,2026-05-17T23:45:00+00:00,SWEEP,bullish,4532.392,,,,,,,,,,,,,,,,,,,,,,,,,,,,,
3033,2026-05-17T23:45:00+00:00,OB_CROSSED_AFTER_TOUCH,,,19.0,,,,,100.0,,,,,,,,,,,,,,,,,,,,,,,
3034,2026-05-17T23:50:00+00:00,WAIT_MTF_CONTEXT,,,19.0,,,,,,neutral,bearish,neutral,30.77,,,,,,,,,,,,,,,,,,,
3035,2026-05-17T23:55:00+00:00,OB_CROSSED_AFTER_TOUCH,,,19.0,,,,,100.0,,,,,,,,,,,,,,,,,,,,,,,
3036,2026-05-18T00:00:00+00:00,OB_CROSSED_AFTER_TOUCH,,,19.0,,,,,100.0,,,,,,,,,,,,,,,,,,,,,,,
3037,2026-05-18T00:05:00+00:00,OB_CROSSED_AFTER_TOUCH,,,19.0,,,,,100.0,,,,,,,,,,,,,,,,,,,,,,,
3038,2026-05-18T00:10:00+00:00,OB_CROSSED_AFTER_TOUCH,,,19.0,,,,,100.0,,,,,,,,,,,,,,,,,,,,,,,
3039,2026-05-18T00:15:00+00:00,OB_CROSSED_AFTER_TOUCH,,,19.0,,,,,100.0,,,,,,,,,,,,,,,,,,,,,,,
3040,2026-05-18T00:20:00+00:00,OB_CROSSED_AFTER_TOUCH,,,19.0,,,,,100.0,,,,,,,,,,,,,,,,,,,,,,,
3041,2026-05-18T00:25:00+00:00,OB_CROSSED_AFTER_TOUCH,,,19.0,,,,,100.0,,,,,,,,,,,,,,,,,,,,,,,
3042,2026-05-18T00:30:00+00:00,OB_CROSSED_AFTER_TOUCH,,,19.0,,,,,100.0,,,,,,,,,,,,,,,,,,,,,,,
3043,2026-05-18T00:35:00+00:00,OB_CROSSED_AFTER_TOUCH,,,19.0,,,,,100.0,,,,,,,,,,,,,,,,,,,,,,,
3044,2026-05-18T00:40:00+00:00,OB_CROSSED_AFTER_TOUCH,,,19.0,,,,,100.0,,,,,,,,,,,,,,,,,,,,,,,
3045,2026-05-18T00:45:00+00:00,SWEEP,bullish,4480.265,,,,,,,,,,,,,,,,,,,,,,,,,,,,,
3045,2026-05-18T00:45:00+00:00,OB_CROSSED_AFTER_TOUCH,,,19.0,,,,,100.0,,,,,,,,,,,,,,,,,,,,,,,
3046,2026-05-18T00:50:00+00:00,OB_CROSSED_AFTER_TOUCH,,,19.0,,,,,100.0,,,,,,,,,,,,,,,,,,,,,,,
3047,2026-05-18T00:55:00+00:00,OB_CROSSED_AFTER_TOUCH,,,19.0,,,,,100.0,,,,,,,,,,,,,,,,,,,,,,,
3048,2026-05-18T01:00:00+00:00,OB_CROSSED_AFTER_TOUCH,,,19.0,,,,,100.0,,,,,,,,,,,,,,,,,,,,,,,
3049,2026-05-18T01:05:00+00:00,OB_CROSSED_AFTER_TOUCH,,,19.0,,,,,100.0,,,,,,,,,,,,,,,,,,,,,,,
3050,2026-05-18T01:10:00+00:00,OB_CROSSED_AFTER_TOUCH,,,19.0,,,,,100.0,,,,,,,,,,,,,,,,,,,,,,,
3051,2026-05-18T01:15:00+00:00,OB_CROSSED_AFTER_TOUCH,,,19.0,,,,,100.0,,,,,,,,,,,,,,,,,,,,,,,
3052,2026-05-18T01:20:00+00:00,OB_CROSSED_AFTER_TOUCH,,,19.0,,,,,100.0,,,,,,,,,,,,,,,,,,,,,,,
3053,2026-05-18T01:25:00+00:00,OB_CROSSED_AFTER_TOUCH,,,19.0,,,,,100.0,,,,,,,,,,,,,,,,,,,,,,,
3054,2026-05-18T01:30:00+00:00,OB_CROSSED_AFTER_TOUCH,,,19.0,,,,,100.0,,,,,,,,,,,,,,,,,,,,,,,
3055,2026-05-18T01:35:00+00:00,OB_CROSSED_AFTER_TOUCH,,,19.0,,,,,100.0,,,,,,,,,,,,,,,,,,,,,,,
3056,2026-05-18T01:40:00+00:00,OB_CROSSED_AFTER_TOUCH,,,19.0,,,,,100.0,,,,,,,,,,,,,,,,,,,,,,,
3057,2026-05-18T01:45:00+00:00,OB_CROSSED_AFTER_TOUCH,,,19.0,,,,,100.0,,,,,,,,,,,,,,,,,,,,,,,
3058,2026-05-18T01:50:00+00:00,SWEEP,bearish,4533.344,,,,,,,,,,,,,,,,,,,,,,,,,,,,,
3058,2026-05-18T01:50:00+00:00,OB_CROSSED_AFTER_TOUCH,,,19.0,,,,,100.0,,,,,,,,,,,,,,,,,,,,,,,
3059,2026-05-18T01:55:00+00:00,OB_CROSSED_AFTER_TOUCH,,,19.0,,,,,100.0,,,,,,,,,,,,,,,,,,,,,,,
3060,2026-05-18T02:00:00+00:00,SWEEP,bearish,4535.646,,,,,,,,,,,,,,,,,,,,,,,,,,,,,
3060,2026-05-18T02:00:00+00:00,OB_CROSSED_AFTER_TOUCH,,,19.0,,,,,100.0,,,,,,,,,,,,,,,,,,,,,,,
3061,2026-05-18T02:05:00+00:00,OB_CROSSED_AFTER_TOUCH,,,19.0,,,,,100.0,,,,,,,,,,,,,,,,,,,,,,,
3062,2026-05-18T02:10:00+00:00,OB_CROSSED_AFTER_TOUCH,,,19.0,,,,,100.0,,,,,,,,,,,,,,,,,,,,,,,
3063,2026-05-18T02:15:00+00:00,OB_CROSSED_AFTER_TOUCH,,,19.0,,,,,100.0,,,,,,,,,,,,,,,,,,,,,,,
3064,2026-05-18T02:20:00+00:00,SWEEP,bearish,4538.656,,,,,,,,,,,,,,,,,,,,,,,,,,,,,
3064,2026-05-18T02:20:00+00:00,OB_CROSSED_AFTER_TOUCH,,,19.0,,,,,100.0,,,,,,,,,,,,,,,,,,,,,,,
3065,2026-05-18T02:25:00+00:00,OB_CROSSED_AFTER_TOUCH,,,19.0,,,,,100.0,,,,,,,,,,,,,,,,,,,,,,,
3066,2026-05-18T02:30:00+00:00,OB_CROSSED_AFTER_TOUCH,,,19.0,,,,,100.0,,,,,,,,,,,,,,,,,,,,,,,
3067,2026-05-18T02:35:00+00:00,WAIT_MTF_CONTEXT,,,19.0,,,,,,neutral,bearish,bearish,53.85,,,,,,,,,,,,,,,,,,,
3068,2026-05-18T02:40:00+00:00,SWEEP,bearish,4540.663,,,,,,,,,,,,,,,,,,,,,,,,,,,,,
3068,2026-05-18T02:40:00+00:00,OB_CROSSED_AFTER_TOUCH,,,19.0,,,,,100.0,,,,,,,,,,,,,,,,,,,,,,,
3069,2026-05-18T02:45:00+00:00,SWEEP,bearish,4541.242,,,,,,,,,,,,,,,,,,,,,,,,,,,,,
3069,2026-05-18T02:45:00+00:00,OB_CROSSED_AFTER_TOUCH,,,19.0,,,,,100.0,,,,,,,,,,,,,,,,,,,,,,,
3070,2026-05-18T02:50:00+00:00,OB_CROSSED_AFTER_TOUCH,,,19.0,,,,,100.0,,,,,,,,,,,,,,,,,,,,,,,
3071,2026-05-18T02:55:00+00:00,OB_CROSSED_AFTER_TOUCH,,,19.0,,,,,100.0,,,,,,,,,,,,,,,,,,,,,,,
3072,2026-05-18T03:00:00+00:00,OB_CROSSED_AFTER_TOUCH,,,19.0,,,,,100.0,,,,,,,,,,,,,,,,,,,,,,,
3073,2026-05-18T03:05:00+00:00,OB_CROSSED_AFTER_TOUCH,,,19.0,,,,,100.0,,,,,,,,,,,,,,,,,,,,,,,
3074,2026-05-18T03:10:00+00:00,OB_CROSSED_AFTER_TOUCH,,,19.0,,,,,100.0,,,,,,,,,,,,,,,,,,,,,,,
3075,2026-05-18T03:15:00+00:00,OB_CROSSED_AFTER_TOUCH,,,19.0,,,,,100.0,,,,,,,,,,,,,,,,,,,,,,,
3076,2026-05-18T03:20:00+00:00,OB_CROSSED_AFTER_TOUCH,,,19.0,,,,,100.0,,,,,,,,,,,,,,,,,,,,,,,
3077,2026-05-18T03:25:00+00:00,OB_CROSSED_AFTER_TOUCH,,,19.0,,,,,100.0,,,,,,,,,,,,,,,,,,,,,,,
3078,2026-05-18T03:30:00+00:00,OB_CROSSED_AFTER_TOUCH,,,19.0,,,,,100.0,,,,,,,,,,,,,,,,,,,,,,,
3079,2026-05-18T03:35:00+00:00,OB_CROSSED_AFTER_TOUCH,,,19.0,,,,,100.0,,,,,,,,,,,,,,,,,,,,,,,
3080,2026-05-18T03:40:00+00:00,WAIT_MTF_CONTEXT,,,19.0,,,,,,neutral,bearish,bearish,53.85,,,,,,,,,,,,,,,,,,,
3081,2026-05-18T03:45:00+00:00,WAIT_MTF_CONTEXT,,,19.0,,,,,,neutral,bearish,bearish,53.85,,,,,,,,,,,,,,,,,,,
3082,2026-05-18T03:50:00+00:00,WAIT_MTF_CONTEXT,,,19.0,,,,,,neutral,bearish,bearish,53.85,,,,,,,,,,,,,,,,,,,
3083,2026-05-18T03:55:00+00:00,WAIT_MTF_CONTEXT,,,19.0,,,,,,neutral,bearish,bearish,53.85,,,,,,,,,,,,,,,,,,,
3084,2026-05-18T04:00:00+00:00,SWEEP,bearish,4548.037,,,,,,,,,,,,,,,,,,,,,,,,,,,,,
3084,2026-05-18T04:00:00+00:00,WAIT_MTF_CONTEXT,,,19.0,,,,,,neutral,bearish,bearish,53.85,,,,,,,,,,,,,,,,,,,
3085,2026-05-18T04:05:00+00:00,SWEEP,bearish,4548.475,,,,,,,,,,,,,,,,,,,,,,,,,,,,,
3085,2026-05-18T04:05:00+00:00,WAIT_MTF_CONTEXT,,,19.0,,,,,,neutral,bearish,bearish,53.85,,,,,,,,,,,,,,,,,,,
3086,2026-05-18T04:10:00+00:00,WAIT_MTF_CONTEXT,,,19.0,,,,,,neutral,bearish,bearish,53.85,,,,,,,,,,,,,,,,,,,
3087,2026-05-18T04:15:00+00:00,WAIT_MTF_CONTEXT,,,19.0,,,,,,neutral,bearish,bearish,53.85,,,,,,,,,,,,,,,,,,,
3088,2026-05-18T04:20:00+00:00,OB_CROSSED_AFTER_TOUCH,,,19.0,,,,,100.0,,,,,,,,,,,,,,,,,,,,,,,
3089,2026-05-18T04:25:00+00:00,OB_CROSSED_AFTER_TOUCH,,,19.0,,,,,100.0,,,,,,,,,,,,,,,,,,,,,,,
3090,2026-05-18T04:30:00+00:00,WAIT_MTF_CONTEXT,,,19.0,,,,,,neutral,bearish,neutral,30.77,,,,,,,,,,,,,,,,,,,
3091,2026-05-18T04:35:00+00:00,WAIT_MTF_CONTEXT,,,19.0,,,,,,neutral,bearish,neutral,30.77,,,,,,,,,,,,,,,,,,,
3092,2026-05-18T04:40:00+00:00,WAIT_MTF_CONTEXT,,,19.0,,,,,,neutral,bearish,neutral,30.77,,,,,,,,,,,,,,,,,,,
3093,2026-05-18T04:45:00+00:00,WAIT_MTF_CONTEXT,,,19.0,,,,,,neutral,bearish,neutral,30.77,,,,,,,,,,,,,,,,,,,
3094,2026-05-18T04:50:00+00:00,WAIT_MTF_CONTEXT,,,19.0,,,,,,neutral,bearish,neutral,30.77,,,,,,,,,,,,,,,,,,,
3095,2026-05-18T04:55:00+00:00,WAIT_MTF_CONTEXT,,,19.0,,,,,,neutral,bearish,neutral,30.77,,,,,,,,,,,,,,,,,,,
3096,2026-05-18T05:00:00+00:00,OB_CROSSED_AFTER_TOUCH,,,19.0,,,,,100.0,,,,,,,,,,,,,,,,,,,,,,,
3097,2026-05-18T05:05:00+00:00,OB_CROSSED_AFTER_TOUCH,,,19.0,,,,,100.0,,,,,,,,,,,,,,,,,,,,,,,
3098,2026-05-18T05:10:00+00:00,WAIT_MTF_CONTEXT,,,19.0,,,,,,neutral,bearish,neutral,30.77,,,,,,,,,,,,,,,,,,,
3099,2026-05-18T05:15:00+00:00,WAIT_MTF_CONTEXT,,,19.0,,,,,,neutral,bearish,neutral,30.77,,,,,,,,,,,,,,,,,,,
3100,2026-05-18T05:20:00+00:00,WAIT_MTF_CONTEXT,,,19.0,,,,,,neutral,bearish,neutral,30.77,,,,,,,,,,,,,,,,,,,
3101,2026-05-18T05:25:00+00:00,SWEEP,bearish,4549.977,,,,,,,,,,,,,,,,,,,,,,,,,,,,,
3101,2026-05-18T05:25:00+00:00,WAIT_MTF_CONTEXT,,,19.0,,,,,,neutral,bearish,neutral,30.77,,,,,,,,,,,,,,,,,,,
3102,2026-05-18T05:30:00+00:00,SWEEP,bearish,4550.639,,,,,,,,,,,,,,,,,,,,,,,,,,,,,
3102,2026-05-18T05:30:00+00:00,WAIT_MTF_CONTEXT,,,19.0,,,,,,neutral,bearish,neutral,30.77,,,,,,,,,,,,,,,,,,,
3103,2026-05-18T05:35:00+00:00,WAIT_MTF_CONTEXT,,,19.0,,,,,,neutral,bearish,neutral,30.77,,,,,,,,,,,,,,,,,,,
3104,2026-05-18T05:40:00+00:00,WAIT_MTF_CONTEXT,,,19.0,,,,,,neutral,bearish,neutral,30.77,,,,,,,,,,,,,,,,,,,
3105,2026-05-18T05:45:00+00:00,WAIT_MTF_CONTEXT,,,19.0,,,,,,neutral,bearish,neutral,30.77,,,,,,,,,,,,,,,,,,,
3106,2026-05-18T05:50:00+00:00,OB_CROSSED_AFTER_TOUCH,,,19.0,,,,,100.0,,,,,,,,,,,,,,,,,,,,,,,
3107,2026-05-18T05:55:00+00:00,SWEEP,bullish,4530.156,,,,,,,,,,,,,,,,,,,,,,,,,,,,,
3107,2026-05-18T05:55:00+00:00,OB_CROSSED_AFTER_TOUCH,,,19.0,,,,,100.0,,,,,,,,,,,,,,,,,,,,,,,
3108,2026-05-18T06:00:00+00:00,SWEEP,bullish,4529.993,,,,,,,,,,,,,,,,,,,,,,,,,,,,,
3108,2026-05-18T06:00:00+00:00,OB_CROSSED_AFTER_TOUCH,,,19.0,,,,,100.0,,,,,,,,,,,,,,,,,,,,,,,
3109,2026-05-18T06:05:00+00:00,WAIT_MTF_CONTEXT,,,19.0,,,,,,neutral,bearish,neutral,30.77,,,,,,,,,,,,,,,,,,,
3110,2026-05-18T06:10:00+00:00,OB_EXPIRED,,,19.0,,,,,,,,,,101.0,,,,,,,,,,,,,,,,,,
3153,2026-05-18T09:45:00+00:00,SWEEP,bullish,4540.511,,,,,,,,,,,,,,,,,,,,,,,,,,,,,
3154,2026-05-18T09:50:00+00:00,SWEEP,bullish,4540.454,,,,,,,,,,,,,,,,,,,,,,,,,,,,,
3158,2026-05-18T10:10:00+00:00,SWEEP,bullish,4536.902,,,,,,,,,,,,,,,,,,,,,,,,,,,,,
3163,2026-05-18T10:35:00+00:00,SWEEP,bullish,4532.479,,,,,,,,,,,,,,,,,,,,,,,,,,,,,
3170,2026-05-18T11:10:00+00:00,SWEEP,bullish,4532.229,,,,,,,,,,,,,,,,,,,,,,,,,,,,,
3192,2026-05-18T13:00:00+00:00,SWEEP,bearish,4574.919,,,,,,,,,,,,,,,,,,,,,,,,,,,,,
3203,2026-05-18T13:55:00+00:00,SWEEP,bearish,4584.134,,,,,,,,,,,,,,,,,,,,,,,,,,,,,
3208,2026-05-18T14:20:00+00:00,SWEEP,bullish,4558.365,,,,,,,,,,,,,,,,,,,,,,,,,,,,,
3211,2026-05-18T14:35:00+00:00,SWEEP,bullish,4544.767,,,,,,,,,,,,,,,,,,,,,,,,,,,,,
3209,2026-05-18T14:25:00+00:00,OB_FORMED,bearish,,20.0,4557.613,4563.077,72.95,"{'body': 14.45, 'fvg': 11.06, 'sweep': 16.07, 'break': 6.37, 'ob_size': 15.0, 'adjacency': 10}",,,,,,,,,,,,,,,,,,,,,,,,
3212,2026-05-18T14:40:00+00:00,SWEEP,bullish,4543.138,,,,,,,,,,,,,,,,,,,,,,,,,,,,,
3213,2026-05-18T14:45:00+00:00,SWEEP,bullish,4538.313,,,,,,,,,,,,,,,,,,,,,,,,,,,,,
3232,2026-05-18T16:20:00+00:00,SWEEP,bearish,4550.193,,,,,,,,,,,,,,,,,,,,,,,,,,,,,
3239,2026-05-18T16:55:00+00:00,SWEEP,bearish,4554.152,,,,,,,,,,,,,,,,,,,,,,,,,,,,,
3241,2026-05-18T17:05:00+00:00,SWEEP,bearish,4557.124,,,,,,,,,,,,,,,,,,,,,,,,,,,,,
3241,2026-05-18T17:05:00+00:00,OB_TOUCH,,,20.0,,,,,0.0,,,,,,,,,,,,,,,,,,,,,,,
3241,2026-05-18T17:05:00+00:00,WAIT_MTF_CONTEXT,,,20.0,,,,,,neutral,bullish,bullish,53.85,,,,,,,,,,,,,,,,,,,
3242,2026-05-18T17:10:00+00:00,WAIT_MTF_CONTEXT,,,20.0,,,,,,neutral,bullish,bullish,53.85,,,,,,,,,,,,,,,,,,,
3243,2026-05-18T17:15:00+00:00,WAIT_MTF_CONTEXT,,,20.0,,,,,,neutral,bullish,bullish,53.85,,,,,,,,,,,,,,,,,,,
3244,2026-05-18T17:20:00+00:00,WAIT_MTF_CONTEXT,,,20.0,,,,,,neutral,bullish,bullish,53.85,,,,,,,,,,,,,,,,,,,
3245,2026-05-18T17:25:00+00:00,WAIT_MTF_CONTEXT,,,20.0,,,,,,neutral,bullish,bullish,53.85,,,,,,,,,,,,,,,,,,,
3246,2026-05-18T17:30:00+00:00,WAIT_MTF_CONTEXT,,,20.0,,,,,,neutral,bullish,bullish,53.85,,,,,,,,,,,,,,,,,,,
3247,2026-05-18T17:35:00+00:00,WAIT_MTF_CONTEXT,,,20.0,,,,,,neutral,bullish,bullish,53.85,,,,,,,,,,,,,,,,,,,
3248,2026-05-18T17:40:00+00:00,WAIT_MTF_CONTEXT,,,20.0,,,,,,neutral,bullish,bullish,53.85,,,,,,,,,,,,,,,,,,,
3249,2026-05-18T17:45:00+00:00,WAIT_MTF_CONTEXT,,,20.0,,,,,,neutral,bullish,bullish,53.85,,,,,,,,,,,,,,,,,,,
3250,2026-05-18T17:50:00+00:00,WAIT_MTF_CONTEXT,,,20.0,,,,,,neutral,bullish,bullish,53.85,,,,,,,,,,,,,,,,,,,
3251,2026-05-18T17:55:00+00:00,WAIT_MTF_CONTEXT,,,20.0,,,,,,neutral,bullish,bullish,53.85,,,,,,,,,,,,,,,,,,,
3252,2026-05-18T18:00:00+00:00,WAIT_MTF_CONTEXT,,,20.0,,,,,,neutral,bullish,neutral,30.77,,,,,,,,,,,,,,,,,,,
3253,2026-05-18T18:05:00+00:00,WAIT_MTF_CONTEXT,,,20.0,,,,,,neutral,bullish,neutral,30.77,,,,,,,,,,,,,,,,,,,
3254,2026-05-18T18:10:00+00:00,WAIT_MTF_CONTEXT,,,20.0,,,,,,neutral,bullish,neutral,30.77,,,,,,,,,,,,,,,,,,,
3255,2026-05-18T18:15:00+00:00,WAIT_MTF_CONTEXT,,,20.0,,,,,,neutral,bullish,neutral,30.77,,,,,,,,,,,,,,,,,,,
3256,2026-05-18T18:20:00+00:00,WAIT_MTF_CONTEXT,,,20.0,,,,,,neutral,bullish,neutral,30.77,,,,,,,,,,,,,,,,,,,
3257,2026-05-18T18:25:00+00:00,SWEEP,bullish,4540.449,,,,,,,,,,,,,,,,,,,,,,,,,,,,,
3257,2026-05-18T18:25:00+00:00,WAIT_MTF_CONTEXT,,,20.0,,,,,,neutral,bullish,neutral,30.77,,,,,,,,,,,,,,,,,,,
3258,2026-05-18T18:30:00+00:00,WAIT_MTF_CONTEXT,,,20.0,,,,,,neutral,bullish,neutral,30.77,,,,,,,,,,,,,,,,,,,
3259,2026-05-18T18:35:00+00:00,WAIT_MTF_CONTEXT,,,20.0,,,,,,neutral,bullish,neutral,30.77,,,,,,,,,,,,,,,,,,,
3260,2026-05-18T18:40:00+00:00,WAIT_MTF_CONTEXT,,,20.0,,,,,,neutral,bullish,neutral,30.77,,,,,,,,,,,,,,,,,,,
3261,2026-05-18T18:45:00+00:00,WAIT_MTF_CONTEXT,,,20.0,,,,,,neutral,bullish,neutral,30.77,,,,,,,,,,,,,,,,,,,
3262,2026-05-18T18:50:00+00:00,WAIT_MTF_CONTEXT,,,20.0,,,,,,neutral,bullish,neutral,30.77,,,,,,,,,,,,,,,,,,,
3263,2026-05-18T18:55:00+00:00,WAIT_MTF_CONTEXT,,,20.0,,,,,,neutral,bullish,neutral,30.77,,,,,,,,,,,,,,,,,,,
3264,2026-05-18T19:00:00+00:00,SWEEP,bearish,4555.266,,,,,,,,,,,,,,,,,,,,,,,,,,,,,
3264,2026-05-18T19:00:00+00:00,WAIT_MTF_CONTEXT,,,20.0,,,,,,neutral,bullish,neutral,30.77,,,,,,,,,,,,,,,,,,,
3265,2026-05-18T19:05:00+00:00,WAIT_MTF_CONTEXT,,,20.0,,,,,,neutral,bullish,neutral,30.77,,,,,,,,,,,,,,,,,,,
3266,2026-05-18T19:10:00+00:00,WAIT_MTF_CONTEXT,,,20.0,,,,,,neutral,bullish,neutral,30.77,,,,,,,,,,,,,,,,,,,
3267,2026-05-18T19:15:00+00:00,WAIT_MTF_CONTEXT,,,20.0,,,,,,neutral,bullish,neutral,30.77,,,,,,,,,,,,,,,,,,,
3268,2026-05-18T19:20:00+00:00,WAIT_MTF_CONTEXT,,,20.0,,,,,,neutral,bullish,neutral,30.77,,,,,,,,,,,,,,,,,,,
3269,2026-05-18T19:25:00+00:00,WAIT_MTF_CONTEXT,,,20.0,,,,,,neutral,bullish,neutral,30.77,,,,,,,,,,,,,,,,,,,
3270,2026-05-18T19:30:00+00:00,WAIT_MTF_CONTEXT,,,20.0,,,,,,neutral,bullish,neutral,30.77,,,,,,,,,,,,,,,,,,,
3271,2026-05-18T19:35:00+00:00,WAIT_MTF_CONTEXT,,,20.0,,,,,,neutral,bullish,neutral,30.77,,,,,,,,,,,,,,,,,,,
3272,2026-05-18T19:40:00+00:00,WAIT_MTF_CONTEXT,,,20.0,,,,,,neutral,bullish,neutral,30.77,,,,,,,,,,,,,,,,,,,
3273,2026-05-18T19:45:00+00:00,WAIT_MTF_CONTEXT,,,20.0,,,,,,neutral,bullish,neutral,30.77,,,,,,,,,,,,,,,,,,,
3274,2026-05-18T19:50:00+00:00,WAIT_MTF_CONTEXT,,,20.0,,,,,,neutral,bullish,neutral,30.77,,,,,,,,,,,,,,,,,,,
3275,2026-05-18T19:55:00+00:00,WAIT_MTF_CONTEXT,,,20.0,,,,,,neutral,bullish,neutral,30.77,,,,,,,,,,,,,,,,,,,
3276,2026-05-18T20:00:00+00:00,WAIT_MTF_CONTEXT,,,20.0,,,,,,neutral,bullish,bullish,53.85,,,,,,,,,,,,,,,,,,,
3277,2026-05-18T20:05:00+00:00,WAIT_MTF_CONTEXT,,,20.0,,,,,,neutral,bullish,bullish,53.85,,,,,,,,,,,,,,,,,,,
3278,2026-05-18T20:10:00+00:00,WAIT_MTF_CONTEXT,,,20.0,,,,,,neutral,bullish,bullish,53.85,,,,,,,,,,,,,,,,,,,
3279,2026-05-18T20:15:00+00:00,SWEEP,bearish,4564.981,,,,,,,,,,,,,,,,,,,,,,,,,,,,,
3279,2026-05-18T20:15:00+00:00,OB_CROSSED_AFTER_TOUCH,,,20.0,,,,,100.0,,,,,,,,,,,,,,,,,,,,,,,
3280,2026-05-18T20:20:00+00:00,SWEEP,bearish,4566.51,,,,,,,,,,,,,,,,,,,,,,,,,,,,,
3280,2026-05-18T20:20:00+00:00,OB_CROSSED_AFTER_TOUCH,,,20.0,,,,,100.0,,,,,,,,,,,,,,,,,,,,,,,
3281,2026-05-18T20:25:00+00:00,OB_CROSSED_AFTER_TOUCH,,,20.0,,,,,100.0,,,,,,,,,,,,,,,,,,,,,,,
3282,2026-05-18T20:30:00+00:00,WAIT_MTF_CONTEXT,,,20.0,,,,,,neutral,bullish,bullish,53.85,,,,,,,,,,,,,,,,,,,
3283,2026-05-18T20:35:00+00:00,WAIT_MTF_CONTEXT,,,20.0,,,,,,neutral,bullish,bullish,53.85,,,,,,,,,,,,,,,,,,,
3284,2026-05-18T20:40:00+00:00,OB_CROSSED_AFTER_TOUCH,,,20.0,,,,,100.0,,,,,,,,,,,,,,,,,,,,,,,
3285,2026-05-18T20:45:00+00:00,OB_CROSSED_AFTER_TOUCH,,,20.0,,,,,100.0,,,,,,,,,,,,,,,,,,,,,,,
3286,2026-05-18T20:50:00+00:00,OB_CROSSED_AFTER_TOUCH,,,20.0,,,,,100.0,,,,,,,,,,,,,,,,,,,,,,,
3287,2026-05-18T20:55:00+00:00,SWEEP,bearish,4566.634,,,,,,,,,,,,,,,,,,,,,,,,,,,,,
3287,2026-05-18T20:55:00+00:00,OB_CROSSED_AFTER_TOUCH,,,20.0,,,,,100.0,,,,,,,,,,,,,,,,,,,,,,,
3288,2026-05-18T22:00:00+00:00,OB_CROSSED_AFTER_TOUCH,,,20.0,,,,,100.0,,,,,,,,,,,,,,,,,,,,,,,
3289,2026-05-18T22:05:00+00:00,OB_CROSSED_AFTER_TOUCH,,,20.0,,,,,100.0,,,,,,,,,,,,,,,,,,,,,,,
3290,2026-05-18T22:10:00+00:00,OB_CROSSED_AFTER_TOUCH,,,20.0,,,,,100.0,,,,,,,,,,,,,,,,,,,,,,,
3291,2026-05-18T22:15:00+00:00,OB_CROSSED_AFTER_TOUCH,,,20.0,,,,,100.0,,,,,,,,,,,,,,,,,,,,,,,
3292,2026-05-18T22:20:00+00:00,OB_CROSSED_AFTER_TOUCH,,,20.0,,,,,100.0,,,,,,,,,,,,,,,,,,,,,,,
3293,2026-05-18T22:25:00+00:00,OB_CROSSED_AFTER_TOUCH,,,20.0,,,,,100.0,,,,,,,,,,,,,,,,,,,,,,,
3294,2026-05-18T22:30:00+00:00,OB_CROSSED_AFTER_TOUCH,,,20.0,,,,,100.0,,,,,,,,,,,,,,,,,,,,,,,
3295,2026-05-18T22:35:00+00:00,OB_CROSSED_AFTER_TOUCH,,,20.0,,,,,100.0,,,,,,,,,,,,,,,,,,,,,,,
3296,2026-05-18T22:40:00+00:00,OB_CROSSED_AFTER_TOUCH,,,20.0,,,,,100.0,,,,,,,,,,,,,,,,,,,,,,,
3297,2026-05-18T22:45:00+00:00,OB_CROSSED_AFTER_TOUCH,,,20.0,,,,,100.0,,,,,,,,,,,,,,,,,,,,,,,
3298,2026-05-18T22:50:00+00:00,OB_CROSSED_AFTER_TOUCH,,,20.0,,,,,100.0,,,,,,,,,,,,,,,,,,,,,,,
3299,2026-05-18T22:55:00+00:00,OB_CROSSED_AFTER_TOUCH,,,20.0,,,,,100.0,,,,,,,,,,,,,,,,,,,,,,,
3300,2026-05-18T23:00:00+00:00,OB_CROSSED_AFTER_TOUCH,,,20.0,,,,,100.0,,,,,,,,,,,,,,,,,,,,,,,
3301,2026-05-18T23:05:00+00:00,SWEEP,bearish,4581.199,,,,,,,,,,,,,,,,,,,,,,,,,,,,,
3301,2026-05-18T23:05:00+00:00,OB_CROSSED_AFTER_TOUCH,,,20.0,,,,,100.0,,,,,,,,,,,,,,,,,,,,,,,
3302,2026-05-18T23:10:00+00:00,OB_CROSSED_AFTER_TOUCH,,,20.0,,,,,100.0,,,,,,,,,,,,,,,,,,,,,,,
3303,2026-05-18T23:15:00+00:00,OB_CROSSED_AFTER_TOUCH,,,20.0,,,,,100.0,,,,,,,,,,,,,,,,,,,,,,,
3304,2026-05-18T23:20:00+00:00,SWEEP,bearish,4586.823,,,,,,,,,,,,,,,,,,,,,,,,,,,,,
3304,2026-05-18T23:20:00+00:00,OB_CROSSED_AFTER_TOUCH,,,20.0,,,,,100.0,,,,,,,,,,,,,,,,,,,,,,,
3305,2026-05-18T23:25:00+00:00,OB_CROSSED_AFTER_TOUCH,,,20.0,,,,,100.0,,,,,,,,,,,,,,,,,,,,,,,
3306,2026-05-18T23:30:00+00:00,OB_CROSSED_AFTER_TOUCH,,,20.0,,,,,100.0,,,,,,,,,,,,,,,,,,,,,,,
3307,2026-05-18T23:35:00+00:00,OB_CROSSED_AFTER_TOUCH,,,20.0,,,,,100.0,,,,,,,,,,,,,,,,,,,,,,,
3308,2026-05-18T23:40:00+00:00,OB_CROSSED_AFTER_TOUCH,,,20.0,,,,,100.0,,,,,,,,,,,,,,,,,,,,,,,
3309,2026-05-18T23:45:00+00:00,OB_CROSSED_AFTER_TOUCH,,,20.0,,,,,100.0,,,,,,,,,,,,,,,,,,,,,,,
3310,2026-05-18T23:50:00+00:00,OB_EXPIRED,,,20.0,,,,,,,,,,101.0,,,,,,,,,,,,,,,,,,
3312,2026-05-19T00:00:00+00:00,SWEEP,bearish,4588.92,,,,,,,,,,,,,,,,,,,,,,,,,,,,,
3317,2026-05-19T00:25:00+00:00,SWEEP,bullish,4572.454,,,,,,,,,,,,,,,,,,,,,,,,,,,,,
3319,2026-05-19T00:35:00+00:00,SWEEP,bullish,4568.715,,,,,,,,,,,,,,,,,,,,,,,,,,,,,
3320,2026-05-19T00:40:00+00:00,SWEEP,bullish,4568.275,,,,,,,,,,,,,,,,,,,,,,,,,,,,,
3321,2026-05-19T00:45:00+00:00,OB_FORMED,bearish,,21.0,4569.795,4572.605,80.09,"{'body': 20.34, 'fvg': 14.12, 'sweep': 16.67, 'break': 3.95, 'ob_size': 15.0, 'adjacency': 10}",,,,,,,,,,,,,,,,,,,,,,,,
3324,2026-05-19T01:00:00+00:00,SWEEP,bullish,4561.147,,,,,,,,,,,,,,,,,,,,,,,,,,,,,
3332,2026-05-19T01:40:00+00:00,OB_TOUCH,,,21.0,,,,,25.05338078291285,,,,,,,,,,,,,,,,,,,,,,,
3332,2026-05-19T01:40:00+00:00,WAIT_MTF_CONTEXT,,,21.0,,,,,,neutral,bullish,bullish,53.85,,,,,,,,,,,,,,,,,,,
3333,2026-05-19T01:45:00+00:00,WAIT_MTF_CONTEXT,,,21.0,,,,,,neutral,bullish,bullish,53.85,,,,,,,,,,,,,,,,,,,
3334,2026-05-19T01:50:00+00:00,WAIT_MTF_CONTEXT,,,21.0,,,,,,neutral,bullish,bullish,53.85,,,,,,,,,,,,,,,,,,,
3335,2026-05-19T01:55:00+00:00,WAIT_MTF_CONTEXT,,,21.0,,,,,,neutral,bullish,bullish,53.85,,,,,,,,,,,,,,,,,,,
3336,2026-05-19T02:00:00+00:00,WAIT_MTF_CONTEXT,,,21.0,,,,,,neutral,bullish,bullish,53.85,,,,,,,,,,,,,,,,,,,
3337,2026-05-19T02:05:00+00:00,WAIT_MTF_CONTEXT,,,21.0,,,,,,neutral,bullish,bullish,53.85,,,,,,,,,,,,,,,,,,,
3338,2026-05-19T02:10:00+00:00,SWEEP,bullish,4553.887,,,,,,,,,,,,,,,,,,,,,,,,,,,,,
3338,2026-05-19T02:10:00+00:00,WAIT_MTF_CONTEXT,,,21.0,,,,,,neutral,bullish,bullish,53.85,,,,,,,,,,,,,,,,,,,
3339,2026-05-19T02:15:00+00:00,SWEEP,bullish,4552.86,,,,,,,,,,,,,,,,,,,,,,,,,,,,,
3339,2026-05-19T02:15:00+00:00,WAIT_MTF_CONTEXT,,,21.0,,,,,,neutral,bullish,bullish,53.85,,,,,,,,,,,,,,,,,,,
3340,2026-05-19T02:20:00+00:00,WAIT_MTF_CONTEXT,,,21.0,,,,,,neutral,bullish,bullish,53.85,,,,,,,,,,,,,,,,,,,
3341,2026-05-19T02:25:00+00:00,WAIT_MTF_CONTEXT,,,21.0,,,,,,neutral,bullish,bullish,53.85,,,,,,,,,,,,,,,,,,,
3342,2026-05-19T02:30:00+00:00,WAIT_MTF_CONTEXT,,,21.0,,,,,,neutral,bullish,bullish,53.85,,,,,,,,,,,,,,,,,,,
3343,2026-05-19T02:35:00+00:00,WAIT_MTF_CONTEXT,,,21.0,,,,,,neutral,bullish,bullish,53.85,,,,,,,,,,,,,,,,,,,
3344,2026-05-19T02:40:00+00:00,SWEEP,bullish,4551.408,,,,,,,,,,,,,,,,,,,,,,,,,,,,,
3344,2026-05-19T02:40:00+00:00,WAIT_MTF_CONTEXT,,,21.0,,,,,,neutral,bullish,bullish,53.85,,,,,,,,,,,,,,,,,,,
3345,2026-05-19T02:45:00+00:00,SWEEP,bullish,4551.04,,,,,,,,,,,,,,,,,,,,,,,,,,,,,
3345,2026-05-19T02:45:00+00:00,WAIT_MTF_CONTEXT,,,21.0,,,,,,neutral,bullish,bullish,53.85,,,,,,,,,,,,,,,,,,,
3346,2026-05-19T02:50:00+00:00,SWEEP,bullish,4550.146,,,,,,,,,,,,,,,,,,,,,,,,,,,,,
3346,2026-05-19T02:50:00+00:00,WAIT_MTF_CONTEXT,,,21.0,,,,,,neutral,bullish,bullish,53.85,,,,,,,,,,,,,,,,,,,
3347,2026-05-19T02:55:00+00:00,WAIT_MTF_CONTEXT,,,21.0,,,,,,neutral,bullish,bullish,53.85,,,,,,,,,,,,,,,,,,,
3348,2026-05-19T03:00:00+00:00,SWEEP,bullish,4545.962,,,,,,,,,,,,,,,,,,,,,,,,,,,,,
3348,2026-05-19T03:00:00+00:00,WAIT_MTF_CONTEXT,,,21.0,,,,,,neutral,bullish,bullish,53.85,,,,,,,,,,,,,,,,,,,
3349,2026-05-19T03:05:00+00:00,WAIT_MTF_CONTEXT,,,21.0,,,,,,neutral,bullish,bullish,53.85,,,,,,,,,,,,,,,,,,,
3350,2026-05-19T03:10:00+00:00,WAIT_MTF_CONTEXT,,,21.0,,,,,,neutral,bullish,bullish,53.85,,,,,,,,,,,,,,,,,,,
3351,2026-05-19T03:15:00+00:00,WAIT_MTF_CONTEXT,,,21.0,,,,,,neutral,bullish,bullish,53.85,,,,,,,,,,,,,,,,,,,
3352,2026-05-19T03:20:00+00:00,WAIT_MTF_CONTEXT,,,21.0,,,,,,neutral,bullish,bullish,53.85,,,,,,,,,,,,,,,,,,,
3353,2026-05-19T03:25:00+00:00,WAIT_MTF_CONTEXT,,,21.0,,,,,,neutral,bullish,bullish,53.85,,,,,,,,,,,,,,,,,,,
3354,2026-05-19T03:30:00+00:00,WAIT_MTF_CONTEXT,,,21.0,,,,,,neutral,bullish,bullish,53.85,,,,,,,,,,,,,,,,,,,
3355,2026-05-19T03:35:00+00:00,WAIT_MTF_CONTEXT,,,21.0,,,,,,neutral,bullish,bullish,53.85,,,,,,,,,,,,,,,,,,,
3356,2026-05-19T03:40:00+00:00,WAIT_MTF_CONTEXT,,,21.0,,,,,,neutral,bullish,bullish,53.85,,,,,,,,,,,,,,,,,,,
3357,2026-05-19T03:45:00+00:00,WAIT_MTF_CONTEXT,,,21.0,,,,,,neutral,bullish,bullish,53.85,,,,,,,,,,,,,,,,,,,
3358,2026-05-19T03:50:00+00:00,WAIT_MTF_CONTEXT,,,21.0,,,,,,neutral,bullish,bullish,53.85,,,,,,,,,,,,,,,,,,,
3359,2026-05-19T03:55:00+00:00,WAIT_MTF_CONTEXT,,,21.0,,,,,,neutral,bullish,bullish,53.85,,,,,,,,,,,,,,,,,,,
3360,2026-05-19T04:00:00+00:00,SWEEP,bullish,4543.543,,,,,,,,,,,,,,,,,,,,,,,,,,,,,
3360,2026-05-19T04:00:00+00:00,WAIT_MTF_CONTEXT,,,21.0,,,,,,neutral,bullish,bullish,53.85,,,,,,,,,,,,,,,,,,,
3361,2026-05-19T04:05:00+00:00,SWEEP,bullish,4541.301,,,,,,,,,,,,,,,,,,,,,,,,,,,,,
3361,2026-05-19T04:05:00+00:00,WAIT_MTF_CONTEXT,,,21.0,,,,,,neutral,bullish,bullish,53.85,,,,,,,,,,,,,,,,,,,
3362,2026-05-19T04:10:00+00:00,WAIT_MTF_CONTEXT,,,21.0,,,,,,neutral,bullish,bullish,53.85,,,,,,,,,,,,,,,,,,,
3363,2026-05-19T04:15:00+00:00,SWEEP,bullish,4538.572,,,,,,,,,,,,,,,,,,,,,,,,,,,,,
3363,2026-05-19T04:15:00+00:00,WAIT_MTF_CONTEXT,,,21.0,,,,,,neutral,bullish,bullish,53.85,,,,,,,,,,,,,,,,,,,
3364,2026-05-19T04:20:00+00:00,WAIT_MTF_CONTEXT,,,21.0,,,,,,neutral,bullish,bullish,53.85,,,,,,,,,,,,,,,,,,,
3365,2026-05-19T04:25:00+00:00,SWEEP,bullish,4538.273,,,,,,,,,,,,,,,,,,,,,,,,,,,,,
3365,2026-05-19T04:25:00+00:00,WAIT_MTF_CONTEXT,,,21.0,,,,,,neutral,bullish,bullish,53.85,,,,,,,,,,,,,,,,,,,
3366,2026-05-19T04:30:00+00:00,SWEEP,bullish,4538.117,,,,,,,,,,,,,,,,,,,,,,,,,,,,,
3366,2026-05-19T04:30:00+00:00,WAIT_MTF_CONTEXT,,,21.0,,,,,,neutral,bullish,bullish,53.85,,,,,,,,,,,,,,,,,,,
3367,2026-05-19T04:35:00+00:00,WAIT_MTF_CONTEXT,,,21.0,,,,,,neutral,bullish,bullish,53.85,,,,,,,,,,,,,,,,,,,
3368,2026-05-19T04:40:00+00:00,WAIT_MTF_CONTEXT,,,21.0,,,,,,neutral,bullish,bullish,53.85,,,,,,,,,,,,,,,,,,,
3369,2026-05-19T04:45:00+00:00,WAIT_MTF_CONTEXT,,,21.0,,,,,,neutral,bullish,bullish,53.85,,,,,,,,,,,,,,,,,,,
3370,2026-05-19T04:50:00+00:00,WAIT_MTF_CONTEXT,,,21.0,,,,,,neutral,bullish,bullish,53.85,,,,,,,,,,,,,,,,,,,
3371,2026-05-19T04:55:00+00:00,WAIT_MTF_CONTEXT,,,21.0,,,,,,neutral,bullish,bullish,53.85,,,,,,,,,,,,,,,,,,,
3372,2026-05-19T05:00:00+00:00,WAIT_MTF_CONTEXT,,,21.0,,,,,,neutral,bullish,bullish,53.85,,,,,,,,,,,,,,,,,,,
3373,2026-05-19T05:05:00+00:00,WAIT_MTF_CONTEXT,,,21.0,,,,,,neutral,bullish,bullish,53.85,,,,,,,,,,,,,,,,,,,
3374,2026-05-19T05:10:00+00:00,WAIT_MTF_CONTEXT,,,21.0,,,,,,neutral,bullish,bullish,53.85,,,,,,,,,,,,,,,,,,,
3375,2026-05-19T05:15:00+00:00,WAIT_MTF_CONTEXT,,,21.0,,,,,,neutral,bullish,bullish,53.85,,,,,,,,,,,,,,,,,,,
3376,2026-05-19T05:20:00+00:00,WAIT_MTF_CONTEXT,,,21.0,,,,,,neutral,bullish,bullish,53.85,,,,,,,,,,,,,,,,,,,
3377,2026-05-19T05:25:00+00:00,WAIT_MTF_CONTEXT,,,21.0,,,,,,neutral,bullish,bullish,53.85,,,,,,,,,,,,,,,,,,,
3378,2026-05-19T05:30:00+00:00,WAIT_MTF_CONTEXT,,,21.0,,,,,,neutral,bullish,bullish,53.85,,,,,,,,,,,,,,,,,,,
3379,2026-05-19T05:35:00+00:00,WAIT_MTF_CONTEXT,,,21.0,,,,,,neutral,bullish,bullish,53.85,,,,,,,,,,,,,,,,,,,
3380,2026-05-19T05:40:00+00:00,WAIT_MTF_CONTEXT,,,21.0,,,,,,neutral,bullish,bullish,53.85,,,,,,,,,,,,,,,,,,,
3381,2026-05-19T05:45:00+00:00,WAIT_MTF_CONTEXT,,,21.0,,,,,,neutral,bullish,bullish,53.85,,,,,,,,,,,,,,,,,,,
3382,2026-05-19T05:50:00+00:00,WAIT_MTF_CONTEXT,,,21.0,,,,,,neutral,bullish,bullish,53.85,,,,,,,,,,,,,,,,,,,
3383,2026-05-19T05:55:00+00:00,WAIT_MTF_CONTEXT,,,21.0,,,,,,neutral,bullish,bullish,53.85,,,,,,,,,,,,,,,,,,,
3384,2026-05-19T06:00:00+00:00,WAIT_MTF_CONTEXT,,,21.0,,,,,,neutral,bullish,neutral,30.77,,,,,,,,,,,,,,,,,,,
3385,2026-05-19T06:05:00+00:00,WAIT_MTF_CONTEXT,,,21.0,,,,,,neutral,bullish,neutral,30.77,,,,,,,,,,,,,,,,,,,
3386,2026-05-19T06:10:00+00:00,WAIT_MTF_CONTEXT,,,21.0,,,,,,neutral,bullish,neutral,30.77,,,,,,,,,,,,,,,,,,,
3388,2026-05-19T06:20:00+00:00,SWEEP,bearish,4550.059,,,,,,,,,,,,,,,,,,,,,,,,,,,,,
3389,2026-05-19T06:25:00+00:00,SWEEP,bearish,4550.993,,,,,,,,,,,,,,,,,,,,,,,,,,,,,
3397,2026-05-19T07:05:00+00:00,SWEEP,bearish,4553.761,,,,,,,,,,,,,,,,,,,,,,,,,,,,,
3408,2026-05-19T08:00:00+00:00,SWEEP,bearish,4559.058,,,,,,,,,,,,,,,,,,,,,,,,,,,,,
3420,2026-05-19T09:00:00+00:00,WAIT_MTF_CONTEXT,,,21.0,,,,,,neutral,neutral,neutral,0.0,,,,,,,,,,,,,,,,,,,
3421,2026-05-19T09:05:00+00:00,WAIT_MTF_CONTEXT,,,21.0,,,,,,neutral,neutral,neutral,0.0,,,,,,,,,,,,,,,,,,,
3422,2026-05-19T09:10:00+00:00,OB_EXPIRED,,,21.0,,,,,,,,,,101.0,,,,,,,,,,,,,,,,,,
3423,2026-05-19T09:15:00+00:00,SWEEP,bullish,4536.212,,,,,,,,,,,,,,,,,,,,,,,,,,,,,
3433,2026-05-19T10:05:00+00:00,SWEEP,bullish,4535.946,,,,,,,,,,,,,,,,,,,,,,,,,,,,,
3439,2026-05-19T10:35:00+00:00,SWEEP,bullish,4535.843,,,,,,,,,,,,,,,,,,,,,,,,,,,,,
3444,2026-05-19T11:00:00+00:00,SWEEP,bearish,4546.837,,,,,,,,,,,,,,,,,,,,,,,,,,,,,
3440,2026-05-19T10:40:00+00:00,OB_FORMED,bullish,,22.0,4525.461,4541.252,74.2,"{'body': 22.06, 'fvg': 22.33, 'sweep': 15.7, 'break': 4.11, 'ob_size': 0, 'adjacency': 10}",,,,,,,,,,,,,,,,,,,,,,,,
3445,2026-05-19T11:05:00+00:00,OB_TOUCH,,,22.0,,,,,0.6902666075636578,,,,,,,,,,,,,,,,,,,,,,,
3447,2026-05-19T11:15:00+00:00,REVERSAL_INSIDE_OB,,,22.0,,,,,2.450763092904956,,,,,,,,,,,,,,,,,,,,,,,
3447,2026-05-19T11:15:00+00:00,WAIT_MICRO_BOS,,,22.0,,,,,,,,,,,normal_reversal_inside_ob,,,,,,,,,,,,,,,,,
3448,2026-05-19T11:20:00+00:00,REVERSAL_INSIDE_OB,,,22.0,,,,,2.235450573111657,,,,,,,,,,,,,,,,,,,,,,,
3448,2026-05-19T11:20:00+00:00,WAIT_MICRO_BOS,,,22.0,,,,,,,,,,,normal_reversal_inside_ob,,,,,,,,,,,,,,,,,
3450,2026-05-19T11:30:00+00:00,WAIT_MTF_CONTEXT,,,22.0,,,,,,neutral,neutral,neutral,0.0,,,,,,,,,,,,,,,,,,,
3451,2026-05-19T11:35:00+00:00,WAIT_MTF_CONTEXT,,,22.0,,,,,,neutral,neutral,neutral,0.0,,,,,,,,,,,,,,,,,,,
3452,2026-05-19T11:40:00+00:00,WAIT_MTF_CONTEXT,,,22.0,,,,,,neutral,neutral,neutral,0.0,,,,,,,,,,,,,,,,,,,
3453,2026-05-19T11:45:00+00:00,WAIT_MTF_CONTEXT,,,22.0,,,,,,neutral,neutral,neutral,0.0,,,,,,,,,,,,,,,,,,,
3454,2026-05-19T11:50:00+00:00,WAIT_MTF_CONTEXT,,,22.0,,,,,,neutral,neutral,neutral,0.0,,,,,,,,,,,,,,,,,,,
3452,2026-05-19T11:40:00+00:00,OB_FORMED,bearish,,23.0,4537.079,4543.183,76.46,"{'body': 18.24, 'fvg': 10.82, 'sweep': 23.61, 'break': 1.71, 'ob_size': 12.08, 'adjacency': 10}",,,,,,,,,,,,,,,,,,,,,,,,
3455,2026-05-19T11:55:00+00:00,WAIT_MTF_CONTEXT,,,22.0,,,,,,neutral,neutral,neutral,0.0,,,,,,,,,,,,,,,,,,,
3456,2026-05-19T12:00:00+00:00,WAIT_MTF_CONTEXT,,,22.0,,,,,,neutral,bearish,bearish,53.85,,,,,,,,,,,,,,,,,,,
3457,2026-05-19T12:05:00+00:00,WAIT_MTF_CONTEXT,,,22.0,,,,,,neutral,bearish,bearish,53.85,,,,,,,,,,,,,,,,,,,
3457,2026-05-19T12:05:00+00:00,OB_TOUCH,,,23.0,,,,,81.42201834862443,,,,,,,,,,,,,,,,,,,,,,,
3458,2026-05-19T12:10:00+00:00,WAIT_MTF_CONTEXT,,,22.0,,,,,,neutral,bearish,bearish,53.85,,,,,,,,,,,,,,,,,,,
3459,2026-05-19T12:15:00+00:00,WAIT_MTF_CONTEXT,,,22.0,,,,,,neutral,bearish,bearish,53.85,,,,,,,,,,,,,,,,,,,
3459,2026-05-19T12:15:00+00:00,REVERSAL_INSIDE_OB,,,23.0,,,,,44.54456094364238,,,,,,,,,,,,,,,,,,,,,,,
3459,2026-05-19T12:15:00+00:00,WAIT_MICRO_BOS,,,23.0,,,,,,,,,,,normal_reversal_inside_ob,,,,,,,,,,,,,,,,,
3460,2026-05-19T12:20:00+00:00,WAIT_MTF_CONTEXT,,,22.0,,,,,,neutral,bearish,bearish,53.85,,,,,,,,,,,,,,,,,,,
3460,2026-05-19T12:20:00+00:00,OB_CROSSED_AFTER_TOUCH,,,23.0,,,,,100.0,,,,,,,,,,,,,,,,,,,,,,,
3461,2026-05-19T12:25:00+00:00,WAIT_MTF_CONTEXT,,,22.0,,,,,,neutral,bearish,bearish,53.85,,,,,,,,,,,,,,,,,,,
3461,2026-05-19T12:25:00+00:00,OB_CROSSED_AFTER_TOUCH,,,23.0,,,,,100.0,,,,,,,,,,,,,,,,,,,,,,,
3462,2026-05-19T12:30:00+00:00,WAIT_MTF_CONTEXT,,,22.0,,,,,,neutral,bearish,bearish,53.85,,,,,,,,,,,,,,,,,,,
3462,2026-05-19T12:30:00+00:00,OB_CROSSED_AFTER_TOUCH,,,23.0,,,,,100.0,,,,,,,,,,,,,,,,,,,,,,,
3463,2026-05-19T12:35:00+00:00,WAIT_MTF_CONTEXT,,,22.0,,,,,,neutral,bearish,bearish,53.85,,,,,,,,,,,,,,,,,,,
3463,2026-05-19T12:35:00+00:00,REVERSAL_AFTER_OB_CROSS,,,23.0,,,,,90.1212319790295,,,,,,,,,,,,,,,,,,,,,,,
3463,2026-05-19T12:35:00+00:00,WAIT_MICRO_BOS,,,23.0,,,,,,,,,,,crossed_ob_reentry,,,,,,,,,,,,,,,,,
3464,2026-05-19T12:40:00+00:00,WAIT_MTF_CONTEXT,,,22.0,,,,,,neutral,bearish,bearish,53.85,,,,,,,,,,,,,,,,,,,
3464,2026-05-19T12:40:00+00:00,REVERSAL_AFTER_OB_CROSS,,,23.0,,,,,6.749672346006615,,,,,,,,,,,,,,,,,,,,,,,
3464,2026-05-19T12:40:00+00:00,WAIT_REENTRY_DEPTH,,,23.0,,,,,6.749672346006615,,,,,,,70.0,,,,,,,,,,,,,,,,
3465,2026-05-19T12:45:00+00:00,WAIT_MTF_CONTEXT,,,22.0,,,,,,neutral,bearish,bearish,53.85,,,,,,,,,,,,,,,,,,,
3465,2026-05-19T12:45:00+00:00,WAIT_REENTRY_DEPTH,,,23.0,,,,,35.108125819133924,,,,,,,70.0,,,,,,,,,,,,,,,,
3466,2026-05-19T12:50:00+00:00,WAIT_MTF_CONTEXT,,,22.0,,,,,,neutral,bearish,bearish,53.85,,,,,,,,,,,,,,,,,,,
3466,2026-05-19T12:50:00+00:00,WAIT_REENTRY_DEPTH,,,23.0,,,,,64.3512450851853,,,,,,,70.0,,,,,,,,,,,,,,,,
3467,2026-05-19T12:55:00+00:00,WAIT_MTF_CONTEXT,,,22.0,,,,,,neutral,bearish,bearish,53.85,,,,,,,,,,,,,,,,,,,
3467,2026-05-19T12:55:00+00:00,REVERSAL_AFTER_OB_CROSS,,,23.0,,,,,1.654652686772003,,,,,,,,,,,,,,,,,,,,,,,
3467,2026-05-19T12:55:00+00:00,WAIT_REENTRY_DEPTH,,,23.0,,,,,1.654652686772003,,,,,,,70.0,,,,,,,,,,,,,,,,
3468,2026-05-19T13:00:00+00:00,OB_CROSSED_AFTER_TOUCH,,,22.0,,,,,100.0,,,,,,,,,,,,,,,,,,,,,,,
3468,2026-05-19T13:00:00+00:00,WAIT_REENTRY_DEPTH,,,23.0,,,,,0.0,,,,,,,70.0,,,,,,,,,,,,,,,,
3469,2026-05-19T13:05:00+00:00,SWEEP,bullish,4521.856,,,,,,,,,,,,,,,,,,,,,,,,,,,,,
3469,2026-05-19T13:05:00+00:00,OB_CROSSED_AFTER_TOUCH,,,22.0,,,,,100.0,,,,,,,,,,,,,,,,,,,,,,,
3469,2026-05-19T13:05:00+00:00,WAIT_REENTRY_DEPTH,,,23.0,,,,,0.0,,,,,,,70.0,,,,,,,,,,,,,,,,
3470,2026-05-19T13:10:00+00:00,OB_CROSSED_AFTER_TOUCH,,,22.0,,,,,100.0,,,,,,,,,,,,,,,,,,,,,,,
3470,2026-05-19T13:10:00+00:00,WAIT_REENTRY_DEPTH,,,23.0,,,,,0.0,,,,,,,70.0,,,,,,,,,,,,,,,,
3471,2026-05-19T13:15:00+00:00,OB_CROSSED_AFTER_TOUCH,,,22.0,,,,,100.0,,,,,,,,,,,,,,,,,,,,,,,
3471,2026-05-19T13:15:00+00:00,WAIT_REENTRY_DEPTH,,,23.0,,,,,0.0,,,,,,,70.0,,,,,,,,,,,,,,,,
3472,2026-05-19T13:20:00+00:00,OB_CROSSED_AFTER_TOUCH,,,22.0,,,,,100.0,,,,,,,,,,,,,,,,,,,,,,,
3472,2026-05-19T13:20:00+00:00,WAIT_REENTRY_DEPTH,,,23.0,,,,,0.0,,,,,,,70.0,,,,,,,,,,,,,,,,
3473,2026-05-19T13:25:00+00:00,OB_CROSSED_AFTER_TOUCH,,,22.0,,,,,100.0,,,,,,,,,,,,,,,,,,,,,,,
3473,2026-05-19T13:25:00+00:00,WAIT_REENTRY_DEPTH,,,23.0,,,,,0.0,,,,,,,70.0,,,,,,,,,,,,,,,,
3474,2026-05-19T13:30:00+00:00,OB_CROSSED_AFTER_TOUCH,,,22.0,,,,,100.0,,,,,,,,,,,,,,,,,,,,,,,
3474,2026-05-19T13:30:00+00:00,WAIT_REENTRY_DEPTH,,,23.0,,,,,0.0,,,,,,,70.0,,,,,,,,,,,,,,,,
3475,2026-05-19T13:35:00+00:00,OB_CROSSED_AFTER_TOUCH,,,22.0,,,,,100.0,,,,,,,,,,,,,,,,,,,,,,,
3475,2026-05-19T13:35:00+00:00,WAIT_REENTRY_DEPTH,,,23.0,,,,,0.0,,,,,,,70.0,,,,,,,,,,,,,,,,
3476,2026-05-19T13:40:00+00:00,OB_CROSSED_AFTER_TOUCH,,,22.0,,,,,100.0,,,,,,,,,,,,,,,,,,,,,,,
3476,2026-05-19T13:40:00+00:00,WAIT_REENTRY_DEPTH,,,23.0,,,,,0.0,,,,,,,70.0,,,,,,,,,,,,,,,,
3477,2026-05-19T13:45:00+00:00,OB_CROSSED_AFTER_TOUCH,,,22.0,,,,,100.0,,,,,,,,,,,,,,,,,,,,,,,
3477,2026-05-19T13:45:00+00:00,WAIT_REENTRY_DEPTH,,,23.0,,,,,0.0,,,,,,,70.0,,,,,,,,,,,,,,,,
3478,2026-05-19T13:50:00+00:00,OB_CROSSED_AFTER_TOUCH,,,22.0,,,,,100.0,,,,,,,,,,,,,,,,,,,,,,,
3478,2026-05-19T13:50:00+00:00,WAIT_REENTRY_DEPTH,,,23.0,,,,,0.0,,,,,,,70.0,,,,,,,,,,,,,,,,
3479,2026-05-19T13:55:00+00:00,OB_CROSSED_AFTER_TOUCH,,,22.0,,,,,100.0,,,,,,,,,,,,,,,,,,,,,,,
3479,2026-05-19T13:55:00+00:00,WAIT_REENTRY_DEPTH,,,23.0,,,,,0.0,,,,,,,70.0,,,,,,,,,,,,,,,,
3480,2026-05-19T14:00:00+00:00,OB_CROSSED_AFTER_TOUCH,,,22.0,,,,,100.0,,,,,,,,,,,,,,,,,,,,,,,
3480,2026-05-19T14:00:00+00:00,WAIT_REENTRY_DEPTH,,,23.0,,,,,0.0,,,,,,,70.0,,,,,,,,,,,,,,,,
3481,2026-05-19T14:05:00+00:00,OB_CROSSED_AFTER_TOUCH,,,22.0,,,,,100.0,,,,,,,,,,,,,,,,,,,,,,,
3481,2026-05-19T14:05:00+00:00,WAIT_REENTRY_DEPTH,,,23.0,,,,,0.0,,,,,,,70.0,,,,,,,,,,,,,,,,
3482,2026-05-19T14:10:00+00:00,OB_CROSSED_AFTER_TOUCH,,,22.0,,,,,100.0,,,,,,,,,,,,,,,,,,,,,,,
3482,2026-05-19T14:10:00+00:00,WAIT_REENTRY_DEPTH,,,23.0,,,,,0.0,,,,,,,70.0,,,,,,,,,,,,,,,,
3483,2026-05-19T14:15:00+00:00,OB_CROSSED_AFTER_TOUCH,,,22.0,,,,,100.0,,,,,,,,,,,,,,,,,,,,,,,
3483,2026-05-19T14:15:00+00:00,WAIT_REENTRY_DEPTH,,,23.0,,,,,0.0,,,,,,,70.0,,,,,,,,,,,,,,,,
3484,2026-05-19T14:20:00+00:00,OB_CROSSED_AFTER_TOUCH,,,22.0,,,,,100.0,,,,,,,,,,,,,,,,,,,,,,,
3484,2026-05-19T14:20:00+00:00,WAIT_REENTRY_DEPTH,,,23.0,,,,,0.0,,,,,,,70.0,,,,,,,,,,,,,,,,
3485,2026-05-19T14:25:00+00:00,OB_CROSSED_AFTER_TOUCH,,,22.0,,,,,100.0,,,,,,,,,,,,,,,,,,,,,,,
3485,2026-05-19T14:25:00+00:00,WAIT_REENTRY_DEPTH,,,23.0,,,,,0.0,,,,,,,70.0,,,,,,,,,,,,,,,,
3486,2026-05-19T14:30:00+00:00,OB_CROSSED_AFTER_TOUCH,,,22.0,,,,,100.0,,,,,,,,,,,,,,,,,,,,,,,
3486,2026-05-19T14:30:00+00:00,WAIT_REENTRY_DEPTH,,,23.0,,,,,0.0,,,,,,,70.0,,,,,,,,,,,,,,,,
3487,2026-05-19T14:35:00+00:00,OB_CROSSED_AFTER_TOUCH,,,22.0,,,,,100.0,,,,,,,,,,,,,,,,,,,,,,,
3487,2026-05-19T14:35:00+00:00,WAIT_REENTRY_DEPTH,,,23.0,,,,,0.0,,,,,,,70.0,,,,,,,,,,,,,,,,
3488,2026-05-19T14:40:00+00:00,OB_CROSSED_AFTER_TOUCH,,,22.0,,,,,100.0,,,,,,,,,,,,,,,,,,,,,,,
3488,2026-05-19T14:40:00+00:00,WAIT_REENTRY_DEPTH,,,23.0,,,,,0.0,,,,,,,70.0,,,,,,,,,,,,,,,,
3489,2026-05-19T14:45:00+00:00,OB_CROSSED_AFTER_TOUCH,,,22.0,,,,,100.0,,,,,,,,,,,,,,,,,,,,,,,
3489,2026-05-19T14:45:00+00:00,WAIT_REENTRY_DEPTH,,,23.0,,,,,0.0,,,,,,,70.0,,,,,,,,,,,,,,,,
3490,2026-05-19T14:50:00+00:00,OB_CROSSED_AFTER_TOUCH,,,22.0,,,,,100.0,,,,,,,,,,,,,,,,,,,,,,,
3490,2026-05-19T14:50:00+00:00,WAIT_REENTRY_DEPTH,,,23.0,,,,,0.0,,,,,,,70.0,,,,,,,,,,,,,,,,
3491,2026-05-19T14:55:00+00:00,OB_CROSSED_AFTER_TOUCH,,,22.0,,,,,100.0,,,,,,,,,,,,,,,,,,,,,,,
3491,2026-05-19T14:55:00+00:00,WAIT_REENTRY_DEPTH,,,23.0,,,,,0.0,,,,,,,70.0,,,,,,,,,,,,,,,,
3492,2026-05-19T15:00:00+00:00,OB_CROSSED_AFTER_TOUCH,,,22.0,,,,,100.0,,,,,,,,,,,,,,,,,,,,,,,
3492,2026-05-19T15:00:00+00:00,WAIT_REENTRY_DEPTH,,,23.0,,,,,0.0,,,,,,,70.0,,,,,,,,,,,,,,,,
3493,2026-05-19T15:05:00+00:00,OB_CROSSED_AFTER_TOUCH,,,22.0,,,,,100.0,,,,,,,,,,,,,,,,,,,,,,,
3493,2026-05-19T15:05:00+00:00,WAIT_REENTRY_DEPTH,,,23.0,,,,,0.0,,,,,,,70.0,,,,,,,,,,,,,,,,
3494,2026-05-19T15:10:00+00:00,OB_CROSSED_AFTER_TOUCH,,,22.0,,,,,100.0,,,,,,,,,,,,,,,,,,,,,,,
3494,2026-05-19T15:10:00+00:00,WAIT_REENTRY_DEPTH,,,23.0,,,,,0.0,,,,,,,70.0,,,,,,,,,,,,,,,,
3495,2026-05-19T15:15:00+00:00,OB_CROSSED_AFTER_TOUCH,,,22.0,,,,,100.0,,,,,,,,,,,,,,,,,,,,,,,
3495,2026-05-19T15:15:00+00:00,WAIT_REENTRY_DEPTH,,,23.0,,,,,0.0,,,,,,,70.0,,,,,,,,,,,,,,,,
3496,2026-05-19T15:20:00+00:00,OB_CROSSED_AFTER_TOUCH,,,22.0,,,,,100.0,,,,,,,,,,,,,,,,,,,,,,,
3496,2026-05-19T15:20:00+00:00,WAIT_REENTRY_DEPTH,,,23.0,,,,,0.0,,,,,,,70.0,,,,,,,,,,,,,,,,
3497,2026-05-19T15:25:00+00:00,OB_CROSSED_AFTER_TOUCH,,,22.0,,,,,100.0,,,,,,,,,,,,,,,,,,,,,,,
3497,2026-05-19T15:25:00+00:00,WAIT_REENTRY_DEPTH,,,23.0,,,,,0.0,,,,,,,70.0,,,,,,,,,,,,,,,,
3498,2026-05-19T15:30:00+00:00,OB_CROSSED_AFTER_TOUCH,,,22.0,,,,,100.0,,,,,,,,,,,,,,,,,,,,,,,
3498,2026-05-19T15:30:00+00:00,WAIT_REENTRY_DEPTH,,,23.0,,,,,0.0,,,,,,,70.0,,,,,,,,,,,,,,,,
3499,2026-05-19T15:35:00+00:00,OB_CROSSED_AFTER_TOUCH,,,22.0,,,,,100.0,,,,,,,,,,,,,,,,,,,,,,,
3499,2026-05-19T15:35:00+00:00,WAIT_REENTRY_DEPTH,,,23.0,,,,,0.0,,,,,,,70.0,,,,,,,,,,,,,,,,
3500,2026-05-19T15:40:00+00:00,OB_CROSSED_AFTER_TOUCH,,,22.0,,,,,100.0,,,,,,,,,,,,,,,,,,,,,,,
3500,2026-05-19T15:40:00+00:00,WAIT_REENTRY_DEPTH,,,23.0,,,,,0.0,,,,,,,70.0,,,,,,,,,,,,,,,,
3501,2026-05-19T15:45:00+00:00,OB_CROSSED_AFTER_TOUCH,,,22.0,,,,,100.0,,,,,,,,,,,,,,,,,,,,,,,
3501,2026-05-19T15:45:00+00:00,WAIT_REENTRY_DEPTH,,,23.0,,,,,0.0,,,,,,,70.0,,,,,,,,,,,,,,,,
3502,2026-05-19T15:50:00+00:00,OB_CROSSED_AFTER_TOUCH,,,22.0,,,,,100.0,,,,,,,,,,,,,,,,,,,,,,,
3502,2026-05-19T15:50:00+00:00,WAIT_REENTRY_DEPTH,,,23.0,,,,,0.0,,,,,,,70.0,,,,,,,,,,,,,,,,
3503,2026-05-19T15:55:00+00:00,OB_CROSSED_AFTER_TOUCH,,,22.0,,,,,100.0,,,,,,,,,,,,,,,,,,,,,,,
3503,2026-05-19T15:55:00+00:00,WAIT_REENTRY_DEPTH,,,23.0,,,,,0.0,,,,,,,70.0,,,,,,,,,,,,,,,,
3504,2026-05-19T16:00:00+00:00,SWEEP,bearish,4509.073,,,,,,,,,,,,,,,,,,,,,,,,,,,,,
3504,2026-05-19T16:00:00+00:00,OB_CROSSED_AFTER_TOUCH,,,22.0,,,,,100.0,,,,,,,,,,,,,,,,,,,,,,,
3504,2026-05-19T16:00:00+00:00,WAIT_REENTRY_DEPTH,,,23.0,,,,,0.0,,,,,,,70.0,,,,,,,,,,,,,,,,
3505,2026-05-19T16:05:00+00:00,OB_CROSSED_AFTER_TOUCH,,,22.0,,,,,100.0,,,,,,,,,,,,,,,,,,,,,,,
3505,2026-05-19T16:05:00+00:00,WAIT_REENTRY_DEPTH,,,23.0,,,,,0.0,,,,,,,70.0,,,,,,,,,,,,,,,,
3506,2026-05-19T16:10:00+00:00,OB_CROSSED_AFTER_TOUCH,,,22.0,,,,,100.0,,,,,,,,,,,,,,,,,,,,,,,
3506,2026-05-19T16:10:00+00:00,WAIT_REENTRY_DEPTH,,,23.0,,,,,0.0,,,,,,,70.0,,,,,,,,,,,,,,,,
3507,2026-05-19T16:15:00+00:00,OB_CROSSED_AFTER_TOUCH,,,22.0,,,,,100.0,,,,,,,,,,,,,,,,,,,,,,,
3507,2026-05-19T16:15:00+00:00,WAIT_REENTRY_DEPTH,,,23.0,,,,,0.0,,,,,,,70.0,,,,,,,,,,,,,,,,
3508,2026-05-19T16:20:00+00:00,OB_CROSSED_AFTER_TOUCH,,,22.0,,,,,100.0,,,,,,,,,,,,,,,,,,,,,,,
3508,2026-05-19T16:20:00+00:00,WAIT_REENTRY_DEPTH,,,23.0,,,,,0.0,,,,,,,70.0,,,,,,,,,,,,,,,,
3509,2026-05-19T16:25:00+00:00,SWEEP,bearish,4510.071,,,,,,,,,,,,,,,,,,,,,,,,,,,,,
3509,2026-05-19T16:25:00+00:00,OB_CROSSED_AFTER_TOUCH,,,22.0,,,,,100.0,,,,,,,,,,,,,,,,,,,,,,,
3509,2026-05-19T16:25:00+00:00,WAIT_REENTRY_DEPTH,,,23.0,,,,,0.0,,,,,,,70.0,,,,,,,,,,,,,,,,
3510,2026-05-19T16:30:00+00:00,SWEEP,bearish,4512.026,,,,,,,,,,,,,,,,,,,,,,,,,,,,,
3510,2026-05-19T16:30:00+00:00,OB_CROSSED_AFTER_TOUCH,,,22.0,,,,,100.0,,,,,,,,,,,,,,,,,,,,,,,
3510,2026-05-19T16:30:00+00:00,WAIT_REENTRY_DEPTH,,,23.0,,,,,0.0,,,,,,,70.0,,,,,,,,,,,,,,,,
3511,2026-05-19T16:35:00+00:00,OB_CROSSED_AFTER_TOUCH,,,22.0,,,,,100.0,,,,,,,,,,,,,,,,,,,,,,,
3511,2026-05-19T16:35:00+00:00,WAIT_REENTRY_DEPTH,,,23.0,,,,,0.0,,,,,,,70.0,,,,,,,,,,,,,,,,
3512,2026-05-19T16:40:00+00:00,OB_CROSSED_AFTER_TOUCH,,,22.0,,,,,100.0,,,,,,,,,,,,,,,,,,,,,,,
3512,2026-05-19T16:40:00+00:00,WAIT_REENTRY_DEPTH,,,23.0,,,,,0.0,,,,,,,70.0,,,,,,,,,,,,,,,,
3513,2026-05-19T16:45:00+00:00,OB_CROSSED_AFTER_TOUCH,,,22.0,,,,,100.0,,,,,,,,,,,,,,,,,,,,,,,
3513,2026-05-19T16:45:00+00:00,WAIT_REENTRY_DEPTH,,,23.0,,,,,0.0,,,,,,,70.0,,,,,,,,,,,,,,,,
3514,2026-05-19T16:50:00+00:00,OB_CROSSED_AFTER_TOUCH,,,22.0,,,,,100.0,,,,,,,,,,,,,,,,,,,,,,,
3514,2026-05-19T16:50:00+00:00,WAIT_REENTRY_DEPTH,,,23.0,,,,,0.0,,,,,,,70.0,,,,,,,,,,,,,,,,
3515,2026-05-19T16:55:00+00:00,OB_CROSSED_AFTER_TOUCH,,,22.0,,,,,100.0,,,,,,,,,,,,,,,,,,,,,,,
3515,2026-05-19T16:55:00+00:00,WAIT_REENTRY_DEPTH,,,23.0,,,,,0.0,,,,,,,70.0,,,,,,,,,,,,,,,,
3516,2026-05-19T17:00:00+00:00,OB_CROSSED_AFTER_TOUCH,,,22.0,,,,,100.0,,,,,,,,,,,,,,,,,,,,,,,
3516,2026-05-19T17:00:00+00:00,WAIT_REENTRY_DEPTH,,,23.0,,,,,0.0,,,,,,,70.0,,,,,,,,,,,,,,,,
3517,2026-05-19T17:05:00+00:00,OB_CROSSED_AFTER_TOUCH,,,22.0,,,,,100.0,,,,,,,,,,,,,,,,,,,,,,,
3517,2026-05-19T17:05:00+00:00,WAIT_REENTRY_DEPTH,,,23.0,,,,,0.0,,,,,,,70.0,,,,,,,,,,,,,,,,
3518,2026-05-19T17:10:00+00:00,OB_CROSSED_AFTER_TOUCH,,,22.0,,,,,100.0,,,,,,,,,,,,,,,,,,,,,,,
3518,2026-05-19T17:10:00+00:00,WAIT_REENTRY_DEPTH,,,23.0,,,,,0.0,,,,,,,70.0,,,,,,,,,,,,,,,,
3519,2026-05-19T17:15:00+00:00,OB_CROSSED_AFTER_TOUCH,,,22.0,,,,,100.0,,,,,,,,,,,,,,,,,,,,,,,
3519,2026-05-19T17:15:00+00:00,WAIT_REENTRY_DEPTH,,,23.0,,,,,0.0,,,,,,,70.0,,,,,,,,,,,,,,,,
3520,2026-05-19T17:20:00+00:00,OB_CROSSED_AFTER_TOUCH,,,22.0,,,,,100.0,,,,,,,,,,,,,,,,,,,,,,,
3520,2026-05-19T17:20:00+00:00,WAIT_REENTRY_DEPTH,,,23.0,,,,,0.0,,,,,,,70.0,,,,,,,,,,,,,,,,
3521,2026-05-19T17:25:00+00:00,OB_CROSSED_AFTER_TOUCH,,,22.0,,,,,100.0,,,,,,,,,,,,,,,,,,,,,,,
3521,2026-05-19T17:25:00+00:00,WAIT_REENTRY_DEPTH,,,23.0,,,,,0.0,,,,,,,70.0,,,,,,,,,,,,,,,,
3522,2026-05-19T17:30:00+00:00,OB_CROSSED_AFTER_TOUCH,,,22.0,,,,,100.0,,,,,,,,,,,,,,,,,,,,,,,
3522,2026-05-19T17:30:00+00:00,WAIT_REENTRY_DEPTH,,,23.0,,,,,0.0,,,,,,,70.0,,,,,,,,,,,,,,,,
3523,2026-05-19T17:35:00+00:00,OB_CROSSED_AFTER_TOUCH,,,22.0,,,,,100.0,,,,,,,,,,,,,,,,,,,,,,,
3523,2026-05-19T17:35:00+00:00,WAIT_REENTRY_DEPTH,,,23.0,,,,,0.0,,,,,,,70.0,,,,,,,,,,,,,,,,
3524,2026-05-19T17:40:00+00:00,OB_CROSSED_AFTER_TOUCH,,,22.0,,,,,100.0,,,,,,,,,,,,,,,,,,,,,,,
3524,2026-05-19T17:40:00+00:00,WAIT_REENTRY_DEPTH,,,23.0,,,,,0.0,,,,,,,70.0,,,,,,,,,,,,,,,,
3525,2026-05-19T17:45:00+00:00,OB_CROSSED_AFTER_TOUCH,,,22.0,,,,,100.0,,,,,,,,,,,,,,,,,,,,,,,
3525,2026-05-19T17:45:00+00:00,WAIT_REENTRY_DEPTH,,,23.0,,,,,0.0,,,,,,,70.0,,,,,,,,,,,,,,,,
3526,2026-05-19T17:50:00+00:00,OB_CROSSED_AFTER_TOUCH,,,22.0,,,,,100.0,,,,,,,,,,,,,,,,,,,,,,,
3526,2026-05-19T17:50:00+00:00,WAIT_REENTRY_DEPTH,,,23.0,,,,,0.0,,,,,,,70.0,,,,,,,,,,,,,,,,
3527,2026-05-19T17:55:00+00:00,OB_CROSSED_AFTER_TOUCH,,,22.0,,,,,100.0,,,,,,,,,,,,,,,,,,,,,,,
3527,2026-05-19T17:55:00+00:00,WAIT_REENTRY_DEPTH,,,23.0,,,,,0.0,,,,,,,70.0,,,,,,,,,,,,,,,,
3528,2026-05-19T18:00:00+00:00,OB_CROSSED_AFTER_TOUCH,,,22.0,,,,,100.0,,,,,,,,,,,,,,,,,,,,,,,
3528,2026-05-19T18:00:00+00:00,WAIT_REENTRY_DEPTH,,,23.0,,,,,0.0,,,,,,,70.0,,,,,,,,,,,,,,,,
3529,2026-05-19T18:05:00+00:00,OB_CROSSED_AFTER_TOUCH,,,22.0,,,,,100.0,,,,,,,,,,,,,,,,,,,,,,,
3529,2026-05-19T18:05:00+00:00,WAIT_REENTRY_DEPTH,,,23.0,,,,,0.0,,,,,,,70.0,,,,,,,,,,,,,,,,
3530,2026-05-19T18:10:00+00:00,OB_CROSSED_AFTER_TOUCH,,,22.0,,,,,100.0,,,,,,,,,,,,,,,,,,,,,,,
3530,2026-05-19T18:10:00+00:00,WAIT_REENTRY_DEPTH,,,23.0,,,,,0.0,,,,,,,70.0,,,,,,,,,,,,,,,,
3531,2026-05-19T18:15:00+00:00,OB_CROSSED_AFTER_TOUCH,,,22.0,,,,,100.0,,,,,,,,,,,,,,,,,,,,,,,
3531,2026-05-19T18:15:00+00:00,WAIT_REENTRY_DEPTH,,,23.0,,,,,0.0,,,,,,,70.0,,,,,,,,,,,,,,,,
3532,2026-05-19T18:20:00+00:00,OB_CROSSED_AFTER_TOUCH,,,22.0,,,,,100.0,,,,,,,,,,,,,,,,,,,,,,,
3532,2026-05-19T18:20:00+00:00,WAIT_REENTRY_DEPTH,,,23.0,,,,,0.0,,,,,,,70.0,,,,,,,,,,,,,,,,
3533,2026-05-19T18:25:00+00:00,OB_CROSSED_AFTER_TOUCH,,,22.0,,,,,100.0,,,,,,,,,,,,,,,,,,,,,,,
3533,2026-05-19T18:25:00+00:00,WAIT_REENTRY_DEPTH,,,23.0,,,,,0.0,,,,,,,70.0,,,,,,,,,,,,,,,,
3534,2026-05-19T18:30:00+00:00,SWEEP,bullish,4495.32,,,,,,,,,,,,,,,,,,,,,,,,,,,,,
3534,2026-05-19T18:30:00+00:00,OB_CROSSED_AFTER_TOUCH,,,22.0,,,,,100.0,,,,,,,,,,,,,,,,,,,,,,,
3534,2026-05-19T18:30:00+00:00,WAIT_REENTRY_DEPTH,,,23.0,,,,,0.0,,,,,,,70.0,,,,,,,,,,,,,,,,
3535,2026-05-19T18:35:00+00:00,OB_CROSSED_AFTER_TOUCH,,,22.0,,,,,100.0,,,,,,,,,,,,,,,,,,,,,,,
3535,2026-05-19T18:35:00+00:00,WAIT_REENTRY_DEPTH,,,23.0,,,,,0.0,,,,,,,70.0,,,,,,,,,,,,,,,,
3536,2026-05-19T18:40:00+00:00,OB_CROSSED_AFTER_TOUCH,,,22.0,,,,,100.0,,,,,,,,,,,,,,,,,,,,,,,
3536,2026-05-19T18:40:00+00:00,WAIT_REENTRY_DEPTH,,,23.0,,,,,0.0,,,,,,,70.0,,,,,,,,,,,,,,,,
3537,2026-05-19T18:45:00+00:00,OB_CROSSED_AFTER_TOUCH,,,22.0,,,,,100.0,,,,,,,,,,,,,,,,,,,,,,,
3537,2026-05-19T18:45:00+00:00,WAIT_REENTRY_DEPTH,,,23.0,,,,,0.0,,,,,,,70.0,,,,,,,,,,,,,,,,
3538,2026-05-19T18:50:00+00:00,OB_CROSSED_AFTER_TOUCH,,,22.0,,,,,100.0,,,,,,,,,,,,,,,,,,,,,,,
3538,2026-05-19T18:50:00+00:00,WAIT_REENTRY_DEPTH,,,23.0,,,,,0.0,,,,,,,70.0,,,,,,,,,,,,,,,,
3539,2026-05-19T18:55:00+00:00,SWEEP,bullish,4493.174,,,,,,,,,,,,,,,,,,,,,,,,,,,,,
3539,2026-05-19T18:55:00+00:00,OB_CROSSED_AFTER_TOUCH,,,22.0,,,,,100.0,,,,,,,,,,,,,,,,,,,,,,,
3539,2026-05-19T18:55:00+00:00,WAIT_REENTRY_DEPTH,,,23.0,,,,,0.0,,,,,,,70.0,,,,,,,,,,,,,,,,
3540,2026-05-19T19:00:00+00:00,OB_CROSSED_AFTER_TOUCH,,,22.0,,,,,100.0,,,,,,,,,,,,,,,,,,,,,,,
3540,2026-05-19T19:00:00+00:00,WAIT_REENTRY_DEPTH,,,23.0,,,,,0.0,,,,,,,70.0,,,,,,,,,,,,,,,,
3541,2026-05-19T19:05:00+00:00,OB_EXPIRED,,,22.0,,,,,,,,,,101.0,,,,,,,,,,,,,,,,,,
3541,2026-05-19T19:05:00+00:00,WAIT_REENTRY_DEPTH,,,23.0,,,,,0.0,,,,,,,70.0,,,,,,,,,,,,,,,,
3542,2026-05-19T19:10:00+00:00,WAIT_REENTRY_DEPTH,,,23.0,,,,,0.0,,,,,,,70.0,,,,,,,,,,,,,,,,
3543,2026-05-19T19:15:00+00:00,WAIT_REENTRY_DEPTH,,,23.0,,,,,0.0,,,,,,,70.0,,,,,,,,,,,,,,,,
3544,2026-05-19T19:20:00+00:00,WAIT_REENTRY_DEPTH,,,23.0,,,,,0.0,,,,,,,70.0,,,,,,,,,,,,,,,,
3545,2026-05-19T19:25:00+00:00,SWEEP,bullish,4486.385,,,,,,,,,,,,,,,,,,,,,,,,,,,,,
3545,2026-05-19T19:25:00+00:00,WAIT_REENTRY_DEPTH,,,23.0,,,,,0.0,,,,,,,70.0,,,,,,,,,,,,,,,,
3546,2026-05-19T19:30:00+00:00,WAIT_REENTRY_DEPTH,,,23.0,,,,,0.0,,,,,,,70.0,,,,,,,,,,,,,,,,
3547,2026-05-19T19:35:00+00:00,WAIT_REENTRY_DEPTH,,,23.0,,,,,0.0,,,,,,,70.0,,,,,,,,,,,,,,,,
3548,2026-05-19T19:40:00+00:00,WAIT_REENTRY_DEPTH,,,23.0,,,,,0.0,,,,,,,70.0,,,,,,,,,,,,,,,,
3549,2026-05-19T19:45:00+00:00,WAIT_REENTRY_DEPTH,,,23.0,,,,,0.0,,,,,,,70.0,,,,,,,,,,,,,,,,
3550,2026-05-19T19:50:00+00:00,WAIT_REENTRY_DEPTH,,,23.0,,,,,0.0,,,,,,,70.0,,,,,,,,,,,,,,,,
3551,2026-05-19T19:55:00+00:00,WAIT_REENTRY_DEPTH,,,23.0,,,,,0.0,,,,,,,70.0,,,,,,,,,,,,,,,,
3552,2026-05-19T20:00:00+00:00,SWEEP,bullish,4481.071,,,,,,,,,,,,,,,,,,,,,,,,,,,,,
3552,2026-05-19T20:00:00+00:00,WAIT_REENTRY_DEPTH,,,23.0,,,,,0.0,,,,,,,70.0,,,,,,,,,,,,,,,,
3553,2026-05-19T20:05:00+00:00,OB_EXPIRED,,,23.0,,,,,,,,,,101.0,,,,,,,,,,,,,,,,,,
3570,2026-05-19T22:30:00+00:00,SWEEP,bullish,4477.966,,,,,,,,,,,,,,,,,,,,,,,,,,,,,
3578,2026-05-19T23:10:00+00:00,SWEEP,bearish,4486.327,,,,,,,,,,,,,,,,,,,,,,,,,,,,,
3583,2026-05-19T23:35:00+00:00,SWEEP,bearish,4493.475,,,,,,,,,,,,,,,,,,,,,,,,,,,,,
3584,2026-05-19T23:40:00+00:00,SWEEP,bearish,4494.113,,,,,,,,,,,,,,,,,,,,,,,,,,,,,
3597,2026-05-20T00:45:00+00:00,SWEEP,bearish,4507.289,,,,,,,,,,,,,,,,,,,,,,,,,,,,,
3603,2026-05-20T01:15:00+00:00,OB_FORMED,bearish,,24.0,4491.645,4496.228,84.7,"{'body': 17.87, 'fvg': 12.85, 'sweep': 24.38, 'break': 4.61, 'ob_size': 15.0, 'adjacency': 10}",,,,,,,,,,,,,,,,,,,,,,,,
3606,2026-05-20T01:30:00+00:00,SWEEP,bullish,4472.514,,,,,,,,,,,,,,,,,,,,,,,,,,,,,
3607,2026-05-20T01:35:00+00:00,SWEEP,bullish,4467.537,,,,,,,,,,,,,,,,,,,,,,,,,,,,,
3625,2026-05-20T03:05:00+00:00,SWEEP,bullish,4456.028,,,,,,,,,,,,,,,,,,,,,,,,,,,,,
3649,2026-05-20T05:05:00+00:00,SWEEP,bearish,4471.556,,,,,,,,,,,,,,,,,,,,,,,,,,,,,
3652,2026-05-20T05:20:00+00:00,SWEEP,bearish,4473.236,,,,,,,,,,,,,,,,,,,,,,,,,,,,,
3672,2026-05-20T07:00:00+00:00,SWEEP,bearish,4478.899,,,,,,,,,,,,,,,,,,,,,,,,,,,,,
3674,2026-05-20T07:10:00+00:00,SWEEP,bearish,4483.327,,,,,,,,,,,,,,,,,,,,,,,,,,,,,
3678,2026-05-20T07:30:00+00:00,SWEEP,bearish,4485.122,,,,,,,,,,,,,,,,,,,,,,,,,,,,,
3688,2026-05-20T08:20:00+00:00,SWEEP,bearish,4486.053,,,,,,,,,,,,,,,,,,,,,,,,,,,,,
3690,2026-05-20T08:30:00+00:00,SWEEP,bearish,4486.531,,,,,,,,,,,,,,,,,,,,,,,,,,,,,
3695,2026-05-20T08:55:00+00:00,SWEEP,bearish,4489.609,,,,,,,,,,,,,,,,,,,,,,,,,,,,,
3704,2026-05-20T09:40:00+00:00,OB_EXPIRED,,,24.0,,,,,,,,,,101.0,,,,,,,,,,,,,,,,,,
3707,2026-05-20T09:55:00+00:00,SWEEP,bearish,4490.221,,,,,,,,,,,,,,,,,,,,,,,,,,,,,
3709,2026-05-20T10:05:00+00:00,SWEEP,bearish,4491.22,,,,,,,,,,,,,,,,,,,,,,,,,,,,,
3712,2026-05-20T10:20:00+00:00,SWEEP,bearish,4492.355,,,,,,,,,,,,,,,,,,,,,,,,,,,,,
3739,2026-05-20T12:35:00+00:00,SWEEP,bearish,4504.424,,,,,,,,,,,,,,,,,,,,,,,,,,,,,
3741,2026-05-20T12:45:00+00:00,SWEEP,bearish,4504.735,,,,,,,,,,,,,,,,,,,,,,,,,,,,,
3746,2026-05-20T13:10:00+00:00,SWEEP,bearish,4505.385,,,,,,,,,,,,,,,,,,,,,,,,,,,,,
3750,2026-05-20T13:30:00+00:00,SWEEP,bullish,4489.123,,,,,,,,,,,,,,,,,,,,,,,,,,,,,
3752,2026-05-20T13:40:00+00:00,SWEEP,bullish,4484.681,,,,,,,,,,,,,,,,,,,,,,,,,,,,,
3755,2026-05-20T13:55:00+00:00,SWEEP,bullish,4482.883,,,,,,,,,,,,,,,,,,,,,,,,,,,,,
3758,2026-05-20T14:10:00+00:00,SWEEP,bullish,4474.79,,,,,,,,,,,,,,,,,,,,,,,,,,,,,
3760,2026-05-20T14:20:00+00:00,SWEEP,bearish,4506.092,,,,,,,,,,,,,,,,,,,,,,,,,,,,,
3757,2026-05-20T14:05:00+00:00,OB_FORMED,bullish,,25.0,4474.79,4481.677,87.59,"{'body': 17.55, 'fvg': 16.41, 'sweep': 24.68, 'break': 6.16, 'ob_size': 12.78, 'adjacency': 10}",,,,,,,,,,,,,,,,,,,,,,,,
3764,2026-05-20T14:40:00+00:00,OB_FORMED,bullish,,26.0,4517.196,4524.074,78.89,"{'body': 18.87, 'fvg': 14.97, 'sweep': 19.36, 'break': 0.69, 'ob_size': 15.0, 'adjacency': 10}",,,,,,,,,,,,,,,,,,,,,,,,
3769,2026-05-20T15:05:00+00:00,OB_TOUCH,,,26.0,,,,,0.0,,,,,,,,,,,,,,,,,,,,,,,
3769,2026-05-20T15:05:00+00:00,WAIT_MTF_CONTEXT,,,26.0,,,,,,neutral,bearish,neutral,30.77,,,,,,,,,,,,,,,,,,,
3770,2026-05-20T15:10:00+00:00,WAIT_MTF_CONTEXT,,,26.0,,,,,,neutral,bearish,neutral,30.77,,,,,,,,,,,,,,,,,,,
3771,2026-05-20T15:15:00+00:00,WAIT_MTF_CONTEXT,,,26.0,,,,,,neutral,bearish,neutral,30.77,,,,,,,,,,,,,,,,,,,
3772,2026-05-20T15:20:00+00:00,WAIT_MTF_CONTEXT,,,26.0,,,,,,neutral,bearish,neutral,30.77,,,,,,,,,,,,,,,,,,,
3773,2026-05-20T15:25:00+00:00,WAIT_MTF_CONTEXT,,,26.0,,,,,,neutral,bearish,neutral,30.77,,,,,,,,,,,,,,,,,,,
3774,2026-05-20T15:30:00+00:00,WAIT_MTF_CONTEXT,,,26.0,,,,,,neutral,bearish,neutral,30.77,,,,,,,,,,,,,,,,,,,
3775,2026-05-20T15:35:00+00:00,WAIT_MTF_CONTEXT,,,26.0,,,,,,neutral,bearish,neutral,30.77,,,,,,,,,,,,,,,,,,,
3776,2026-05-20T15:40:00+00:00,WAIT_MTF_CONTEXT,,,26.0,,,,,,neutral,bearish,neutral,30.77,,,,,,,,,,,,,,,,,,,
3777,2026-05-20T15:45:00+00:00,WAIT_MTF_CONTEXT,,,26.0,,,,,,neutral,bearish,neutral,30.77,,,,,,,,,,,,,,,,,,,
3778,2026-05-20T15:50:00+00:00,WAIT_MTF_CONTEXT,,,26.0,,,,,,neutral,bearish,neutral,30.77,,,,,,,,,,,,,,,,,,,
3779,2026-05-20T15:55:00+00:00,WAIT_MTF_CONTEXT,,,26.0,,,,,,neutral,bearish,neutral,30.77,,,,,,,,,,,,,,,,,,,
3780,2026-05-20T16:00:00+00:00,WAIT_MTF_CONTEXT,,,26.0,,,,,,neutral,bearish,neutral,30.77,,,,,,,,,,,,,,,,,,,
3781,2026-05-20T16:05:00+00:00,WAIT_MTF_CONTEXT,,,26.0,,,,,,neutral,bearish,neutral,30.77,,,,,,,,,,,,,,,,,,,
3782,2026-05-20T16:10:00+00:00,WAIT_MTF_CONTEXT,,,26.0,,,,,,neutral,bearish,neutral,30.77,,,,,,,,,,,,,,,,,,,
3783,2026-05-20T16:15:00+00:00,WAIT_MTF_CONTEXT,,,26.0,,,,,,neutral,bearish,neutral,30.77,,,,,,,,,,,,,,,,,,,
3784,2026-05-20T16:20:00+00:00,WAIT_MTF_CONTEXT,,,26.0,,,,,,neutral,bearish,neutral,30.77,,,,,,,,,,,,,,,,,,,
3785,2026-05-20T16:25:00+00:00,WAIT_MTF_CONTEXT,,,26.0,,,,,,neutral,bearish,neutral,30.77,,,,,,,,,,,,,,,,,,,
3786,2026-05-20T16:30:00+00:00,WAIT_MTF_CONTEXT,,,26.0,,,,,,neutral,bearish,neutral,30.77,,,,,,,,,,,,,,,,,,,
3787,2026-05-20T16:35:00+00:00,WAIT_MTF_CONTEXT,,,26.0,,,,,,neutral,bearish,neutral,30.77,,,,,,,,,,,,,,,,,,,
3788,2026-05-20T16:40:00+00:00,WAIT_MTF_CONTEXT,,,26.0,,,,,,neutral,bearish,neutral,30.77,,,,,,,,,,,,,,,,,,,
3789,2026-05-20T16:45:00+00:00,WAIT_MTF_CONTEXT,,,26.0,,,,,,neutral,bearish,neutral,30.77,,,,,,,,,,,,,,,,,,,
3790,2026-05-20T16:50:00+00:00,WAIT_MTF_CONTEXT,,,26.0,,,,,,neutral,bearish,neutral,30.77,,,,,,,,,,,,,,,,,,,
3791,2026-05-20T16:55:00+00:00,WAIT_MTF_CONTEXT,,,26.0,,,,,,neutral,bearish,neutral,30.77,,,,,,,,,,,,,,,,,,,
3792,2026-05-20T17:00:00+00:00,WAIT_MTF_CONTEXT,,,26.0,,,,,,neutral,bearish,neutral,30.77,,,,,,,,,,,,,,,,,,,
3793,2026-05-20T17:05:00+00:00,WAIT_MTF_CONTEXT,,,26.0,,,,,,neutral,bearish,neutral,30.77,,,,,,,,,,,,,,,,,,,
3794,2026-05-20T17:10:00+00:00,WAIT_MTF_CONTEXT,,,26.0,,,,,,neutral,bearish,neutral,30.77,,,,,,,,,,,,,,,,,,,
3804,2026-05-20T18:00:00+00:00,WAIT_MTF_CONTEXT,,,26.0,,,,,,neutral,neutral,neutral,0.0,,,,,,,,,,,,,,,,,,,
3805,2026-05-20T18:05:00+00:00,WAIT_MTF_CONTEXT,,,26.0,,,,,,neutral,neutral,neutral,0.0,,,,,,,,,,,,,,,,,,,
3806,2026-05-20T18:10:00+00:00,WAIT_MTF_CONTEXT,,,26.0,,,,,,neutral,neutral,neutral,0.0,,,,,,,,,,,,,,,,,,,
3807,2026-05-20T18:15:00+00:00,WAIT_MTF_CONTEXT,,,26.0,,,,,,neutral,neutral,neutral,0.0,,,,,,,,,,,,,,,,,,,
3808,2026-05-20T18:20:00+00:00,WAIT_MTF_CONTEXT,,,26.0,,,,,,neutral,neutral,neutral,0.0,,,,,,,,,,,,,,,,,,,
3809,2026-05-20T18:25:00+00:00,WAIT_MTF_CONTEXT,,,26.0,,,,,,neutral,neutral,neutral,0.0,,,,,,,,,,,,,,,,,,,
3810,2026-05-20T18:30:00+00:00,WAIT_MTF_CONTEXT,,,26.0,,,,,,neutral,neutral,neutral,0.0,,,,,,,,,,,,,,,,,,,
3811,2026-05-20T18:35:00+00:00,WAIT_MTF_CONTEXT,,,26.0,,,,,,neutral,neutral,neutral,0.0,,,,,,,,,,,,,,,,,,,
3812,2026-05-20T18:40:00+00:00,WAIT_MTF_CONTEXT,,,26.0,,,,,,neutral,neutral,neutral,0.0,,,,,,,,,,,,,,,,,,,
3813,2026-05-20T18:45:00+00:00,WAIT_MTF_CONTEXT,,,26.0,,,,,,neutral,neutral,neutral,0.0,,,,,,,,,,,,,,,,,,,
3814,2026-05-20T18:50:00+00:00,WAIT_MTF_CONTEXT,,,26.0,,,,,,neutral,neutral,neutral,0.0,,,,,,,,,,,,,,,,,,,
3815,2026-05-20T18:55:00+00:00,SWEEP,bearish,4543.444,,,,,,,,,,,,,,,,,,,,,,,,,,,,,
3815,2026-05-20T18:55:00+00:00,WAIT_MTF_CONTEXT,,,26.0,,,,,,neutral,neutral,neutral,0.0,,,,,,,,,,,,,,,,,,,
3818,2026-05-20T19:10:00+00:00,SWEEP,bearish,4545.065,,,,,,,,,,,,,,,,,,,,,,,,,,,,,
3820,2026-05-20T19:20:00+00:00,SWEEP,bearish,4545.78,,,,,,,,,,,,,,,,,,,,,,,,,,,,,
3822,2026-05-20T19:30:00+00:00,SWEEP,bearish,4546.034,,,,,,,,,,,,,,,,,,,,,,,,,,,,,
3830,2026-05-20T20:10:00+00:00,SWEEP,bearish,4550.411,,,,,,,,,,,,,,,,,,,,,,,,,,,,,
3838,2026-05-20T20:50:00+00:00,SWEEP,bullish,4542.438,,,,,,,,,,,,,,,,,,,,,,,,,,,,,
3842,2026-05-20T22:10:00+00:00,SWEEP,bullish,4539.122,,,,,,,,,,,,,,,,,,,,,,,,,,,,,
3839,2026-05-20T20:55:00+00:00,OB_FORMED,bearish,,27.0,4542.623,4544.005,66.75,"{'body': 13.65, 'fvg': 2.7, 'sweep': 15.41, 'break': 10.0, 'ob_size': 15.0, 'adjacency': 10}",,,,,,,,,,,,,,,,,,,,,,,,
3846,2026-05-20T22:30:00+00:00,OB_TOUCH,,,27.0,,,,,0.0,,,,,,,,,,,,,,,,,,,,,,,
3846,2026-05-20T22:30:00+00:00,WAIT_MTF_CONTEXT,,,27.0,,,,,,neutral,bullish,bullish,53.85,,,,,,,,,,,,,,,,,,,
3847,2026-05-20T22:35:00+00:00,WAIT_MTF_CONTEXT,,,27.0,,,,,,neutral,bullish,bullish,53.85,,,,,,,,,,,,,,,,,,,
3848,2026-05-20T22:40:00+00:00,WAIT_MTF_CONTEXT,,,27.0,,,,,,neutral,bullish,bullish,53.85,,,,,,,,,,,,,,,,,,,
3849,2026-05-20T22:45:00+00:00,WAIT_MTF_CONTEXT,,,27.0,,,,,,neutral,bullish,bullish,53.85,,,,,,,,,,,,,,,,,,,
3850,2026-05-20T22:50:00+00:00,WAIT_MTF_CONTEXT,,,27.0,,,,,,neutral,bullish,bullish,53.85,,,,,,,,,,,,,,,,,,,
3851,2026-05-20T22:55:00+00:00,WAIT_MTF_CONTEXT,,,27.0,,,,,,neutral,bullish,bullish,53.85,,,,,,,,,,,,,,,,,,,
3852,2026-05-20T23:00:00+00:00,WAIT_MTF_CONTEXT,,,27.0,,,,,,neutral,bullish,bullish,53.85,,,,,,,,,,,,,,,,,,,
3853,2026-05-20T23:05:00+00:00,WAIT_MTF_CONTEXT,,,27.0,,,,,,neutral,bullish,bullish,53.85,,,,,,,,,,,,,,,,,,,
3854,2026-05-20T23:10:00+00:00,WAIT_MTF_CONTEXT,,,27.0,,,,,,neutral,bullish,bullish,53.85,,,,,,,,,,,,,,,,,,,
3855,2026-05-20T23:15:00+00:00,WAIT_MTF_CONTEXT,,,27.0,,,,,,neutral,bullish,bullish,53.85,,,,,,,,,,,,,,,,,,,
3856,2026-05-20T23:20:00+00:00,WAIT_MTF_CONTEXT,,,27.0,,,,,,neutral,bullish,bullish,53.85,,,,,,,,,,,,,,,,,,,
3857,2026-05-20T23:25:00+00:00,SWEEP,bullish,4535.169,,,,,,,,,,,,,,,,,,,,,,,,,,,,,
3857,2026-05-20T23:25:00+00:00,WAIT_MTF_CONTEXT,,,27.0,,,,,,neutral,bullish,bullish,53.85,,,,,,,,,,,,,,,,,,,
3858,2026-05-20T23:30:00+00:00,OB_EXPIRED,,,25.0,,,,,,,,,,101.0,,,,,,,,,,,,,,,,,,
3858,2026-05-20T23:30:00+00:00,WAIT_MTF_CONTEXT,,,27.0,,,,,,neutral,bullish,bullish,53.85,,,,,,,,,,,,,,,,,,,
3859,2026-05-20T23:35:00+00:00,OB_CROSSED_AFTER_TOUCH,,,27.0,,,,,100.0,,,,,,,,,,,,,,,,,,,,,,,
3860,2026-05-20T23:40:00+00:00,WAIT_MTF_CONTEXT,,,27.0,,,,,,neutral,bullish,bullish,53.85,,,,,,,,,,,,,,,,,,,
3861,2026-05-20T23:45:00+00:00,SWEEP,bearish,4546.891,,,,,,,,,,,,,,,,,,,,,,,,,,,,,
3861,2026-05-20T23:45:00+00:00,OB_CROSSED_AFTER_TOUCH,,,27.0,,,,,100.0,,,,,,,,,,,,,,,,,,,,,,,
3862,2026-05-20T23:50:00+00:00,OB_CROSSED_AFTER_TOUCH,,,27.0,,,,,100.0,,,,,,,,,,,,,,,,,,,,,,,
3863,2026-05-20T23:55:00+00:00,OB_CROSSED_AFTER_TOUCH,,,27.0,,,,,100.0,,,,,,,,,,,,,,,,,,,,,,,
3864,2026-05-21T00:00:00+00:00,SWEEP,bearish,4546.955,,,,,,,,,,,,,,,,,,,,,,,,,,,,,
3864,2026-05-21T00:00:00+00:00,WAIT_MTF_CONTEXT,,,27.0,,,,,,neutral,bullish,bullish,53.85,,,,,,,,,,,,,,,,,,,
3865,2026-05-21T00:05:00+00:00,OB_EXPIRED,,,26.0,,,,,,,,,,101.0,,,,,,,,,,,,,,,,,,
3865,2026-05-21T00:05:00+00:00,OB_CROSSED_AFTER_TOUCH,,,27.0,,,,,100.0,,,,,,,,,,,,,,,,,,,,,,,
3866,2026-05-21T00:10:00+00:00,OB_CROSSED_AFTER_TOUCH,,,27.0,,,,,100.0,,,,,,,,,,,,,,,,,,,,,,,
3867,2026-05-21T00:15:00+00:00,SWEEP,bearish,4548.955,,,,,,,,,,,,,,,,,,,,,,,,,,,,,
3867,2026-05-21T00:15:00+00:00,OB_CROSSED_AFTER_TOUCH,,,27.0,,,,,100.0,,,,,,,,,,,,,,,,,,,,,,,
3868,2026-05-21T00:20:00+00:00,WAIT_MTF_CONTEXT,,,27.0,,,,,,neutral,bullish,neutral,30.77,,,,,,,,,,,,,,,,,,,
3869,2026-05-21T00:25:00+00:00,WAIT_MTF_CONTEXT,,,27.0,,,,,,neutral,bullish,neutral,30.77,,,,,,,,,,,,,,,,,,,
3870,2026-05-21T00:30:00+00:00,OB_CROSSED_AFTER_TOUCH,,,27.0,,,,,100.0,,,,,,,,,,,,,,,,,,,,,,,
3871,2026-05-21T00:35:00+00:00,WAIT_MTF_CONTEXT,,,27.0,,,,,,neutral,bullish,neutral,30.77,,,,,,,,,,,,,,,,,,,
3872,2026-05-21T00:40:00+00:00,WAIT_MTF_CONTEXT,,,27.0,,,,,,neutral,bullish,neutral,30.77,,,,,,,,,,,,,,,,,,,
3873,2026-05-21T00:45:00+00:00,OB_CROSSED_AFTER_TOUCH,,,27.0,,,,,100.0,,,,,,,,,,,,,,,,,,,,,,,
3874,2026-05-21T00:50:00+00:00,OB_CROSSED_AFTER_TOUCH,,,27.0,,,,,100.0,,,,,,,,,,,,,,,,,,,,,,,
3875,2026-05-21T00:55:00+00:00,OB_CROSSED_AFTER_TOUCH,,,27.0,,,,,100.0,,,,,,,,,,,,,,,,,,,,,,,
3876,2026-05-21T01:00:00+00:00,WAIT_MTF_CONTEXT,,,27.0,,,,,,neutral,bullish,neutral,30.77,,,,,,,,,,,,,,,,,,,
3877,2026-05-21T01:05:00+00:00,OB_CROSSED_AFTER_TOUCH,,,27.0,,,,,100.0,,,,,,,,,,,,,,,,,,,,,,,
3878,2026-05-21T01:10:00+00:00,OB_CROSSED_AFTER_TOUCH,,,27.0,,,,,100.0,,,,,,,,,,,,,,,,,,,,,,,
3879,2026-05-21T01:15:00+00:00,SWEEP,bearish,4560.2,,,,,,,,,,,,,,,,,,,,,,,,,,,,,
3879,2026-05-21T01:15:00+00:00,OB_CROSSED_AFTER_TOUCH,,,27.0,,,,,100.0,,,,,,,,,,,,,,,,,,,,,,,
3880,2026-05-21T01:20:00+00:00,OB_CROSSED_AFTER_TOUCH,,,27.0,,,,,100.0,,,,,,,,,,,,,,,,,,,,,,,
3881,2026-05-21T01:25:00+00:00,OB_CROSSED_AFTER_TOUCH,,,27.0,,,,,100.0,,,,,,,,,,,,,,,,,,,,,,,
3882,2026-05-21T01:30:00+00:00,SWEEP,bearish,4567.798,,,,,,,,,,,,,,,,,,,,,,,,,,,,,
3882,2026-05-21T01:30:00+00:00,OB_CROSSED_AFTER_TOUCH,,,27.0,,,,,100.0,,,,,,,,,,,,,,,,,,,,,,,
3883,2026-05-21T01:35:00+00:00,OB_CROSSED_AFTER_TOUCH,,,27.0,,,,,100.0,,,,,,,,,,,,,,,,,,,,,,,
3884,2026-05-21T01:40:00+00:00,SWEEP,bearish,4569.392,,,,,,,,,,,,,,,,,,,,,,,,,,,,,
3884,2026-05-21T01:40:00+00:00,OB_CROSSED_AFTER_TOUCH,,,27.0,,,,,100.0,,,,,,,,,,,,,,,,,,,,,,,
3885,2026-05-21T01:45:00+00:00,OB_CROSSED_AFTER_TOUCH,,,27.0,,,,,100.0,,,,,,,,,,,,,,,,,,,,,,,
3886,2026-05-21T01:50:00+00:00,OB_CROSSED_AFTER_TOUCH,,,27.0,,,,,100.0,,,,,,,,,,,,,,,,,,,,,,,
3887,2026-05-21T01:55:00+00:00,OB_CROSSED_AFTER_TOUCH,,,27.0,,,,,100.0,,,,,,,,,,,,,,,,,,,,,,,
3888,2026-05-21T02:00:00+00:00,OB_CROSSED_AFTER_TOUCH,,,27.0,,,,,100.0,,,,,,,,,,,,,,,,,,,,,,,
3889,2026-05-21T02:05:00+00:00,OB_CROSSED_AFTER_TOUCH,,,27.0,,,,,100.0,,,,,,,,,,,,,,,,,,,,,,,
3890,2026-05-21T02:10:00+00:00,OB_CROSSED_AFTER_TOUCH,,,27.0,,,,,100.0,,,,,,,,,,,,,,,,,,,,,,,
3891,2026-05-21T02:15:00+00:00,OB_CROSSED_AFTER_TOUCH,,,27.0,,,,,100.0,,,,,,,,,,,,,,,,,,,,,,,
3892,2026-05-21T02:20:00+00:00,OB_CROSSED_AFTER_TOUCH,,,27.0,,,,,100.0,,,,,,,,,,,,,,,,,,,,,,,
3893,2026-05-21T02:25:00+00:00,SWEEP,bullish,4539.755,,,,,,,,,,,,,,,,,,,,,,,,,,,,,
3893,2026-05-21T02:25:00+00:00,WAIT_MTF_CONTEXT,,,27.0,,,,,,neutral,bullish,bullish,53.85,,,,,,,,,,,,,,,,,,,
3894,2026-05-21T02:30:00+00:00,WAIT_MTF_CONTEXT,,,27.0,,,,,,neutral,bullish,bullish,53.85,,,,,,,,,,,,,,,,,,,
3895,2026-05-21T02:35:00+00:00,WAIT_MTF_CONTEXT,,,27.0,,,,,,neutral,bullish,bullish,53.85,,,,,,,,,,,,,,,,,,,
3896,2026-05-21T02:40:00+00:00,WAIT_MTF_CONTEXT,,,27.0,,,,,,neutral,bullish,bullish,53.85,,,,,,,,,,,,,,,,,,,
3897,2026-05-21T02:45:00+00:00,SWEEP,bullish,4533.768,,,,,,,,,,,,,,,,,,,,,,,,,,,,,
3897,2026-05-21T02:45:00+00:00,WAIT_MTF_CONTEXT,,,27.0,,,,,,neutral,bullish,bullish,53.85,,,,,,,,,,,,,,,,,,,
3898,2026-05-21T02:50:00+00:00,WAIT_MTF_CONTEXT,,,27.0,,,,,,neutral,bullish,bullish,53.85,,,,,,,,,,,,,,,,,,,
3899,2026-05-21T02:55:00+00:00,WAIT_MTF_CONTEXT,,,27.0,,,,,,neutral,bullish,bullish,53.85,,,,,,,,,,,,,,,,,,,
3900,2026-05-21T03:00:00+00:00,WAIT_MTF_CONTEXT,,,27.0,,,,,,neutral,bullish,bullish,53.85,,,,,,,,,,,,,,,,,,,
3901,2026-05-21T03:05:00+00:00,WAIT_MTF_CONTEXT,,,27.0,,,,,,neutral,bullish,bullish,53.85,,,,,,,,,,,,,,,,,,,
3902,2026-05-21T03:10:00+00:00,WAIT_MTF_CONTEXT,,,27.0,,,,,,neutral,bullish,bullish,53.85,,,,,,,,,,,,,,,,,,,
3903,2026-05-21T03:15:00+00:00,WAIT_MTF_CONTEXT,,,27.0,,,,,,neutral,bullish,bullish,53.85,,,,,,,,,,,,,,,,,,,
3904,2026-05-21T03:20:00+00:00,WAIT_MTF_CONTEXT,,,27.0,,,,,,neutral,bullish,bullish,53.85,,,,,,,,,,,,,,,,,,,
3905,2026-05-21T03:25:00+00:00,WAIT_MTF_CONTEXT,,,27.0,,,,,,neutral,bullish,bullish,53.85,,,,,,,,,,,,,,,,,,,
3906,2026-05-21T03:30:00+00:00,WAIT_MTF_CONTEXT,,,27.0,,,,,,neutral,bullish,bullish,53.85,,,,,,,,,,,,,,,,,,,
3907,2026-05-21T03:35:00+00:00,WAIT_MTF_CONTEXT,,,27.0,,,,,,neutral,bullish,bullish,53.85,,,,,,,,,,,,,,,,,,,
3908,2026-05-21T03:40:00+00:00,WAIT_MTF_CONTEXT,,,27.0,,,,,,neutral,bullish,bullish,53.85,,,,,,,,,,,,,,,,,,,
3909,2026-05-21T03:45:00+00:00,WAIT_MTF_CONTEXT,,,27.0,,,,,,neutral,bullish,neutral,30.77,,,,,,,,,,,,,,,,,,,
3910,2026-05-21T03:50:00+00:00,WAIT_MTF_CONTEXT,,,27.0,,,,,,neutral,bullish,neutral,30.77,,,,,,,,,,,,,,,,,,,
3911,2026-05-21T03:55:00+00:00,WAIT_MTF_CONTEXT,,,27.0,,,,,,neutral,bullish,neutral,30.77,,,,,,,,,,,,,,,,,,,
3912,2026-05-21T04:00:00+00:00,WAIT_MTF_CONTEXT,,,27.0,,,,,,neutral,bullish,neutral,30.77,,,,,,,,,,,,,,,,,,,
3913,2026-05-21T04:05:00+00:00,WAIT_MTF_CONTEXT,,,27.0,,,,,,neutral,bullish,neutral,30.77,,,,,,,,,,,,,,,,,,,
3914,2026-05-21T04:10:00+00:00,WAIT_MTF_CONTEXT,,,27.0,,,,,,neutral,bullish,neutral,30.77,,,,,,,,,,,,,,,,,,,
3915,2026-05-21T04:15:00+00:00,WAIT_MTF_CONTEXT,,,27.0,,,,,,neutral,bullish,neutral,30.77,,,,,,,,,,,,,,,,,,,
3916,2026-05-21T04:20:00+00:00,WAIT_MTF_CONTEXT,,,27.0,,,,,,neutral,bullish,neutral,30.77,,,,,,,,,,,,,,,,,,,
3917,2026-05-21T04:25:00+00:00,WAIT_MTF_CONTEXT,,,27.0,,,,,,neutral,bullish,neutral,30.77,,,,,,,,,,,,,,,,,,,
3918,2026-05-21T04:30:00+00:00,SWEEP,bearish,4540.042,,,,,,,,,,,,,,,,,,,,,,,,,,,,,
3918,2026-05-21T04:30:00+00:00,WAIT_MTF_CONTEXT,,,27.0,,,,,,neutral,bullish,neutral,30.77,,,,,,,,,,,,,,,,,,,
3919,2026-05-21T04:35:00+00:00,WAIT_MTF_CONTEXT,,,27.0,,,,,,neutral,bullish,neutral,30.77,,,,,,,,,,,,,,,,,,,
3920,2026-05-21T04:40:00+00:00,WAIT_MTF_CONTEXT,,,27.0,,,,,,neutral,bullish,neutral,30.77,,,,,,,,,,,,,,,,,,,
3921,2026-05-21T04:45:00+00:00,WAIT_MTF_CONTEXT,,,27.0,,,,,,neutral,bullish,neutral,30.77,,,,,,,,,,,,,,,,,,,
3922,2026-05-21T04:50:00+00:00,WAIT_MTF_CONTEXT,,,27.0,,,,,,neutral,bullish,neutral,30.77,,,,,,,,,,,,,,,,,,,
3923,2026-05-21T04:55:00+00:00,WAIT_MTF_CONTEXT,,,27.0,,,,,,neutral,bullish,neutral,30.77,,,,,,,,,,,,,,,,,,,
3924,2026-05-21T05:00:00+00:00,SWEEP,bearish,4540.379,,,,,,,,,,,,,,,,,,,,,,,,,,,,,
3924,2026-05-21T05:00:00+00:00,WAIT_MTF_CONTEXT,,,27.0,,,,,,neutral,bullish,neutral,30.77,,,,,,,,,,,,,,,,,,,
3925,2026-05-21T05:05:00+00:00,WAIT_MTF_CONTEXT,,,27.0,,,,,,neutral,bullish,neutral,30.77,,,,,,,,,,,,,,,,,,,
3923,2026-05-21T04:55:00+00:00,OB_FORMED,bearish,,28.0,4536.055,4539.197,83.96,"{'body': 20.0, 'fvg': 13.87, 'sweep': 18.38, 'break': 6.72, 'ob_size': 15.0, 'adjacency': 10}",,,,,,,,,,,,,,,,,,,,,,,,
3926,2026-05-21T05:10:00+00:00,WAIT_MTF_CONTEXT,,,27.0,,,,,,neutral,bullish,neutral,30.77,,,,,,,,,,,,,,,,,,,
3927,2026-05-21T05:15:00+00:00,WAIT_MTF_CONTEXT,,,27.0,,,,,,neutral,bullish,neutral,30.77,,,,,,,,,,,,,,,,,,,
3928,2026-05-21T05:20:00+00:00,WAIT_MTF_CONTEXT,,,27.0,,,,,,neutral,bullish,neutral,30.77,,,,,,,,,,,,,,,,,,,
3929,2026-05-21T05:25:00+00:00,WAIT_MTF_CONTEXT,,,27.0,,,,,,neutral,bullish,neutral,30.77,,,,,,,,,,,,,,,,,,,
3930,2026-05-21T05:30:00+00:00,SWEEP,bullish,4521.35,,,,,,,,,,,,,,,,,,,,,,,,,,,,,
3930,2026-05-21T05:30:00+00:00,WAIT_MTF_CONTEXT,,,27.0,,,,,,neutral,bullish,neutral,30.77,,,,,,,,,,,,,,,,,,,
3931,2026-05-21T05:35:00+00:00,WAIT_MTF_CONTEXT,,,27.0,,,,,,neutral,bullish,neutral,30.77,,,,,,,,,,,,,,,,,,,
3932,2026-05-21T05:40:00+00:00,WAIT_MTF_CONTEXT,,,27.0,,,,,,neutral,bullish,neutral,30.77,,,,,,,,,,,,,,,,,,,
3933,2026-05-21T05:45:00+00:00,WAIT_MTF_CONTEXT,,,27.0,,,,,,neutral,bullish,neutral,30.77,,,,,,,,,,,,,,,,,,,
3934,2026-05-21T05:50:00+00:00,WAIT_MTF_CONTEXT,,,27.0,,,,,,neutral,bullish,neutral,30.77,,,,,,,,,,,,,,,,,,,
3935,2026-05-21T05:55:00+00:00,WAIT_MTF_CONTEXT,,,27.0,,,,,,neutral,bullish,neutral,30.77,,,,,,,,,,,,,,,,,,,
3935,2026-05-21T05:55:00+00:00,OB_FORMED,bullish,,29.0,4525.617,4529.889,66.8,"{'body': 13.58, 'fvg': 3.99, 'sweep': 25.0, 'break': 0.66, 'ob_size': 13.57, 'adjacency': 10}",,,,,,,,,,,,,,,,,,,,,,,,
3938,2026-05-21T06:10:00+00:00,OB_TOUCH,,,29.0,,,,,0.0,,,,,,,,,,,,,,,,,,,,,,,
3938,2026-05-21T06:10:00+00:00,WAIT_MTF_CONTEXT,,,29.0,,,,,,neutral,bullish,bearish,30.77,,,,,,,,,,,,,,,,,,,
3939,2026-05-21T06:15:00+00:00,WAIT_MTF_CONTEXT,,,29.0,,,,,,neutral,bullish,bearish,30.77,,,,,,,,,,,,,,,,,,,
3940,2026-05-21T06:20:00+00:00,OB_EXPIRED,,,27.0,,,,,,,,,,101.0,,,,,,,,,,,,,,,,,,
3940,2026-05-21T06:20:00+00:00,OB_TOUCH,,,28.0,,,,,0.0,,,,,,,,,,,,,,,,,,,,,,,
3940,2026-05-21T06:20:00+00:00,WAIT_MTF_CONTEXT,,,29.0,,,,,,neutral,bullish,bearish,30.77,,,,,,,,,,,,,,,,,,,
3941,2026-05-21T06:25:00+00:00,WAIT_MTF_CONTEXT,,,29.0,,,,,,neutral,bullish,bearish,30.77,,,,,,,,,,,,,,,,,,,
3942,2026-05-21T06:30:00+00:00,WAIT_MTF_CONTEXT,,,29.0,,,,,,neutral,bullish,bearish,30.77,,,,,,,,,,,,,,,,,,,
3943,2026-05-21T06:35:00+00:00,WAIT_MTF_CONTEXT,,,29.0,,,,,,neutral,bullish,bearish,30.77,,,,,,,,,,,,,,,,,,,
3944,2026-05-21T06:40:00+00:00,OB_CROSSED_AFTER_TOUCH,,,29.0,,,,,100.0,,,,,,,,,,,,,,,,,,,,,,,
3945,2026-05-21T06:45:00+00:00,OB_CROSSED_AFTER_TOUCH,,,29.0,,,,,100.0,,,,,,,,,,,,,,,,,,,,,,,
3946,2026-05-21T06:50:00+00:00,OB_CROSSED_AFTER_TOUCH,,,29.0,,,,,100.0,,,,,,,,,,,,,,,,,,,,,,,
3947,2026-05-21T06:55:00+00:00,OB_CROSSED_AFTER_TOUCH,,,29.0,,,,,100.0,,,,,,,,,,,,,,,,,,,,,,,
3948,2026-05-21T07:00:00+00:00,OB_CROSSED_AFTER_TOUCH,,,29.0,,,,,100.0,,,,,,,,,,,,,,,,,,,,,,,
3949,2026-05-21T07:05:00+00:00,SWEEP,bullish,4518.15,,,,,,,,,,,,,,,,,,,,,,,,,,,,,
3949,2026-05-21T07:05:00+00:00,OB_CROSSED_AFTER_TOUCH,,,29.0,,,,,100.0,,,,,,,,,,,,,,,,,,,,,,,
3950,2026-05-21T07:10:00+00:00,OB_CROSSED_AFTER_TOUCH,,,29.0,,,,,100.0,,,,,,,,,,,,,,,,,,,,,,,
3951,2026-05-21T07:15:00+00:00,SWEEP,bullish,4518.027,,,,,,,,,,,,,,,,,,,,,,,,,,,,,
3951,2026-05-21T07:15:00+00:00,OB_CROSSED_AFTER_TOUCH,,,29.0,,,,,100.0,,,,,,,,,,,,,,,,,,,,,,,
3952,2026-05-21T07:20:00+00:00,SWEEP,bullish,4517.295,,,,,,,,,,,,,,,,,,,,,,,,,,,,,
3952,2026-05-21T07:20:00+00:00,OB_CROSSED_AFTER_TOUCH,,,29.0,,,,,100.0,,,,,,,,,,,,,,,,,,,,,,,
3953,2026-05-21T07:25:00+00:00,OB_CROSSED_AFTER_TOUCH,,,29.0,,,,,100.0,,,,,,,,,,,,,,,,,,,,,,,
3954,2026-05-21T07:30:00+00:00,OB_CROSSED_AFTER_TOUCH,,,29.0,,,,,100.0,,,,,,,,,,,,,,,,,,,,,,,
3955,2026-05-21T07:35:00+00:00,OB_CROSSED_AFTER_TOUCH,,,29.0,,,,,100.0,,,,,,,,,,,,,,,,,,,,,,,
3956,2026-05-21T07:40:00+00:00,OB_CROSSED_AFTER_TOUCH,,,29.0,,,,,100.0,,,,,,,,,,,,,,,,,,,,,,,
3957,2026-05-21T07:45:00+00:00,OB_CROSSED_AFTER_TOUCH,,,29.0,,,,,100.0,,,,,,,,,,,,,,,,,,,,,,,
3958,2026-05-21T07:50:00+00:00,OB_CROSSED_AFTER_TOUCH,,,29.0,,,,,100.0,,,,,,,,,,,,,,,,,,,,,,,
3959,2026-05-21T07:55:00+00:00,OB_CROSSED_AFTER_TOUCH,,,29.0,,,,,100.0,,,,,,,,,,,,,,,,,,,,,,,
3960,2026-05-21T08:00:00+00:00,OB_CROSSED_AFTER_TOUCH,,,29.0,,,,,100.0,,,,,,,,,,,,,,,,,,,,,,,
3961,2026-05-21T08:05:00+00:00,WAIT_MTF_CONTEXT,,,29.0,,,,,,neutral,bullish,bearish,30.77,,,,,,,,,,,,,,,,,,,
3962,2026-05-21T08:10:00+00:00,SWEEP,bearish,4535.06,,,,,,,,,,,,,,,,,,,,,,,,,,,,,
3962,2026-05-21T08:10:00+00:00,WAIT_MTF_CONTEXT,,,29.0,,,,,,neutral,bullish,bearish,30.77,,,,,,,,,,,,,,,,,,,
3963,2026-05-21T08:15:00+00:00,SWEEP,bearish,4535.779,,,,,,,,,,,,,,,,,,,,,,,,,,,,,
3963,2026-05-21T08:15:00+00:00,WAIT_MTF_CONTEXT,,,29.0,,,,,,neutral,bullish,bearish,30.77,,,,,,,,,,,,,,,,,,,
3964,2026-05-21T08:20:00+00:00,WAIT_MTF_CONTEXT,,,29.0,,,,,,neutral,bullish,bearish,30.77,,,,,,,,,,,,,,,,,,,
3965,2026-05-21T08:25:00+00:00,SWEEP,bearish,4536.79,,,,,,,,,,,,,,,,,,,,,,,,,,,,,
3965,2026-05-21T08:25:00+00:00,WAIT_MTF_CONTEXT,,,29.0,,,,,,neutral,bullish,bearish,30.77,,,,,,,,,,,,,,,,,,,
3966,2026-05-21T08:30:00+00:00,WAIT_MTF_CONTEXT,,,29.0,,,,,,neutral,bullish,bearish,30.77,,,,,,,,,,,,,,,,,,,
3967,2026-05-21T08:35:00+00:00,WAIT_MTF_CONTEXT,,,29.0,,,,,,neutral,bullish,bearish,30.77,,,,,,,,,,,,,,,,,,,
3968,2026-05-21T08:40:00+00:00,WAIT_MTF_CONTEXT,,,29.0,,,,,,neutral,bullish,bearish,30.77,,,,,,,,,,,,,,,,,,,
3969,2026-05-21T08:45:00+00:00,WAIT_MTF_CONTEXT,,,29.0,,,,,,neutral,bullish,bearish,30.77,,,,,,,,,,,,,,,,,,,
3970,2026-05-21T08:50:00+00:00,WAIT_MTF_CONTEXT,,,29.0,,,,,,neutral,bullish,bearish,30.77,,,,,,,,,,,,,,,,,,,
3971,2026-05-21T08:55:00+00:00,WAIT_MTF_CONTEXT,,,29.0,,,,,,neutral,bullish,bearish,30.77,,,,,,,,,,,,,,,,,,,
3972,2026-05-21T09:00:00+00:00,WAIT_MTF_CONTEXT,,,29.0,,,,,,neutral,bullish,bearish,30.77,,,,,,,,,,,,,,,,,,,
3973,2026-05-21T09:05:00+00:00,WAIT_MTF_CONTEXT,,,29.0,,,,,,neutral,bullish,bearish,30.77,,,,,,,,,,,,,,,,,,,
3974,2026-05-21T09:10:00+00:00,WAIT_MTF_CONTEXT,,,29.0,,,,,,neutral,bullish,bearish,30.77,,,,,,,,,,,,,,,,,,,
3975,2026-05-21T09:15:00+00:00,OB_CROSSED_AFTER_TOUCH,,,28.0,,,,,100.0,,,,,,,,,,,,,,,,,,,,,,,
3975,2026-05-21T09:15:00+00:00,WAIT_MTF_CONTEXT,,,29.0,,,,,,neutral,bullish,bearish,30.77,,,,,,,,,,,,,,,,,,,
3976,2026-05-21T09:20:00+00:00,SWEEP,bearish,4541.046,,,,,,,,,,,,,,,,,,,,,,,,,,,,,
3976,2026-05-21T09:20:00+00:00,REVERSAL_AFTER_OB_CROSS,,,28.0,,,,,43.1572246976398,,,,,,,,,,,,,,,,,,,,,,,
3976,2026-05-21T09:20:00+00:00,WAIT_REENTRY_DEPTH,,,28.0,,,,,43.1572246976398,,,,,,,70.0,,,,,,,,,,,,,,,,
3976,2026-05-21T09:20:00+00:00,WAIT_MTF_CONTEXT,,,29.0,,,,,,neutral,bullish,bearish,30.77,,,,,,,,,,,,,,,,,,,
3977,2026-05-21T09:25:00+00:00,REVERSAL_AFTER_OB_CROSS,,,28.0,,,,,30.96753660089148,,,,,,,,,,,,,,,,,,,,,,,
3977,2026-05-21T09:25:00+00:00,WAIT_REENTRY_DEPTH,,,28.0,,,,,30.96753660089148,,,,,,,70.0,,,,,,,,,,,,,,,,
3977,2026-05-21T09:25:00+00:00,WAIT_MTF_CONTEXT,,,29.0,,,,,,neutral,bullish,bearish,30.77,,,,,,,,,,,,,,,,,,,
3978,2026-05-21T09:30:00+00:00,SWEEP,bearish,4542.391,,,,,,,,,,,,,,,,,,,,,,,,,,,,,
3978,2026-05-21T09:30:00+00:00,WAIT_REENTRY_DEPTH,,,28.0,,,,,0.0,,,,,,,70.0,,,,,,,,,,,,,,,,
3978,2026-05-21T09:30:00+00:00,WAIT_MTF_CONTEXT,,,29.0,,,,,,neutral,bullish,bearish,30.77,,,,,,,,,,,,,,,,,,,
3979,2026-05-21T09:35:00+00:00,WAIT_REENTRY_DEPTH,,,28.0,,,,,0.0,,,,,,,70.0,,,,,,,,,,,,,,,,
3979,2026-05-21T09:35:00+00:00,WAIT_MTF_CONTEXT,,,29.0,,,,,,neutral,bullish,bearish,30.77,,,,,,,,,,,,,,,,,,,
3980,2026-05-21T09:40:00+00:00,WAIT_REENTRY_DEPTH,,,28.0,,,,,0.0,,,,,,,70.0,,,,,,,,,,,,,,,,
3980,2026-05-21T09:40:00+00:00,WAIT_MTF_CONTEXT,,,29.0,,,,,,neutral,bullish,bearish,30.77,,,,,,,,,,,,,,,,,,,
3981,2026-05-21T09:45:00+00:00,WAIT_REENTRY_DEPTH,,,28.0,,,,,0.0,,,,,,,70.0,,,,,,,,,,,,,,,,
3981,2026-05-21T09:45:00+00:00,WAIT_MTF_CONTEXT,,,29.0,,,,,,neutral,bullish,bearish,30.77,,,,,,,,,,,,,,,,,,,
3982,2026-05-21T09:50:00+00:00,WAIT_REENTRY_DEPTH,,,28.0,,,,,0.0,,,,,,,70.0,,,,,,,,,,,,,,,,
3982,2026-05-21T09:50:00+00:00,WAIT_MTF_CONTEXT,,,29.0,,,,,,neutral,bullish,bearish,30.77,,,,,,,,,,,,,,,,,,,
3983,2026-05-21T09:55:00+00:00,WAIT_REENTRY_DEPTH,,,28.0,,,,,0.0,,,,,,,70.0,,,,,,,,,,,,,,,,
3983,2026-05-21T09:55:00+00:00,WAIT_MTF_CONTEXT,,,29.0,,,,,,neutral,bullish,bearish,30.77,,,,,,,,,,,,,,,,,,,
3984,2026-05-21T10:00:00+00:00,WAIT_REENTRY_DEPTH,,,28.0,,,,,0.0,,,,,,,70.0,,,,,,,,,,,,,,,,
3984,2026-05-21T10:00:00+00:00,WAIT_MTF_CONTEXT,,,29.0,,,,,,neutral,bullish,bearish,30.77,,,,,,,,,,,,,,,,,,,
3985,2026-05-21T10:05:00+00:00,WAIT_REENTRY_DEPTH,,,28.0,,,,,0.0,,,,,,,70.0,,,,,,,,,,,,,,,,
3985,2026-05-21T10:05:00+00:00,WAIT_MTF_CONTEXT,,,29.0,,,,,,neutral,bullish,bearish,30.77,,,,,,,,,,,,,,,,,,,
3986,2026-05-21T10:10:00+00:00,WAIT_REENTRY_DEPTH,,,28.0,,,,,0.0,,,,,,,70.0,,,,,,,,,,,,,,,,
3986,2026-05-21T10:10:00+00:00,WAIT_MTF_CONTEXT,,,29.0,,,,,,neutral,bullish,bearish,30.77,,,,,,,,,,,,,,,,,,,
3987,2026-05-21T10:15:00+00:00,WAIT_REENTRY_DEPTH,,,28.0,,,,,0.0,,,,,,,70.0,,,,,,,,,,,,,,,,
3987,2026-05-21T10:15:00+00:00,WAIT_MTF_CONTEXT,,,29.0,,,,,,neutral,bullish,bearish,30.77,,,,,,,,,,,,,,,,,,,
3988,2026-05-21T10:20:00+00:00,WAIT_REENTRY_DEPTH,,,28.0,,,,,0.0,,,,,,,70.0,,,,,,,,,,,,,,,,
3988,2026-05-21T10:20:00+00:00,WAIT_MTF_CONTEXT,,,29.0,,,,,,neutral,bullish,bearish,30.77,,,,,,,,,,,,,,,,,,,
3989,2026-05-21T10:25:00+00:00,WAIT_REENTRY_DEPTH,,,28.0,,,,,0.0,,,,,,,70.0,,,,,,,,,,,,,,,,
3989,2026-05-21T10:25:00+00:00,OB_CROSSED_AFTER_TOUCH,,,29.0,,,,,100.0,,,,,,,,,,,,,,,,,,,,,,,
3990,2026-05-21T10:30:00+00:00,SWEEP,bullish,4510.467,,,,,,,,,,,,,,,,,,,,,,,,,,,,,
3988,2026-05-21T10:20:00+00:00,OB_FORMED,bearish,,30.0,4532.063,4534.434,98.83,"{'body': 14.66, 'fvg': 16.97, 'sweep': 17.64, 'break': 24.56, 'ob_size': 15.0, 'adjacency': 10}",,,,,,,,,,,,,,,,,,,,,,,,
3990,2026-05-21T10:30:00+00:00,WAIT_MTF_CONTEXT,,,28.0,,,,,,neutral,bullish,neutral,30.77,,,,,,,,,,,,,,,,,,,
3990,2026-05-21T10:30:00+00:00,OB_CROSSED_AFTER_TOUCH,,,29.0,,,,,100.0,,,,,,,,,,,,,,,,,,,,,,,
3991,2026-05-21T10:35:00+00:00,SWEEP,bullish,4508.107,,,,,,,,,,,,,,,,,,,,,,,,,,,,,
3991,2026-05-21T10:35:00+00:00,WAIT_MTF_CONTEXT,,,28.0,,,,,,neutral,bullish,neutral,30.77,,,,,,,,,,,,,,,,,,,
3991,2026-05-21T10:35:00+00:00,OB_CROSSED_AFTER_TOUCH,,,29.0,,,,,100.0,,,,,,,,,,,,,,,,,,,,,,,
3992,2026-05-21T10:40:00+00:00,SWEEP,bullish,4507.509,,,,,,,,,,,,,,,,,,,,,,,,,,,,,
3992,2026-05-21T10:40:00+00:00,WAIT_MTF_CONTEXT,,,28.0,,,,,,neutral,bullish,neutral,30.77,,,,,,,,,,,,,,,,,,,
3992,2026-05-21T10:40:00+00:00,OB_CROSSED_AFTER_TOUCH,,,29.0,,,,,100.0,,,,,,,,,,,,,,,,,,,,,,,
3993,2026-05-21T10:45:00+00:00,WAIT_MTF_CONTEXT,,,28.0,,,,,,neutral,bullish,neutral,30.77,,,,,,,,,,,,,,,,,,,
3993,2026-05-21T10:45:00+00:00,OB_CROSSED_AFTER_TOUCH,,,29.0,,,,,100.0,,,,,,,,,,,,,,,,,,,,,,,
3994,2026-05-21T10:50:00+00:00,WAIT_MTF_CONTEXT,,,28.0,,,,,,neutral,bullish,neutral,30.77,,,,,,,,,,,,,,,,,,,
3994,2026-05-21T10:50:00+00:00,OB_CROSSED_AFTER_TOUCH,,,29.0,,,,,100.0,,,,,,,,,,,,,,,,,,,,,,,
3995,2026-05-21T10:55:00+00:00,WAIT_MTF_CONTEXT,,,28.0,,,,,,neutral,bullish,neutral,30.77,,,,,,,,,,,,,,,,,,,
3995,2026-05-21T10:55:00+00:00,OB_CROSSED_AFTER_TOUCH,,,29.0,,,,,100.0,,,,,,,,,,,,,,,,,,,,,,,
3996,2026-05-21T11:00:00+00:00,WAIT_MTF_CONTEXT,,,28.0,,,,,,neutral,bullish,neutral,30.77,,,,,,,,,,,,,,,,,,,
3996,2026-05-21T11:00:00+00:00,OB_CROSSED_AFTER_TOUCH,,,29.0,,,,,100.0,,,,,,,,,,,,,,,,,,,,,,,
3997,2026-05-21T11:05:00+00:00,WAIT_MTF_CONTEXT,,,28.0,,,,,,neutral,bullish,neutral,30.77,,,,,,,,,,,,,,,,,,,
3997,2026-05-21T11:05:00+00:00,OB_CROSSED_AFTER_TOUCH,,,29.0,,,,,100.0,,,,,,,,,,,,,,,,,,,,,,,
3998,2026-05-21T11:10:00+00:00,WAIT_MTF_CONTEXT,,,28.0,,,,,,neutral,bullish,neutral,30.77,,,,,,,,,,,,,,,,,,,
3998,2026-05-21T11:10:00+00:00,OB_CROSSED_AFTER_TOUCH,,,29.0,,,,,100.0,,,,,,,,,,,,,,,,,,,,,,,
3999,2026-05-21T11:15:00+00:00,WAIT_MTF_CONTEXT,,,28.0,,,,,,neutral,bullish,neutral,30.77,,,,,,,,,,,,,,,,,,,
3999,2026-05-21T11:15:00+00:00,OB_CROSSED_AFTER_TOUCH,,,29.0,,,,,100.0,,,,,,,,,,,,,,,,,,,,,,,
4000,2026-05-21T11:20:00+00:00,WAIT_MTF_CONTEXT,,,28.0,,,,,,neutral,bullish,neutral,30.77,,,,,,,,,,,,,,,,,,,
4000,2026-05-21T11:20:00+00:00,OB_CROSSED_AFTER_TOUCH,,,29.0,,,,,100.0,,,,,,,,,,,,,,,,,,,,,,,
4001,2026-05-21T11:25:00+00:00,WAIT_MTF_CONTEXT,,,28.0,,,,,,neutral,bullish,neutral,30.77,,,,,,,,,,,,,,,,,,,
4001,2026-05-21T11:25:00+00:00,OB_CROSSED_AFTER_TOUCH,,,29.0,,,,,100.0,,,,,,,,,,,,,,,,,,,,,,,
4002,2026-05-21T11:30:00+00:00,WAIT_MTF_CONTEXT,,,28.0,,,,,,neutral,bullish,neutral,30.77,,,,,,,,,,,,,,,,,,,
4002,2026-05-21T11:30:00+00:00,OB_CROSSED_AFTER_TOUCH,,,29.0,,,,,100.0,,,,,,,,,,,,,,,,,,,,,,,
4003,2026-05-21T11:35:00+00:00,WAIT_MTF_CONTEXT,,,28.0,,,,,,neutral,bullish,neutral,30.77,,,,,,,,,,,,,,,,,,,
4003,2026-05-21T11:35:00+00:00,OB_CROSSED_AFTER_TOUCH,,,29.0,,,,,100.0,,,,,,,,,,,,,,,,,,,,,,,
4004,2026-05-21T11:40:00+00:00,WAIT_MTF_CONTEXT,,,28.0,,,,,,neutral,bullish,neutral,30.77,,,,,,,,,,,,,,,,,,,
4004,2026-05-21T11:40:00+00:00,OB_CROSSED_AFTER_TOUCH,,,29.0,,,,,100.0,,,,,,,,,,,,,,,,,,,,,,,
4005,2026-05-21T11:45:00+00:00,WAIT_MTF_CONTEXT,,,28.0,,,,,,neutral,bullish,neutral,30.77,,,,,,,,,,,,,,,,,,,
4005,2026-05-21T11:45:00+00:00,OB_CROSSED_AFTER_TOUCH,,,29.0,,,,,100.0,,,,,,,,,,,,,,,,,,,,,,,
4006,2026-05-21T11:50:00+00:00,WAIT_MTF_CONTEXT,,,28.0,,,,,,neutral,bullish,neutral,30.77,,,,,,,,,,,,,,,,,,,
4006,2026-05-21T11:50:00+00:00,OB_CROSSED_AFTER_TOUCH,,,29.0,,,,,100.0,,,,,,,,,,,,,,,,,,,,,,,
4007,2026-05-21T11:55:00+00:00,WAIT_MTF_CONTEXT,,,28.0,,,,,,neutral,bullish,neutral,30.77,,,,,,,,,,,,,,,,,,,
4007,2026-05-21T11:55:00+00:00,OB_CROSSED_AFTER_TOUCH,,,29.0,,,,,100.0,,,,,,,,,,,,,,,,,,,,,,,
4008,2026-05-21T12:00:00+00:00,WAIT_MTF_CONTEXT,,,28.0,,,,,,neutral,bullish,neutral,30.77,,,,,,,,,,,,,,,,,,,
4008,2026-05-21T12:00:00+00:00,OB_CROSSED_AFTER_TOUCH,,,29.0,,,,,100.0,,,,,,,,,,,,,,,,,,,,,,,
4009,2026-05-21T12:05:00+00:00,WAIT_MTF_CONTEXT,,,28.0,,,,,,neutral,bullish,neutral,30.77,,,,,,,,,,,,,,,,,,,
4009,2026-05-21T12:05:00+00:00,OB_CROSSED_AFTER_TOUCH,,,29.0,,,,,100.0,,,,,,,,,,,,,,,,,,,,,,,
4010,2026-05-21T12:10:00+00:00,WAIT_MTF_CONTEXT,,,28.0,,,,,,neutral,bullish,neutral,30.77,,,,,,,,,,,,,,,,,,,
4010,2026-05-21T12:10:00+00:00,OB_CROSSED_AFTER_TOUCH,,,29.0,,,,,100.0,,,,,,,,,,,,,,,,,,,,,,,
4011,2026-05-21T12:15:00+00:00,WAIT_REENTRY_DEPTH,,,28.0,,,,,0.0,,,,,,,70.0,,,,,,,,,,,,,,,,
4011,2026-05-21T12:15:00+00:00,OB_CROSSED_AFTER_TOUCH,,,29.0,,,,,100.0,,,,,,,,,,,,,,,,,,,,,,,
4012,2026-05-21T12:20:00+00:00,WAIT_REENTRY_DEPTH,,,28.0,,,,,0.0,,,,,,,70.0,,,,,,,,,,,,,,,,
4012,2026-05-21T12:20:00+00:00,OB_CROSSED_AFTER_TOUCH,,,29.0,,,,,100.0,,,,,,,,,,,,,,,,,,,,,,,
4013,2026-05-21T12:25:00+00:00,SWEEP,bullish,4505.904,,,,,,,,,,,,,,,,,,,,,,,,,,,,,
4013,2026-05-21T12:25:00+00:00,WAIT_REENTRY_DEPTH,,,28.0,,,,,0.0,,,,,,,70.0,,,,,,,,,,,,,,,,
4013,2026-05-21T12:25:00+00:00,OB_CROSSED_AFTER_TOUCH,,,29.0,,,,,100.0,,,,,,,,,,,,,,,,,,,,,,,
4014,2026-05-21T12:30:00+00:00,WAIT_REENTRY_DEPTH,,,28.0,,,,,0.0,,,,,,,70.0,,,,,,,,,,,,,,,,
4014,2026-05-21T12:30:00+00:00,OB_CROSSED_AFTER_TOUCH,,,29.0,,,,,100.0,,,,,,,,,,,,,,,,,,,,,,,
4015,2026-05-21T12:35:00+00:00,WAIT_REENTRY_DEPTH,,,28.0,,,,,0.0,,,,,,,70.0,,,,,,,,,,,,,,,,
4015,2026-05-21T12:35:00+00:00,OB_CROSSED_AFTER_TOUCH,,,29.0,,,,,100.0,,,,,,,,,,,,,,,,,,,,,,,
4016,2026-05-21T12:40:00+00:00,WAIT_REENTRY_DEPTH,,,28.0,,,,,0.0,,,,,,,70.0,,,,,,,,,,,,,,,,
4016,2026-05-21T12:40:00+00:00,OB_CROSSED_AFTER_TOUCH,,,29.0,,,,,100.0,,,,,,,,,,,,,,,,,,,,,,,
4017,2026-05-21T12:45:00+00:00,WAIT_REENTRY_DEPTH,,,28.0,,,,,0.0,,,,,,,70.0,,,,,,,,,,,,,,,,
4017,2026-05-21T12:45:00+00:00,OB_CROSSED_AFTER_TOUCH,,,29.0,,,,,100.0,,,,,,,,,,,,,,,,,,,,,,,
4018,2026-05-21T12:50:00+00:00,WAIT_REENTRY_DEPTH,,,28.0,,,,,0.0,,,,,,,70.0,,,,,,,,,,,,,,,,
4018,2026-05-21T12:50:00+00:00,OB_CROSSED_AFTER_TOUCH,,,29.0,,,,,100.0,,,,,,,,,,,,,,,,,,,,,,,
4019,2026-05-21T12:55:00+00:00,SWEEP,bullish,4503.821,,,,,,,,,,,,,,,,,,,,,,,,,,,,,
4019,2026-05-21T12:55:00+00:00,WAIT_REENTRY_DEPTH,,,28.0,,,,,0.0,,,,,,,70.0,,,,,,,,,,,,,,,,
4019,2026-05-21T12:55:00+00:00,OB_CROSSED_AFTER_TOUCH,,,29.0,,,,,100.0,,,,,,,,,,,,,,,,,,,,,,,
4020,2026-05-21T13:00:00+00:00,SWEEP,bullish,4501.902,,,,,,,,,,,,,,,,,,,,,,,,,,,,,
4020,2026-05-21T13:00:00+00:00,WAIT_REENTRY_DEPTH,,,28.0,,,,,0.0,,,,,,,70.0,,,,,,,,,,,,,,,,
4020,2026-05-21T13:00:00+00:00,OB_CROSSED_AFTER_TOUCH,,,29.0,,,,,100.0,,,,,,,,,,,,,,,,,,,,,,,
4021,2026-05-21T13:05:00+00:00,WAIT_REENTRY_DEPTH,,,28.0,,,,,0.0,,,,,,,70.0,,,,,,,,,,,,,,,,
4021,2026-05-21T13:05:00+00:00,OB_CROSSED_AFTER_TOUCH,,,29.0,,,,,100.0,,,,,,,,,,,,,,,,,,,,,,,
4022,2026-05-21T13:10:00+00:00,WAIT_REENTRY_DEPTH,,,28.0,,,,,0.0,,,,,,,70.0,,,,,,,,,,,,,,,,
4022,2026-05-21T13:10:00+00:00,OB_CROSSED_AFTER_TOUCH,,,29.0,,,,,100.0,,,,,,,,,,,,,,,,,,,,,,,
4023,2026-05-21T13:15:00+00:00,WAIT_REENTRY_DEPTH,,,28.0,,,,,0.0,,,,,,,70.0,,,,,,,,,,,,,,,,
4023,2026-05-21T13:15:00+00:00,OB_CROSSED_AFTER_TOUCH,,,29.0,,,,,100.0,,,,,,,,,,,,,,,,,,,,,,,
4024,2026-05-21T13:20:00+00:00,SWEEP,bullish,4496.848,,,,,,,,,,,,,,,,,,,,,,,,,,,,,
4024,2026-05-21T13:20:00+00:00,OB_EXPIRED,,,28.0,,,,,,,,,,101.0,,,,,,,,,,,,,,,,,,
4024,2026-05-21T13:20:00+00:00,OB_CROSSED_AFTER_TOUCH,,,29.0,,,,,100.0,,,,,,,,,,,,,,,,,,,,,,,
4025,2026-05-21T13:25:00+00:00,SWEEP,bullish,4496.571,,,,,,,,,,,,,,,,,,,,,,,,,,,,,
4025,2026-05-21T13:25:00+00:00,OB_CROSSED_AFTER_TOUCH,,,29.0,,,,,100.0,,,,,,,,,,,,,,,,,,,,,,,
4026,2026-05-21T13:30:00+00:00,OB_CROSSED_AFTER_TOUCH,,,29.0,,,,,100.0,,,,,,,,,,,,,,,,,,,,,,,
4027,2026-05-21T13:35:00+00:00,SWEEP,bullish,4490.027,,,,,,,,,,,,,,,,,,,,,,,,,,,,,
4027,2026-05-21T13:35:00+00:00,OB_CROSSED_AFTER_TOUCH,,,29.0,,,,,100.0,,,,,,,,,,,,,,,,,,,,,,,
4028,2026-05-21T13:40:00+00:00,OB_CROSSED_AFTER_TOUCH,,,29.0,,,,,100.0,,,,,,,,,,,,,,,,,,,,,,,
4029,2026-05-21T13:45:00+00:00,OB_CROSSED_AFTER_TOUCH,,,29.0,,,,,100.0,,,,,,,,,,,,,,,,,,,,,,,
4030,2026-05-21T13:50:00+00:00,SWEEP,bearish,4519.075,,,,,,,,,,,,,,,,,,,,,,,,,,,,,
4030,2026-05-21T13:50:00+00:00,OB_CROSSED_AFTER_TOUCH,,,29.0,,,,,100.0,,,,,,,,,,,,,,,,,,,,,,,
4031,2026-05-21T13:55:00+00:00,OB_CROSSED_AFTER_TOUCH,,,29.0,,,,,100.0,,,,,,,,,,,,,,,,,,,,,,,
4032,2026-05-21T14:00:00+00:00,OB_CROSSED_AFTER_TOUCH,,,29.0,,,,,100.0,,,,,,,,,,,,,,,,,,,,,,,
4033,2026-05-21T14:05:00+00:00,OB_CROSSED_AFTER_TOUCH,,,29.0,,,,,100.0,,,,,,,,,,,,,,,,,,,,,,,
4034,2026-05-21T14:10:00+00:00,OB_CROSSED_AFTER_TOUCH,,,29.0,,,,,100.0,,,,,,,,,,,,,,,,,,,,,,,
4035,2026-05-21T14:15:00+00:00,OB_CROSSED_AFTER_TOUCH,,,29.0,,,,,100.0,,,,,,,,,,,,,,,,,,,,,,,
4036,2026-05-21T14:20:00+00:00,OB_EXPIRED,,,29.0,,,,,,,,,,101.0,,,,,,,,,,,,,,,,,,
4056,2026-05-21T16:00:00+00:00,SWEEP,bearish,4515.629,,,,,,,,,,,,,,,,,,,,,,,,,,,,,
4068,2026-05-21T17:00:00+00:00,SWEEP,bearish,4520.527,,,,,,,,,,,,,,,,,,,,,,,,,,,,,
4071,2026-05-21T17:15:00+00:00,OB_TOUCH,,,30.0,,,,,100.0,,,,,,,,,,,,,,,,,,,,,,,
4071,2026-05-21T17:15:00+00:00,OB_CROSSED_AFTER_TOUCH,,,30.0,,,,,100.0,,,,,,,,,,,,,,,,,,,,,,,
4072,2026-05-21T17:20:00+00:00,SWEEP,bearish,4540.668,,,,,,,,,,,,,,,,,,,,,,,,,,,,,
4072,2026-05-21T17:20:00+00:00,OB_CROSSED_AFTER_TOUCH,,,30.0,,,,,100.0,,,,,,,,,,,,,,,,,,,,,,,
4073,2026-05-21T17:25:00+00:00,OB_CROSSED_AFTER_TOUCH,,,30.0,,,,,100.0,,,,,,,,,,,,,,,,,,,,,,,
4074,2026-05-21T17:30:00+00:00,SWEEP,bearish,4546.39,,,,,,,,,,,,,,,,,,,,,,,,,,,,,
4074,2026-05-21T17:30:00+00:00,OB_CROSSED_AFTER_TOUCH,,,30.0,,,,,100.0,,,,,,,,,,,,,,,,,,,,,,,
4075,2026-05-21T17:35:00+00:00,OB_CROSSED_AFTER_TOUCH,,,30.0,,,,,100.0,,,,,,,,,,,,,,,,,,,,,,,
4076,2026-05-21T17:40:00+00:00,OB_CROSSED_AFTER_TOUCH,,,30.0,,,,,100.0,,,,,,,,,,,,,,,,,,,,,,,
4077,2026-05-21T17:45:00+00:00,OB_CROSSED_AFTER_TOUCH,,,30.0,,,,,100.0,,,,,,,,,,,,,,,,,,,,,,,
4078,2026-05-21T17:50:00+00:00,OB_CROSSED_AFTER_TOUCH,,,30.0,,,,,100.0,,,,,,,,,,,,,,,,,,,,,,,
4079,2026-05-21T17:55:00+00:00,SWEEP,bearish,4557.854,,,,,,,,,,,,,,,,,,,,,,,,,,,,,
4079,2026-05-21T17:55:00+00:00,OB_CROSSED_AFTER_TOUCH,,,30.0,,,,,100.0,,,,,,,,,,,,,,,,,,,,,,,
4080,2026-05-21T18:00:00+00:00,OB_CROSSED_AFTER_TOUCH,,,30.0,,,,,100.0,,,,,,,,,,,,,,,,,,,,,,,
4081,2026-05-21T18:05:00+00:00,OB_CROSSED_AFTER_TOUCH,,,30.0,,,,,100.0,,,,,,,,,,,,,,,,,,,,,,,
4082,2026-05-21T18:10:00+00:00,OB_CROSSED_AFTER_TOUCH,,,30.0,,,,,100.0,,,,,,,,,,,,,,,,,,,,,,,
4083,2026-05-21T18:15:00+00:00,OB_CROSSED_AFTER_TOUCH,,,30.0,,,,,100.0,,,,,,,,,,,,,,,,,,,,,,,
4084,2026-05-21T18:20:00+00:00,OB_CROSSED_AFTER_TOUCH,,,30.0,,,,,100.0,,,,,,,,,,,,,,,,,,,,,,,
4085,2026-05-21T18:25:00+00:00,OB_CROSSED_AFTER_TOUCH,,,30.0,,,,,100.0,,,,,,,,,,,,,,,,,,,,,,,
4086,2026-05-21T18:30:00+00:00,OB_CROSSED_AFTER_TOUCH,,,30.0,,,,,100.0,,,,,,,,,,,,,,,,,,,,,,,
4087,2026-05-21T18:35:00+00:00,OB_CROSSED_AFTER_TOUCH,,,30.0,,,,,100.0,,,,,,,,,,,,,,,,,,,,,,,
4088,2026-05-21T18:40:00+00:00,OB_CROSSED_AFTER_TOUCH,,,30.0,,,,,100.0,,,,,,,,,,,,,,,,,,,,,,,
4089,2026-05-21T18:45:00+00:00,OB_EXPIRED,,,30.0,,,,,,,,,,101.0,,,,,,,,,,,,,,,,,,
4088,2026-05-21T18:40:00+00:00,OB_FORMED,bearish,,31.0,4542.865,4547.028,71.72,"{'body': 13.84, 'fvg': 3.57, 'sweep': 22.43, 'break': 6.89, 'ob_size': 15.0, 'adjacency': 10}",,,,,,,,,,,,,,,,,,,,,,,,
4100,2026-05-21T19:40:00+00:00,OB_TOUCH,,,31.0,,,,,0.0,,,,,,,,,,,,,,,,,,,,,,,
4100,2026-05-21T19:40:00+00:00,WAIT_MTF_CONTEXT,,,31.0,,,,,,neutral,neutral,bullish,23.08,,,,,,,,,,,,,,,,,,,
4101,2026-05-21T19:45:00+00:00,WAIT_MTF_CONTEXT,,,31.0,,,,,,neutral,neutral,bullish,23.08,,,,,,,,,,,,,,,,,,,
4102,2026-05-21T19:50:00+00:00,WAIT_MTF_CONTEXT,,,31.0,,,,,,neutral,neutral,bullish,23.08,,,,,,,,,,,,,,,,,,,
4103,2026-05-21T19:55:00+00:00,WAIT_MTF_CONTEXT,,,31.0,,,,,,neutral,neutral,bullish,23.08,,,,,,,,,,,,,,,,,,,
4104,2026-05-21T20:00:00+00:00,WAIT_MTF_CONTEXT,,,31.0,,,,,,neutral,neutral,bullish,23.08,,,,,,,,,,,,,,,,,,,
4105,2026-05-21T20:05:00+00:00,WAIT_MTF_CONTEXT,,,31.0,,,,,,neutral,neutral,bullish,23.08,,,,,,,,,,,,,,,,,,,
4106,2026-05-21T20:10:00+00:00,WAIT_MTF_CONTEXT,,,31.0,,,,,,neutral,neutral,bullish,23.08,,,,,,,,,,,,,,,,,,,
4107,2026-05-21T20:15:00+00:00,WAIT_MTF_CONTEXT,,,31.0,,,,,,neutral,neutral,bullish,23.08,,,,,,,,,,,,,,,,,,,
4108,2026-05-21T20:20:00+00:00,WAIT_MTF_CONTEXT,,,31.0,,,,,,neutral,neutral,bullish,23.08,,,,,,,,,,,,,,,,,,,
4109,2026-05-21T20:25:00+00:00,WAIT_MTF_CONTEXT,,,31.0,,,,,,neutral,neutral,bullish,23.08,,,,,,,,,,,,,,,,,,,
4110,2026-05-21T20:30:00+00:00,WAIT_MTF_CONTEXT,,,31.0,,,,,,neutral,neutral,bullish,23.08,,,,,,,,,,,,,,,,,,,
4111,2026-05-21T20:35:00+00:00,WAIT_MTF_CONTEXT,,,31.0,,,,,,neutral,neutral,bullish,23.08,,,,,,,,,,,,,,,,,,,
4112,2026-05-21T20:40:00+00:00,WAIT_MTF_CONTEXT,,,31.0,,,,,,neutral,neutral,bullish,23.08,,,,,,,,,,,,,,,,,,,
4113,2026-05-21T20:45:00+00:00,WAIT_MTF_CONTEXT,,,31.0,,,,,,neutral,neutral,bullish,23.08,,,,,,,,,,,,,,,,,,,
4114,2026-05-21T20:50:00+00:00,WAIT_MTF_CONTEXT,,,31.0,,,,,,neutral,neutral,bullish,23.08,,,,,,,,,,,,,,,,,,,
4115,2026-05-21T20:55:00+00:00,WAIT_MTF_CONTEXT,,,31.0,,,,,,neutral,neutral,bullish,23.08,,,,,,,,,,,,,,,,,,,
4116,2026-05-21T22:00:00+00:00,WAIT_MTF_CONTEXT,,,31.0,,,,,,neutral,bullish,neutral,30.77,,,,,,,,,,,,,,,,,,,
4117,2026-05-21T22:05:00+00:00,WAIT_MTF_CONTEXT,,,31.0,,,,,,neutral,bullish,neutral,30.77,,,,,,,,,,,,,,,,,,,
4118,2026-05-21T22:10:00+00:00,WAIT_MTF_CONTEXT,,,31.0,,,,,,neutral,bullish,neutral,30.77,,,,,,,,,,,,,,,,,,,
4119,2026-05-21T22:15:00+00:00,WAIT_MTF_CONTEXT,,,31.0,,,,,,neutral,bullish,neutral,30.77,,,,,,,,,,,,,,,,,,,
4120,2026-05-21T22:20:00+00:00,WAIT_MTF_CONTEXT,,,31.0,,,,,,neutral,bullish,neutral,30.77,,,,,,,,,,,,,,,,,,,
4121,2026-05-21T22:25:00+00:00,WAIT_MTF_CONTEXT,,,31.0,,,,,,neutral,bullish,neutral,30.77,,,,,,,,,,,,,,,,,,,
4122,2026-05-21T22:30:00+00:00,WAIT_MTF_CONTEXT,,,31.0,,,,,,neutral,bullish,neutral,30.77,,,,,,,,,,,,,,,,,,,
4123,2026-05-21T22:35:00+00:00,WAIT_MTF_CONTEXT,,,31.0,,,,,,neutral,bullish,neutral,30.77,,,,,,,,,,,,,,,,,,,
4124,2026-05-21T22:40:00+00:00,WAIT_MTF_CONTEXT,,,31.0,,,,,,neutral,bullish,neutral,30.77,,,,,,,,,,,,,,,,,,,
4125,2026-05-21T22:45:00+00:00,WAIT_MTF_CONTEXT,,,31.0,,,,,,neutral,bullish,neutral,30.77,,,,,,,,,,,,,,,,,,,
4126,2026-05-21T22:50:00+00:00,WAIT_MTF_CONTEXT,,,31.0,,,,,,neutral,bullish,neutral,30.77,,,,,,,,,,,,,,,,,,,
4127,2026-05-21T22:55:00+00:00,WAIT_MTF_CONTEXT,,,31.0,,,,,,neutral,bullish,neutral,30.77,,,,,,,,,,,,,,,,,,,
4128,2026-05-21T23:00:00+00:00,WAIT_MTF_CONTEXT,,,31.0,,,,,,neutral,bullish,bullish,53.85,,,,,,,,,,,,,,,,,,,
4129,2026-05-21T23:05:00+00:00,WAIT_MTF_CONTEXT,,,31.0,,,,,,neutral,bullish,bullish,53.85,,,,,,,,,,,,,,,,,,,
4130,2026-05-21T23:10:00+00:00,WAIT_MTF_CONTEXT,,,31.0,,,,,,neutral,bullish,bullish,53.85,,,,,,,,,,,,,,,,,,,
4131,2026-05-21T23:15:00+00:00,WAIT_MTF_CONTEXT,,,31.0,,,,,,neutral,bullish,bullish,53.85,,,,,,,,,,,,,,,,,,,
4132,2026-05-21T23:20:00+00:00,WAIT_MTF_CONTEXT,,,31.0,,,,,,neutral,bullish,bullish,53.85,,,,,,,,,,,,,,,,,,,
4133,2026-05-21T23:25:00+00:00,WAIT_MTF_CONTEXT,,,31.0,,,,,,neutral,bullish,bullish,53.85,,,,,,,,,,,,,,,,,,,
4134,2026-05-21T23:30:00+00:00,SWEEP,bullish,4537.599,,,,,,,,,,,,,,,,,,,,,,,,,,,,,
4134,2026-05-21T23:30:00+00:00,WAIT_MTF_CONTEXT,,,31.0,,,,,,neutral,bullish,bullish,53.85,,,,,,,,,,,,,,,,,,,
4135,2026-05-21T23:35:00+00:00,SWEEP,bullish,4536.909,,,,,,,,,,,,,,,,,,,,,,,,,,,,,
4135,2026-05-21T23:35:00+00:00,WAIT_MTF_CONTEXT,,,31.0,,,,,,neutral,bullish,bullish,53.85,,,,,,,,,,,,,,,,,,,
4136,2026-05-21T23:40:00+00:00,WAIT_MTF_CONTEXT,,,31.0,,,,,,neutral,bullish,bullish,53.85,,,,,,,,,,,,,,,,,,,
4137,2026-05-21T23:45:00+00:00,SWEEP,bullish,4532.716,,,,,,,,,,,,,,,,,,,,,,,,,,,,,
4137,2026-05-21T23:45:00+00:00,WAIT_MTF_CONTEXT,,,31.0,,,,,,neutral,bullish,bullish,53.85,,,,,,,,,,,,,,,,,,,
4138,2026-05-21T23:50:00+00:00,SWEEP,bullish,4532.679,,,,,,,,,,,,,,,,,,,,,,,,,,,,,
4138,2026-05-21T23:50:00+00:00,WAIT_MTF_CONTEXT,,,31.0,,,,,,neutral,bullish,bullish,53.85,,,,,,,,,,,,,,,,,,,
4139,2026-05-21T23:55:00+00:00,WAIT_MTF_CONTEXT,,,31.0,,,,,,neutral,bullish,bullish,53.85,,,,,,,,,,,,,,,,,,,
4140,2026-05-22T00:00:00+00:00,WAIT_MTF_CONTEXT,,,31.0,,,,,,neutral,bullish,neutral,30.77,,,,,,,,,,,,,,,,,,,
4141,2026-05-22T00:05:00+00:00,WAIT_MTF_CONTEXT,,,31.0,,,,,,neutral,bullish,neutral,30.77,,,,,,,,,,,,,,,,,,,
4142,2026-05-22T00:10:00+00:00,WAIT_MTF_CONTEXT,,,31.0,,,,,,neutral,bullish,neutral,30.77,,,,,,,,,,,,,,,,,,,
4143,2026-05-22T00:15:00+00:00,SWEEP,bullish,4530.919,,,,,,,,,,,,,,,,,,,,,,,,,,,,,
4143,2026-05-22T00:15:00+00:00,WAIT_MTF_CONTEXT,,,31.0,,,,,,neutral,bullish,neutral,30.77,,,,,,,,,,,,,,,,,,,
4144,2026-05-22T00:20:00+00:00,WAIT_MTF_CONTEXT,,,31.0,,,,,,neutral,bullish,neutral,30.77,,,,,,,,,,,,,,,,,,,
4145,2026-05-22T00:25:00+00:00,WAIT_MTF_CONTEXT,,,31.0,,,,,,neutral,bullish,neutral,30.77,,,,,,,,,,,,,,,,,,,
4146,2026-05-22T00:30:00+00:00,WAIT_MTF_CONTEXT,,,31.0,,,,,,neutral,bullish,neutral,30.77,,,,,,,,,,,,,,,,,,,
4147,2026-05-22T00:35:00+00:00,WAIT_MTF_CONTEXT,,,31.0,,,,,,neutral,bullish,neutral,30.77,,,,,,,,,,,,,,,,,,,
4148,2026-05-22T00:40:00+00:00,WAIT_MTF_CONTEXT,,,31.0,,,,,,neutral,bullish,neutral,30.77,,,,,,,,,,,,,,,,,,,
4149,2026-05-22T00:45:00+00:00,WAIT_MTF_CONTEXT,,,31.0,,,,,,neutral,bullish,neutral,30.77,,,,,,,,,,,,,,,,,,,
4150,2026-05-22T00:50:00+00:00,WAIT_MTF_CONTEXT,,,31.0,,,,,,neutral,bullish,neutral,30.77,,,,,,,,,,,,,,,,,,,
4151,2026-05-22T00:55:00+00:00,WAIT_MTF_CONTEXT,,,31.0,,,,,,neutral,bullish,neutral,30.77,,,,,,,,,,,,,,,,,,,
4152,2026-05-22T01:00:00+00:00,WAIT_MTF_CONTEXT,,,31.0,,,,,,neutral,bullish,neutral,30.77,,,,,,,,,,,,,,,,,,,
4153,2026-05-22T01:05:00+00:00,WAIT_MTF_CONTEXT,,,31.0,,,,,,neutral,bullish,neutral,30.77,,,,,,,,,,,,,,,,,,,
4154,2026-05-22T01:10:00+00:00,WAIT_MTF_CONTEXT,,,31.0,,,,,,neutral,bullish,neutral,30.77,,,,,,,,,,,,,,,,,,,
4155,2026-05-22T01:15:00+00:00,WAIT_MTF_CONTEXT,,,31.0,,,,,,neutral,bullish,neutral,30.77,,,,,,,,,,,,,,,,,,,
4156,2026-05-22T01:20:00+00:00,WAIT_MTF_CONTEXT,,,31.0,,,,,,neutral,bullish,neutral,30.77,,,,,,,,,,,,,,,,,,,
4157,2026-05-22T01:25:00+00:00,WAIT_MTF_CONTEXT,,,31.0,,,,,,neutral,bullish,neutral,30.77,,,,,,,,,,,,,,,,,,,
4158,2026-05-22T01:30:00+00:00,WAIT_MTF_CONTEXT,,,31.0,,,,,,neutral,bullish,neutral,30.77,,,,,,,,,,,,,,,,,,,
4159,2026-05-22T01:35:00+00:00,WAIT_MTF_CONTEXT,,,31.0,,,,,,neutral,bullish,neutral,30.77,,,,,,,,,,,,,,,,,,,
4160,2026-05-22T01:40:00+00:00,SWEEP,bullish,4521.908,,,,,,,,,,,,,,,,,,,,,,,,,,,,,
4160,2026-05-22T01:40:00+00:00,WAIT_MTF_CONTEXT,,,31.0,,,,,,neutral,bullish,neutral,30.77,,,,,,,,,,,,,,,,,,,
4161,2026-05-22T01:45:00+00:00,WAIT_MTF_CONTEXT,,,31.0,,,,,,neutral,bullish,neutral,30.77,,,,,,,,,,,,,,,,,,,
4162,2026-05-22T01:50:00+00:00,WAIT_MTF_CONTEXT,,,31.0,,,,,,neutral,bullish,neutral,30.77,,,,,,,,,,,,,,,,,,,
4163,2026-05-22T01:55:00+00:00,WAIT_MTF_CONTEXT,,,31.0,,,,,,neutral,bullish,neutral,30.77,,,,,,,,,,,,,,,,,,,
4164,2026-05-22T02:00:00+00:00,WAIT_MTF_CONTEXT,,,31.0,,,,,,neutral,bullish,neutral,30.77,,,,,,,,,,,,,,,,,,,
4165,2026-05-22T02:05:00+00:00,WAIT_MTF_CONTEXT,,,31.0,,,,,,neutral,bullish,neutral,30.77,,,,,,,,,,,,,,,,,,,
4166,2026-05-22T02:10:00+00:00,WAIT_MTF_CONTEXT,,,31.0,,,,,,neutral,bullish,neutral,30.77,,,,,,,,,,,,,,,,,,,
4167,2026-05-22T02:15:00+00:00,WAIT_MTF_CONTEXT,,,31.0,,,,,,neutral,bullish,neutral,30.77,,,,,,,,,,,,,,,,,,,
4168,2026-05-22T02:20:00+00:00,WAIT_MTF_CONTEXT,,,31.0,,,,,,neutral,bullish,neutral,30.77,,,,,,,,,,,,,,,,,,,
4169,2026-05-22T02:25:00+00:00,WAIT_MTF_CONTEXT,,,31.0,,,,,,neutral,bullish,neutral,30.77,,,,,,,,,,,,,,,,,,,
4185,2026-05-22T03:45:00+00:00,SWEEP,bearish,4529.478,,,,,,,,,,,,,,,,,,,,,,,,,,,,,
4188,2026-05-22T04:00:00+00:00,SWEEP,bearish,4529.784,,,,,,,,,,,,,,,,,,,,,,,,,,,,,
4189,2026-05-22T04:05:00+00:00,SWEEP,bearish,4529.981,,,,,,,,,,,,,,,,,,,,,,,,,,,,,
4189,2026-05-22T04:05:00+00:00,OB_EXPIRED,,,31.0,,,,,,,,,,101.0,,,,,,,,,,,,,,,,,,
4191,2026-05-22T04:15:00+00:00,SWEEP,bearish,4530.132,,,,,,,,,,,,,,,,,,,,,,,,,,,,,
4209,2026-05-22T05:45:00+00:00,SWEEP,bearish,4534.177,,,,,,,,,,,,,,,,,,,,,,,,,,,,,
4238,2026-05-22T08:10:00+00:00,SWEEP,bearish,4528.855,,,,,,,,,,,,,,,,,,,,,,,,,,,,,
4240,2026-05-22T08:20:00+00:00,SWEEP,bearish,4529.969,,,,,,,,,,,,,,,,,,,,,,,,,,,,,
4251,2026-05-22T09:15:00+00:00,SWEEP,bullish,4516.027,,,,,,,,,,,,,,,,,,,,,,,,,,,,,
4254,2026-05-22T09:30:00+00:00,SWEEP,bullish,4515.182,,,,,,,,,,,,,,,,,,,,,,,,,,,,,
4261,2026-05-22T10:05:00+00:00,SWEEP,bearish,4536.083,,,,,,,,,,,,,,,,,,,,,,,,,,,,,
4262,2026-05-22T10:10:00+00:00,SWEEP,bearish,4536.803,,,,,,,,,,,,,,,,,,,,,,,,,,,,,
4267,2026-05-22T10:35:00+00:00,SWEEP,bullish,4514.918,,,,,,,,,,,,,,,,,,,,,,,,,,,,,
4269,2026-05-22T10:45:00+00:00,SWEEP,bullish,4512.159,,,,,,,,,,,,,,,,,,,,,,,,,,,,,
4304,2026-05-22T13:40:00+00:00,SWEEP,bullish,4515.134,,,,,,,,,,,,,,,,,,,,,,,,,,,,,
4305,2026-05-22T13:45:00+00:00,SWEEP,bullish,4510.851,,,,,,,,,,,,,,,,,,,,,,,,,,,,,
4306,2026-05-22T13:50:00+00:00,SWEEP,bullish,4510.472,,,,,,,,,,,,,,,,,,,,,,,,,,,,,
4312,2026-05-22T14:20:00+00:00,SWEEP,bullish,4492.052,,,,,,,,,,,,,,,,,,,,,,,,,,,,,
4326,2026-05-22T15:30:00+00:00,SWEEP,bearish,4519.142,,,,,,,,,,,,,,,,,,,,,,,,,,,,,
4338,2026-05-22T16:30:00+00:00,SWEEP,bearish,4524.195,,,,,,,,,,,,,,,,,,,,,,,,,,,,,
4350,2026-05-22T17:30:00+00:00,SWEEP,bearish,4526.869,,,,,,,,,,,,,,,,,,,,,,,,,,,,,
4356,2026-05-22T18:00:00+00:00,SWEEP,bullish,4512.254,,,,,,,,,,,,,,,,,,,,,,,,,,,,,
4373,2026-05-22T19:25:00+00:00,SWEEP,bullish,4506.677,,,,,,,,,,,,,,,,,,,,,,,,,,,,,
4374,2026-05-22T19:30:00+00:00,SWEEP,bullish,4506.104,,,,,,,,,,,,,,,,,,,,,,,,,,,,,
4394,2026-05-24T22:10:00+00:00,SWEEP,bearish,4556.764,,,,,,,,,,,,,,,,,,,,,,,,,,,,,
4407,2026-05-24T23:15:00+00:00,SWEEP,bearish,4576.546,,,,,,,,,,,,,,,,,,,,,,,,,,,,,
4408,2026-05-24T23:20:00+00:00,SWEEP,bearish,4577.66,,,,,,,,,,,,,,,,,,,,,,,,,,,,,
4410,2026-05-24T23:30:00+00:00,SWEEP,bearish,4578.236,,,,,,,,,,,,,,,,,,,,,,,,,,,,,
4411,2026-05-24T23:35:00+00:00,SWEEP,bearish,4578.708,,,,,,,,,,,,,,,,,,,,,,,,,,,,,
4412,2026-05-24T23:40:00+00:00,SWEEP,bearish,4579.325,,,,,,,,,,,,,,,,,,,,,,,,,,,,,
4437,2026-05-25T01:45:00+00:00,SWEEP,bullish,4560.315,,,,,,,,,,,,,,,,,,,,,,,,,,,,,
4443,2026-05-25T02:15:00+00:00,SWEEP,bullish,4560.052,,,,,,,,,,,,,,,,,,,,,,,,,,,,,
4461,2026-05-25T03:45:00+00:00,SWEEP,bullish,4558.042,,,,,,,,,,,,,,,,,,,,,,,,,,,,,
4462,2026-05-25T03:50:00+00:00,SWEEP,bullish,4556.797,,,,,,,,,,,,,,,,,,,,,,,,,,,,,
4466,2026-05-25T04:10:00+00:00,OB_FORMED,bullish,,32.0,4560.13,4562.657,81.72,"{'body': 18.33, 'fvg': 15.22, 'sweep': 22.92, 'break': 0.24, 'ob_size': 15.0, 'adjacency': 10}",,,,,,,,,,,,,,,,,,,,,,,,
4470,2026-05-25T04:30:00+00:00,OB_TOUCH,,,32.0,,,,,76.92916501782277,,,,,,,,,,,,,,,,,,,,,,,
4471,2026-05-25T04:35:00+00:00,REVERSAL_INSIDE_OB,,,32.0,,,,,33.47843292443387,,,,,,,,,,,,,,,,,,,,,,,
4471,2026-05-25T04:35:00+00:00,WAIT_MICRO_BOS,,,32.0,,,,,,,,,,,normal_reversal_inside_ob,,,,,,,,,,,,,,,,,
4472,2026-05-25T04:40:00+00:00,REVERSAL_INSIDE_OB,,,32.0,,,,,9.616145627241341,,,,,,,,,,,,,,,,,,,,,,,
4472,2026-05-25T04:40:00+00:00,WAIT_MICRO_BOS,,,32.0,,,,,,,,,,,normal_reversal_inside_ob,,,,,,,,,,,,,,,,,
4473,2026-05-25T04:45:00+00:00,WAIT_MTF_CONTEXT,,,32.0,,,,,,neutral,bullish,bearish,30.77,,,,,,,,,,,,,,,,,,,
4474,2026-05-25T04:50:00+00:00,WAIT_MTF_CONTEXT,,,32.0,,,,,,neutral,bullish,bearish,30.77,,,,,,,,,,,,,,,,,,,
4475,2026-05-25T04:55:00+00:00,WAIT_MTF_CONTEXT,,,32.0,,,,,,neutral,bullish,bearish,30.77,,,,,,,,,,,,,,,,,,,
4476,2026-05-25T05:00:00+00:00,SWEEP,bearish,4566.044,,,,,,,,,,,,,,,,,,,,,,,,,,,,,
4476,2026-05-25T05:00:00+00:00,WAIT_MTF_CONTEXT,,,32.0,,,,,,neutral,bullish,bearish,30.77,,,,,,,,,,,,,,,,,,,
4477,2026-05-25T05:05:00+00:00,WAIT_MTF_CONTEXT,,,32.0,,,,,,neutral,bullish,bearish,30.77,,,,,,,,,,,,,,,,,,,
4478,2026-05-25T05:10:00+00:00,WAIT_MTF_CONTEXT,,,32.0,,,,,,neutral,bullish,bearish,30.77,,,,,,,,,,,,,,,,,,,
4479,2026-05-25T05:15:00+00:00,WAIT_MTF_CONTEXT,,,32.0,,,,,,neutral,bullish,bearish,30.77,,,,,,,,,,,,,,,,,,,
4480,2026-05-25T05:20:00+00:00,OB_CROSSED_AFTER_TOUCH,,,32.0,,,,,100.0,,,,,,,,,,,,,,,,,,,,,,,
4481,2026-05-25T05:25:00+00:00,OB_CROSSED_AFTER_TOUCH,,,32.0,,,,,100.0,,,,,,,,,,,,,,,,,,,,,,,
4482,2026-05-25T05:30:00+00:00,SWEEP,bullish,4554.134,,,,,,,,,,,,,,,,,,,,,,,,,,,,,
4482,2026-05-25T05:30:00+00:00,OB_CROSSED_AFTER_TOUCH,,,32.0,,,,,100.0,,,,,,,,,,,,,,,,,,,,,,,
4483,2026-05-25T05:35:00+00:00,OB_CROSSED_AFTER_TOUCH,,,32.0,,,,,100.0,,,,,,,,,,,,,,,,,,,,,,,
4484,2026-05-25T05:40:00+00:00,OB_CROSSED_AFTER_TOUCH,,,32.0,,,,,100.0,,,,,,,,,,,,,,,,,,,,,,,
4485,2026-05-25T05:45:00+00:00,OB_CROSSED_AFTER_TOUCH,,,32.0,,,,,100.0,,,,,,,,,,,,,,,,,,,,,,,
4486,2026-05-25T05:50:00+00:00,SWEEP,bullish,4552.662,,,,,,,,,,,,,,,,,,,,,,,,,,,,,
4486,2026-05-25T05:50:00+00:00,OB_CROSSED_AFTER_TOUCH,,,32.0,,,,,100.0,,,,,,,,,,,,,,,,,,,,,,,
4487,2026-05-25T05:55:00+00:00,OB_CROSSED_AFTER_TOUCH,,,32.0,,,,,100.0,,,,,,,,,,,,,,,,,,,,,,,
4488,2026-05-25T06:00:00+00:00,OB_CROSSED_AFTER_TOUCH,,,32.0,,,,,100.0,,,,,,,,,,,,,,,,,,,,,,,
4489,2026-05-25T06:05:00+00:00,SWEEP,bullish,4551.895,,,,,,,,,,,,,,,,,,,,,,,,,,,,,
4489,2026-05-25T06:05:00+00:00,OB_CROSSED_AFTER_TOUCH,,,32.0,,,,,100.0,,,,,,,,,,,,,,,,,,,,,,,
4490,2026-05-25T06:10:00+00:00,OB_CROSSED_AFTER_TOUCH,,,32.0,,,,,100.0,,,,,,,,,,,,,,,,,,,,,,,
4491,2026-05-25T06:15:00+00:00,OB_CROSSED_AFTER_TOUCH,,,32.0,,,,,100.0,,,,,,,,,,,,,,,,,,,,,,,
4492,2026-05-25T06:20:00+00:00,OB_CROSSED_AFTER_TOUCH,,,32.0,,,,,100.0,,,,,,,,,,,,,,,,,,,,,,,
4493,2026-05-25T06:25:00+00:00,OB_CROSSED_AFTER_TOUCH,,,32.0,,,,,100.0,,,,,,,,,,,,,,,,,,,,,,,
4494,2026-05-25T06:30:00+00:00,OB_CROSSED_AFTER_TOUCH,,,32.0,,,,,100.0,,,,,,,,,,,,,,,,,,,,,,,
4495,2026-05-25T06:35:00+00:00,OB_CROSSED_AFTER_TOUCH,,,32.0,,,,,100.0,,,,,,,,,,,,,,,,,,,,,,,
4496,2026-05-25T06:40:00+00:00,OB_CROSSED_AFTER_TOUCH,,,32.0,,,,,100.0,,,,,,,,,,,,,,,,,,,,,,,
4497,2026-05-25T06:45:00+00:00,OB_CROSSED_AFTER_TOUCH,,,32.0,,,,,100.0,,,,,,,,,,,,,,,,,,,,,,,
4498,2026-05-25T06:50:00+00:00,OB_CROSSED_AFTER_TOUCH,,,32.0,,,,,100.0,,,,,,,,,,,,,,,,,,,,,,,
4499,2026-05-25T06:55:00+00:00,WAIT_MTF_CONTEXT,,,32.0,,,,,,neutral,bullish,bearish,30.77,,,,,,,,,,,,,,,,,,,
4500,2026-05-25T07:00:00+00:00,WAIT_MTF_CONTEXT,,,32.0,,,,,,neutral,bullish,bearish,30.77,,,,,,,,,,,,,,,,,,,
4501,2026-05-25T07:05:00+00:00,WAIT_MTF_CONTEXT,,,32.0,,,,,,neutral,bullish,bearish,30.77,,,,,,,,,,,,,,,,,,,
4502,2026-05-25T07:10:00+00:00,WAIT_MTF_CONTEXT,,,32.0,,,,,,neutral,bullish,bearish,30.77,,,,,,,,,,,,,,,,,,,
4503,2026-05-25T07:15:00+00:00,OB_CROSSED_AFTER_TOUCH,,,32.0,,,,,100.0,,,,,,,,,,,,,,,,,,,,,,,
4504,2026-05-25T07:20:00+00:00,OB_CROSSED_AFTER_TOUCH,,,32.0,,,,,100.0,,,,,,,,,,,,,,,,,,,,,,,
4505,2026-05-25T07:25:00+00:00,OB_CROSSED_AFTER_TOUCH,,,32.0,,,,,100.0,,,,,,,,,,,,,,,,,,,,,,,
4506,2026-05-25T07:30:00+00:00,OB_CROSSED_AFTER_TOUCH,,,32.0,,,,,100.0,,,,,,,,,,,,,,,,,,,,,,,
4507,2026-05-25T07:35:00+00:00,OB_CROSSED_AFTER_TOUCH,,,32.0,,,,,100.0,,,,,,,,,,,,,,,,,,,,,,,
4508,2026-05-25T07:40:00+00:00,OB_CROSSED_AFTER_TOUCH,,,32.0,,,,,100.0,,,,,,,,,,,,,,,,,,,,,,,
4509,2026-05-25T07:45:00+00:00,WAIT_MTF_CONTEXT,,,32.0,,,,,,neutral,bullish,bearish,30.77,,,,,,,,,,,,,,,,,,,
4510,2026-05-25T07:50:00+00:00,SWEEP,bearish,4564.768,,,,,,,,,,,,,,,,,,,,,,,,,,,,,
4510,2026-05-25T07:50:00+00:00,WAIT_MTF_CONTEXT,,,32.0,,,,,,neutral,bullish,bearish,30.77,,,,,,,,,,,,,,,,,,,
4511,2026-05-25T07:55:00+00:00,WAIT_MTF_CONTEXT,,,32.0,,,,,,neutral,bullish,bearish,30.77,,,,,,,,,,,,,,,,,,,
4512,2026-05-25T08:00:00+00:00,WAIT_MTF_CONTEXT,,,32.0,,,,,,neutral,bullish,bearish,30.77,,,,,,,,,,,,,,,,,,,
4513,2026-05-25T08:05:00+00:00,WAIT_MTF_CONTEXT,,,32.0,,,,,,neutral,bullish,bearish,30.77,,,,,,,,,,,,,,,,,,,
4514,2026-05-25T08:10:00+00:00,WAIT_MTF_CONTEXT,,,32.0,,,,,,neutral,bullish,bearish,30.77,,,,,,,,,,,,,,,,,,,
4515,2026-05-25T08:15:00+00:00,WAIT_MICRO_BOS,,,32.0,,,,,,,,,,,crossed_ob_reentry,,,,,,,,,,,,,,,,,
4516,2026-05-25T08:20:00+00:00,OB_CROSSED_AFTER_TOUCH,,,32.0,,,,,100.0,,,,,,,,,,,,,,,,,,,,,,,
4517,2026-05-25T08:25:00+00:00,OB_CROSSED_AFTER_TOUCH,,,32.0,,,,,100.0,,,,,,,,,,,,,,,,,,,,,,,
4518,2026-05-25T08:30:00+00:00,OB_CROSSED_AFTER_TOUCH,,,32.0,,,,,100.0,,,,,,,,,,,,,,,,,,,,,,,
4519,2026-05-25T08:35:00+00:00,OB_CROSSED_AFTER_TOUCH,,,32.0,,,,,100.0,,,,,,,,,,,,,,,,,,,,,,,
4520,2026-05-25T08:40:00+00:00,OB_CROSSED_AFTER_TOUCH,,,32.0,,,,,100.0,,,,,,,,,,,,,,,,,,,,,,,
4521,2026-05-25T08:45:00+00:00,OB_CROSSED_AFTER_TOUCH,,,32.0,,,,,100.0,,,,,,,,,,,,,,,,,,,,,,,
4522,2026-05-25T08:50:00+00:00,OB_CROSSED_AFTER_TOUCH,,,32.0,,,,,100.0,,,,,,,,,,,,,,,,,,,,,,,
4523,2026-05-25T08:55:00+00:00,OB_CROSSED_AFTER_TOUCH,,,32.0,,,,,100.0,,,,,,,,,,,,,,,,,,,,,,,
4524,2026-05-25T09:00:00+00:00,OB_CROSSED_AFTER_TOUCH,,,32.0,,,,,100.0,,,,,,,,,,,,,,,,,,,,,,,
4525,2026-05-25T09:05:00+00:00,OB_CROSSED_AFTER_TOUCH,,,32.0,,,,,100.0,,,,,,,,,,,,,,,,,,,,,,,
4526,2026-05-25T09:10:00+00:00,OB_CROSSED_AFTER_TOUCH,,,32.0,,,,,100.0,,,,,,,,,,,,,,,,,,,,,,,
4527,2026-05-25T09:15:00+00:00,OB_CROSSED_AFTER_TOUCH,,,32.0,,,,,100.0,,,,,,,,,,,,,,,,,,,,,,,
4528,2026-05-25T09:20:00+00:00,OB_CROSSED_AFTER_TOUCH,,,32.0,,,,,100.0,,,,,,,,,,,,,,,,,,,,,,,
4529,2026-05-25T09:25:00+00:00,OB_CROSSED_AFTER_TOUCH,,,32.0,,,,,100.0,,,,,,,,,,,,,,,,,,,,,,,
4530,2026-05-25T09:30:00+00:00,WAIT_REENTRY_DEPTH,,,32.0,,,,,0.0,,,,,,,70.0,,,,,,,,,,,,,,,,
4531,2026-05-25T09:35:00+00:00,SWEEP,bearish,4565.132,,,,,,,,,,,,,,,,,,,,,,,,,,,,,
4531,2026-05-25T09:35:00+00:00,WAIT_REENTRY_DEPTH,,,32.0,,,,,0.0,,,,,,,70.0,,,,,,,,,,,,,,,,
4532,2026-05-25T09:40:00+00:00,SWEEP,bearish,4565.748,,,,,,,,,,,,,,,,,,,,,,,,,,,,,
4532,2026-05-25T09:40:00+00:00,WAIT_REENTRY_DEPTH,,,32.0,,,,,0.0,,,,,,,70.0,,,,,,,,,,,,,,,,
4533,2026-05-25T09:45:00+00:00,WAIT_REENTRY_DEPTH,,,32.0,,,,,0.0,,,,,,,70.0,,,,,,,,,,,,,,,,
4534,2026-05-25T09:50:00+00:00,WAIT_REENTRY_DEPTH,,,32.0,,,,,0.0,,,,,,,70.0,,,,,,,,,,,,,,,,
4535,2026-05-25T09:55:00+00:00,SWEEP,bearish,4568.581,,,,,,,,,,,,,,,,,,,,,,,,,,,,,
4535,2026-05-25T09:55:00+00:00,WAIT_REENTRY_DEPTH,,,32.0,,,,,0.0,,,,,,,70.0,,,,,,,,,,,,,,,,
4536,2026-05-25T10:00:00+00:00,SWEEP,bearish,4569.003,,,,,,,,,,,,,,,,,,,,,,,,,,,,,
4536,2026-05-25T10:00:00+00:00,WAIT_REENTRY_DEPTH,,,32.0,,,,,0.0,,,,,,,70.0,,,,,,,,,,,,,,,,
4537,2026-05-25T10:05:00+00:00,WAIT_REENTRY_DEPTH,,,32.0,,,,,0.0,,,,,,,70.0,,,,,,,,,,,,,,,,
4538,2026-05-25T10:10:00+00:00,WAIT_REENTRY_DEPTH,,,32.0,,,,,0.0,,,,,,,70.0,,,,,,,,,,,,,,,,
4539,2026-05-25T10:15:00+00:00,SWEEP,bearish,4572.55,,,,,,,,,,,,,,,,,,,,,,,,,,,,,
4539,2026-05-25T10:15:00+00:00,WAIT_REENTRY_DEPTH,,,32.0,,,,,0.0,,,,,,,70.0,,,,,,,,,,,,,,,,
4540,2026-05-25T10:20:00+00:00,WAIT_REENTRY_DEPTH,,,32.0,,,,,0.0,,,,,,,70.0,,,,,,,,,,,,,,,,
4541,2026-05-25T10:25:00+00:00,WAIT_REENTRY_DEPTH,,,32.0,,,,,0.0,,,,,,,70.0,,,,,,,,,,,,,,,,
4542,2026-05-25T10:30:00+00:00,WAIT_REENTRY_DEPTH,,,32.0,,,,,0.0,,,,,,,70.0,,,,,,,,,,,,,,,,
4543,2026-05-25T10:35:00+00:00,WAIT_REENTRY_DEPTH,,,32.0,,,,,0.0,,,,,,,70.0,,,,,,,,,,,,,,,,
4544,2026-05-25T10:40:00+00:00,WAIT_REENTRY_DEPTH,,,32.0,,,,,0.0,,,,,,,70.0,,,,,,,,,,,,,,,,
4545,2026-05-25T10:45:00+00:00,WAIT_REENTRY_DEPTH,,,32.0,,,,,0.0,,,,,,,70.0,,,,,,,,,,,,,,,,
4546,2026-05-25T10:50:00+00:00,WAIT_REENTRY_DEPTH,,,32.0,,,,,0.0,,,,,,,70.0,,,,,,,,,,,,,,,,
4547,2026-05-25T10:55:00+00:00,WAIT_REENTRY_DEPTH,,,32.0,,,,,0.0,,,,,,,70.0,,,,,,,,,,,,,,,,
4548,2026-05-25T11:00:00+00:00,WAIT_REENTRY_DEPTH,,,32.0,,,,,0.0,,,,,,,70.0,,,,,,,,,,,,,,,,
4549,2026-05-25T11:05:00+00:00,WAIT_REENTRY_DEPTH,,,32.0,,,,,0.0,,,,,,,70.0,,,,,,,,,,,,,,,,
4550,2026-05-25T11:10:00+00:00,WAIT_REENTRY_DEPTH,,,32.0,,,,,0.0,,,,,,,70.0,,,,,,,,,,,,,,,,
4551,2026-05-25T11:15:00+00:00,WAIT_REENTRY_DEPTH,,,32.0,,,,,0.0,,,,,,,70.0,,,,,,,,,,,,,,,,
4552,2026-05-25T11:20:00+00:00,WAIT_REENTRY_DEPTH,,,32.0,,,,,0.0,,,,,,,70.0,,,,,,,,,,,,,,,,
4553,2026-05-25T11:25:00+00:00,WAIT_REENTRY_DEPTH,,,32.0,,,,,0.0,,,,,,,70.0,,,,,,,,,,,,,,,,
4554,2026-05-25T11:30:00+00:00,WAIT_REENTRY_DEPTH,,,32.0,,,,,0.0,,,,,,,70.0,,,,,,,,,,,,,,,,
4555,2026-05-25T11:35:00+00:00,WAIT_REENTRY_DEPTH,,,32.0,,,,,0.0,,,,,,,70.0,,,,,,,,,,,,,,,,
4556,2026-05-25T11:40:00+00:00,WAIT_REENTRY_DEPTH,,,32.0,,,,,0.0,,,,,,,70.0,,,,,,,,,,,,,,,,
4557,2026-05-25T11:45:00+00:00,SWEEP,bearish,4576.254,,,,,,,,,,,,,,,,,,,,,,,,,,,,,
4557,2026-05-25T11:45:00+00:00,WAIT_REENTRY_DEPTH,,,32.0,,,,,0.0,,,,,,,70.0,,,,,,,,,,,,,,,,
4558,2026-05-25T11:50:00+00:00,WAIT_REENTRY_DEPTH,,,32.0,,,,,0.0,,,,,,,70.0,,,,,,,,,,,,,,,,
4559,2026-05-25T11:55:00+00:00,WAIT_REENTRY_DEPTH,,,32.0,,,,,0.0,,,,,,,70.0,,,,,,,,,,,,,,,,
4560,2026-05-25T12:00:00+00:00,WAIT_REENTRY_DEPTH,,,32.0,,,,,0.0,,,,,,,70.0,,,,,,,,,,,,,,,,
4561,2026-05-25T12:05:00+00:00,WAIT_MICRO_BOS,,,32.0,,,,,,,,,,,crossed_ob_reentry,,,,,,,,,,,,,,,,,
4562,2026-05-25T12:10:00+00:00,OB_CROSSED_AFTER_TOUCH,,,32.0,,,,,100.0,,,,,,,,,,,,,,,,,,,,,,,
4563,2026-05-25T12:15:00+00:00,OB_CROSSED_AFTER_TOUCH,,,32.0,,,,,100.0,,,,,,,,,,,,,,,,,,,,,,,
4564,2026-05-25T12:20:00+00:00,SWEEP,bullish,4553.81,,,,,,,,,,,,,,,,,,,,,,,,,,,,,
4564,2026-05-25T12:20:00+00:00,OB_CROSSED_AFTER_TOUCH,,,32.0,,,,,100.0,,,,,,,,,,,,,,,,,,,,,,,
4565,2026-05-25T12:25:00+00:00,REVERSAL_AFTER_OB_CROSS,,,32.0,,,,,91.7688959240354,,,,,,,,,,,,,,,,,,,,,,,
4565,2026-05-25T12:25:00+00:00,WAIT_MICRO_BOS,,,32.0,,,,,,,,,,,crossed_ob_reentry,,,,,,,,,,,,,,,,,
4566,2026-05-25T12:30:00+00:00,WAIT_REENTRY_DEPTH,,,32.0,,,,,0.0,,,,,,,70.0,,,,,,,,,,,,,,,,
4567,2026-05-25T12:35:00+00:00,OB_EXPIRED,,,32.0,,,,,,,,,,101.0,,,,,,,,,,,,,,,,,,
4598,2026-05-25T15:10:00+00:00,SWEEP,bearish,4570.692,,,,,,,,,,,,,,,,,,,,,,,,,,,,,
4600,2026-05-25T15:20:00+00:00,SWEEP,bearish,4573.41,,,,,,,,,,,,,,,,,,,,,,,,,,,,,
4601,2026-05-25T15:25:00+00:00,SWEEP,bearish,4573.467,,,,,,,,,,,,,,,,,,,,,,,,,,,,,
4622,2026-05-25T17:10:00+00:00,SWEEP,bearish,4576.59,,,,,,,,,,,,,,,,,,,,,,,,,,,,,
4627,2026-05-25T17:35:00+00:00,SWEEP,bullish,4567.825,,,,,,,,,,,,,,,,,,,,,,,,,,,,,
4650,2026-05-25T23:00:00+00:00,SWEEP,bearish,4576.43,,,,,,,,,,,,,,,,,,,,,,,,,,,,,
4651,2026-05-25T23:05:00+00:00,SWEEP,bearish,4576.488,,,,,,,,,,,,,,,,,,,,,,,,,,,,,
4653,2026-05-25T23:15:00+00:00,SWEEP,bearish,4579.181,,,,,,,,,,,,,,,,,,,,,,,,,,,,,
4655,2026-05-25T23:25:00+00:00,SWEEP,bullish,4567.321,,,,,,,,,,,,,,,,,,,,,,,,,,,,,
4657,2026-05-25T23:35:00+00:00,SWEEP,bullish,4560.253,,,,,,,,,,,,,,,,,,,,,,,,,,,,,
4658,2026-05-25T23:40:00+00:00,SWEEP,bullish,4555.147,,,,,,,,,,,,,,,,,,,,,,,,,,,,,
4663,2026-05-26T00:05:00+00:00,SWEEP,bullish,4549.039,,,,,,,,,,,,,,,,,,,,,,,,,,,,,
4660,2026-05-25T23:50:00+00:00,OB_FORMED,bearish,,33.0,4558.5,4562.981,86.09,"{'body': 17.84, 'fvg': 18.57, 'sweep': 15.33, 'break': 12.28, 'ob_size': 12.06, 'adjacency': 10}",,,,,,,,,,,,,,,,,,,,,,,,
4664,2026-05-26T00:10:00+00:00,SWEEP,bullish,4548.506,,,,,,,,,,,,,,,,,,,,,,,,,,,,,
4672,2026-05-26T00:50:00+00:00,SWEEP,bullish,4540.893,,,,,,,,,,,,,,,,,,,,,,,,,,,,,
4705,2026-05-26T03:35:00+00:00,SWEEP,bearish,4544.326,,,,,,,,,,,,,,,,,,,,,,,,,,,,,
4713,2026-05-26T04:15:00+00:00,OB_FORMED,bearish,,34.0,4536.321,4539.501,70.61,"{'body': 15.53, 'fvg': 5.67, 'sweep': 23.77, 'break': 2.06, 'ob_size': 13.58, 'adjacency': 10}",,,,,,,,,,,,,,,,,,,,,,,,
4716,2026-05-26T04:30:00+00:00,SWEEP,bullish,4529.81,,,,,,,,,,,,,,,,,,,,,,,,,,,,,
4718,2026-05-26T04:40:00+00:00,SWEEP,bullish,4525.683,,,,,,,,,,,,,,,,,,,,,,,,,,,,,
4719,2026-05-26T04:45:00+00:00,SWEEP,bullish,4525.201,,,,,,,,,,,,,,,,,,,,,,,,,,,,,
4721,2026-05-26T04:55:00+00:00,SWEEP,bullish,4524.536,,,,,,,,,,,,,,,,,,,,,,,,,,,,,
4722,2026-05-26T05:00:00+00:00,SWEEP,bullish,4523.352,,,,,,,,,,,,,,,,,,,,,,,,,,,,,
4724,2026-05-26T05:10:00+00:00,OB_FORMED,bullish,,35.0,4528.907,4531.263,70.19,"{'body': 13.68, 'fvg': 8.73, 'sweep': 16.33, 'break': 6.45, 'ob_size': 15.0, 'adjacency': 10}",,,,,,,,,,,,,,,,,,,,,,,,
4730,2026-05-26T05:40:00+00:00,OB_TOUCH,,,35.0,,,,,58.319185059419866,,,,,,,,,,,,,,,,,,,,,,,
4731,2026-05-26T05:45:00+00:00,OB_CROSSED_AFTER_TOUCH,,,35.0,,,,,100.0,,,,,,,,,,,,,,,,,,,,,,,
4732,2026-05-26T05:50:00+00:00,OB_CROSSED_AFTER_TOUCH,,,35.0,,,,,100.0,,,,,,,,,,,,,,,,,,,,,,,
4733,2026-05-26T05:55:00+00:00,OB_CROSSED_AFTER_TOUCH,,,35.0,,,,,100.0,,,,,,,,,,,,,,,,,,,,,,,
4734,2026-05-26T06:00:00+00:00,WAIT_MTF_CONTEXT,,,35.0,,,,,,neutral,bullish,bearish,30.77,,,,,,,,,,,,,,,,,,,
4735,2026-05-26T06:05:00+00:00,WAIT_MTF_CONTEXT,,,35.0,,,,,,neutral,bullish,bearish,30.77,,,,,,,,,,,,,,,,,,,
4736,2026-05-26T06:10:00+00:00,WAIT_MTF_CONTEXT,,,35.0,,,,,,neutral,bullish,bearish,30.77,,,,,,,,,,,,,,,,,,,
4737,2026-05-26T06:15:00+00:00,WAIT_MTF_CONTEXT,,,35.0,,,,,,neutral,bullish,bearish,30.77,,,,,,,,,,,,,,,,,,,
4738,2026-05-26T06:20:00+00:00,WAIT_MTF_CONTEXT,,,35.0,,,,,,neutral,bullish,bearish,30.77,,,,,,,,,,,,,,,,,,,
4739,2026-05-26T06:25:00+00:00,SWEEP,bearish,4534.959,,,,,,,,,,,,,,,,,,,,,,,,,,,,,
4739,2026-05-26T06:25:00+00:00,WAIT_MTF_CONTEXT,,,35.0,,,,,,neutral,bullish,bearish,30.77,,,,,,,,,,,,,,,,,,,
4740,2026-05-26T06:30:00+00:00,WAIT_MTF_CONTEXT,,,35.0,,,,,,neutral,bullish,bearish,30.77,,,,,,,,,,,,,,,,,,,
4741,2026-05-26T06:35:00+00:00,WAIT_MTF_CONTEXT,,,35.0,,,,,,neutral,bullish,bearish,30.77,,,,,,,,,,,,,,,,,,,
4742,2026-05-26T06:40:00+00:00,WAIT_MTF_CONTEXT,,,35.0,,,,,,neutral,bullish,bearish,30.77,,,,,,,,,,,,,,,,,,,
4743,2026-05-26T06:45:00+00:00,WAIT_MTF_CONTEXT,,,35.0,,,,,,neutral,bullish,bearish,30.77,,,,,,,,,,,,,,,,,,,
4744,2026-05-26T06:50:00+00:00,WAIT_MTF_CONTEXT,,,35.0,,,,,,neutral,bullish,bearish,30.77,,,,,,,,,,,,,,,,,,,
4745,2026-05-26T06:55:00+00:00,WAIT_MTF_CONTEXT,,,35.0,,,,,,neutral,bullish,bearish,30.77,,,,,,,,,,,,,,,,,,,
4746,2026-05-26T07:00:00+00:00,WAIT_MTF_CONTEXT,,,35.0,,,,,,neutral,bullish,bearish,30.77,,,,,,,,,,,,,,,,,,,
4747,2026-05-26T07:05:00+00:00,OB_CROSSED_AFTER_TOUCH,,,35.0,,,,,100.0,,,,,,,,,,,,,,,,,,,,,,,
4748,2026-05-26T07:10:00+00:00,OB_CROSSED_AFTER_TOUCH,,,35.0,,,,,100.0,,,,,,,,,,,,,,,,,,,,,,,
4749,2026-05-26T07:15:00+00:00,SWEEP,bullish,4523.697,,,,,,,,,,,,,,,,,,,,,,,,,,,,,
4749,2026-05-26T07:15:00+00:00,OB_CROSSED_AFTER_TOUCH,,,35.0,,,,,100.0,,,,,,,,,,,,,,,,,,,,,,,
4750,2026-05-26T07:20:00+00:00,WAIT_MTF_CONTEXT,,,35.0,,,,,,neutral,bullish,bearish,30.77,,,,,,,,,,,,,,,,,,,
4751,2026-05-26T07:25:00+00:00,WAIT_MTF_CONTEXT,,,35.0,,,,,,neutral,bullish,bearish,30.77,,,,,,,,,,,,,,,,,,,
4752,2026-05-26T07:30:00+00:00,OB_CROSSED_AFTER_TOUCH,,,35.0,,,,,100.0,,,,,,,,,,,,,,,,,,,,,,,
4753,2026-05-26T07:35:00+00:00,SWEEP,bullish,4522.085,,,,,,,,,,,,,,,,,,,,,,,,,,,,,
4753,2026-05-26T07:35:00+00:00,OB_CROSSED_AFTER_TOUCH,,,35.0,,,,,100.0,,,,,,,,,,,,,,,,,,,,,,,
4754,2026-05-26T07:40:00+00:00,OB_CROSSED_AFTER_TOUCH,,,35.0,,,,,100.0,,,,,,,,,,,,,,,,,,,,,,,
4755,2026-05-26T07:45:00+00:00,WAIT_MTF_CONTEXT,,,35.0,,,,,,neutral,bullish,bearish,30.77,,,,,,,,,,,,,,,,,,,
4756,2026-05-26T07:50:00+00:00,WAIT_MTF_CONTEXT,,,35.0,,,,,,neutral,bullish,bearish,30.77,,,,,,,,,,,,,,,,,,,
4757,2026-05-26T07:55:00+00:00,OB_TOUCH,,,34.0,,,,,53.52201257861855,,,,,,,,,,,,,,,,,,,,,,,
4757,2026-05-26T07:55:00+00:00,WAIT_MTF_CONTEXT,,,35.0,,,,,,neutral,bullish,bearish,30.77,,,,,,,,,,,,,,,,,,,
4756,2026-05-26T07:50:00+00:00,OB_FORMED,bullish,,36.0,4531.406,4535.169,75.01,"{'body': 19.38, 'fvg': 0.02, 'sweep': 24.35, 'break': 6.27, 'ob_size': 15.0, 'adjacency': 10}",,,,,,,,,,,,,,,,,,,,,,,,
4758,2026-05-26T08:00:00+00:00,WAIT_MTF_CONTEXT,,,35.0,,,,,,neutral,bullish,bearish,30.77,,,,,,,,,,,,,,,,,,,
4759,2026-05-26T08:05:00+00:00,WAIT_MTF_CONTEXT,,,35.0,,,,,,neutral,bullish,bearish,30.77,,,,,,,,,,,,,,,,,,,
4759,2026-05-26T08:05:00+00:00,OB_TOUCH,,,36.0,,,,,61.83895827797702,,,,,,,,,,,,,,,,,,,,,,,
4759,2026-05-26T08:05:00+00:00,WAIT_MTF_CONTEXT,,,36.0,,,,,,neutral,bullish,bearish,30.77,,,,,,,,,,,,,,,,,,,
4760,2026-05-26T08:10:00+00:00,OB_CROSSED_AFTER_TOUCH,,,35.0,,,,,100.0,,,,,,,,,,,,,,,,,,,,,,,
4760,2026-05-26T08:10:00+00:00,OB_CROSSED_AFTER_TOUCH,,,36.0,,,,,100.0,,,,,,,,,,,,,,,,,,,,,,,
4761,2026-05-26T08:15:00+00:00,OB_EXPIRED,,,33.0,,,,,,,,,,101.0,,,,,,,,,,,,,,,,,,
4761,2026-05-26T08:15:00+00:00,WAIT_MTF_CONTEXT,,,35.0,,,,,,neutral,bullish,bearish,30.77,,,,,,,,,,,,,,,,,,,
4761,2026-05-26T08:15:00+00:00,OB_CROSSED_AFTER_TOUCH,,,36.0,,,,,100.0,,,,,,,,,,,,,,,,,,,,,,,
4762,2026-05-26T08:20:00+00:00,OB_CROSSED_AFTER_TOUCH,,,35.0,,,,,100.0,,,,,,,,,,,,,,,,,,,,,,,
4762,2026-05-26T08:20:00+00:00,OB_CROSSED_AFTER_TOUCH,,,36.0,,,,,100.0,,,,,,,,,,,,,,,,,,,,,,,
4763,2026-05-26T08:25:00+00:00,SWEEP,bullish,4521.521,,,,,,,,,,,,,,,,,,,,,,,,,,,,,
4763,2026-05-26T08:25:00+00:00,OB_CROSSED_AFTER_TOUCH,,,35.0,,,,,100.0,,,,,,,,,,,,,,,,,,,,,,,
4763,2026-05-26T08:25:00+00:00,OB_CROSSED_AFTER_TOUCH,,,36.0,,,,,100.0,,,,,,,,,,,,,,,,,,,,,,,
4764,2026-05-26T08:30:00+00:00,SWEEP,bullish,4520.335,,,,,,,,,,,,,,,,,,,,,,,,,,,,,
4764,2026-05-26T08:30:00+00:00,OB_CROSSED_AFTER_TOUCH,,,35.0,,,,,100.0,,,,,,,,,,,,,,,,,,,,,,,
4764,2026-05-26T08:30:00+00:00,OB_CROSSED_AFTER_TOUCH,,,36.0,,,,,100.0,,,,,,,,,,,,,,,,,,,,,,,
4765,2026-05-26T08:35:00+00:00,OB_CROSSED_AFTER_TOUCH,,,35.0,,,,,100.0,,,,,,,,,,,,,,,,,,,,,,,
4765,2026-05-26T08:35:00+00:00,OB_CROSSED_AFTER_TOUCH,,,36.0,,,,,100.0,,,,,,,,,,,,,,,,,,,,,,,
4766,2026-05-26T08:40:00+00:00,OB_CROSSED_AFTER_TOUCH,,,35.0,,,,,100.0,,,,,,,,,,,,,,,,,,,,,,,
4766,2026-05-26T08:40:00+00:00,OB_CROSSED_AFTER_TOUCH,,,36.0,,,,,100.0,,,,,,,,,,,,,,,,,,,,,,,
4767,2026-05-26T08:45:00+00:00,WAIT_MTF_CONTEXT,,,34.0,,,,,,neutral,bullish,neutral,30.77,,,,,,,,,,,,,,,,,,,
4767,2026-05-26T08:45:00+00:00,OB_CROSSED_AFTER_TOUCH,,,35.0,,,,,100.0,,,,,,,,,,,,,,,,,,,,,,,
4767,2026-05-26T08:45:00+00:00,OB_CROSSED_AFTER_TOUCH,,,36.0,,,,,100.0,,,,,,,,,,,,,,,,,,,,,,,
4768,2026-05-26T08:50:00+00:00,WAIT_MTF_CONTEXT,,,34.0,,,,,,neutral,bullish,neutral,30.77,,,,,,,,,,,,,,,,,,,
4768,2026-05-26T08:50:00+00:00,OB_CROSSED_AFTER_TOUCH,,,35.0,,,,,100.0,,,,,,,,,,,,,,,,,,,,,,,
4768,2026-05-26T08:50:00+00:00,OB_CROSSED_AFTER_TOUCH,,,36.0,,,,,100.0,,,,,,,,,,,,,,,,,,,,,,,
4769,2026-05-26T08:55:00+00:00,WAIT_MTF_CONTEXT,,,34.0,,,,,,neutral,bullish,neutral,30.77,,,,,,,,,,,,,,,,,,,
4769,2026-05-26T08:55:00+00:00,OB_CROSSED_AFTER_TOUCH,,,35.0,,,,,100.0,,,,,,,,,,,,,,,,,,,,,,,
4769,2026-05-26T08:55:00+00:00,OB_CROSSED_AFTER_TOUCH,,,36.0,,,,,100.0,,,,,,,,,,,,,,,,,,,,,,,
4770,2026-05-26T09:00:00+00:00,WAIT_MTF_CONTEXT,,,34.0,,,,,,neutral,bullish,neutral,30.77,,,,,,,,,,,,,,,,,,,
4770,2026-05-26T09:00:00+00:00,OB_CROSSED_AFTER_TOUCH,,,35.0,,,,,100.0,,,,,,,,,,,,,,,,,,,,,,,
4770,2026-05-26T09:00:00+00:00,OB_CROSSED_AFTER_TOUCH,,,36.0,,,,,100.0,,,,,,,,,,,,,,,,,,,,,,,
4771,2026-05-26T09:05:00+00:00,WAIT_MTF_CONTEXT,,,34.0,,,,,,neutral,bullish,neutral,30.77,,,,,,,,,,,,,,,,,,,
4771,2026-05-26T09:05:00+00:00,OB_CROSSED_AFTER_TOUCH,,,35.0,,,,,100.0,,,,,,,,,,,,,,,,,,,,,,,
4771,2026-05-26T09:05:00+00:00,OB_CROSSED_AFTER_TOUCH,,,36.0,,,,,100.0,,,,,,,,,,,,,,,,,,,,,,,
4772,2026-05-26T09:10:00+00:00,SWEEP,bullish,4519.87,,,,,,,,,,,,,,,,,,,,,,,,,,,,,
4772,2026-05-26T09:10:00+00:00,WAIT_MTF_CONTEXT,,,34.0,,,,,,neutral,bullish,neutral,30.77,,,,,,,,,,,,,,,,,,,
4772,2026-05-26T09:10:00+00:00,OB_CROSSED_AFTER_TOUCH,,,35.0,,,,,100.0,,,,,,,,,,,,,,,,,,,,,,,
4772,2026-05-26T09:10:00+00:00,OB_CROSSED_AFTER_TOUCH,,,36.0,,,,,100.0,,,,,,,,,,,,,,,,,,,,,,,
4773,2026-05-26T09:15:00+00:00,SWEEP,bullish,4519.185,,,,,,,,,,,,,,,,,,,,,,,,,,,,,
4773,2026-05-26T09:15:00+00:00,WAIT_MTF_CONTEXT,,,34.0,,,,,,neutral,bullish,neutral,30.77,,,,,,,,,,,,,,,,,,,
4773,2026-05-26T09:15:00+00:00,OB_CROSSED_AFTER_TOUCH,,,35.0,,,,,100.0,,,,,,,,,,,,,,,,,,,,,,,
4773,2026-05-26T09:15:00+00:00,OB_CROSSED_AFTER_TOUCH,,,36.0,,,,,100.0,,,,,,,,,,,,,,,,,,,,,,,
4774,2026-05-26T09:20:00+00:00,WAIT_MTF_CONTEXT,,,34.0,,,,,,neutral,bullish,neutral,30.77,,,,,,,,,,,,,,,,,,,
4774,2026-05-26T09:20:00+00:00,OB_CROSSED_AFTER_TOUCH,,,35.0,,,,,100.0,,,,,,,,,,,,,,,,,,,,,,,
4774,2026-05-26T09:20:00+00:00,OB_CROSSED_AFTER_TOUCH,,,36.0,,,,,100.0,,,,,,,,,,,,,,,,,,,,,,,
4775,2026-05-26T09:25:00+00:00,WAIT_MTF_CONTEXT,,,34.0,,,,,,neutral,bullish,neutral,30.77,,,,,,,,,,,,,,,,,,,
4775,2026-05-26T09:25:00+00:00,OB_CROSSED_AFTER_TOUCH,,,35.0,,,,,100.0,,,,,,,,,,,,,,,,,,,,,,,
4775,2026-05-26T09:25:00+00:00,OB_CROSSED_AFTER_TOUCH,,,36.0,,,,,100.0,,,,,,,,,,,,,,,,,,,,,,,
4776,2026-05-26T09:30:00+00:00,SWEEP,bullish,4518.157,,,,,,,,,,,,,,,,,,,,,,,,,,,,,
4776,2026-05-26T09:30:00+00:00,WAIT_MTF_CONTEXT,,,34.0,,,,,,neutral,bullish,neutral,30.77,,,,,,,,,,,,,,,,,,,
4776,2026-05-26T09:30:00+00:00,OB_CROSSED_AFTER_TOUCH,,,35.0,,,,,100.0,,,,,,,,,,,,,,,,,,,,,,,
4776,2026-05-26T09:30:00+00:00,OB_CROSSED_AFTER_TOUCH,,,36.0,,,,,100.0,,,,,,,,,,,,,,,,,,,,,,,
4777,2026-05-26T09:35:00+00:00,WAIT_MTF_CONTEXT,,,34.0,,,,,,neutral,bullish,neutral,30.77,,,,,,,,,,,,,,,,,,,
4777,2026-05-26T09:35:00+00:00,OB_CROSSED_AFTER_TOUCH,,,35.0,,,,,100.0,,,,,,,,,,,,,,,,,,,,,,,
4777,2026-05-26T09:35:00+00:00,OB_CROSSED_AFTER_TOUCH,,,36.0,,,,,100.0,,,,,,,,,,,,,,,,,,,,,,,
4778,2026-05-26T09:40:00+00:00,WAIT_MTF_CONTEXT,,,34.0,,,,,,neutral,bullish,neutral,30.77,,,,,,,,,,,,,,,,,,,
4778,2026-05-26T09:40:00+00:00,OB_CROSSED_AFTER_TOUCH,,,35.0,,,,,100.0,,,,,,,,,,,,,,,,,,,,,,,
4778,2026-05-26T09:40:00+00:00,OB_CROSSED_AFTER_TOUCH,,,36.0,,,,,100.0,,,,,,,,,,,,,,,,,,,,,,,
4779,2026-05-26T09:45:00+00:00,WAIT_MTF_CONTEXT,,,34.0,,,,,,neutral,bullish,neutral,30.77,,,,,,,,,,,,,,,,,,,
4779,2026-05-26T09:45:00+00:00,OB_CROSSED_AFTER_TOUCH,,,35.0,,,,,100.0,,,,,,,,,,,,,,,,,,,,,,,
4779,2026-05-26T09:45:00+00:00,OB_CROSSED_AFTER_TOUCH,,,36.0,,,,,100.0,,,,,,,,,,,,,,,,,,,,,,,
4780,2026-05-26T09:50:00+00:00,WAIT_MTF_CONTEXT,,,34.0,,,,,,neutral,bullish,neutral,30.77,,,,,,,,,,,,,,,,,,,
4780,2026-05-26T09:50:00+00:00,OB_CROSSED_AFTER_TOUCH,,,35.0,,,,,100.0,,,,,,,,,,,,,,,,,,,,,,,
4780,2026-05-26T09:50:00+00:00,OB_CROSSED_AFTER_TOUCH,,,36.0,,,,,100.0,,,,,,,,,,,,,,,,,,,,,,,
4781,2026-05-26T09:55:00+00:00,WAIT_MTF_CONTEXT,,,34.0,,,,,,neutral,bullish,neutral,30.77,,,,,,,,,,,,,,,,,,,
4781,2026-05-26T09:55:00+00:00,OB_CROSSED_AFTER_TOUCH,,,35.0,,,,,100.0,,,,,,,,,,,,,,,,,,,,,,,
4781,2026-05-26T09:55:00+00:00,OB_CROSSED_AFTER_TOUCH,,,36.0,,,,,100.0,,,,,,,,,,,,,,,,,,,,,,,
4782,2026-05-26T10:00:00+00:00,WAIT_MTF_CONTEXT,,,34.0,,,,,,neutral,bullish,neutral,30.77,,,,,,,,,,,,,,,,,,,
4782,2026-05-26T10:00:00+00:00,OB_CROSSED_AFTER_TOUCH,,,35.0,,,,,100.0,,,,,,,,,,,,,,,,,,,,,,,
4782,2026-05-26T10:00:00+00:00,OB_CROSSED_AFTER_TOUCH,,,36.0,,,,,100.0,,,,,,,,,,,,,,,,,,,,,,,
4783,2026-05-26T10:05:00+00:00,WAIT_MTF_CONTEXT,,,34.0,,,,,,neutral,bullish,neutral,30.77,,,,,,,,,,,,,,,,,,,
4783,2026-05-26T10:05:00+00:00,OB_CROSSED_AFTER_TOUCH,,,35.0,,,,,100.0,,,,,,,,,,,,,,,,,,,,,,,
4783,2026-05-26T10:05:00+00:00,OB_CROSSED_AFTER_TOUCH,,,36.0,,,,,100.0,,,,,,,,,,,,,,,,,,,,,,,
4784,2026-05-26T10:10:00+00:00,WAIT_MTF_CONTEXT,,,34.0,,,,,,neutral,bullish,neutral,30.77,,,,,,,,,,,,,,,,,,,
4784,2026-05-26T10:10:00+00:00,REVERSAL_AFTER_OB_CROSS,,,35.0,,,,,87.77589134127399,,,,,,,,,,,,,,,,,,,,,,,
4784,2026-05-26T10:10:00+00:00,ENTRY,bullish,,35.0,,,,,,neutral,bullish,neutral,30.77,,crossed_ob_reentry,,1.0,4529.195,4510.715107142857,4566.154785714285,2.0,70.19,BULLISH,87.77589134127399,4778.0,4511.912,retracement_swing,4545.336,False,,,
4784,2026-05-26T10:10:00+00:00,OB_CROSSED_AFTER_TOUCH,,,36.0,,,,,100.0,,,,,,,,,,,,,,,,,,,,,,,
4785,2026-05-26T10:15:00+00:00,SWEEP,bearish,4532.108,,,,,,,,,,,,,,,,,,,,,,,,,,,,,
4785,2026-05-26T10:15:00+00:00,WAIT_MTF_CONTEXT,,,34.0,,,,,,neutral,bullish,neutral,30.77,,,,,,,,,,,,,,,,,,,
4785,2026-05-26T10:15:00+00:00,OB_CROSSED_AFTER_TOUCH,,,36.0,,,,,100.0,,,,,,,,,,,,,,,,,,,,,,,
4786,2026-05-26T10:20:00+00:00,WAIT_MTF_CONTEXT,,,34.0,,,,,,neutral,bullish,neutral,30.77,,,,,,,,,,,,,,,,,,,
4786,2026-05-26T10:20:00+00:00,OB_CROSSED_AFTER_TOUCH,,,36.0,,,,,100.0,,,,,,,,,,,,,,,,,,,,,,,
4787,2026-05-26T10:25:00+00:00,WAIT_MTF_CONTEXT,,,34.0,,,,,,neutral,bullish,neutral,30.77,,,,,,,,,,,,,,,,,,,
4787,2026-05-26T10:25:00+00:00,REVERSAL_AFTER_OB_CROSS,,,36.0,,,,,51.102843475945136,,,,,,,,,,,,,,,,,,,,,,,
4787,2026-05-26T10:25:00+00:00,WAIT_REENTRY_DEPTH,,,36.0,,,,,51.102843475945136,,,,,,,70.0,,,,,,,,,,,,,,,,
4788,2026-05-26T10:30:00+00:00,WAIT_MTF_CONTEXT,,,34.0,,,,,,neutral,bullish,neutral,30.77,,,,,,,,,,,,,,,,,,,
4788,2026-05-26T10:30:00+00:00,WAIT_REENTRY_DEPTH,,,36.0,,,,,0.0,,,,,,,70.0,,,,,,,,,,,,,,,,
4789,2026-05-26T10:35:00+00:00,WAIT_MTF_CONTEXT,,,34.0,,,,,,neutral,bullish,neutral,30.77,,,,,,,,,,,,,,,,,,,
4789,2026-05-26T10:35:00+00:00,WAIT_REENTRY_DEPTH,,,36.0,,,,,27.63752325272351,,,,,,,70.0,,,,,,,,,,,,,,,,
4790,2026-05-26T10:40:00+00:00,WAIT_MTF_CONTEXT,,,34.0,,,,,,neutral,bullish,neutral,30.77,,,,,,,,,,,,,,,,,,,
4790,2026-05-26T10:40:00+00:00,WAIT_REENTRY_DEPTH,,,36.0,,,,,58.72973691204049,,,,,,,70.0,,,,,,,,,,,,,,,,
4791,2026-05-26T10:45:00+00:00,WAIT_MTF_CONTEXT,,,34.0,,,,,,neutral,bullish,neutral,30.77,,,,,,,,,,,,,,,,,,,
4791,2026-05-26T10:45:00+00:00,WAIT_REENTRY_DEPTH,,,36.0,,,,,0.0,,,,,,,70.0,,,,,,,,,,,,,,,,
4792,2026-05-26T10:50:00+00:00,SWEEP,bearish,4538.779,,,,,,,,,,,,,,,,,,,,,,,,,,,,,
4792,2026-05-26T10:50:00+00:00,WAIT_MTF_CONTEXT,,,34.0,,,,,,neutral,bullish,neutral,30.77,,,,,,,,,,,,,,,,,,,
4792,2026-05-26T10:50:00+00:00,WAIT_REENTRY_DEPTH,,,36.0,,,,,17.273452032943133,,,,,,,70.0,,,,,,,,,,,,,,,,
4793,2026-05-26T10:55:00+00:00,WAIT_MTF_CONTEXT,,,34.0,,,,,,neutral,bullish,neutral,30.77,,,,,,,,,,,,,,,,,,,
4793,2026-05-26T10:55:00+00:00,WAIT_REENTRY_DEPTH,,,36.0,,,,,16.07759766142908,,,,,,,70.0,,,,,,,,,,,,,,,,
4794,2026-05-26T11:00:00+00:00,WAIT_MTF_CONTEXT,,,34.0,,,,,,neutral,bullish,neutral,30.77,,,,,,,,,,,,,,,,,,,
4794,2026-05-26T11:00:00+00:00,WAIT_REENTRY_DEPTH,,,36.0,,,,,0.0,,,,,,,70.0,,,,,,,,,,,,,,,,
4795,2026-05-26T11:05:00+00:00,WAIT_MTF_CONTEXT,,,34.0,,,,,,neutral,bullish,neutral,30.77,,,,,,,,,,,,,,,,,,,
4795,2026-05-26T11:05:00+00:00,WAIT_REENTRY_DEPTH,,,36.0,,,,,1.4084507042222885,,,,,,,70.0,,,,,,,,,,,,,,,,
4796,2026-05-26T11:10:00+00:00,WAIT_MTF_CONTEXT,,,34.0,,,,,,neutral,bullish,neutral,30.77,,,,,,,,,,,,,,,,,,,
4796,2026-05-26T11:10:00+00:00,WAIT_MICRO_BOS,,,36.0,,,,,,,,,,,crossed_ob_reentry,,,,,,,,,,,,,,,,,
4797,2026-05-26T11:15:00+00:00,WAIT_MTF_CONTEXT,,,34.0,,,,,,neutral,bullish,neutral,30.77,,,,,,,,,,,,,,,,,,,
4797,2026-05-26T11:15:00+00:00,OB_CROSSED_AFTER_TOUCH,,,36.0,,,,,100.0,,,,,,,,,,,,,,,,,,,,,,,
4798,2026-05-26T11:20:00+00:00,WAIT_MTF_CONTEXT,,,34.0,,,,,,neutral,bullish,neutral,30.77,,,,,,,,,,,,,,,,,,,
4798,2026-05-26T11:20:00+00:00,OB_CROSSED_AFTER_TOUCH,,,36.0,,,,,100.0,,,,,,,,,,,,,,,,,,,,,,,
4799,2026-05-26T11:25:00+00:00,WAIT_MTF_CONTEXT,,,34.0,,,,,,neutral,bullish,neutral,30.77,,,,,,,,,,,,,,,,,,,
4799,2026-05-26T11:25:00+00:00,OB_CROSSED_AFTER_TOUCH,,,36.0,,,,,100.0,,,,,,,,,,,,,,,,,,,,,,,
4800,2026-05-26T11:30:00+00:00,WAIT_MTF_CONTEXT,,,34.0,,,,,,neutral,bullish,neutral,30.77,,,,,,,,,,,,,,,,,,,
4800,2026-05-26T11:30:00+00:00,OB_CROSSED_AFTER_TOUCH,,,36.0,,,,,100.0,,,,,,,,,,,,,,,,,,,,,,,
4801,2026-05-26T11:35:00+00:00,TRADE_EXIT,,,,,,,,,,,,,,,,1.0,,,,,,,,,,,,,LOSS,-1.0,SL
4801,2026-05-26T11:35:00+00:00,WAIT_MTF_CONTEXT,,,34.0,,,,,,neutral,bullish,neutral,30.77,,,,,,,,,,,,,,,,,,,
4801,2026-05-26T11:35:00+00:00,OB_CROSSED_AFTER_TOUCH,,,36.0,,,,,100.0,,,,,,,,,,,,,,,,,,,,,,,
4802,2026-05-26T11:40:00+00:00,SWEEP,bullish,4507.024,,,,,,,,,,,,,,,,,,,,,,,,,,,,,
4802,2026-05-26T11:40:00+00:00,WAIT_MTF_CONTEXT,,,34.0,,,,,,neutral,bullish,neutral,30.77,,,,,,,,,,,,,,,,,,,
4802,2026-05-26T11:40:00+00:00,OB_CROSSED_AFTER_TOUCH,,,36.0,,,,,100.0,,,,,,,,,,,,,,,,,,,,,,,
4803,2026-05-26T11:45:00+00:00,WAIT_MTF_CONTEXT,,,34.0,,,,,,neutral,bullish,neutral,30.77,,,,,,,,,,,,,,,,,,,
4803,2026-05-26T11:45:00+00:00,OB_CROSSED_AFTER_TOUCH,,,36.0,,,,,100.0,,,,,,,,,,,,,,,,,,,,,,,
4804,2026-05-26T11:50:00+00:00,WAIT_MTF_CONTEXT,,,34.0,,,,,,neutral,bullish,neutral,30.77,,,,,,,,,,,,,,,,,,,
4804,2026-05-26T11:50:00+00:00,OB_CROSSED_AFTER_TOUCH,,,36.0,,,,,100.0,,,,,,,,,,,,,,,,,,,,,,,
4805,2026-05-26T11:55:00+00:00,SWEEP,bullish,4504.35,,,,,,,,,,,,,,,,,,,,,,,,,,,,,
4805,2026-05-26T11:55:00+00:00,WAIT_MTF_CONTEXT,,,34.0,,,,,,neutral,bullish,neutral,30.77,,,,,,,,,,,,,,,,,,,
4805,2026-05-26T11:55:00+00:00,OB_CROSSED_AFTER_TOUCH,,,36.0,,,,,100.0,,,,,,,,,,,,,,,,,,,,,,,
4806,2026-05-26T12:00:00+00:00,WAIT_MTF_CONTEXT,,,34.0,,,,,,neutral,bullish,neutral,30.77,,,,,,,,,,,,,,,,,,,
4806,2026-05-26T12:00:00+00:00,OB_CROSSED_AFTER_TOUCH,,,36.0,,,,,100.0,,,,,,,,,,,,,,,,,,,,,,,
4807,2026-05-26T12:05:00+00:00,WAIT_MTF_CONTEXT,,,34.0,,,,,,neutral,bullish,neutral,30.77,,,,,,,,,,,,,,,,,,,
4807,2026-05-26T12:05:00+00:00,OB_CROSSED_AFTER_TOUCH,,,36.0,,,,,100.0,,,,,,,,,,,,,,,,,,,,,,,
4808,2026-05-26T12:10:00+00:00,WAIT_MTF_CONTEXT,,,34.0,,,,,,neutral,bullish,neutral,30.77,,,,,,,,,,,,,,,,,,,
4808,2026-05-26T12:10:00+00:00,OB_CROSSED_AFTER_TOUCH,,,36.0,,,,,100.0,,,,,,,,,,,,,,,,,,,,,,,
4809,2026-05-26T12:15:00+00:00,WAIT_MTF_CONTEXT,,,34.0,,,,,,neutral,bullish,neutral,30.77,,,,,,,,,,,,,,,,,,,
4809,2026-05-26T12:15:00+00:00,OB_CROSSED_AFTER_TOUCH,,,36.0,,,,,100.0,,,,,,,,,,,,,,,,,,,,,,,
4810,2026-05-26T12:20:00+00:00,WAIT_MTF_CONTEXT,,,34.0,,,,,,neutral,bullish,neutral,30.77,,,,,,,,,,,,,,,,,,,
4810,2026-05-26T12:20:00+00:00,OB_CROSSED_AFTER_TOUCH,,,36.0,,,,,100.0,,,,,,,,,,,,,,,,,,,,,,,
4811,2026-05-26T12:25:00+00:00,WAIT_MTF_CONTEXT,,,34.0,,,,,,neutral,bullish,neutral,30.77,,,,,,,,,,,,,,,,,,,
4811,2026-05-26T12:25:00+00:00,OB_CROSSED_AFTER_TOUCH,,,36.0,,,,,100.0,,,,,,,,,,,,,,,,,,,,,,,
4812,2026-05-26T12:30:00+00:00,SWEEP,bullish,4503.453,,,,,,,,,,,,,,,,,,,,,,,,,,,,,
4812,2026-05-26T12:30:00+00:00,WAIT_MTF_CONTEXT,,,34.0,,,,,,neutral,bullish,neutral,30.77,,,,,,,,,,,,,,,,,,,
4812,2026-05-26T12:30:00+00:00,OB_CROSSED_AFTER_TOUCH,,,36.0,,,,,100.0,,,,,,,,,,,,,,,,,,,,,,,
4813,2026-05-26T12:35:00+00:00,WAIT_MTF_CONTEXT,,,34.0,,,,,,neutral,bullish,neutral,30.77,,,,,,,,,,,,,,,,,,,
4813,2026-05-26T12:35:00+00:00,OB_CROSSED_AFTER_TOUCH,,,36.0,,,,,100.0,,,,,,,,,,,,,,,,,,,,,,,
4814,2026-05-26T12:40:00+00:00,OB_EXPIRED,,,34.0,,,,,,,,,,101.0,,,,,,,,,,,,,,,,,,
4814,2026-05-26T12:40:00+00:00,OB_CROSSED_AFTER_TOUCH,,,36.0,,,,,100.0,,,,,,,,,,,,,,,,,,,,,,,
4815,2026-05-26T12:45:00+00:00,OB_CROSSED_AFTER_TOUCH,,,36.0,,,,,100.0,,,,,,,,,,,,,,,,,,,,,,,
4816,2026-05-26T12:50:00+00:00,OB_CROSSED_AFTER_TOUCH,,,36.0,,,,,100.0,,,,,,,,,,,,,,,,,,,,,,,
4817,2026-05-26T12:55:00+00:00,OB_CROSSED_AFTER_TOUCH,,,36.0,,,,,100.0,,,,,,,,,,,,,,,,,,,,,,,
4818,2026-05-26T13:00:00+00:00,OB_CROSSED_AFTER_TOUCH,,,36.0,,,,,100.0,,,,,,,,,,,,,,,,,,,,,,,
4819,2026-05-26T13:05:00+00:00,OB_CROSSED_AFTER_TOUCH,,,36.0,,,,,100.0,,,,,,,,,,,,,,,,,,,,,,,
4820,2026-05-26T13:10:00+00:00,OB_CROSSED_AFTER_TOUCH,,,36.0,,,,,100.0,,,,,,,,,,,,,,,,,,,,,,,
4821,2026-05-26T13:15:00+00:00,OB_CROSSED_AFTER_TOUCH,,,36.0,,,,,100.0,,,,,,,,,,,,,,,,,,,,,,,
4822,2026-05-26T13:20:00+00:00,SWEEP,bearish,4526.502,,,,,,,,,,,,,,,,,,,,,,,,,,,,,
4822,2026-05-26T13:20:00+00:00,OB_CROSSED_AFTER_TOUCH,,,36.0,,,,,100.0,,,,,,,,,,,,,,,,,,,,,,,
4823,2026-05-26T13:25:00+00:00,SWEEP,bearish,4527.217,,,,,,,,,,,,,,,,,,,,,,,,,,,,,
4823,2026-05-26T13:25:00+00:00,OB_CROSSED_AFTER_TOUCH,,,36.0,,,,,100.0,,,,,,,,,,,,,,,,,,,,,,,
4824,2026-05-26T13:30:00+00:00,SWEEP,bearish,4527.556,,,,,,,,,,,,,,,,,,,,,,,,,,,,,
4824,2026-05-26T13:30:00+00:00,OB_CROSSED_AFTER_TOUCH,,,36.0,,,,,100.0,,,,,,,,,,,,,,,,,,,,,,,
4825,2026-05-26T13:35:00+00:00,SWEEP,bearish,4527.9,,,,,,,,,,,,,,,,,,,,,,,,,,,,,
4825,2026-05-26T13:35:00+00:00,OB_CROSSED_AFTER_TOUCH,,,36.0,,,,,100.0,,,,,,,,,,,,,,,,,,,,,,,
4826,2026-05-26T13:40:00+00:00,SWEEP,bearish,4528.906,,,,,,,,,,,,,,,,,,,,,,,,,,,,,
4826,2026-05-26T13:40:00+00:00,OB_CROSSED_AFTER_TOUCH,,,36.0,,,,,100.0,,,,,,,,,,,,,,,,,,,,,,,
4827,2026-05-26T13:45:00+00:00,OB_CROSSED_AFTER_TOUCH,,,36.0,,,,,100.0,,,,,,,,,,,,,,,,,,,,,,,
4828,2026-05-26T13:50:00+00:00,OB_CROSSED_AFTER_TOUCH,,,36.0,,,,,100.0,,,,,,,,,,,,,,,,,,,,,,,
4826,2026-05-26T13:40:00+00:00,OB_FORMED,bearish,,37.0,4524.141,4531.294,73.31,"{'body': 17.1, 'fvg': 16.7, 'sweep': 14.74, 'break': 0.84, 'ob_size': 13.93, 'adjacency': 10}",,,,,,,,,,,,,,,,,,,,,,,,
4829,2026-05-26T13:55:00+00:00,OB_CROSSED_AFTER_TOUCH,,,36.0,,,,,100.0,,,,,,,,,,,,,,,,,,,,,,,
4830,2026-05-26T14:00:00+00:00,OB_CROSSED_AFTER_TOUCH,,,36.0,,,,,100.0,,,,,,,,,,,,,,,,,,,,,,,
4831,2026-05-26T14:05:00+00:00,OB_CROSSED_AFTER_TOUCH,,,36.0,,,,,100.0,,,,,,,,,,,,,,,,,,,,,,,
4832,2026-05-26T14:10:00+00:00,OB_CROSSED_AFTER_TOUCH,,,36.0,,,,,100.0,,,,,,,,,,,,,,,,,,,,,,,
4833,2026-05-26T14:15:00+00:00,OB_CROSSED_AFTER_TOUCH,,,36.0,,,,,100.0,,,,,,,,,,,,,,,,,,,,,,,
4834,2026-05-26T14:20:00+00:00,OB_CROSSED_AFTER_TOUCH,,,36.0,,,,,100.0,,,,,,,,,,,,,,,,,,,,,,,
4835,2026-05-26T14:25:00+00:00,OB_CROSSED_AFTER_TOUCH,,,36.0,,,,,100.0,,,,,,,,,,,,,,,,,,,,,,,
4836,2026-05-26T14:30:00+00:00,OB_CROSSED_AFTER_TOUCH,,,36.0,,,,,100.0,,,,,,,,,,,,,,,,,,,,,,,
4837,2026-05-26T14:35:00+00:00,OB_CROSSED_AFTER_TOUCH,,,36.0,,,,,100.0,,,,,,,,,,,,,,,,,,,,,,,
4837,2026-05-26T14:35:00+00:00,OB_TOUCH,,,37.0,,,,,0.0,,,,,,,,,,,,,,,,,,,,,,,
4838,2026-05-26T14:40:00+00:00,OB_CROSSED_AFTER_TOUCH,,,36.0,,,,,100.0,,,,,,,,,,,,,,,,,,,,,,,
4839,2026-05-26T14:45:00+00:00,OB_CROSSED_AFTER_TOUCH,,,36.0,,,,,100.0,,,,,,,,,,,,,,,,,,,,,,,
4840,2026-05-26T14:50:00+00:00,OB_CROSSED_AFTER_TOUCH,,,36.0,,,,,100.0,,,,,,,,,,,,,,,,,,,,,,,
4841,2026-05-26T14:55:00+00:00,OB_CROSSED_AFTER_TOUCH,,,36.0,,,,,100.0,,,,,,,,,,,,,,,,,,,,,,,
4842,2026-05-26T15:00:00+00:00,OB_CROSSED_AFTER_TOUCH,,,36.0,,,,,100.0,,,,,,,,,,,,,,,,,,,,,,,
4842,2026-05-26T15:00:00+00:00,WAIT_MTF_CONTEXT,,,37.0,,,,,,neutral,neutral,neutral,0.0,,,,,,,,,,,,,,,,,,,
4843,2026-05-26T15:05:00+00:00,OB_CROSSED_AFTER_TOUCH,,,36.0,,,,,100.0,,,,,,,,,,,,,,,,,,,,,,,
4843,2026-05-26T15:05:00+00:00,WAIT_MTF_CONTEXT,,,37.0,,,,,,neutral,neutral,neutral,0.0,,,,,,,,,,,,,,,,,,,
4844,2026-05-26T15:10:00+00:00,OB_CROSSED_AFTER_TOUCH,,,36.0,,,,,100.0,,,,,,,,,,,,,,,,,,,,,,,
4844,2026-05-26T15:10:00+00:00,WAIT_MTF_CONTEXT,,,37.0,,,,,,neutral,neutral,neutral,0.0,,,,,,,,,,,,,,,,,,,
4845,2026-05-26T15:15:00+00:00,SWEEP,bullish,4507.714,,,,,,,,,,,,,,,,,,,,,,,,,,,,,
4845,2026-05-26T15:15:00+00:00,OB_CROSSED_AFTER_TOUCH,,,36.0,,,,,100.0,,,,,,,,,,,,,,,,,,,,,,,
4845,2026-05-26T15:15:00+00:00,WAIT_MTF_CONTEXT,,,37.0,,,,,,neutral,neutral,neutral,0.0,,,,,,,,,,,,,,,,,,,
4846,2026-05-26T15:20:00+00:00,SWEEP,bullish,4504.963,,,,,,,,,,,,,,,,,,,,,,,,,,,,,
4846,2026-05-26T15:20:00+00:00,OB_CROSSED_AFTER_TOUCH,,,36.0,,,,,100.0,,,,,,,,,,,,,,,,,,,,,,,
4846,2026-05-26T15:20:00+00:00,WAIT_MTF_CONTEXT,,,37.0,,,,,,neutral,neutral,neutral,0.0,,,,,,,,,,,,,,,,,,,
4847,2026-05-26T15:25:00+00:00,SWEEP,bullish,4504.831,,,,,,,,,,,,,,,,,,,,,,,,,,,,,
4847,2026-05-26T15:25:00+00:00,OB_CROSSED_AFTER_TOUCH,,,36.0,,,,,100.0,,,,,,,,,,,,,,,,,,,,,,,
4847,2026-05-26T15:25:00+00:00,WAIT_MTF_CONTEXT,,,37.0,,,,,,neutral,neutral,neutral,0.0,,,,,,,,,,,,,,,,,,,
4848,2026-05-26T15:30:00+00:00,SWEEP,bullish,4504.662,,,,,,,,,,,,,,,,,,,,,,,,,,,,,
4848,2026-05-26T15:30:00+00:00,OB_CROSSED_AFTER_TOUCH,,,36.0,,,,,100.0,,,,,,,,,,,,,,,,,,,,,,,
4848,2026-05-26T15:30:00+00:00,WAIT_MTF_CONTEXT,,,37.0,,,,,,neutral,neutral,neutral,0.0,,,,,,,,,,,,,,,,,,,
4849,2026-05-26T15:35:00+00:00,SWEEP,bullish,4503.49,,,,,,,,,,,,,,,,,,,,,,,,,,,,,
4849,2026-05-26T15:35:00+00:00,OB_CROSSED_AFTER_TOUCH,,,36.0,,,,,100.0,,,,,,,,,,,,,,,,,,,,,,,
4849,2026-05-26T15:35:00+00:00,WAIT_MTF_CONTEXT,,,37.0,,,,,,neutral,neutral,neutral,0.0,,,,,,,,,,,,,,,,,,,
4850,2026-05-26T15:40:00+00:00,OB_CROSSED_AFTER_TOUCH,,,36.0,,,,,100.0,,,,,,,,,,,,,,,,,,,,,,,
4850,2026-05-26T15:40:00+00:00,WAIT_MTF_CONTEXT,,,37.0,,,,,,neutral,neutral,neutral,0.0,,,,,,,,,,,,,,,,,,,
4851,2026-05-26T15:45:00+00:00,OB_CROSSED_AFTER_TOUCH,,,36.0,,,,,100.0,,,,,,,,,,,,,,,,,,,,,,,
4851,2026-05-26T15:45:00+00:00,WAIT_MTF_CONTEXT,,,37.0,,,,,,neutral,neutral,neutral,0.0,,,,,,,,,,,,,,,,,,,
4852,2026-05-26T15:50:00+00:00,OB_CROSSED_AFTER_TOUCH,,,36.0,,,,,100.0,,,,,,,,,,,,,,,,,,,,,,,
4852,2026-05-26T15:50:00+00:00,WAIT_MTF_CONTEXT,,,37.0,,,,,,neutral,neutral,neutral,0.0,,,,,,,,,,,,,,,,,,,
4853,2026-05-26T15:55:00+00:00,OB_CROSSED_AFTER_TOUCH,,,36.0,,,,,100.0,,,,,,,,,,,,,,,,,,,,,,,
4853,2026-05-26T15:55:00+00:00,WAIT_MTF_CONTEXT,,,37.0,,,,,,neutral,neutral,neutral,0.0,,,,,,,,,,,,,,,,,,,
4854,2026-05-26T16:00:00+00:00,OB_CROSSED_AFTER_TOUCH,,,36.0,,,,,100.0,,,,,,,,,,,,,,,,,,,,,,,
4855,2026-05-26T16:05:00+00:00,OB_CROSSED_AFTER_TOUCH,,,36.0,,,,,100.0,,,,,,,,,,,,,,,,,,,,,,,
4856,2026-05-26T16:10:00+00:00,OB_CROSSED_AFTER_TOUCH,,,36.0,,,,,100.0,,,,,,,,,,,,,,,,,,,,,,,
4857,2026-05-26T16:15:00+00:00,SWEEP,bullish,4500.369,,,,,,,,,,,,,,,,,,,,,,,,,,,,,
4857,2026-05-26T16:15:00+00:00,OB_EXPIRED,,,36.0,,,,,,,,,,101.0,,,,,,,,,,,,,,,,,,
4872,2026-05-26T17:30:00+00:00,SWEEP,bullish,4499.499,,,,,,,,,,,,,,,,,,,,,,,,,,,,,
4873,2026-05-26T17:35:00+00:00,SWEEP,bullish,4497.909,,,,,,,,,,,,,,,,,,,,,,,,,,,,,
4874,2026-05-26T17:40:00+00:00,SWEEP,bullish,4497.219,,,,,,,,,,,,,,,,,,,,,,,,,,,,,
4879,2026-05-26T18:05:00+00:00,SWEEP,bullish,4484.854,,,,,,,,,,,,,,,,,,,,,,,,,,,,,
4902,2026-05-26T20:00:00+00:00,SWEEP,bearish,4509.81,,,,,,,,,,,,,,,,,,,,,,,,,,,,,
4914,2026-05-26T22:00:00+00:00,SWEEP,bullish,4500.823,,,,,,,,,,,,,,,,,,,,,,,,,,,,,
4921,2026-05-26T22:35:00+00:00,SWEEP,bullish,4499.902,,,,,,,,,,,,,,,,,,,,,,,,,,,,,
4926,2026-05-26T23:00:00+00:00,SWEEP,bearish,4512.466,,,,,,,,,,,,,,,,,,,,,,,,,,,,,
4927,2026-05-26T23:05:00+00:00,OB_EXPIRED,,,37.0,,,,,,,,,,101.0,,,,,,,,,,,,,,,,,,
4935,2026-05-26T23:45:00+00:00,SWEEP,bearish,4526.99,,,,,,,,,,,,,,,,,,,,,,,,,,,,,
4959,2026-05-27T01:45:00+00:00,SWEEP,bullish,4509.281,,,,,,,,,,,,,,,,,,,,,,,,,,,,,
4961,2026-05-27T01:55:00+00:00,SWEEP,bullish,4506.743,,,,,,,,,,,,,,,,,,,,,,,,,,,,,
4970,2026-05-27T02:40:00+00:00,SWEEP,bullish,4498.939,,,,,,,,,,,,,,,,,,,,,,,,,,,,,
4971,2026-05-27T02:45:00+00:00,SWEEP,bullish,4498.63,,,,,,,,,,,,,,,,,,,,,,,,,,,,,
4986,2026-05-27T04:00:00+00:00,SWEEP,bullish,4496.627,,,,,,,,,,,,,,,,,,,,,,,,,,,,,
5004,2026-05-27T05:30:00+00:00,SWEEP,bullish,4495.678,,,,,,,,,,,,,,,,,,,,,,,,,,,,,
5006,2026-05-27T05:40:00+00:00,SWEEP,bullish,4493.394,,,,,,,,,,,,,,,,,,,,,,,,,,,,,
5014,2026-05-27T06:20:00+00:00,SWEEP,bullish,4486.205,,,,,,,,,,,,,,,,,,,,,,,,,,,,,
5032,2026-05-27T07:50:00+00:00,SWEEP,bullish,4477.664,,,,,,,,,,,,,,,,,,,,,,,,,,,,,
5037,2026-05-27T08:15:00+00:00,SWEEP,bearish,4490.157,,,,,,,,,,,,,,,,,,,,,,,,,,,,,
5038,2026-05-27T08:20:00+00:00,SWEEP,bearish,4490.744,,,,,,,,,,,,,,,,,,,,,,,,,,,,,
5035,2026-05-27T08:05:00+00:00,OB_FORMED,bullish,,38.0,4484.812,4487.503,68.49,"{'body': 15.55, 'fvg': 3.69, 'sweep': 22.98, 'break': 1.27, 'ob_size': 15.0, 'adjacency': 10}",,,,,,,,,,,,,,,,,,,,,,,,
5040,2026-05-27T08:30:00+00:00,OB_TOUCH,,,38.0,,,,,0.0,,,,,,,,,,,,,,,,,,,,,,,
5040,2026-05-27T08:30:00+00:00,WAIT_MTF_CONTEXT,,,38.0,,,,,,neutral,bearish,neutral,30.77,,,,,,,,,,,,,,,,,,,
5041,2026-05-27T08:35:00+00:00,WAIT_MTF_CONTEXT,,,38.0,,,,,,neutral,bearish,neutral,30.77,,,,,,,,,,,,,,,,,,,
5042,2026-05-27T08:40:00+00:00,WAIT_MTF_CONTEXT,,,38.0,,,,,,neutral,bearish,neutral,30.77,,,,,,,,,,,,,,,,,,,
5043,2026-05-27T08:45:00+00:00,SWEEP,bearish,4496.564,,,,,,,,,,,,,,,,,,,,,,,,,,,,,
5043,2026-05-27T08:45:00+00:00,WAIT_MTF_CONTEXT,,,38.0,,,,,,neutral,bearish,neutral,30.77,,,,,,,,,,,,,,,,,,,
5044,2026-05-27T08:50:00+00:00,WAIT_MTF_CONTEXT,,,38.0,,,,,,neutral,bearish,neutral,30.77,,,,,,,,,,,,,,,,,,,
5045,2026-05-27T08:55:00+00:00,WAIT_MTF_CONTEXT,,,38.0,,,,,,neutral,bearish,neutral,30.77,,,,,,,,,,,,,,,,,,,
5046,2026-05-27T09:00:00+00:00,WAIT_MTF_CONTEXT,,,38.0,,,,,,neutral,bearish,neutral,30.77,,,,,,,,,,,,,,,,,,,
5047,2026-05-27T09:05:00+00:00,WAIT_MTF_CONTEXT,,,38.0,,,,,,neutral,bearish,neutral,30.77,,,,,,,,,,,,,,,,,,,
5048,2026-05-27T09:10:00+00:00,WAIT_MTF_CONTEXT,,,38.0,,,,,,neutral,bearish,neutral,30.77,,,,,,,,,,,,,,,,,,,
5049,2026-05-27T09:15:00+00:00,WAIT_MTF_CONTEXT,,,38.0,,,,,,neutral,bearish,neutral,30.77,,,,,,,,,,,,,,,,,,,
5050,2026-05-27T09:20:00+00:00,WAIT_MTF_CONTEXT,,,38.0,,,,,,neutral,bearish,neutral,30.77,,,,,,,,,,,,,,,,,,,
5051,2026-05-27T09:25:00+00:00,WAIT_MTF_CONTEXT,,,38.0,,,,,,neutral,bearish,neutral,30.77,,,,,,,,,,,,,,,,,,,
5052,2026-05-27T09:30:00+00:00,WAIT_MTF_CONTEXT,,,38.0,,,,,,neutral,bearish,neutral,30.77,,,,,,,,,,,,,,,,,,,
5053,2026-05-27T09:35:00+00:00,WAIT_MTF_CONTEXT,,,38.0,,,,,,neutral,bearish,neutral,30.77,,,,,,,,,,,,,,,,,,,
5054,2026-05-27T09:40:00+00:00,WAIT_MTF_CONTEXT,,,38.0,,,,,,neutral,bearish,neutral,30.77,,,,,,,,,,,,,,,,,,,
5055,2026-05-27T09:45:00+00:00,WAIT_MTF_CONTEXT,,,38.0,,,,,,neutral,bearish,bearish,53.85,,,,,,,,,,,,,,,,,,,
5056,2026-05-27T09:50:00+00:00,WAIT_MTF_CONTEXT,,,38.0,,,,,,neutral,bearish,bearish,53.85,,,,,,,,,,,,,,,,,,,
5057,2026-05-27T09:55:00+00:00,WAIT_MTF_CONTEXT,,,38.0,,,,,,neutral,bearish,bearish,53.85,,,,,,,,,,,,,,,,,,,
5058,2026-05-27T10:00:00+00:00,SWEEP,bullish,4485.952,,,,,,,,,,,,,,,,,,,,,,,,,,,,,
5058,2026-05-27T10:00:00+00:00,WAIT_MTF_CONTEXT,,,38.0,,,,,,neutral,bearish,bearish,53.85,,,,,,,,,,,,,,,,,,,
5059,2026-05-27T10:05:00+00:00,WAIT_MTF_CONTEXT,,,38.0,,,,,,neutral,bearish,bearish,53.85,,,,,,,,,,,,,,,,,,,
5060,2026-05-27T10:10:00+00:00,SWEEP,bullish,4484.87,,,,,,,,,,,,,,,,,,,,,,,,,,,,,
5060,2026-05-27T10:10:00+00:00,WAIT_MTF_CONTEXT,,,38.0,,,,,,neutral,bearish,bearish,53.85,,,,,,,,,,,,,,,,,,,
5061,2026-05-27T10:15:00+00:00,OB_CROSSED_AFTER_TOUCH,,,38.0,,,,,100.0,,,,,,,,,,,,,,,,,,,,,,,
5062,2026-05-27T10:20:00+00:00,SWEEP,bullish,4479.598,,,,,,,,,,,,,,,,,,,,,,,,,,,,,
5062,2026-05-27T10:20:00+00:00,OB_CROSSED_AFTER_TOUCH,,,38.0,,,,,100.0,,,,,,,,,,,,,,,,,,,,,,,
5063,2026-05-27T10:25:00+00:00,OB_CROSSED_AFTER_TOUCH,,,38.0,,,,,100.0,,,,,,,,,,,,,,,,,,,,,,,
5064,2026-05-27T10:30:00+00:00,OB_CROSSED_AFTER_TOUCH,,,38.0,,,,,100.0,,,,,,,,,,,,,,,,,,,,,,,
5065,2026-05-27T10:35:00+00:00,OB_CROSSED_AFTER_TOUCH,,,38.0,,,,,100.0,,,,,,,,,,,,,,,,,,,,,,,
5066,2026-05-27T10:40:00+00:00,OB_CROSSED_AFTER_TOUCH,,,38.0,,,,,100.0,,,,,,,,,,,,,,,,,,,,,,,
5067,2026-05-27T10:45:00+00:00,OB_CROSSED_AFTER_TOUCH,,,38.0,,,,,100.0,,,,,,,,,,,,,,,,,,,,,,,
5068,2026-05-27T10:50:00+00:00,SWEEP,bullish,4444.028,,,,,,,,,,,,,,,,,,,,,,,,,,,,,
5068,2026-05-27T10:50:00+00:00,OB_CROSSED_AFTER_TOUCH,,,38.0,,,,,100.0,,,,,,,,,,,,,,,,,,,,,,,
5069,2026-05-27T10:55:00+00:00,SWEEP,bullish,4442.685,,,,,,,,,,,,,,,,,,,,,,,,,,,,,
5069,2026-05-27T10:55:00+00:00,OB_CROSSED_AFTER_TOUCH,,,38.0,,,,,100.0,,,,,,,,,,,,,,,,,,,,,,,
5070,2026-05-27T11:00:00+00:00,OB_CROSSED_AFTER_TOUCH,,,38.0,,,,,100.0,,,,,,,,,,,,,,,,,,,,,,,
5071,2026-05-27T11:05:00+00:00,OB_CROSSED_AFTER_TOUCH,,,38.0,,,,,100.0,,,,,,,,,,,,,,,,,,,,,,,
5072,2026-05-27T11:10:00+00:00,OB_CROSSED_AFTER_TOUCH,,,38.0,,,,,100.0,,,,,,,,,,,,,,,,,,,,,,,
5073,2026-05-27T11:15:00+00:00,OB_CROSSED_AFTER_TOUCH,,,38.0,,,,,100.0,,,,,,,,,,,,,,,,,,,,,,,
5074,2026-05-27T11:20:00+00:00,SWEEP,bullish,4442.525,,,,,,,,,,,,,,,,,,,,,,,,,,,,,
5074,2026-05-27T11:20:00+00:00,OB_CROSSED_AFTER_TOUCH,,,38.0,,,,,100.0,,,,,,,,,,,,,,,,,,,,,,,
5075,2026-05-27T11:25:00+00:00,SWEEP,bullish,4440.267,,,,,,,,,,,,,,,,,,,,,,,,,,,,,
5075,2026-05-27T11:25:00+00:00,OB_CROSSED_AFTER_TOUCH,,,38.0,,,,,100.0,,,,,,,,,,,,,,,,,,,,,,,
5076,2026-05-27T11:30:00+00:00,OB_CROSSED_AFTER_TOUCH,,,38.0,,,,,100.0,,,,,,,,,,,,,,,,,,,,,,,
5077,2026-05-27T11:35:00+00:00,OB_CROSSED_AFTER_TOUCH,,,38.0,,,,,100.0,,,,,,,,,,,,,,,,,,,,,,,
5078,2026-05-27T11:40:00+00:00,OB_CROSSED_AFTER_TOUCH,,,38.0,,,,,100.0,,,,,,,,,,,,,,,,,,,,,,,
5079,2026-05-27T11:45:00+00:00,OB_CROSSED_AFTER_TOUCH,,,38.0,,,,,100.0,,,,,,,,,,,,,,,,,,,,,,,
5080,2026-05-27T11:50:00+00:00,OB_CROSSED_AFTER_TOUCH,,,38.0,,,,,100.0,,,,,,,,,,,,,,,,,,,,,,,
5081,2026-05-27T11:55:00+00:00,OB_CROSSED_AFTER_TOUCH,,,38.0,,,,,100.0,,,,,,,,,,,,,,,,,,,,,,,
5082,2026-05-27T12:00:00+00:00,OB_CROSSED_AFTER_TOUCH,,,38.0,,,,,100.0,,,,,,,,,,,,,,,,,,,,,,,
5083,2026-05-27T12:05:00+00:00,OB_CROSSED_AFTER_TOUCH,,,38.0,,,,,100.0,,,,,,,,,,,,,,,,,,,,,,,
5084,2026-05-27T12:10:00+00:00,OB_CROSSED_AFTER_TOUCH,,,38.0,,,,,100.0,,,,,,,,,,,,,,,,,,,,,,,
5085,2026-05-27T12:15:00+00:00,OB_CROSSED_AFTER_TOUCH,,,38.0,,,,,100.0,,,,,,,,,,,,,,,,,,,,,,,
5084,2026-05-27T12:10:00+00:00,OB_FORMED,bullish,,39.0,4428.724,4433.589,73.98,"{'body': 14.28, 'fvg': 9.63, 'sweep': 23.46, 'break': 1.61, 'ob_size': 15.0, 'adjacency': 10}",,,,,,,,,,,,,,,,,,,,,,,,
5086,2026-05-27T12:20:00+00:00,OB_CROSSED_AFTER_TOUCH,,,38.0,,,,,100.0,,,,,,,,,,,,,,,,,,,,,,,
5087,2026-05-27T12:25:00+00:00,OB_CROSSED_AFTER_TOUCH,,,38.0,,,,,100.0,,,,,,,,,,,,,,,,,,,,,,,
5088,2026-05-27T12:30:00+00:00,OB_CROSSED_AFTER_TOUCH,,,38.0,,,,,100.0,,,,,,,,,,,,,,,,,,,,,,,
5089,2026-05-27T12:35:00+00:00,OB_CROSSED_AFTER_TOUCH,,,38.0,,,,,100.0,,,,,,,,,,,,,,,,,,,,,,,
5090,2026-05-27T12:40:00+00:00,OB_CROSSED_AFTER_TOUCH,,,38.0,,,,,100.0,,,,,,,,,,,,,,,,,,,,,,,
5091,2026-05-27T12:45:00+00:00,OB_CROSSED_AFTER_TOUCH,,,38.0,,,,,100.0,,,,,,,,,,,,,,,,,,,,,,,
5092,2026-05-27T12:50:00+00:00,OB_CROSSED_AFTER_TOUCH,,,38.0,,,,,100.0,,,,,,,,,,,,,,,,,,,,,,,
5093,2026-05-27T12:55:00+00:00,OB_CROSSED_AFTER_TOUCH,,,38.0,,,,,100.0,,,,,,,,,,,,,,,,,,,,,,,
5094,2026-05-27T13:00:00+00:00,OB_CROSSED_AFTER_TOUCH,,,38.0,,,,,100.0,,,,,,,,,,,,,,,,,,,,,,,
5094,2026-05-27T13:00:00+00:00,OB_TOUCH,,,39.0,,,,,28.715313463514846,,,,,,,,,,,,,,,,,,,,,,,
5094,2026-05-27T13:00:00+00:00,WAIT_MTF_CONTEXT,,,39.0,,,,,,neutral,bearish,bearish,53.85,,,,,,,,,,,,,,,,,,,
5095,2026-05-27T13:05:00+00:00,OB_CROSSED_AFTER_TOUCH,,,38.0,,,,,100.0,,,,,,,,,,,,,,,,,,,,,,,
5095,2026-05-27T13:05:00+00:00,OB_CROSSED_AFTER_TOUCH,,,39.0,,,,,100.0,,,,,,,,,,,,,,,,,,,,,,,
5096,2026-05-27T13:10:00+00:00,SWEEP,bullish,4411.577,,,,,,,,,,,,,,,,,,,,,,,,,,,,,
5096,2026-05-27T13:10:00+00:00,OB_CROSSED_AFTER_TOUCH,,,38.0,,,,,100.0,,,,,,,,,,,,,,,,,,,,,,,
5096,2026-05-27T13:10:00+00:00,OB_CROSSED_AFTER_TOUCH,,,39.0,,,,,100.0,,,,,,,,,,,,,,,,,,,,,,,
5097,2026-05-27T13:15:00+00:00,SWEEP,bullish,4410.992,,,,,,,,,,,,,,,,,,,,,,,,,,,,,
5097,2026-05-27T13:15:00+00:00,OB_CROSSED_AFTER_TOUCH,,,38.0,,,,,100.0,,,,,,,,,,,,,,,,,,,,,,,
5097,2026-05-27T13:15:00+00:00,OB_CROSSED_AFTER_TOUCH,,,39.0,,,,,100.0,,,,,,,,,,,,,,,,,,,,,,,
5098,2026-05-27T13:20:00+00:00,SWEEP,bullish,4409.633,,,,,,,,,,,,,,,,,,,,,,,,,,,,,
5098,2026-05-27T13:20:00+00:00,OB_CROSSED_AFTER_TOUCH,,,38.0,,,,,100.0,,,,,,,,,,,,,,,,,,,,,,,
5098,2026-05-27T13:20:00+00:00,OB_CROSSED_AFTER_TOUCH,,,39.0,,,,,100.0,,,,,,,,,,,,,,,,,,,,,,,
5099,2026-05-27T13:25:00+00:00,OB_CROSSED_AFTER_TOUCH,,,38.0,,,,,100.0,,,,,,,,,,,,,,,,,,,,,,,
5099,2026-05-27T13:25:00+00:00,OB_CROSSED_AFTER_TOUCH,,,39.0,,,,,100.0,,,,,,,,,,,,,,,,,,,,,,,
5100,2026-05-27T13:30:00+00:00,OB_CROSSED_AFTER_TOUCH,,,38.0,,,,,100.0,,,,,,,,,,,,,,,,,,,,,,,
5100,2026-05-27T13:30:00+00:00,OB_CROSSED_AFTER_TOUCH,,,39.0,,,,,100.0,,,,,,,,,,,,,,,,,,,,,,,
5101,2026-05-27T13:35:00+00:00,OB_CROSSED_AFTER_TOUCH,,,38.0,,,,,100.0,,,,,,,,,,,,,,,,,,,,,,,
5101,2026-05-27T13:35:00+00:00,OB_CROSSED_AFTER_TOUCH,,,39.0,,,,,100.0,,,,,,,,,,,,,,,,,,,,,,,
5102,2026-05-27T13:40:00+00:00,OB_CROSSED_AFTER_TOUCH,,,38.0,,,,,100.0,,,,,,,,,,,,,,,,,,,,,,,
5102,2026-05-27T13:40:00+00:00,OB_CROSSED_AFTER_TOUCH,,,39.0,,,,,100.0,,,,,,,,,,,,,,,,,,,,,,,
5103,2026-05-27T13:45:00+00:00,OB_CROSSED_AFTER_TOUCH,,,38.0,,,,,100.0,,,,,,,,,,,,,,,,,,,,,,,
5103,2026-05-27T13:45:00+00:00,OB_CROSSED_AFTER_TOUCH,,,39.0,,,,,100.0,,,,,,,,,,,,,,,,,,,,,,,
5104,2026-05-27T13:50:00+00:00,OB_CROSSED_AFTER_TOUCH,,,38.0,,,,,100.0,,,,,,,,,,,,,,,,,,,,,,,
5104,2026-05-27T13:50:00+00:00,OB_CROSSED_AFTER_TOUCH,,,39.0,,,,,100.0,,,,,,,,,,,,,,,,,,,,,,,
5105,2026-05-27T13:55:00+00:00,OB_CROSSED_AFTER_TOUCH,,,38.0,,,,,100.0,,,,,,,,,,,,,,,,,,,,,,,
5105,2026-05-27T13:55:00+00:00,OB_CROSSED_AFTER_TOUCH,,,39.0,,,,,100.0,,,,,,,,,,,,,,,,,,,,,,,
5106,2026-05-27T14:00:00+00:00,OB_CROSSED_AFTER_TOUCH,,,38.0,,,,,100.0,,,,,,,,,,,,,,,,,,,,,,,
5106,2026-05-27T14:00:00+00:00,WAIT_MTF_CONTEXT,,,39.0,,,,,,neutral,bearish,bearish,53.85,,,,,,,,,,,,,,,,,,,
5107,2026-05-27T14:05:00+00:00,OB_CROSSED_AFTER_TOUCH,,,38.0,,,,,100.0,,,,,,,,,,,,,,,,,,,,,,,
5107,2026-05-27T14:05:00+00:00,WAIT_MTF_CONTEXT,,,39.0,,,,,,neutral,bearish,bearish,53.85,,,,,,,,,,,,,,,,,,,
5108,2026-05-27T14:10:00+00:00,OB_CROSSED_AFTER_TOUCH,,,38.0,,,,,100.0,,,,,,,,,,,,,,,,,,,,,,,
5108,2026-05-27T14:10:00+00:00,WAIT_MTF_CONTEXT,,,39.0,,,,,,neutral,bearish,bearish,53.85,,,,,,,,,,,,,,,,,,,
5109,2026-05-27T14:15:00+00:00,OB_CROSSED_AFTER_TOUCH,,,38.0,,,,,100.0,,,,,,,,,,,,,,,,,,,,,,,
5109,2026-05-27T14:15:00+00:00,WAIT_MTF_CONTEXT,,,39.0,,,,,,neutral,bearish,bearish,53.85,,,,,,,,,,,,,,,,,,,
5110,2026-05-27T14:20:00+00:00,OB_CROSSED_AFTER_TOUCH,,,38.0,,,,,100.0,,,,,,,,,,,,,,,,,,,,,,,
5110,2026-05-27T14:20:00+00:00,WAIT_MTF_CONTEXT,,,39.0,,,,,,neutral,bearish,bearish,53.85,,,,,,,,,,,,,,,,,,,
5111,2026-05-27T14:25:00+00:00,OB_CROSSED_AFTER_TOUCH,,,38.0,,,,,100.0,,,,,,,,,,,,,,,,,,,,,,,
5111,2026-05-27T14:25:00+00:00,WAIT_MTF_CONTEXT,,,39.0,,,,,,neutral,bearish,bearish,53.85,,,,,,,,,,,,,,,,,,,
5112,2026-05-27T14:30:00+00:00,OB_CROSSED_AFTER_TOUCH,,,38.0,,,,,100.0,,,,,,,,,,,,,,,,,,,,,,,
5112,2026-05-27T14:30:00+00:00,WAIT_MTF_CONTEXT,,,39.0,,,,,,neutral,bearish,bearish,53.85,,,,,,,,,,,,,,,,,,,
5113,2026-05-27T14:35:00+00:00,OB_CROSSED_AFTER_TOUCH,,,38.0,,,,,100.0,,,,,,,,,,,,,,,,,,,,,,,
5113,2026-05-27T14:35:00+00:00,WAIT_MTF_CONTEXT,,,39.0,,,,,,neutral,bearish,bearish,53.85,,,,,,,,,,,,,,,,,,,
5114,2026-05-27T14:40:00+00:00,OB_CROSSED_AFTER_TOUCH,,,38.0,,,,,100.0,,,,,,,,,,,,,,,,,,,,,,,
5114,2026-05-27T14:40:00+00:00,WAIT_MTF_CONTEXT,,,39.0,,,,,,neutral,bearish,bearish,53.85,,,,,,,,,,,,,,,,,,,
5115,2026-05-27T14:45:00+00:00,OB_CROSSED_AFTER_TOUCH,,,38.0,,,,,100.0,,,,,,,,,,,,,,,,,,,,,,,
5115,2026-05-27T14:45:00+00:00,WAIT_MTF_CONTEXT,,,39.0,,,,,,neutral,bearish,bearish,53.85,,,,,,,,,,,,,,,,,,,
5116,2026-05-27T14:50:00+00:00,OB_CROSSED_AFTER_TOUCH,,,38.0,,,,,100.0,,,,,,,,,,,,,,,,,,,,,,,
5116,2026-05-27T14:50:00+00:00,WAIT_MTF_CONTEXT,,,39.0,,,,,,neutral,bearish,bearish,53.85,,,,,,,,,,,,,,,,,,,
5117,2026-05-27T14:55:00+00:00,OB_CROSSED_AFTER_TOUCH,,,38.0,,,,,100.0,,,,,,,,,,,,,,,,,,,,,,,
5117,2026-05-27T14:55:00+00:00,WAIT_MTF_CONTEXT,,,39.0,,,,,,neutral,bearish,bearish,53.85,,,,,,,,,,,,,,,,,,,
5118,2026-05-27T15:00:00+00:00,OB_CROSSED_AFTER_TOUCH,,,38.0,,,,,100.0,,,,,,,,,,,,,,,,,,,,,,,
5118,2026-05-27T15:00:00+00:00,WAIT_MTF_CONTEXT,,,39.0,,,,,,neutral,bearish,bearish,53.85,,,,,,,,,,,,,,,,,,,
5119,2026-05-27T15:05:00+00:00,OB_CROSSED_AFTER_TOUCH,,,38.0,,,,,100.0,,,,,,,,,,,,,,,,,,,,,,,
5119,2026-05-27T15:05:00+00:00,WAIT_MTF_CONTEXT,,,39.0,,,,,,neutral,bearish,bearish,53.85,,,,,,,,,,,,,,,,,,,
5120,2026-05-27T15:10:00+00:00,OB_CROSSED_AFTER_TOUCH,,,38.0,,,,,100.0,,,,,,,,,,,,,,,,,,,,,,,
5120,2026-05-27T15:10:00+00:00,WAIT_MTF_CONTEXT,,,39.0,,,,,,neutral,bearish,bearish,53.85,,,,,,,,,,,,,,,,,,,
5121,2026-05-27T15:15:00+00:00,OB_CROSSED_AFTER_TOUCH,,,38.0,,,,,100.0,,,,,,,,,,,,,,,,,,,,,,,
5121,2026-05-27T15:15:00+00:00,WAIT_MTF_CONTEXT,,,39.0,,,,,,neutral,bearish,bearish,53.85,,,,,,,,,,,,,,,,,,,
5122,2026-05-27T15:20:00+00:00,OB_CROSSED_AFTER_TOUCH,,,38.0,,,,,100.0,,,,,,,,,,,,,,,,,,,,,,,
5122,2026-05-27T15:20:00+00:00,WAIT_MTF_CONTEXT,,,39.0,,,,,,neutral,bearish,bearish,53.85,,,,,,,,,,,,,,,,,,,
5123,2026-05-27T15:25:00+00:00,OB_CROSSED_AFTER_TOUCH,,,38.0,,,,,100.0,,,,,,,,,,,,,,,,,,,,,,,
5123,2026-05-27T15:25:00+00:00,WAIT_MTF_CONTEXT,,,39.0,,,,,,neutral,bearish,bearish,53.85,,,,,,,,,,,,,,,,,,,
5124,2026-05-27T15:30:00+00:00,OB_CROSSED_AFTER_TOUCH,,,38.0,,,,,100.0,,,,,,,,,,,,,,,,,,,,,,,
5124,2026-05-27T15:30:00+00:00,WAIT_MTF_CONTEXT,,,39.0,,,,,,neutral,bearish,bearish,53.85,,,,,,,,,,,,,,,,,,,
5125,2026-05-27T15:35:00+00:00,OB_CROSSED_AFTER_TOUCH,,,38.0,,,,,100.0,,,,,,,,,,,,,,,,,,,,,,,
5125,2026-05-27T15:35:00+00:00,WAIT_MTF_CONTEXT,,,39.0,,,,,,neutral,bearish,bearish,53.85,,,,,,,,,,,,,,,,,,,
5126,2026-05-27T15:40:00+00:00,OB_CROSSED_AFTER_TOUCH,,,38.0,,,,,100.0,,,,,,,,,,,,,,,,,,,,,,,
5126,2026-05-27T15:40:00+00:00,WAIT_MTF_CONTEXT,,,39.0,,,,,,neutral,bearish,bearish,53.85,,,,,,,,,,,,,,,,,,,
5127,2026-05-27T15:45:00+00:00,OB_CROSSED_AFTER_TOUCH,,,38.0,,,,,100.0,,,,,,,,,,,,,,,,,,,,,,,
5127,2026-05-27T15:45:00+00:00,WAIT_MTF_CONTEXT,,,39.0,,,,,,neutral,bearish,bearish,53.85,,,,,,,,,,,,,,,,,,,
5128,2026-05-27T15:50:00+00:00,OB_CROSSED_AFTER_TOUCH,,,38.0,,,,,100.0,,,,,,,,,,,,,,,,,,,,,,,
5128,2026-05-27T15:50:00+00:00,WAIT_MTF_CONTEXT,,,39.0,,,,,,neutral,bearish,bearish,53.85,,,,,,,,,,,,,,,,,,,
5129,2026-05-27T15:55:00+00:00,OB_CROSSED_AFTER_TOUCH,,,38.0,,,,,100.0,,,,,,,,,,,,,,,,,,,,,,,
5129,2026-05-27T15:55:00+00:00,WAIT_MTF_CONTEXT,,,39.0,,,,,,neutral,bearish,bearish,53.85,,,,,,,,,,,,,,,,,,,
5130,2026-05-27T16:00:00+00:00,OB_CROSSED_AFTER_TOUCH,,,38.0,,,,,100.0,,,,,,,,,,,,,,,,,,,,,,,
5130,2026-05-27T16:00:00+00:00,WAIT_MTF_CONTEXT,,,39.0,,,,,,neutral,bearish,neutral,30.77,,,,,,,,,,,,,,,,,,,
5131,2026-05-27T16:05:00+00:00,OB_CROSSED_AFTER_TOUCH,,,38.0,,,,,100.0,,,,,,,,,,,,,,,,,,,,,,,
5131,2026-05-27T16:05:00+00:00,WAIT_MTF_CONTEXT,,,39.0,,,,,,neutral,bearish,neutral,30.77,,,,,,,,,,,,,,,,,,,
5132,2026-05-27T16:10:00+00:00,OB_CROSSED_AFTER_TOUCH,,,38.0,,,,,100.0,,,,,,,,,,,,,,,,,,,,,,,
5132,2026-05-27T16:10:00+00:00,WAIT_MTF_CONTEXT,,,39.0,,,,,,neutral,bearish,neutral,30.77,,,,,,,,,,,,,,,,,,,
5133,2026-05-27T16:15:00+00:00,OB_CROSSED_AFTER_TOUCH,,,38.0,,,,,100.0,,,,,,,,,,,,,,,,,,,,,,,
5133,2026-05-27T16:15:00+00:00,WAIT_MTF_CONTEXT,,,39.0,,,,,,neutral,bearish,neutral,30.77,,,,,,,,,,,,,,,,,,,
5134,2026-05-27T16:20:00+00:00,OB_CROSSED_AFTER_TOUCH,,,38.0,,,,,100.0,,,,,,,,,,,,,,,,,,,,,,,
5134,2026-05-27T16:20:00+00:00,WAIT_MTF_CONTEXT,,,39.0,,,,,,neutral,bearish,neutral,30.77,,,,,,,,,,,,,,,,,,,
5135,2026-05-27T16:25:00+00:00,OB_CROSSED_AFTER_TOUCH,,,38.0,,,,,100.0,,,,,,,,,,,,,,,,,,,,,,,
5135,2026-05-27T16:25:00+00:00,WAIT_MTF_CONTEXT,,,39.0,,,,,,neutral,bearish,neutral,30.77,,,,,,,,,,,,,,,,,,,
5136,2026-05-27T16:30:00+00:00,OB_EXPIRED,,,38.0,,,,,,,,,,101.0,,,,,,,,,,,,,,,,,,
5136,2026-05-27T16:30:00+00:00,WAIT_MTF_CONTEXT,,,39.0,,,,,,neutral,bearish,neutral,30.77,,,,,,,,,,,,,,,,,,,
5137,2026-05-27T16:35:00+00:00,SWEEP,bearish,4449.718,,,,,,,,,,,,,,,,,,,,,,,,,,,,,
5137,2026-05-27T16:35:00+00:00,WAIT_MTF_CONTEXT,,,39.0,,,,,,neutral,bearish,neutral,30.77,,,,,,,,,,,,,,,,,,,
5138,2026-05-27T16:40:00+00:00,SWEEP,bearish,4450.902,,,,,,,,,,,,,,,,,,,,,,,,,,,,,
5138,2026-05-27T16:40:00+00:00,WAIT_MTF_CONTEXT,,,39.0,,,,,,neutral,bearish,neutral,30.77,,,,,,,,,,,,,,,,,,,
5139,2026-05-27T16:45:00+00:00,WAIT_MTF_CONTEXT,,,39.0,,,,,,neutral,bearish,neutral,30.77,,,,,,,,,,,,,,,,,,,
5140,2026-05-27T16:50:00+00:00,WAIT_MTF_CONTEXT,,,39.0,,,,,,neutral,bearish,neutral,30.77,,,,,,,,,,,,,,,,,,,
5141,2026-05-27T16:55:00+00:00,WAIT_MTF_CONTEXT,,,39.0,,,,,,neutral,bearish,neutral,30.77,,,,,,,,,,,,,,,,,,,
5142,2026-05-27T17:00:00+00:00,WAIT_MTF_CONTEXT,,,39.0,,,,,,neutral,bearish,neutral,30.77,,,,,,,,,,,,,,,,,,,
5143,2026-05-27T17:05:00+00:00,WAIT_MTF_CONTEXT,,,39.0,,,,,,neutral,bearish,neutral,30.77,,,,,,,,,,,,,,,,,,,
5144,2026-05-27T17:10:00+00:00,WAIT_MTF_CONTEXT,,,39.0,,,,,,neutral,bearish,neutral,30.77,,,,,,,,,,,,,,,,,,,
5145,2026-05-27T17:15:00+00:00,WAIT_MTF_CONTEXT,,,39.0,,,,,,neutral,bearish,neutral,30.77,,,,,,,,,,,,,,,,,,,
5146,2026-05-27T17:20:00+00:00,WAIT_MTF_CONTEXT,,,39.0,,,,,,neutral,bearish,neutral,30.77,,,,,,,,,,,,,,,,,,,
5147,2026-05-27T17:25:00+00:00,WAIT_MTF_CONTEXT,,,39.0,,,,,,neutral,bearish,neutral,30.77,,,,,,,,,,,,,,,,,,,
5148,2026-05-27T17:30:00+00:00,WAIT_MTF_CONTEXT,,,39.0,,,,,,neutral,bearish,neutral,30.77,,,,,,,,,,,,,,,,,,,
5149,2026-05-27T17:35:00+00:00,SWEEP,bearish,4453.247,,,,,,,,,,,,,,,,,,,,,,,,,,,,,
5149,2026-05-27T17:35:00+00:00,WAIT_MTF_CONTEXT,,,39.0,,,,,,neutral,bearish,neutral,30.77,,,,,,,,,,,,,,,,,,,
5150,2026-05-27T17:40:00+00:00,WAIT_MTF_CONTEXT,,,39.0,,,,,,neutral,bearish,neutral,30.77,,,,,,,,,,,,,,,,,,,
5151,2026-05-27T17:45:00+00:00,WAIT_MTF_CONTEXT,,,39.0,,,,,,neutral,bearish,neutral,30.77,,,,,,,,,,,,,,,,,,,
5152,2026-05-27T17:50:00+00:00,WAIT_MTF_CONTEXT,,,39.0,,,,,,neutral,bearish,neutral,30.77,,,,,,,,,,,,,,,,,,,
5153,2026-05-27T17:55:00+00:00,WAIT_MTF_CONTEXT,,,39.0,,,,,,neutral,bearish,neutral,30.77,,,,,,,,,,,,,,,,,,,
5154,2026-05-27T18:00:00+00:00,WAIT_MTF_CONTEXT,,,39.0,,,,,,neutral,bearish,neutral,30.77,,,,,,,,,,,,,,,,,,,
5155,2026-05-27T18:05:00+00:00,WAIT_MTF_CONTEXT,,,39.0,,,,,,neutral,bearish,neutral,30.77,,,,,,,,,,,,,,,,,,,
5156,2026-05-27T18:10:00+00:00,WAIT_MTF_CONTEXT,,,39.0,,,,,,neutral,bearish,neutral,30.77,,,,,,,,,,,,,,,,,,,
5157,2026-05-27T18:15:00+00:00,WAIT_MTF_CONTEXT,,,39.0,,,,,,neutral,bearish,neutral,30.77,,,,,,,,,,,,,,,,,,,
5158,2026-05-27T18:20:00+00:00,WAIT_MTF_CONTEXT,,,39.0,,,,,,neutral,bearish,neutral,30.77,,,,,,,,,,,,,,,,,,,
5159,2026-05-27T18:25:00+00:00,WAIT_MTF_CONTEXT,,,39.0,,,,,,neutral,bearish,neutral,30.77,,,,,,,,,,,,,,,,,,,
5160,2026-05-27T18:30:00+00:00,WAIT_MTF_CONTEXT,,,39.0,,,,,,neutral,bearish,neutral,30.77,,,,,,,,,,,,,,,,,,,
5161,2026-05-27T18:35:00+00:00,WAIT_MTF_CONTEXT,,,39.0,,,,,,neutral,bearish,neutral,30.77,,,,,,,,,,,,,,,,,,,
5162,2026-05-27T18:40:00+00:00,WAIT_MTF_CONTEXT,,,39.0,,,,,,neutral,bearish,neutral,30.77,,,,,,,,,,,,,,,,,,,
5163,2026-05-27T18:45:00+00:00,WAIT_MTF_CONTEXT,,,39.0,,,,,,neutral,bearish,neutral,30.77,,,,,,,,,,,,,,,,,,,
5164,2026-05-27T18:50:00+00:00,WAIT_MTF_CONTEXT,,,39.0,,,,,,neutral,bearish,neutral,30.77,,,,,,,,,,,,,,,,,,,
5165,2026-05-27T18:55:00+00:00,WAIT_MTF_CONTEXT,,,39.0,,,,,,neutral,bearish,neutral,30.77,,,,,,,,,,,,,,,,,,,
5166,2026-05-27T19:00:00+00:00,WAIT_MTF_CONTEXT,,,39.0,,,,,,neutral,bearish,neutral,30.77,,,,,,,,,,,,,,,,,,,
5167,2026-05-27T19:05:00+00:00,WAIT_MTF_CONTEXT,,,39.0,,,,,,neutral,bearish,neutral,30.77,,,,,,,,,,,,,,,,,,,
5168,2026-05-27T19:10:00+00:00,WAIT_MTF_CONTEXT,,,39.0,,,,,,neutral,bearish,neutral,30.77,,,,,,,,,,,,,,,,,,,
5177,2026-05-27T19:55:00+00:00,SWEEP,bullish,4449.593,,,,,,,,,,,,,,,,,,,,,,,,,,,,,
5185,2026-05-27T20:35:00+00:00,OB_EXPIRED,,,39.0,,,,,,,,,,101.0,,,,,,,,,,,,,,,,,,
5190,2026-05-27T22:00:00+00:00,SWEEP,bearish,4458.892,,,,,,,,,,,,,,,,,,,,,,,,,,,,,
5205,2026-05-27T23:15:00+00:00,SWEEP,bullish,4451.424,,,,,,,,,,,,,,,,,,,,,,,,,,,,,
5206,2026-05-27T23:20:00+00:00,SWEEP,bullish,4451.025,,,,,,,,,,,,,,,,,,,,,,,,,,,,,
5207,2026-05-27T23:25:00+00:00,SWEEP,bullish,4449.406,,,,,,,,,,,,,,,,,,,,,,,,,,,,,
5212,2026-05-27T23:50:00+00:00,SWEEP,bullish,4446.055,,,,,,,,,,,,,,,,,,,,,,,,,,,,,
5220,2026-05-28T00:30:00+00:00,SWEEP,bullish,4443.639,,,,,,,,,,,,,,,,,,,,,,,,,,,,,
5226,2026-05-28T01:00:00+00:00,SWEEP,bearish,4457.923,,,,,,,,,,,,,,,,,,,,,,,,,,,,,
5227,2026-05-28T01:05:00+00:00,SWEEP,bullish,4443.246,,,,,,,,,,,,,,,,,,,,,,,,,,,,,
5232,2026-05-28T01:30:00+00:00,SWEEP,bullish,4417.06,,,,,,,,,,,,,,,,,,,,,,,,,,,,,
5234,2026-05-28T01:40:00+00:00,SWEEP,bullish,4417.037,,,,,,,,,,,,,,,,,,,,,,,,,,,,,
5237,2026-05-28T01:55:00+00:00,SWEEP,bullish,4407.452,,,,,,,,,,,,,,,,,,,,,,,,,,,,,
5239,2026-05-28T02:05:00+00:00,SWEEP,bullish,4402.617,,,,,,,,,,,,,,,,,,,,,,,,,,,,,
5240,2026-05-28T02:10:00+00:00,SWEEP,bullish,4402.421,,,,,,,,,,,,,,,,,,,,,,,,,,,,,
5248,2026-05-28T02:50:00+00:00,SWEEP,bullish,4393.507,,,,,,,,,,,,,,,,,,,,,,,,,,,,,
5249,2026-05-28T02:55:00+00:00,SWEEP,bullish,4393.202,,,,,,,,,,,,,,,,,,,,,,,,,,,,,
5250,2026-05-28T03:00:00+00:00,SWEEP,bullish,4392.477,,,,,,,,,,,,,,,,,,,,,,,,,,,,,
5254,2026-05-28T03:20:00+00:00,SWEEP,bullish,4382.8,,,,,,,,,,,,,,,,,,,,,,,,,,,,,
5261,2026-05-28T03:55:00+00:00,SWEEP,bullish,4370.696,,,,,,,,,,,,,,,,,,,,,,,,,,,,,
5266,2026-05-28T04:20:00+00:00,SWEEP,bullish,4368.277,,,,,,,,,,,,,,,,,,,,,,,,,,,,,
5282,2026-05-28T05:40:00+00:00,SWEEP,bearish,4391.234,,,,,,,,,,,,,,,,,,,,,,,,,,,,,
5283,2026-05-28T05:45:00+00:00,SWEEP,bearish,4393.389,,,,,,,,,,,,,,,,,,,,,,,,,,,,,
5284,2026-05-28T05:50:00+00:00,SWEEP,bearish,4394.822,,,,,,,,,,,,,,,,,,,,,,,,,,,,,
5302,2026-05-28T07:20:00+00:00,SWEEP,bearish,4395.736,,,,,,,,,,,,,,,,,,,,,,,,,,,,,
5336,2026-05-28T10:10:00+00:00,SWEEP,bearish,4401.503,,,,,,,,,,,,,,,,,,,,,,,,,,,,,
5339,2026-05-28T10:25:00+00:00,OB_FORMED,bearish,,40.0,4395.481,4402.299,90.0,"{'body': 18.42, 'fvg': 22.66, 'sweep': 23.8, 'break': 5.02, 'ob_size': 10.1, 'adjacency': 10}",,,,,,,,,,,,,,,,,,,,,,,,
5344,2026-05-28T10:50:00+00:00,SWEEP,bullish,4380.092,,,,,,,,,,,,,,,,,,,,,,,,,,,,,
5364,2026-05-28T12:30:00+00:00,SWEEP,bearish,4393.064,,,,,,,,,,,,,,,,,,,,,,,,,,,,,
5365,2026-05-28T12:35:00+00:00,OB_TOUCH,,,40.0,,,,,44.602522733940646,,,,,,,,,,,,,,,,,,,,,,,
5366,2026-05-28T12:40:00+00:00,SWEEP,bearish,4402.304,,,,,,,,,,,,,,,,,,,,,,,,,,,,,
5367,2026-05-28T12:45:00+00:00,OB_CROSSED_AFTER_TOUCH,,,40.0,,,,,100.0,,,,,,,,,,,,,,,,,,,,,,,
5368,2026-05-28T12:50:00+00:00,OB_CROSSED_AFTER_TOUCH,,,40.0,,,,,100.0,,,,,,,,,,,,,,,,,,,,,,,
5369,2026-05-28T12:55:00+00:00,OB_CROSSED_AFTER_TOUCH,,,40.0,,,,,100.0,,,,,,,,,,,,,,,,,,,,,,,
5370,2026-05-28T13:00:00+00:00,SWEEP,bearish,4433.917,,,,,,,,,,,,,,,,,,,,,,,,,,,,,
5370,2026-05-28T13:00:00+00:00,OB_CROSSED_AFTER_TOUCH,,,40.0,,,,,100.0,,,,,,,,,,,,,,,,,,,,,,,
5371,2026-05-28T13:05:00+00:00,SWEEP,bearish,4436.497,,,,,,,,,,,,,,,,,,,,,,,,,,,,,
5371,2026-05-28T13:05:00+00:00,OB_CROSSED_AFTER_TOUCH,,,40.0,,,,,100.0,,,,,,,,,,,,,,,,,,,,,,,
5372,2026-05-28T13:10:00+00:00,OB_CROSSED_AFTER_TOUCH,,,40.0,,,,,100.0,,,,,,,,,,,,,,,,,,,,,,,
5373,2026-05-28T13:15:00+00:00,OB_CROSSED_AFTER_TOUCH,,,40.0,,,,,100.0,,,,,,,,,,,,,,,,,,,,,,,
5374,2026-05-28T13:20:00+00:00,OB_CROSSED_AFTER_TOUCH,,,40.0,,,,,100.0,,,,,,,,,,,,,,,,,,,,,,,
5375,2026-05-28T13:25:00+00:00,OB_CROSSED_AFTER_TOUCH,,,40.0,,,,,100.0,,,,,,,,,,,,,,,,,,,,,,,
5376,2026-05-28T13:30:00+00:00,OB_CROSSED_AFTER_TOUCH,,,40.0,,,,,100.0,,,,,,,,,,,,,,,,,,,,,,,
5377,2026-05-28T13:35:00+00:00,OB_CROSSED_AFTER_TOUCH,,,40.0,,,,,100.0,,,,,,,,,,,,,,,,,,,,,,,
5378,2026-05-28T13:40:00+00:00,OB_CROSSED_AFTER_TOUCH,,,40.0,,,,,100.0,,,,,,,,,,,,,,,,,,,,,,,
5379,2026-05-28T13:45:00+00:00,OB_CROSSED_AFTER_TOUCH,,,40.0,,,,,100.0,,,,,,,,,,,,,,,,,,,,,,,
5380,2026-05-28T13:50:00+00:00,OB_CROSSED_AFTER_TOUCH,,,40.0,,,,,100.0,,,,,,,,,,,,,,,,,,,,,,,
5381,2026-05-28T13:55:00+00:00,OB_CROSSED_AFTER_TOUCH,,,40.0,,,,,100.0,,,,,,,,,,,,,,,,,,,,,,,
5382,2026-05-28T14:00:00+00:00,OB_CROSSED_AFTER_TOUCH,,,40.0,,,,,100.0,,,,,,,,,,,,,,,,,,,,,,,
5383,2026-05-28T14:05:00+00:00,SWEEP,bearish,4439.122,,,,,,,,,,,,,,,,,,,,,,,,,,,,,
5383,2026-05-28T14:05:00+00:00,OB_CROSSED_AFTER_TOUCH,,,40.0,,,,,100.0,,,,,,,,,,,,,,,,,,,,,,,
5384,2026-05-28T14:10:00+00:00,OB_CROSSED_AFTER_TOUCH,,,40.0,,,,,100.0,,,,,,,,,,,,,,,,,,,,,,,
5385,2026-05-28T14:15:00+00:00,SWEEP,bearish,4467.54,,,,,,,,,,,,,,,,,,,,,,,,,,,,,
5385,2026-05-28T14:15:00+00:00,OB_CROSSED_AFTER_TOUCH,,,40.0,,,,,100.0,,,,,,,,,,,,,,,,,,,,,,,
5386,2026-05-28T14:20:00+00:00,OB_CROSSED_AFTER_TOUCH,,,40.0,,,,,100.0,,,,,,,,,,,,,,,,,,,,,,,
5387,2026-05-28T14:25:00+00:00,OB_CROSSED_AFTER_TOUCH,,,40.0,,,,,100.0,,,,,,,,,,,,,,,,,,,,,,,
5388,2026-05-28T14:30:00+00:00,OB_CROSSED_AFTER_TOUCH,,,40.0,,,,,100.0,,,,,,,,,,,,,,,,,,,,,,,
5389,2026-05-28T14:35:00+00:00,OB_CROSSED_AFTER_TOUCH,,,40.0,,,,,100.0,,,,,,,,,,,,,,,,,,,,,,,
5390,2026-05-28T14:40:00+00:00,OB_CROSSED_AFTER_TOUCH,,,40.0,,,,,100.0,,,,,,,,,,,,,,,,,,,,,,,
5391,2026-05-28T14:45:00+00:00,SWEEP,bearish,4473.617,,,,,,,,,,,,,,,,,,,,,,,,,,,,,
5391,2026-05-28T14:45:00+00:00,OB_CROSSED_AFTER_TOUCH,,,40.0,,,,,100.0,,,,,,,,,,,,,,,,,,,,,,,
5392,2026-05-28T14:50:00+00:00,OB_CROSSED_AFTER_TOUCH,,,40.0,,,,,100.0,,,,,,,,,,,,,,,,,,,,,,,
5393,2026-05-28T14:55:00+00:00,OB_CROSSED_AFTER_TOUCH,,,40.0,,,,,100.0,,,,,,,,,,,,,,,,,,,,,,,
5394,2026-05-28T15:00:00+00:00,OB_CROSSED_AFTER_TOUCH,,,40.0,,,,,100.0,,,,,,,,,,,,,,,,,,,,,,,
5395,2026-05-28T15:05:00+00:00,SWEEP,bearish,4480.467,,,,,,,,,,,,,,,,,,,,,,,,,,,,,
5395,2026-05-28T15:05:00+00:00,OB_CROSSED_AFTER_TOUCH,,,40.0,,,,,100.0,,,,,,,,,,,,,,,,,,,,,,,
5396,2026-05-28T15:10:00+00:00,OB_CROSSED_AFTER_TOUCH,,,40.0,,,,,100.0,,,,,,,,,,,,,,,,,,,,,,,
5397,2026-05-28T15:15:00+00:00,OB_CROSSED_AFTER_TOUCH,,,40.0,,,,,100.0,,,,,,,,,,,,,,,,,,,,,,,
5398,2026-05-28T15:20:00+00:00,OB_CROSSED_AFTER_TOUCH,,,40.0,,,,,100.0,,,,,,,,,,,,,,,,,,,,,,,
5399,2026-05-28T15:25:00+00:00,SWEEP,bearish,4480.934,,,,,,,,,,,,,,,,,,,,,,,,,,,,,
5399,2026-05-28T15:25:00+00:00,OB_CROSSED_AFTER_TOUCH,,,40.0,,,,,100.0,,,,,,,,,,,,,,,,,,,,,,,
5400,2026-05-28T15:30:00+00:00,OB_CROSSED_AFTER_TOUCH,,,40.0,,,,,100.0,,,,,,,,,,,,,,,,,,,,,,,
5401,2026-05-28T15:35:00+00:00,SWEEP,bearish,4482.164,,,,,,,,,,,,,,,,,,,,,,,,,,,,,
5401,2026-05-28T15:35:00+00:00,OB_CROSSED_AFTER_TOUCH,,,40.0,,,,,100.0,,,,,,,,,,,,,,,,,,,,,,,
5402,2026-05-28T15:40:00+00:00,OB_CROSSED_AFTER_TOUCH,,,40.0,,,,,100.0,,,,,,,,,,,,,,,,,,,,,,,
5403,2026-05-28T15:45:00+00:00,OB_CROSSED_AFTER_TOUCH,,,40.0,,,,,100.0,,,,,,,,,,,,,,,,,,,,,,,
5404,2026-05-28T15:50:00+00:00,OB_CROSSED_AFTER_TOUCH,,,40.0,,,,,100.0,,,,,,,,,,,,,,,,,,,,,,,
5405,2026-05-28T15:55:00+00:00,OB_CROSSED_AFTER_TOUCH,,,40.0,,,,,100.0,,,,,,,,,,,,,,,,,,,,,,,
5406,2026-05-28T16:00:00+00:00,OB_CROSSED_AFTER_TOUCH,,,40.0,,,,,100.0,,,,,,,,,,,,,,,,,,,,,,,
5407,2026-05-28T16:05:00+00:00,SWEEP,bearish,4484.95,,,,,,,,,,,,,,,,,,,,,,,,,,,,,
5407,2026-05-28T16:05:00+00:00,OB_CROSSED_AFTER_TOUCH,,,40.0,,,,,100.0,,,,,,,,,,,,,,,,,,,,,,,
5408,2026-05-28T16:10:00+00:00,OB_CROSSED_AFTER_TOUCH,,,40.0,,,,,100.0,,,,,,,,,,,,,,,,,,,,,,,
5409,2026-05-28T16:15:00+00:00,OB_CROSSED_AFTER_TOUCH,,,40.0,,,,,100.0,,,,,,,,,,,,,,,,,,,,,,,
5410,2026-05-28T16:20:00+00:00,OB_CROSSED_AFTER_TOUCH,,,40.0,,,,,100.0,,,,,,,,,,,,,,,,,,,,,,,
5411,2026-05-28T16:25:00+00:00,SWEEP,bearish,4502.309,,,,,,,,,,,,,,,,,,,,,,,,,,,,,
5411,2026-05-28T16:25:00+00:00,OB_CROSSED_AFTER_TOUCH,,,40.0,,,,,100.0,,,,,,,,,,,,,,,,,,,,,,,
5412,2026-05-28T16:30:00+00:00,OB_CROSSED_AFTER_TOUCH,,,40.0,,,,,100.0,,,,,,,,,,,,,,,,,,,,,,,
5413,2026-05-28T16:35:00+00:00,SWEEP,bearish,4502.905,,,,,,,,,,,,,,,,,,,,,,,,,,,,,
5413,2026-05-28T16:35:00+00:00,OB_CROSSED_AFTER_TOUCH,,,40.0,,,,,100.0,,,,,,,,,,,,,,,,,,,,,,,
5414,2026-05-28T16:40:00+00:00,OB_CROSSED_AFTER_TOUCH,,,40.0,,,,,100.0,,,,,,,,,,,,,,,,,,,,,,,
5415,2026-05-28T16:45:00+00:00,SWEEP,bearish,4506.353,,,,,,,,,,,,,,,,,,,,,,,,,,,,,
5415,2026-05-28T16:45:00+00:00,OB_CROSSED_AFTER_TOUCH,,,40.0,,,,,100.0,,,,,,,,,,,,,,,,,,,,,,,
5416,2026-05-28T16:50:00+00:00,OB_CROSSED_AFTER_TOUCH,,,40.0,,,,,100.0,,,,,,,,,,,,,,,,,,,,,,,
5417,2026-05-28T16:55:00+00:00,OB_CROSSED_AFTER_TOUCH,,,40.0,,,,,100.0,,,,,,,,,,,,,,,,,,,,,,,
5418,2026-05-28T17:00:00+00:00,SWEEP,bearish,4511.029,,,,,,,,,,,,,,,,,,,,,,,,,,,,,
5418,2026-05-28T17:00:00+00:00,OB_CROSSED_AFTER_TOUCH,,,40.0,,,,,100.0,,,,,,,,,,,,,,,,,,,,,,,
5419,2026-05-28T17:05:00+00:00,OB_CROSSED_AFTER_TOUCH,,,40.0,,,,,100.0,,,,,,,,,,,,,,,,,,,,,,,
5420,2026-05-28T17:10:00+00:00,OB_CROSSED_AFTER_TOUCH,,,40.0,,,,,100.0,,,,,,,,,,,,,,,,,,,,,,,
5421,2026-05-28T17:15:00+00:00,OB_CROSSED_AFTER_TOUCH,,,40.0,,,,,100.0,,,,,,,,,,,,,,,,,,,,,,,
5422,2026-05-28T17:20:00+00:00,OB_CROSSED_AFTER_TOUCH,,,40.0,,,,,100.0,,,,,,,,,,,,,,,,,,,,,,,
5423,2026-05-28T17:25:00+00:00,OB_CROSSED_AFTER_TOUCH,,,40.0,,,,,100.0,,,,,,,,,,,,,,,,,,,,,,,
5424,2026-05-28T17:30:00+00:00,OB_CROSSED_AFTER_TOUCH,,,40.0,,,,,100.0,,,,,,,,,,,,,,,,,,,,,,,
5425,2026-05-28T17:35:00+00:00,OB_CROSSED_AFTER_TOUCH,,,40.0,,,,,100.0,,,,,,,,,,,,,,,,,,,,,,,
5426,2026-05-28T17:40:00+00:00,OB_CROSSED_AFTER_TOUCH,,,40.0,,,,,100.0,,,,,,,,,,,,,,,,,,,,,,,
5427,2026-05-28T17:45:00+00:00,OB_CROSSED_AFTER_TOUCH,,,40.0,,,,,100.0,,,,,,,,,,,,,,,,,,,,,,,
5428,2026-05-28T17:50:00+00:00,OB_CROSSED_AFTER_TOUCH,,,40.0,,,,,100.0,,,,,,,,,,,,,,,,,,,,,,,
5429,2026-05-28T17:55:00+00:00,OB_CROSSED_AFTER_TOUCH,,,40.0,,,,,100.0,,,,,,,,,,,,,,,,,,,,,,,
5430,2026-05-28T18:00:00+00:00,SWEEP,bearish,4514.666,,,,,,,,,,,,,,,,,,,,,,,,,,,,,
5430,2026-05-28T18:00:00+00:00,OB_CROSSED_AFTER_TOUCH,,,40.0,,,,,100.0,,,,,,,,,,,,,,,,,,,,,,,
5431,2026-05-28T18:05:00+00:00,OB_CROSSED_AFTER_TOUCH,,,40.0,,,,,100.0,,,,,,,,,,,,,,,,,,,,,,,
5432,2026-05-28T18:10:00+00:00,OB_CROSSED_AFTER_TOUCH,,,40.0,,,,,100.0,,,,,,,,,,,,,,,,,,,,,,,
5433,2026-05-28T18:15:00+00:00,OB_CROSSED_AFTER_TOUCH,,,40.0,,,,,100.0,,,,,,,,,,,,,,,,,,,,,,,
5434,2026-05-28T18:20:00+00:00,OB_CROSSED_AFTER_TOUCH,,,40.0,,,,,100.0,,,,,,,,,,,,,,,,,,,,,,,
5435,2026-05-28T18:25:00+00:00,OB_CROSSED_AFTER_TOUCH,,,40.0,,,,,100.0,,,,,,,,,,,,,,,,,,,,,,,
5436,2026-05-28T18:30:00+00:00,OB_CROSSED_AFTER_TOUCH,,,40.0,,,,,100.0,,,,,,,,,,,,,,,,,,,,,,,
5437,2026-05-28T18:35:00+00:00,OB_CROSSED_AFTER_TOUCH,,,40.0,,,,,100.0,,,,,,,,,,,,,,,,,,,,,,,
5438,2026-05-28T18:40:00+00:00,OB_CROSSED_AFTER_TOUCH,,,40.0,,,,,100.0,,,,,,,,,,,,,,,,,,,,,,,
5439,2026-05-28T18:45:00+00:00,OB_CROSSED_AFTER_TOUCH,,,40.0,,,,,100.0,,,,,,,,,,,,,,,,,,,,,,,
5440,2026-05-28T18:50:00+00:00,OB_EXPIRED,,,40.0,,,,,,,,,,101.0,,,,,,,,,,,,,,,,,,
5451,2026-05-28T19:45:00+00:00,SWEEP,bullish,4498.442,,,,,,,,,,,,,,,,,,,,,,,,,,,,,
5452,2026-05-28T19:50:00+00:00,SWEEP,bullish,4498.06,,,,,,,,,,,,,,,,,,,,,,,,,,,,,
5453,2026-05-28T19:55:00+00:00,SWEEP,bullish,4497.658,,,,,,,,,,,,,,,,,,,,,,,,,,,,,
5455,2026-05-28T20:05:00+00:00,SWEEP,bullish,4495.498,,,,,,,,,,,,,,,,,,,,,,,,,,,,,
5464,2026-05-28T20:50:00+00:00,SWEEP,bullish,4494.858,,,,,,,,,,,,,,,,,,,,,,,,,,,,,
5487,2026-05-28T23:45:00+00:00,SWEEP,bullish,4489.183,,,,,,,,,,,,,,,,,,,,,,,,,,,,,
5490,2026-05-29T00:00:00+00:00,SWEEP,bearish,4496.93,,,,,,,,,,,,,,,,,,,,,,,,,,,,,
5494,2026-05-29T00:20:00+00:00,SWEEP,bearish,4499.886,,,,,,,,,,,,,,,,,,,,,,,,,,,,,
5495,2026-05-29T00:25:00+00:00,SWEEP,bearish,4500.43,,,,,,,,,,,,,,,,,,,,,,,,,,,,,
5533,2026-05-29T03:35:00+00:00,SWEEP,bullish,4494.911,,,,,,,,,,,,,,,,,,,,,,,,,,,,,
5543,2026-05-29T04:25:00+00:00,SWEEP,bearish,4511.583,,,,,,,,,,,,,,,,,,,,,,,,,,,,,
5550,2026-05-29T05:00:00+00:00,SWEEP,bearish,4514.828,,,,,,,,,,,,,,,,,,,,,,,,,,,,,
5560,2026-05-29T05:50:00+00:00,SWEEP,bearish,4515.547,,,,,,,,,,,,,,,,,,,,,,,,,,,,,
5572,2026-05-29T06:50:00+00:00,SWEEP,bearish,4522.466,,,,,,,,,,,,,,,,,,,,,,,,,,,,,
5581,2026-05-29T07:35:00+00:00,SWEEP,bearish,4524.167,,,,,,,,,,,,,,,,,,,,,,,,,,,,,
5582,2026-05-29T07:40:00+00:00,SWEEP,bearish,4525.202,,,,,,,,,,,,,,,,,,,,,,,,,,,,,
5583,2026-05-29T07:45:00+00:00,SWEEP,bearish,4526.116,,,,,,,,,,,,,,,,,,,,,,,,,,,,,
5596,2026-05-29T08:50:00+00:00,SWEEP,bullish,4510.739,,,,,,,,,,,,,,,,,,,,,,,,,,,,,
5603,2026-05-29T09:25:00+00:00,SWEEP,bearish,4530.362,,,,,,,,,,,,,,,,,,,,,,,,,,,,,
5604,2026-05-29T09:30:00+00:00,OB_FORMED,bullish,,41.0,4524.805,4530.785,70.3,"{'body': 16.36, 'fvg': 9.33, 'sweep': 21.16, 'break': 0.12, 'ob_size': 13.33, 'adjacency': 10}",,,,,,,,,,,,,,,,,,,,,,,,
5608,2026-05-29T09:50:00+00:00,SWEEP,bearish,4537.772,,,,,,,,,,,,,,,,,,,,,,,,,,,,,
5609,2026-05-29T09:55:00+00:00,OB_TOUCH,,,41.0,,,,,0.0,,,,,,,,,,,,,,,,,,,,,,,
5611,2026-05-29T10:05:00+00:00,REVERSAL_INSIDE_OB,,,41.0,,,,,75.8361204013409,,,,,,,,,,,,,,,,,,,,,,,
5611,2026-05-29T10:05:00+00:00,WAIT_MICRO_BOS,,,41.0,,,,,,,,,,,normal_reversal_inside_ob,,,,,,,,,,,,,,,,,
5612,2026-05-29T10:10:00+00:00,REVERSAL_INSIDE_OB,,,41.0,,,,,40.73578595317512,,,,,,,,,,,,,,,,,,,,,,,
5612,2026-05-29T10:10:00+00:00,WAIT_MICRO_BOS,,,41.0,,,,,,,,,,,normal_reversal_inside_ob,,,,,,,,,,,,,,,,,
5614,2026-05-29T10:20:00+00:00,REVERSAL_INSIDE_OB,,,41.0,,,,,55.334448160542436,,,,,,,,,,,,,,,,,,,,,,,
5614,2026-05-29T10:20:00+00:00,WAIT_MICRO_BOS,,,41.0,,,,,,,,,,,normal_reversal_inside_ob,,,,,,,,,,,,,,,,,
5615,2026-05-29T10:25:00+00:00,REVERSAL_INSIDE_OB,,,41.0,,,,,4.06354515049333,,,,,,,,,,,,,,,,,,,,,,,
5615,2026-05-29T10:25:00+00:00,WAIT_MICRO_BOS,,,41.0,,,,,,,,,,,normal_reversal_inside_ob,,,,,,,,,,,,,,,,,
5629,2026-05-29T11:35:00+00:00,REVERSAL_INSIDE_OB,,,41.0,,,,,38.71237458193593,,,,,,,,,,,,,,,,,,,,,,,
5629,2026-05-29T11:35:00+00:00,WAIT_MICRO_BOS,,,41.0,,,,,,,,,,,normal_reversal_inside_ob,,,,,,,,,,,,,,,,,
5635,2026-05-29T12:05:00+00:00,REVERSAL_INSIDE_OB,,,41.0,,,,,8.444816053514147,,,,,,,,,,,,,,,,,,,,,,,
5635,2026-05-29T12:05:00+00:00,WAIT_MICRO_BOS,,,41.0,,,,,,,,,,,normal_reversal_inside_ob,,,,,,,,,,,,,,,,,
5637,2026-05-29T12:15:00+00:00,REVERSAL_INSIDE_OB,,,41.0,,,,,9.782608695653497,,,,,,,,,,,,,,,,,,,,,,,
5637,2026-05-29T12:15:00+00:00,WAIT_MICRO_BOS,,,41.0,,,,,,,,,,,normal_reversal_inside_ob,,,,,,,,,,,,,,,,,
5638,2026-05-29T12:20:00+00:00,OB_CROSSED_AFTER_TOUCH,,,41.0,,,,,100.0,,,,,,,,,,,,,,,,,,,,,,,
5639,2026-05-29T12:25:00+00:00,OB_CROSSED_AFTER_TOUCH,,,41.0,,,,,100.0,,,,,,,,,,,,,,,,,,,,,,,
5640,2026-05-29T12:30:00+00:00,OB_CROSSED_AFTER_TOUCH,,,41.0,,,,,100.0,,,,,,,,,,,,,,,,,,,,,,,
5641,2026-05-29T12:35:00+00:00,OB_CROSSED_AFTER_TOUCH,,,41.0,,,,,100.0,,,,,,,,,,,,,,,,,,,,,,,
5642,2026-05-29T12:40:00+00:00,OB_CROSSED_AFTER_TOUCH,,,41.0,,,,,100.0,,,,,,,,,,,,,,,,,,,,,,,
5643,2026-05-29T12:45:00+00:00,SWEEP,bullish,4512.617,,,,,,,,,,,,,,,,,,,,,,,,,,,,,
5643,2026-05-29T12:45:00+00:00,OB_CROSSED_AFTER_TOUCH,,,41.0,,,,,100.0,,,,,,,,,,,,,,,,,,,,,,,
5644,2026-05-29T12:50:00+00:00,OB_CROSSED_AFTER_TOUCH,,,41.0,,,,,100.0,,,,,,,,,,,,,,,,,,,,,,,
5645,2026-05-29T12:55:00+00:00,OB_CROSSED_AFTER_TOUCH,,,41.0,,,,,100.0,,,,,,,,,,,,,,,,,,,,,,,
5646,2026-05-29T13:00:00+00:00,OB_CROSSED_AFTER_TOUCH,,,41.0,,,,,100.0,,,,,,,,,,,,,,,,,,,,,,,
5647,2026-05-29T13:05:00+00:00,REVERSAL_AFTER_OB_CROSS,,,41.0,,,,,91.7056856187269,,,,,,,,,,,,,,,,,,,,,,,
5647,2026-05-29T13:05:00+00:00,WAIT_MICRO_BOS,,,41.0,,,,,,,,,,,crossed_ob_reentry,,,,,,,,,,,,,,,,,
5648,2026-05-29T13:10:00+00:00,OB_CROSSED_AFTER_TOUCH,,,41.0,,,,,100.0,,,,,,,,,,,,,,,,,,,,,,,
5649,2026-05-29T13:15:00+00:00,OB_CROSSED_AFTER_TOUCH,,,41.0,,,,,100.0,,,,,,,,,,,,,,,,,,,,,,,
5650,2026-05-29T13:20:00+00:00,REVERSAL_AFTER_OB_CROSS,,,41.0,,,,,74.11371237458381,,,,,,,,,,,,,,,,,,,,,,,
5650,2026-05-29T13:20:00+00:00,WAIT_MICRO_BOS,,,41.0,,,,,,,,,,,crossed_ob_reentry,,,,,,,,,,,,,,,,,
5651,2026-05-29T13:25:00+00:00,REVERSAL_AFTER_OB_CROSS,,,41.0,,,,,43.695652173920976,,,,,,,,,,,,,,,,,,,,,,,
5651,2026-05-29T13:25:00+00:00,WAIT_REENTRY_DEPTH,,,41.0,,,,,43.695652173920976,,,,,,,70.0,,,,,,,,,,,,,,,,
5652,2026-05-29T13:30:00+00:00,WAIT_MICRO_BOS,,,41.0,,,,,,,,,,,crossed_ob_reentry,,,,,,,,,,,,,,,,,
5653,2026-05-29T13:35:00+00:00,WAIT_REENTRY_DEPTH,,,41.0,,,,,0.0,,,,,,,70.0,,,,,,,,,,,,,,,,
5654,2026-05-29T13:40:00+00:00,WAIT_REENTRY_DEPTH,,,41.0,,,,,0.0,,,,,,,70.0,,,,,,,,,,,,,,,,
5655,2026-05-29T13:45:00+00:00,WAIT_REENTRY_DEPTH,,,41.0,,,,,0.0,,,,,,,70.0,,,,,,,,,,,,,,,,
5656,2026-05-29T13:50:00+00:00,WAIT_REENTRY_DEPTH,,,41.0,,,,,0.0,,,,,,,70.0,,,,,,,,,,,,,,,,
5657,2026-05-29T13:55:00+00:00,SWEEP,bearish,4539.204,,,,,,,,,,,,,,,,,,,,,,,,,,,,,
5657,2026-05-29T13:55:00+00:00,WAIT_REENTRY_DEPTH,,,41.0,,,,,0.0,,,,,,,70.0,,,,,,,,,,,,,,,,
5658,2026-05-29T14:00:00+00:00,WAIT_REENTRY_DEPTH,,,41.0,,,,,0.0,,,,,,,70.0,,,,,,,,,,,,,,,,
5659,2026-05-29T14:05:00+00:00,WAIT_REENTRY_DEPTH,,,41.0,,,,,0.0,,,,,,,70.0,,,,,,,,,,,,,,,,
5660,2026-05-29T14:10:00+00:00,SWEEP,bearish,4552.541,,,,,,,,,,,,,,,,,,,,,,,,,,,,,
5660,2026-05-29T14:10:00+00:00,WAIT_REENTRY_DEPTH,,,41.0,,,,,0.0,,,,,,,70.0,,,,,,,,,,,,,,,,
5661,2026-05-29T14:15:00+00:00,WAIT_REENTRY_DEPTH,,,41.0,,,,,0.0,,,,,,,70.0,,,,,,,,,,,,,,,,
5662,2026-05-29T14:20:00+00:00,WAIT_REENTRY_DEPTH,,,41.0,,,,,0.0,,,,,,,70.0,,,,,,,,,,,,,,,,
5663,2026-05-29T14:25:00+00:00,WAIT_REENTRY_DEPTH,,,41.0,,,,,14.816053511698616,,,,,,,70.0,,,,,,,,,,,,,,,,
5664,2026-05-29T14:30:00+00:00,WAIT_REENTRY_DEPTH,,,41.0,,,,,0.0,,,,,,,70.0,,,,,,,,,,,,,,,,
5665,2026-05-29T14:35:00+00:00,WAIT_REENTRY_DEPTH,,,41.0,,,,,0.0,,,,,,,70.0,,,,,,,,,,,,,,,,
5666,2026-05-29T14:40:00+00:00,WAIT_REENTRY_DEPTH,,,41.0,,,,,0.0,,,,,,,70.0,,,,,,,,,,,,,,,,
5667,2026-05-29T14:45:00+00:00,WAIT_REENTRY_DEPTH,,,41.0,,,,,0.0,,,,,,,70.0,,,,,,,,,,,,,,,,
5668,2026-05-29T14:50:00+00:00,WAIT_REENTRY_DEPTH,,,41.0,,,,,0.0,,,,,,,70.0,,,,,,,,,,,,,,,,
5669,2026-05-29T14:55:00+00:00,SWEEP,bearish,4569.153,,,,,,,,,,,,,,,,,,,,,,,,,,,,,
5669,2026-05-29T14:55:00+00:00,WAIT_REENTRY_DEPTH,,,41.0,,,,,0.0,,,,,,,70.0,,,,,,,,,,,,,,,,
5670,2026-05-29T15:00:00+00:00,WAIT_REENTRY_DEPTH,,,41.0,,,,,0.0,,,,,,,70.0,,,,,,,,,,,,,,,,
5671,2026-05-29T15:05:00+00:00,WAIT_REENTRY_DEPTH,,,41.0,,,,,0.0,,,,,,,70.0,,,,,,,,,,,,,,,,
5672,2026-05-29T15:10:00+00:00,SWEEP,bearish,4589.842,,,,,,,,,,,,,,,,,,,,,,,,,,,,,
5672,2026-05-29T15:10:00+00:00,WAIT_REENTRY_DEPTH,,,41.0,,,,,0.0,,,,,,,70.0,,,,,,,,,,,,,,,,
5673,2026-05-29T15:15:00+00:00,WAIT_REENTRY_DEPTH,,,41.0,,,,,0.0,,,,,,,70.0,,,,,,,,,,,,,,,,
5674,2026-05-29T15:20:00+00:00,WAIT_REENTRY_DEPTH,,,41.0,,,,,0.0,,,,,,,70.0,,,,,,,,,,,,,,,,
5675,2026-05-29T15:25:00+00:00,WAIT_REENTRY_DEPTH,,,41.0,,,,,0.0,,,,,,,70.0,,,,,,,,,,,,,,,,
5676,2026-05-29T15:30:00+00:00,WAIT_REENTRY_DEPTH,,,41.0,,,,,0.0,,,,,,,70.0,,,,,,,,,,,,,,,,
5677,2026-05-29T15:35:00+00:00,WAIT_REENTRY_DEPTH,,,41.0,,,,,0.0,,,,,,,70.0,,,,,,,,,,,,,,,,
5678,2026-05-29T15:40:00+00:00,WAIT_REENTRY_DEPTH,,,41.0,,,,,0.0,,,,,,,70.0,,,,,,,,,,,,,,,,
5679,2026-05-29T15:45:00+00:00,WAIT_REENTRY_DEPTH,,,41.0,,,,,0.0,,,,,,,70.0,,,,,,,,,,,,,,,,
5680,2026-05-29T15:50:00+00:00,WAIT_REENTRY_DEPTH,,,41.0,,,,,0.0,,,,,,,70.0,,,,,,,,,,,,,,,,
5681,2026-05-29T15:55:00+00:00,WAIT_REENTRY_DEPTH,,,41.0,,,,,0.0,,,,,,,70.0,,,,,,,,,,,,,,,,
5682,2026-05-29T16:00:00+00:00,WAIT_REENTRY_DEPTH,,,41.0,,,,,0.0,,,,,,,70.0,,,,,,,,,,,,,,,,
5683,2026-05-29T16:05:00+00:00,WAIT_REENTRY_DEPTH,,,41.0,,,,,0.0,,,,,,,70.0,,,,,,,,,,,,,,,,
5684,2026-05-29T16:10:00+00:00,WAIT_REENTRY_DEPTH,,,41.0,,,,,0.0,,,,,,,70.0,,,,,,,,,,,,,,,,
5685,2026-05-29T16:15:00+00:00,WAIT_REENTRY_DEPTH,,,41.0,,,,,0.0,,,,,,,70.0,,,,,,,,,,,,,,,,
5686,2026-05-29T16:20:00+00:00,WAIT_REENTRY_DEPTH,,,41.0,,,,,0.0,,,,,,,70.0,,,,,,,,,,,,,,,,
5687,2026-05-29T16:25:00+00:00,WAIT_REENTRY_DEPTH,,,41.0,,,,,0.0,,,,,,,70.0,,,,,,,,,,,,,,,,
5688,2026-05-29T16:30:00+00:00,WAIT_REENTRY_DEPTH,,,41.0,,,,,0.0,,,,,,,70.0,,,,,,,,,,,,,,,,
5689,2026-05-29T16:35:00+00:00,WAIT_REENTRY_DEPTH,,,41.0,,,,,0.0,,,,,,,70.0,,,,,,,,,,,,,,,,
5690,2026-05-29T16:40:00+00:00,WAIT_REENTRY_DEPTH,,,41.0,,,,,0.0,,,,,,,70.0,,,,,,,,,,,,,,,,
5691,2026-05-29T16:45:00+00:00,WAIT_REENTRY_DEPTH,,,41.0,,,,,0.0,,,,,,,70.0,,,,,,,,,,,,,,,,
5692,2026-05-29T16:50:00+00:00,WAIT_REENTRY_DEPTH,,,41.0,,,,,0.0,,,,,,,70.0,,,,,,,,,,,,,,,,
5693,2026-05-29T16:55:00+00:00,WAIT_REENTRY_DEPTH,,,41.0,,,,,0.0,,,,,,,70.0,,,,,,,,,,,,,,,,
5694,2026-05-29T17:00:00+00:00,WAIT_REENTRY_DEPTH,,,41.0,,,,,0.0,,,,,,,70.0,,,,,,,,,,,,,,,,
5695,2026-05-29T17:05:00+00:00,WAIT_REENTRY_DEPTH,,,41.0,,,,,0.0,,,,,,,70.0,,,,,,,,,,,,,,,,
5696,2026-05-29T17:10:00+00:00,WAIT_REENTRY_DEPTH,,,41.0,,,,,0.0,,,,,,,70.0,,,,,,,,,,,,,,,,
5697,2026-05-29T17:15:00+00:00,WAIT_REENTRY_DEPTH,,,41.0,,,,,0.0,,,,,,,70.0,,,,,,,,,,,,,,,,
5698,2026-05-29T17:20:00+00:00,WAIT_REENTRY_DEPTH,,,41.0,,,,,0.0,,,,,,,70.0,,,,,,,,,,,,,,,,
5699,2026-05-29T17:25:00+00:00,WAIT_REENTRY_DEPTH,,,41.0,,,,,0.0,,,,,,,70.0,,,,,,,,,,,,,,,,
5700,2026-05-29T17:30:00+00:00,SWEEP,bullish,4559.633,,,,,,,,,,,,,,,,,,,,,,,,,,,,,
5700,2026-05-29T17:30:00+00:00,WAIT_REENTRY_DEPTH,,,41.0,,,,,0.0,,,,,,,70.0,,,,,,,,,,,,,,,,
5701,2026-05-29T17:35:00+00:00,WAIT_REENTRY_DEPTH,,,41.0,,,,,0.0,,,,,,,70.0,,,,,,,,,,,,,,,,
5702,2026-05-29T17:40:00+00:00,WAIT_REENTRY_DEPTH,,,41.0,,,,,0.0,,,,,,,70.0,,,,,,,,,,,,,,,,
5703,2026-05-29T17:45:00+00:00,SWEEP,bullish,4553.368,,,,,,,,,,,,,,,,,,,,,,,,,,,,,
5703,2026-05-29T17:45:00+00:00,WAIT_REENTRY_DEPTH,,,41.0,,,,,0.0,,,,,,,70.0,,,,,,,,,,,,,,,,
5704,2026-05-29T17:50:00+00:00,SWEEP,bullish,4552.994,,,,,,,,,,,,,,,,,,,,,,,,,,,,,
5704,2026-05-29T17:50:00+00:00,WAIT_REENTRY_DEPTH,,,41.0,,,,,0.0,,,,,,,70.0,,,,,,,,,,,,,,,,
5705,2026-05-29T17:55:00+00:00,SWEEP,bullish,4552.288,,,,,,,,,,,,,,,,,,,,,,,,,,,,,
5705,2026-05-29T17:55:00+00:00,OB_EXPIRED,,,41.0,,,,,,,,,,101.0,,,,,,,,,,,,,,,,,,
5715,2026-05-29T18:45:00+00:00,SWEEP,bullish,4551.445,,,,,,,,,,,,,,,,,,,,,,,,,,,,,
5729,2026-05-29T19:55:00+00:00,SWEEP,bullish,4545.512,,,,,,,,,,,,,,,,,,,,,,,,,,,,,
5730,2026-05-29T20:00:00+00:00,SWEEP,bullish,4542.799,,,,,,,,,,,,,,,,,,,,,,,,,,,,,
5736,2026-05-29T20:30:00+00:00,SWEEP,bullish,4542.081,,,,,,,,,,,,,,,,,,,,,,,,,,,,,
5738,2026-05-29T20:40:00+00:00,SWEEP,bullish,4541.576,,,,,,,,,,,,,,,,,,,,,,,,,,,,,
5741,2026-05-29T20:55:00+00:00,SWEEP,bullish,4539.661,,,,,,,,,,,,,,,,,,,,,,,,,,,,,
5760,2026-05-31T23:30:00+00:00,SWEEP,bearish,4544.978,,,,,,,,,,,,,,,,,,,,,,,,,,,,,
5766,2026-06-01T00:00:00+00:00,SWEEP,bearish,4545.711,,,,,,,,,,,,,,,,,,,,,,,,,,,,,
5780,2026-06-01T01:10:00+00:00,SWEEP,bullish,4526.974,,,,,,,,,,,,,,,,,,,,,,,,,,,,,
5796,2026-06-01T02:30:00+00:00,SWEEP,bullish,4523.526,,,,,,,,,,,,,,,,,,,,,,,,,,,,,
5799,2026-06-01T02:45:00+00:00,SWEEP,bullish,4522.144,,,,,,,,,,,,,,,,,,,,,,,,,,,,,
5804,2026-06-01T03:10:00+00:00,SWEEP,bullish,4517.157,,,,,,,,,,,,,,,,,,,,,,,,,,,,,
5805,2026-06-01T03:15:00+00:00,SWEEP,bullish,4515.388,,,,,,,,,,,,,,,,,,,,,,,,,,,,,
5823,2026-06-01T04:45:00+00:00,SWEEP,bullish,4509.784,,,,,,,,,,,,,,,,,,,,,,,,,,,,,
5831,2026-06-01T05:25:00+00:00,SWEEP,bearish,4523.026,,,,,,,,,,,,,,,,,,,,,,,,,,,,,
5847,2026-06-01T06:45:00+00:00,SWEEP,bullish,4501.546,,,,,,,,,,,,,,,,,,,,,,,,,,,,,
5848,2026-06-01T06:50:00+00:00,SWEEP,bullish,4500.835,,,,,,,,,,,,,,,,,,,,,,,,,,,,,
5860,2026-06-01T07:50:00+00:00,SWEEP,bullish,4492.585,,,,,,,,,,,,,,,,,,,,,,,,,,,,,
5865,2026-06-01T08:15:00+00:00,SWEEP,bullish,4492.555,,,,,,,,,,,,,,,,,,,,,,,,,,,,,
5866,2026-06-01T08:20:00+00:00,SWEEP,bullish,4491.591,,,,,,,,,,,,,,,,,,,,,,,,,,,,,
5878,2026-06-01T09:20:00+00:00,SWEEP,bearish,4505.674,,,,,,,,,,,,,,,,,,,,,,,,,,,,,
5880,2026-06-01T09:30:00+00:00,SWEEP,bullish,4490.39,,,,,,,,,,,,,,,,,,,,,,,,,,,,,
5893,2026-06-01T10:35:00+00:00,SWEEP,bearish,4506.19,,,,,,,,,,,,,,,,,,,,,,,,,,,,,
5894,2026-06-01T10:40:00+00:00,SWEEP,bearish,4506.793,,,,,,,,,,,,,,,,,,,,,,,,,,,,,
5896,2026-06-01T10:50:00+00:00,SWEEP,bearish,4510.482,,,,,,,,,,,,,,,,,,,,,,,,,,,,,
5902,2026-06-01T11:20:00+00:00,SWEEP,bearish,4511.014,,,,,,,,,,,,,,,,,,,,,,,,,,,,,
5914,2026-06-01T12:20:00+00:00,SWEEP,bullish,4499.713,,,,,,,,,,,,,,,,,,,,,,,,,,,,,
5922,2026-06-01T13:00:00+00:00,SWEEP,bullish,4497.371,,,,,,,,,,,,,,,,,,,,,,,,,,,,,
5927,2026-06-01T13:25:00+00:00,SWEEP,bullish,4463.656,,,,,,,,,,,,,,,,,,,,,,,,,,,,,
5928,2026-06-01T13:30:00+00:00,SWEEP,bullish,4462.436,,,,,,,,,,,,,,,,,,,,,,,,,,,,,
5934,2026-06-01T14:00:00+00:00,SWEEP,bullish,4448.441,,,,,,,,,,,,,,,,,,,,,,,,,,,,,
5951,2026-06-01T15:25:00+00:00,SWEEP,bearish,4469.458,,,,,,,,,,,,,,,,,,,,,,,,,,,,,
5953,2026-06-01T15:35:00+00:00,SWEEP,bearish,4478.877,,,,,,,,,,,,,,,,,,,,,,,,,,,,,
5968,2026-06-01T16:50:00+00:00,SWEEP,bearish,4479.826,,,,,,,,,,,,,,,,,,,,,,,,,,,,,
5969,2026-06-01T16:55:00+00:00,SWEEP,bearish,4480.986,,,,,,,,,,,,,,,,,,,,,,,,,,,,,
5976,2026-06-01T17:30:00+00:00,SWEEP,bearish,4482.998,,,,,,,,,,,,,,,,,,,,,,,,,,,,,
5979,2026-06-01T17:45:00+00:00,SWEEP,bearish,4491.647,,,,,,,,,,,,,,,,,,,,,,,,,,,,,
5999,2026-06-01T19:25:00+00:00,SWEEP,bullish,4484.498,,,,,,,,,,,,,,,,,,,,,,,,,,,,,
6001,2026-06-01T19:35:00+00:00,SWEEP,bullish,4483.455,,,,,,,,,,,,,,,,,,,,,,,,,,,,,
6003,2026-06-01T19:45:00+00:00,SWEEP,bullish,4482.845,,,,,,,,,,,,,,,,,,,,,,,,,,,,,
6005,2026-06-01T19:55:00+00:00,SWEEP,bullish,4479.896,,,,,,,,,,,,,,,,,,,,,,,,,,,,,
6018,2026-06-01T22:00:00+00:00,SWEEP,bearish,4486.513,,,,,,,,,,,,,,,,,,,,,,,,,,,,,
6030,2026-06-01T23:00:00+00:00,SWEEP,bearish,4486.919,,,,,,,,,,,,,,,,,,,,,,,,,,,,,
6033,2026-06-01T23:15:00+00:00,SWEEP,bearish,4487.733,,,,,,,,,,,,,,,,,,,,,,,,,,,,,
6035,2026-06-01T23:25:00+00:00,SWEEP,bearish,4487.984,,,,,,,,,,,,,,,,,,,,,,,,,,,,,
6039,2026-06-01T23:45:00+00:00,SWEEP,bullish,4479.866,,,,,,,,,,,,,,,,,,,,,,,,,,,,,
6048,2026-06-02T00:30:00+00:00,SWEEP,bearish,4493.824,,,,,,,,,,,,,,,,,,,,,,,,,,,,,
6054,2026-06-02T01:00:00+00:00,SWEEP,bullish,4476.516,,,,,,,,,,,,,,,,,,,,,,,,,,,,,
6063,2026-06-02T01:45:00+00:00,SWEEP,bullish,4473.546,,,,,,,,,,,,,,,,,,,,,,,,,,,,,
6064,2026-06-02T01:50:00+00:00,SWEEP,bullish,4471.53,,,,,,,,,,,,,,,,,,,,,,,,,,,,,
6078,2026-06-02T03:00:00+00:00,SWEEP,bearish,4492.511,,,,,,,,,,,,,,,,,,,,,,,,,,,,,
6084,2026-06-02T03:30:00+00:00,SWEEP,bearish,4497.512,,,,,,,,,,,,,,,,,,,,,,,,,,,,,
6087,2026-06-02T03:45:00+00:00,SWEEP,bearish,4499.268,,,,,,,,,,,,,,,,,,,,,,,,,,,,,
6098,2026-06-02T04:40:00+00:00,SWEEP,bearish,4510.277,,,,,,,,,,,,,,,,,,,,,,,,,,,,,
6105,2026-06-02T05:15:00+00:00,SWEEP,bearish,4518.623,,,,,,,,,,,,,,,,,,,,,,,,,,,,,
6106,2026-06-02T05:20:00+00:00,SWEEP,bearish,4519.676,,,,,,,,,,,,,,,,,,,,,,,,,,,,,
6107,2026-06-02T05:25:00+00:00,SWEEP,bearish,4520.559,,,,,,,,,,,,,,,,,,,,,,,,,,,,,
6109,2026-06-02T05:35:00+00:00,SWEEP,bearish,4527.001,,,,,,,,,,,,,,,,,,,,,,,,,,,,,
6121,2026-06-02T06:35:00+00:00,SWEEP,bearish,4537.183,,,,,,,,,,,,,,,,,,,,,,,,,,,,,
6147,2026-06-02T08:45:00+00:00,SWEEP,bullish,4527.703,,,,,,,,,,,,,,,,,,,,,,,,,,,,,
6150,2026-06-02T09:00:00+00:00,SWEEP,bullish,4525.789,,,,,,,,,,,,,,,,,,,,,,,,,,,,,
6156,2026-06-02T09:30:00+00:00,SWEEP,bullish,4525.262,,,,,,,,,,,,,,,,,,,,,,,,,,,,,
6158,2026-06-02T09:40:00+00:00,SWEEP,bullish,4521.868,,,,,,,,,,,,,,,,,,,,,,,,,,,,,
6187,2026-06-02T12:05:00+00:00,SWEEP,bullish,4524.955,,,,,,,,,,,,,,,,,,,,,,,,,,,,,
6189,2026-06-02T12:15:00+00:00,SWEEP,bullish,4524.865,,,,,,,,,,,,,,,,,,,,,,,,,,,,,
6192,2026-06-02T12:30:00+00:00,SWEEP,bullish,4523.881,,,,,,,,,,,,,,,,,,,,,,,,,,,,,
6197,2026-06-02T12:55:00+00:00,SWEEP,bullish,4513.968,,,,,,,,,,,,,,,,,,,,,,,,,,,,,
6198,2026-06-02T13:00:00+00:00,SWEEP,bullish,4513.445,,,,,,,,,,,,,,,,,,,,,,,,,,,,,
6200,2026-06-02T13:10:00+00:00,SWEEP,bullish,4512.784,,,,,,,,,,,,,,,,,,,,,,,,,,,,,
6202,2026-06-02T13:20:00+00:00,SWEEP,bullish,4511.692,,,,,,,,,,,,,,,,,,,,,,,,,,,,,
6203,2026-06-02T13:25:00+00:00,SWEEP,bullish,4510.237,,,,,,,,,,,,,,,,,,,,,,,,,,,,,
6205,2026-06-02T13:35:00+00:00,SWEEP,bullish,4506.546,,,,,,,,,,,,,,,,,,,,,,,,,,,,,
6214,2026-06-02T14:20:00+00:00,SWEEP,bullish,4492.437,,,,,,,,,,,,,,,,,,,,,,,,,,,,,
6229,2026-06-02T15:35:00+00:00,SWEEP,bearish,4508.236,,,,,,,,,,,,,,,,,,,,,,,,,,,,,
6238,2026-06-02T16:20:00+00:00,SWEEP,bullish,4494.286,,,,,,,,,,,,,,,,,,,,,,,,,,,,,
6285,2026-06-02T20:15:00+00:00,SWEEP,bearish,4490.429,,,,,,,,,,,,,,,,,,,,,,,,,,,,,
6288,2026-06-02T20:30:00+00:00,SWEEP,bearish,4490.974,,,,,,,,,,,,,,,,,,,,,,,,,,,,,
6294,2026-06-02T22:00:00+00:00,SWEEP,bearish,4491.094,,,,,,,,,,,,,,,,,,,,,,,,,,,,,
6303,2026-06-02T22:45:00+00:00,SWEEP,bullish,4486.595,,,,,,,,,,,,,,,,,,,,,,,,,,,,,
6306,2026-06-02T23:00:00+00:00,SWEEP,bullish,4484.294,,,,,,,,,,,,,,,,,,,,,,,,,,,,,
6311,2026-06-02T23:25:00+00:00,SWEEP,bullish,4466.608,,,,,,,,,,,,,,,,,,,,,,,,,,,,,
6335,2026-06-03T01:25:00+00:00,SWEEP,bullish,4465.753,,,,,,,,,,,,,,,,,,,,,,,,,,,,,
6355,2026-06-03T03:05:00+00:00,SWEEP,bearish,4487.123,,,,,,,,,,,,,,,,,,,,,,,,,,,,,
6369,2026-06-03T04:15:00+00:00,SWEEP,bearish,4487.647,,,,,,,,,,,,,,,,,,,,,,,,,,,,,
6372,2026-06-03T04:30:00+00:00,SWEEP,bullish,4474.048,,,,,,,,,,,,,,,,,,,,,,,,,,,,,
6375,2026-06-03T04:45:00+00:00,SWEEP,bullish,4470.716,,,,,,,,,,,,,,,,,,,,,,,,,,,,,
6376,2026-06-03T04:50:00+00:00,SWEEP,bullish,4470.096,,,,,,,,,,,,,,,,,,,,,,,,,,,,,
6378,2026-06-03T05:00:00+00:00,SWEEP,bullish,4468.25,,,,,,,,,,,,,,,,,,,,,,,,,,,,,
6379,2026-06-03T05:05:00+00:00,SWEEP,bullish,4467.696,,,,,,,,,,,,,,,,,,,,,,,,,,,,,
6383,2026-06-03T05:25:00+00:00,SWEEP,bullish,4467.236,,,,,,,,,,,,,,,,,,,,,,,,,,,,,
6399,2026-06-03T06:45:00+00:00,SWEEP,bullish,4456.477,,,,,,,,,,,,,,,,,,,,,,,,,,,,,
6404,2026-06-03T07:10:00+00:00,SWEEP,bearish,4470.972,,,,,,,,,,,,,,,,,,,,,,,,,,,,,
6408,2026-06-03T07:30:00+00:00,SWEEP,bullish,4455.156,,,,,,,,,,,,,,,,,,,,,,,,,,,,,
6414,2026-06-03T08:00:00+00:00,SWEEP,bullish,4452.8,,,,,,,,,,,,,,,,,,,,,,,,,,,,,
6418,2026-06-03T08:20:00+00:00,SWEEP,bullish,4450.973,,,,,,,,,,,,,,,,,,,,,,,,,,,,,
6425,2026-06-03T08:55:00+00:00,SWEEP,bullish,4442.774,,,,,,,,,,,,,,,,,,,,,,,,,,,,,
6431,2026-06-03T09:25:00+00:00,SWEEP,bullish,4440.042,,,,,,,,,,,,,,,,,,,,,,,,,,,,,
6433,2026-06-03T09:35:00+00:00,SWEEP,bullish,4439.301,,,,,,,,,,,,,,,,,,,,,,,,,,,,,
6451,2026-06-03T11:05:00+00:00,SWEEP,bearish,4466.811,,,,,,,,,,,,,,,,,,,,,,,,,,,,,
6472,2026-06-03T12:50:00+00:00,SWEEP,bearish,4467.223,,,,,,,,,,,,,,,,,,,,,,,,,,,,,
6478,2026-06-03T13:20:00+00:00,SWEEP,bullish,4448.176,,,,,,,,,,,,,,,,,,,,,,,,,,,,,
6479,2026-06-03T13:25:00+00:00,SWEEP,bullish,4446.931,,,,,,,,,,,,,,,,,,,,,,,,,,,,,
6483,2026-06-03T13:45:00+00:00,SWEEP,bullish,4427.569,,,,,,,,,,,,,,,,,,,,,,,,,,,,,
6481,2026-06-03T13:35:00+00:00,OB_FORMED,bearish,,42.0,4446.287,4451.453,100.0,"{'body': 20.66, 'fvg': 10.81, 'sweep': 15.42, 'break': 29.35, 'ob_size': 15.0, 'adjacency': 10}",,,,,,,,,,,,,,,,,,,,,,,,
6484,2026-06-03T13:50:00+00:00,OB_TOUCH,,,42.0,,,,,0.0,,,,,,,,,,,,,,,,,,,,,,,
6488,2026-06-03T14:10:00+00:00,OB_CROSSED_AFTER_TOUCH,,,42.0,,,,,100.0,,,,,,,,,,,,,,,,,,,,,,,
6489,2026-06-03T14:15:00+00:00,REVERSAL_AFTER_OB_CROSS,,,42.0,,,,,56.42663569492584,,,,,,,,,,,,,,,,,,,,,,,
6489,2026-06-03T14:15:00+00:00,WAIT_REENTRY_DEPTH,,,42.0,,,,,56.42663569492584,,,,,,,70.0,,,,,,,,,,,,,,,,
6490,2026-06-03T14:20:00+00:00,WAIT_REENTRY_DEPTH,,,42.0,,,,,60.085172280279885,,,,,,,70.0,,,,,,,,,,,,,,,,
6491,2026-06-03T14:25:00+00:00,OB_CROSSED_AFTER_TOUCH,,,42.0,,,,,100.0,,,,,,,,,,,,,,,,,,,,,,,
6492,2026-06-03T14:30:00+00:00,REVERSAL_AFTER_OB_CROSS,,,42.0,,,,,52.12930700734057,,,,,,,,,,,,,,,,,,,,,,,
6492,2026-06-03T14:30:00+00:00,WAIT_REENTRY_DEPTH,,,42.0,,,,,52.12930700734057,,,,,,,70.0,,,,,,,,,,,,,,,,
6493,2026-06-03T14:35:00+00:00,OB_CROSSED_AFTER_TOUCH,,,42.0,,,,,100.0,,,,,,,,,,,,,,,,,,,,,,,
6494,2026-06-03T14:40:00+00:00,REVERSAL_AFTER_OB_CROSS,,,42.0,,,,,39.972899728988246,,,,,,,,,,,,,,,,,,,,,,,
6494,2026-06-03T14:40:00+00:00,WAIT_REENTRY_DEPTH,,,42.0,,,,,39.972899728988246,,,,,,,70.0,,,,,,,,,,,,,,,,
6495,2026-06-03T14:45:00+00:00,OB_CROSSED_AFTER_TOUCH,,,42.0,,,,,100.0,,,,,,,,,,,,,,,,,,,,,,,
6496,2026-06-03T14:50:00+00:00,OB_CROSSED_AFTER_TOUCH,,,42.0,,,,,100.0,,,,,,,,,,,,,,,,,,,,,,,
6497,2026-06-03T14:55:00+00:00,OB_CROSSED_AFTER_TOUCH,,,42.0,,,,,100.0,,,,,,,,,,,,,,,,,,,,,,,
6498,2026-06-03T15:00:00+00:00,OB_CROSSED_AFTER_TOUCH,,,42.0,,,,,100.0,,,,,,,,,,,,,,,,,,,,,,,
6499,2026-06-03T15:05:00+00:00,REVERSAL_AFTER_OB_CROSS,,,42.0,,,,,53.03910181958368,,,,,,,,,,,,,,,,,,,,,,,
6499,2026-06-03T15:05:00+00:00,WAIT_REENTRY_DEPTH,,,42.0,,,,,53.03910181958368,,,,,,,70.0,,,,,,,,,,,,,,,,
6500,2026-06-03T15:10:00+00:00,WAIT_REENTRY_DEPTH,,,42.0,,,,,0.0,,,,,,,70.0,,,,,,,,,,,,,,,,
6501,2026-06-03T15:15:00+00:00,WAIT_REENTRY_DEPTH,,,42.0,,,,,0.0,,,,,,,70.0,,,,,,,,,,,,,,,,
6502,2026-06-03T15:20:00+00:00,WAIT_REENTRY_DEPTH,,,42.0,,,,,0.0,,,,,,,70.0,,,,,,,,,,,,,,,,
6503,2026-06-03T15:25:00+00:00,WAIT_REENTRY_DEPTH,,,42.0,,,,,0.0,,,,,,,70.0,,,,,,,,,,,,,,,,
6504,2026-06-03T15:30:00+00:00,WAIT_REENTRY_DEPTH,,,42.0,,,,,0.0,,,,,,,70.0,,,,,,,,,,,,,,,,
6505,2026-06-03T15:35:00+00:00,WAIT_REENTRY_DEPTH,,,42.0,,,,,0.0,,,,,,,70.0,,,,,,,,,,,,,,,,
6506,2026-06-03T15:40:00+00:00,WAIT_REENTRY_DEPTH,,,42.0,,,,,0.0,,,,,,,70.0,,,,,,,,,,,,,,,,
6507,2026-06-03T15:45:00+00:00,WAIT_REENTRY_DEPTH,,,42.0,,,,,0.0,,,,,,,70.0,,,,,,,,,,,,,,,,
6508,2026-06-03T15:50:00+00:00,WAIT_REENTRY_DEPTH,,,42.0,,,,,0.0,,,,,,,70.0,,,,,,,,,,,,,,,,
6509,2026-06-03T15:55:00+00:00,WAIT_REENTRY_DEPTH,,,42.0,,,,,0.0,,,,,,,70.0,,,,,,,,,,,,,,,,
6510,2026-06-03T16:00:00+00:00,WAIT_REENTRY_DEPTH,,,42.0,,,,,0.0,,,,,,,70.0,,,,,,,,,,,,,,,,
6511,2026-06-03T16:05:00+00:00,WAIT_REENTRY_DEPTH,,,42.0,,,,,0.0,,,,,,,70.0,,,,,,,,,,,,,,,,
6512,2026-06-03T16:10:00+00:00,WAIT_REENTRY_DEPTH,,,42.0,,,,,0.0,,,,,,,70.0,,,,,,,,,,,,,,,,
6513,2026-06-03T16:15:00+00:00,SWEEP,bullish,4436.601,,,,,,,,,,,,,,,,,,,,,,,,,,,,,
6513,2026-06-03T16:15:00+00:00,WAIT_REENTRY_DEPTH,,,42.0,,,,,0.0,,,,,,,70.0,,,,,,,,,,,,,,,,
6514,2026-06-03T16:20:00+00:00,WAIT_REENTRY_DEPTH,,,42.0,,,,,0.0,,,,,,,70.0,,,,,,,,,,,,,,,,
6515,2026-06-03T16:25:00+00:00,SWEEP,bullish,4433.931,,,,,,,,,,,,,,,,,,,,,,,,,,,,,
6515,2026-06-03T16:25:00+00:00,WAIT_REENTRY_DEPTH,,,42.0,,,,,0.0,,,,,,,70.0,,,,,,,,,,,,,,,,
6516,2026-06-03T16:30:00+00:00,WAIT_REENTRY_DEPTH,,,42.0,,,,,0.0,,,,,,,70.0,,,,,,,,,,,,,,,,
6517,2026-06-03T16:35:00+00:00,WAIT_REENTRY_DEPTH,,,42.0,,,,,0.0,,,,,,,70.0,,,,,,,,,,,,,,,,
6518,2026-06-03T16:40:00+00:00,WAIT_REENTRY_DEPTH,,,42.0,,,,,0.0,,,,,,,70.0,,,,,,,,,,,,,,,,
6519,2026-06-03T16:45:00+00:00,WAIT_REENTRY_DEPTH,,,42.0,,,,,0.0,,,,,,,70.0,,,,,,,,,,,,,,,,
6520,2026-06-03T16:50:00+00:00,WAIT_REENTRY_DEPTH,,,42.0,,,,,0.0,,,,,,,70.0,,,,,,,,,,,,,,,,
6521,2026-06-03T16:55:00+00:00,WAIT_REENTRY_DEPTH,,,42.0,,,,,0.0,,,,,,,70.0,,,,,,,,,,,,,,,,
6522,2026-06-03T17:00:00+00:00,WAIT_REENTRY_DEPTH,,,42.0,,,,,0.0,,,,,,,70.0,,,,,,,,,,,,,,,,
6523,2026-06-03T17:05:00+00:00,WAIT_REENTRY_DEPTH,,,42.0,,,,,10.607820363913214,,,,,,,70.0,,,,,,,,,,,,,,,,
6524,2026-06-03T17:10:00+00:00,WAIT_REENTRY_DEPTH,,,42.0,,,,,0.0,,,,,,,70.0,,,,,,,,,,,,,,,,
6525,2026-06-03T17:15:00+00:00,WAIT_REENTRY_DEPTH,,,42.0,,,,,0.0,,,,,,,70.0,,,,,,,,,,,,,,,,
6526,2026-06-03T17:20:00+00:00,WAIT_REENTRY_DEPTH,,,42.0,,,,,0.0,,,,,,,70.0,,,,,,,,,,,,,,,,
6527,2026-06-03T17:25:00+00:00,WAIT_REENTRY_DEPTH,,,42.0,,,,,0.0,,,,,,,70.0,,,,,,,,,,,,,,,,
6528,2026-06-03T17:30:00+00:00,WAIT_REENTRY_DEPTH,,,42.0,,,,,0.0,,,,,,,70.0,,,,,,,,,,,,,,,,
6529,2026-06-03T17:35:00+00:00,WAIT_REENTRY_DEPTH,,,42.0,,,,,0.0,,,,,,,70.0,,,,,,,,,,,,,,,,
6530,2026-06-03T17:40:00+00:00,WAIT_REENTRY_DEPTH,,,42.0,,,,,0.0,,,,,,,70.0,,,,,,,,,,,,,,,,
6531,2026-06-03T17:45:00+00:00,WAIT_REENTRY_DEPTH,,,42.0,,,,,0.0,,,,,,,70.0,,,,,,,,,,,,,,,,
6532,2026-06-03T17:50:00+00:00,WAIT_REENTRY_DEPTH,,,42.0,,,,,0.0,,,,,,,70.0,,,,,,,,,,,,,,,,
6533,2026-06-03T17:55:00+00:00,WAIT_REENTRY_DEPTH,,,42.0,,,,,0.0,,,,,,,70.0,,,,,,,,,,,,,,,,
6534,2026-06-03T18:00:00+00:00,WAIT_REENTRY_DEPTH,,,42.0,,,,,0.0,,,,,,,70.0,,,,,,,,,,,,,,,,
6535,2026-06-03T18:05:00+00:00,WAIT_REENTRY_DEPTH,,,42.0,,,,,0.0,,,,,,,70.0,,,,,,,,,,,,,,,,
6536,2026-06-03T18:10:00+00:00,WAIT_REENTRY_DEPTH,,,42.0,,,,,0.0,,,,,,,70.0,,,,,,,,,,,,,,,,
6537,2026-06-03T18:15:00+00:00,WAIT_REENTRY_DEPTH,,,42.0,,,,,0.0,,,,,,,70.0,,,,,,,,,,,,,,,,
6538,2026-06-03T18:20:00+00:00,SWEEP,bullish,4435.356,,,,,,,,,,,,,,,,,,,,,,,,,,,,,
6538,2026-06-03T18:20:00+00:00,WAIT_REENTRY_DEPTH,,,42.0,,,,,0.0,,,,,,,70.0,,,,,,,,,,,,,,,,
6539,2026-06-03T18:25:00+00:00,WAIT_REENTRY_DEPTH,,,42.0,,,,,0.0,,,,,,,70.0,,,,,,,,,,,,,,,,
6540,2026-06-03T18:30:00+00:00,WAIT_REENTRY_DEPTH,,,42.0,,,,,0.0,,,,,,,70.0,,,,,,,,,,,,,,,,
6541,2026-06-03T18:35:00+00:00,WAIT_REENTRY_DEPTH,,,42.0,,,,,0.0,,,,,,,70.0,,,,,,,,,,,,,,,,
6542,2026-06-03T18:40:00+00:00,WAIT_REENTRY_DEPTH,,,42.0,,,,,0.0,,,,,,,70.0,,,,,,,,,,,,,,,,
6543,2026-06-03T18:45:00+00:00,WAIT_REENTRY_DEPTH,,,42.0,,,,,0.0,,,,,,,70.0,,,,,,,,,,,,,,,,
6544,2026-06-03T18:50:00+00:00,WAIT_REENTRY_DEPTH,,,42.0,,,,,0.0,,,,,,,70.0,,,,,,,,,,,,,,,,
6545,2026-06-03T18:55:00+00:00,WAIT_REENTRY_DEPTH,,,42.0,,,,,0.0,,,,,,,70.0,,,,,,,,,,,,,,,,
6546,2026-06-03T19:00:00+00:00,WAIT_REENTRY_DEPTH,,,42.0,,,,,52.7293844367029,,,,,,,70.0,,,,,,,,,,,,,,,,
6547,2026-06-03T19:05:00+00:00,SWEEP,bearish,4449.467,,,,,,,,,,,,,,,,,,,,,,,,,,,,,
6547,2026-06-03T19:05:00+00:00,REVERSAL_AFTER_OB_CROSS,,,42.0,,,,,31.726674409602605,,,,,,,,,,,,,,,,,,,,,,,
6547,2026-06-03T19:05:00+00:00,WAIT_REENTRY_DEPTH,,,42.0,,,,,31.726674409602605,,,,,,,70.0,,,,,,,,,,,,,,,,
6548,2026-06-03T19:10:00+00:00,SWEEP,bearish,4449.881,,,,,,,,,,,,,,,,,,,,,,,,,,,,,
6548,2026-06-03T19:10:00+00:00,WAIT_REENTRY_DEPTH,,,42.0,,,,,62.11769260549224,,,,,,,70.0,,,,,,,,,,,,,,,,
6549,2026-06-03T19:15:00+00:00,WAIT_MICRO_BOS,,,42.0,,,,,,,,,,,crossed_ob_reentry,,,,,,,,,,,,,,,,,
6550,2026-06-03T19:20:00+00:00,REVERSAL_AFTER_OB_CROSS,,,42.0,,,,,36.48857917149144,,,,,,,,,,,,,,,,,,,,,,,
6550,2026-06-03T19:20:00+00:00,WAIT_REENTRY_DEPTH,,,42.0,,,,,36.48857917149144,,,,,,,70.0,,,,,,,,,,,,,,,,
6551,2026-06-03T19:25:00+00:00,REVERSAL_AFTER_OB_CROSS,,,42.0,,,,,32.7138985675483,,,,,,,,,,,,,,,,,,,,,,,
6551,2026-06-03T19:25:00+00:00,WAIT_REENTRY_DEPTH,,,42.0,,,,,32.7138985675483,,,,,,,70.0,,,,,,,,,,,,,,,,
6552,2026-06-03T19:30:00+00:00,WAIT_REENTRY_DEPTH,,,42.0,,,,,43.90243902438938,,,,,,,70.0,,,,,,,,,,,,,,,,
6553,2026-06-03T19:35:00+00:00,REVERSAL_AFTER_OB_CROSS,,,42.0,,,,,33.54626403407121,,,,,,,,,,,,,,,,,,,,,,,
6553,2026-06-03T19:35:00+00:00,WAIT_REENTRY_DEPTH,,,42.0,,,,,33.54626403407121,,,,,,,70.0,,,,,,,,,,,,,,,,
6554,2026-06-03T19:40:00+00:00,REVERSAL_AFTER_OB_CROSS,,,42.0,,,,,13.511420828482153,,,,,,,,,,,,,,,,,,,,,,,
6554,2026-06-03T19:40:00+00:00,WAIT_REENTRY_DEPTH,,,42.0,,,,,13.511420828482153,,,,,,,70.0,,,,,,,,,,,,,,,,
6555,2026-06-03T19:45:00+00:00,REVERSAL_AFTER_OB_CROSS,,,42.0,,,,,8.691444057289969,,,,,,,,,,,,,,,,,,,,,,,
6555,2026-06-03T19:45:00+00:00,WAIT_REENTRY_DEPTH,,,42.0,,,,,8.691444057289969,,,,,,,70.0,,,,,,,,,,,,,,,,
6556,2026-06-03T19:50:00+00:00,WAIT_REENTRY_DEPTH,,,42.0,,,,,0.0,,,,,,,70.0,,,,,,,,,,,,,,,,
6557,2026-06-03T19:55:00+00:00,WAIT_REENTRY_DEPTH,,,42.0,,,,,0.0,,,,,,,70.0,,,,,,,,,,,,,,,,
6558,2026-06-03T20:00:00+00:00,WAIT_REENTRY_DEPTH,,,42.0,,,,,0.0,,,,,,,70.0,,,,,,,,,,,,,,,,
6559,2026-06-03T20:05:00+00:00,WAIT_REENTRY_DEPTH,,,42.0,,,,,0.0,,,,,,,70.0,,,,,,,,,,,,,,,,
6560,2026-06-03T20:10:00+00:00,WAIT_REENTRY_DEPTH,,,42.0,,,,,0.0,,,,,,,70.0,,,,,,,,,,,,,,,,
6561,2026-06-03T20:15:00+00:00,WAIT_MTF_CONTEXT,,,42.0,,,,,,neutral,bearish,bullish,30.77,,,,,,,,,,,,,,,,,,,
6562,2026-06-03T20:20:00+00:00,WAIT_MTF_CONTEXT,,,42.0,,,,,,neutral,bearish,bullish,30.77,,,,,,,,,,,,,,,,,,,
6563,2026-06-03T20:25:00+00:00,WAIT_MTF_CONTEXT,,,42.0,,,,,,neutral,bearish,bullish,30.77,,,,,,,,,,,,,,,,,,,
6564,2026-06-03T20:30:00+00:00,WAIT_MTF_CONTEXT,,,42.0,,,,,,neutral,bearish,bullish,30.77,,,,,,,,,,,,,,,,,,,
6565,2026-06-03T20:35:00+00:00,SWEEP,bullish,4433.262,,,,,,,,,,,,,,,,,,,,,,,,,,,,,
6565,2026-06-03T20:35:00+00:00,WAIT_MTF_CONTEXT,,,42.0,,,,,,neutral,bearish,bullish,30.77,,,,,,,,,,,,,,,,,,,
6566,2026-06-03T20:40:00+00:00,SWEEP,bullish,4432.428,,,,,,,,,,,,,,,,,,,,,,,,,,,,,
6566,2026-06-03T20:40:00+00:00,WAIT_MTF_CONTEXT,,,42.0,,,,,,neutral,bearish,bullish,30.77,,,,,,,,,,,,,,,,,,,
6567,2026-06-03T20:45:00+00:00,WAIT_MTF_CONTEXT,,,42.0,,,,,,neutral,bearish,bullish,30.77,,,,,,,,,,,,,,,,,,,
6568,2026-06-03T20:50:00+00:00,SWEEP,bullish,4431.47,,,,,,,,,,,,,,,,,,,,,,,,,,,,,
6568,2026-06-03T20:50:00+00:00,WAIT_MTF_CONTEXT,,,42.0,,,,,,neutral,bearish,bullish,30.77,,,,,,,,,,,,,,,,,,,
6569,2026-06-03T20:55:00+00:00,WAIT_MTF_CONTEXT,,,42.0,,,,,,neutral,bearish,bullish,30.77,,,,,,,,,,,,,,,,,,,
6570,2026-06-03T22:00:00+00:00,WAIT_MTF_CONTEXT,,,42.0,,,,,,neutral,bearish,bullish,30.77,,,,,,,,,,,,,,,,,,,
6571,2026-06-03T22:05:00+00:00,WAIT_MTF_CONTEXT,,,42.0,,,,,,neutral,bearish,bullish,30.77,,,,,,,,,,,,,,,,,,,
6572,2026-06-03T22:10:00+00:00,SWEEP,bullish,4430.365,,,,,,,,,,,,,,,,,,,,,,,,,,,,,
6572,2026-06-03T22:10:00+00:00,WAIT_MTF_CONTEXT,,,42.0,,,,,,neutral,bearish,bullish,30.77,,,,,,,,,,,,,,,,,,,
6573,2026-06-03T22:15:00+00:00,WAIT_MTF_CONTEXT,,,42.0,,,,,,neutral,bearish,bullish,30.77,,,,,,,,,,,,,,,,,,,
6574,2026-06-03T22:20:00+00:00,WAIT_MTF_CONTEXT,,,42.0,,,,,,neutral,bearish,bullish,30.77,,,,,,,,,,,,,,,,,,,
6575,2026-06-03T22:25:00+00:00,WAIT_MTF_CONTEXT,,,42.0,,,,,,neutral,bearish,bullish,30.77,,,,,,,,,,,,,,,,,,,
6576,2026-06-03T22:30:00+00:00,WAIT_MTF_CONTEXT,,,42.0,,,,,,neutral,bearish,bullish,30.77,,,,,,,,,,,,,,,,,,,
6577,2026-06-03T22:35:00+00:00,WAIT_MTF_CONTEXT,,,42.0,,,,,,neutral,bearish,bullish,30.77,,,,,,,,,,,,,,,,,,,
6578,2026-06-03T22:40:00+00:00,WAIT_MTF_CONTEXT,,,42.0,,,,,,neutral,bearish,bullish,30.77,,,,,,,,,,,,,,,,,,,
6579,2026-06-03T22:45:00+00:00,WAIT_MTF_CONTEXT,,,42.0,,,,,,neutral,bearish,bullish,30.77,,,,,,,,,,,,,,,,,,,
6580,2026-06-03T22:50:00+00:00,WAIT_MTF_CONTEXT,,,42.0,,,,,,neutral,bearish,bullish,30.77,,,,,,,,,,,,,,,,,,,
6581,2026-06-03T22:55:00+00:00,WAIT_MTF_CONTEXT,,,42.0,,,,,,neutral,bearish,bullish,30.77,,,,,,,,,,,,,,,,,,,
6582,2026-06-03T23:00:00+00:00,OB_EXPIRED,,,42.0,,,,,,,,,,101.0,,,,,,,,,,,,,,,,,,
6594,2026-06-04T00:00:00+00:00,SWEEP,bearish,4464.724,,,,,,,,,,,,,,,,,,,,,,,,,,,,,
6602,2026-06-04T00:40:00+00:00,SWEEP,bullish,4445.077,,,,,,,,,,,,,,,,,,,,,,,,,,,,,
6606,2026-06-04T01:00:00+00:00,SWEEP,bullish,4443.876,,,,,,,,,,,,,,,,,,,,,,,,,,,,,
6608,2026-06-04T01:10:00+00:00,SWEEP,bearish,4465.128,,,,,,,,,,,,,,,,,,,,,,,,,,,,,
6629,2026-06-04T02:55:00+00:00,SWEEP,bearish,4475.113,,,,,,,,,,,,,,,,,,,,,,,,,,,,,
6631,2026-06-04T03:05:00+00:00,SWEEP,bearish,4476.652,,,,,,,,,,,,,,,,,,,,,,,,,,,,,
6665,2026-06-04T05:55:00+00:00,SWEEP,bullish,4467.363,,,,,,,,,,,,,,,,,,,,,,,,,,,,,
6669,2026-06-04T06:15:00+00:00,SWEEP,bullish,4466.827,,,,,,,,,,,,,,,,,,,,,,,,,,,,,
6675,2026-06-04T06:45:00+00:00,SWEEP,bullish,4466.565,,,,,,,,,,,,,,,,,,,,,,,,,,,,,
6680,2026-06-04T07:10:00+00:00,SWEEP,bullish,4462.897,,,,,,,,,,,,,,,,,,,,,,,,,,,,,
6683,2026-06-04T07:25:00+00:00,SWEEP,bullish,4462.154,,,,,,,,,,,,,,,,,,,,,,,,,,,,,
6689,2026-06-04T07:55:00+00:00,SWEEP,bullish,4460.006,,,,,,,,,,,,,,,,,,,,,,,,,,,,,
6694,2026-06-04T08:20:00+00:00,SWEEP,bullish,4459.313,,,,,,,,,,,,,,,,,,,,,,,,,,,,,
6695,2026-06-04T08:25:00+00:00,SWEEP,bullish,4458.629,,,,,,,,,,,,,,,,,,,,,,,,,,,,,
6728,2026-06-04T11:10:00+00:00,SWEEP,bearish,4478.31,,,,,,,,,,,,,,,,,,,,,,,,,,,,,
6729,2026-06-04T11:15:00+00:00,SWEEP,bearish,4478.789,,,,,,,,,,,,,,,,,,,,,,,,,,,,,
6730,2026-06-04T11:20:00+00:00,SWEEP,bearish,4479.075,,,,,,,,,,,,,,,,,,,,,,,,,,,,,
6732,2026-06-04T11:30:00+00:00,SWEEP,bearish,4491.621,,,,,,,,,,,,,,,,,,,,,,,,,,,,,
6736,2026-06-04T11:50:00+00:00,SWEEP,bearish,4504.36,,,,,,,,,,,,,,,,,,,,,,,,,,,,,
6759,2026-06-04T13:45:00+00:00,SWEEP,bearish,4515.145,,,,,,,,,,,,,,,,,,,,,,,,,,,,,
6764,2026-06-04T14:10:00+00:00,SWEEP,bullish,4487.785,,,,,,,,,,,,,,,,,,,,,,,,,,,,,
6765,2026-06-04T14:15:00+00:00,SWEEP,bullish,4485.997,,,,,,,,,,,,,,,,,,,,,,,,,,,,,
6767,2026-06-04T14:25:00+00:00,SWEEP,bullish,4484.293,,,,,,,,,,,,,,,,,,,,,,,,,,,,,
6768,2026-06-04T14:30:00+00:00,SWEEP,bullish,4483.813,,,,,,,,,,,,,,,,,,,,,,,,,,,,,
6789,2026-06-04T16:15:00+00:00,SWEEP,bearish,4484.319,,,,,,,,,,,,,,,,,,,,,,,,,,,,,
6791,2026-06-04T16:25:00+00:00,SWEEP,bearish,4484.751,,,,,,,,,,,,,,,,,,,,,,,,,,,,,
6817,2026-06-04T18:35:00+00:00,SWEEP,bullish,4473.23,,,,,,,,,,,,,,,,,,,,,,,,,,,,,
6841,2026-06-04T20:35:00+00:00,SWEEP,bullish,4475.381,,,,,,,,,,,,,,,,,,,,,,,,,,,,,
6855,2026-06-04T22:45:00+00:00,SWEEP,bullish,4472.869,,,,,,,,,,,,,,,,,,,,,,,,,,,,,
6857,2026-06-04T22:55:00+00:00,SWEEP,bullish,4469.529,,,,,,,,,,,,,,,,,,,,,,,,,,,,,
6858,2026-06-04T23:00:00+00:00,SWEEP,bullish,4468.587,,,,,,,,,,,,,,,,,,,,,,,,,,,,,
6864,2026-06-04T23:30:00+00:00,SWEEP,bullish,4464.004,,,,,,,,,,,,,,,,,,,,,,,,,,,,,
6866,2026-06-04T23:40:00+00:00,SWEEP,bullish,4462.316,,,,,,,,,,,,,,,,,,,,,,,,,,,,,
6867,2026-06-04T23:45:00+00:00,SWEEP,bullish,4461.916,,,,,,,,,,,,,,,,,,,,,,,,,,,,,
6870,2026-06-05T00:00:00+00:00,SWEEP,bullish,4460.339,,,,,,,,,,,,,,,,,,,,,,,,,,,,,
6874,2026-06-05T00:20:00+00:00,SWEEP,bullish,4452.08,,,,,,,,,,,,,,,,,,,,,,,,,,,,,
6887,2026-06-05T01:25:00+00:00,SWEEP,bullish,4450.547,,,,,,,,,,,,,,,,,,,,,,,,,,,,,
6889,2026-06-05T01:35:00+00:00,SWEEP,bullish,4449.213,,,,,,,,,,,,,,,,,,,,,,,,,,,,,
6891,2026-06-05T01:45:00+00:00,SWEEP,bullish,4445.506,,,,,,,,,,,,,,,,,,,,,,,,,,,,,
6894,2026-06-05T02:00:00+00:00,SWEEP,bullish,4443.936,,,,,,,,,,,,,,,,,,,,,,,,,,,,,
6901,2026-06-05T02:35:00+00:00,SWEEP,bullish,4442.144,,,,,,,,,,,,,,,,,,,,,,,,,,,,,
6902,2026-06-05T02:40:00+00:00,SWEEP,bullish,4441.323,,,,,,,,,,,,,,,,,,,,,,,,,,,,,
6906,2026-06-05T03:00:00+00:00,SWEEP,bullish,4438.295,,,,,,,,,,,,,,,,,,,,,,,,,,,,,
6910,2026-06-05T03:20:00+00:00,SWEEP,bullish,4436.467,,,,,,,,,,,,,,,,,,,,,,,,,,,,,
6942,2026-06-05T06:00:00+00:00,SWEEP,bullish,4437.531,,,,,,,,,,,,,,,,,,,,,,,,,,,,,
6945,2026-06-05T06:15:00+00:00,SWEEP,bullish,4435.157,,,,,,,,,,,,,,,,,,,,,,,,,,,,,
6949,2026-06-05T06:35:00+00:00,SWEEP,bearish,4449.97,,,,,,,,,,,,,,,,,,,,,,,,,,,,,
6957,2026-06-05T07:15:00+00:00,SWEEP,bearish,4463.36,,,,,,,,,,,,,,,,,,,,,,,,,,,,,
6958,2026-06-05T07:20:00+00:00,SWEEP,bearish,4464.281,,,,,,,,,,,,,,,,,,,,,,,,,,,,,
6972,2026-06-05T08:30:00+00:00,SWEEP,bearish,4467.419,,,,,,,,,,,,,,,,,,,,,,,,,,,,,
6980,2026-06-05T09:10:00+00:00,SWEEP,bearish,4468.366,,,,,,,,,,,,,,,,,,,,,,,,,,,,,
6981,2026-06-05T09:15:00+00:00,SWEEP,bearish,4469.359,,,,,,,,,,,,,,,,,,,,,,,,,,,,,
7005,2026-06-05T11:15:00+00:00,SWEEP,bullish,4461.121,,,,,,,,,,,,,,,,,,,,,,,,,,,,,
7006,2026-06-05T11:20:00+00:00,SWEEP,bullish,4460.733,,,,,,,,,,,,,,,,,,,,,,,,,,,,,
7018,2026-06-05T12:20:00+00:00,SWEEP,bearish,4475.369,,,,,,,,,,,,,,,,,,,,,,,,,,,,,
7026,2026-06-05T13:00:00+00:00,SWEEP,bullish,4404.638,,,,,,,,,,,,,,,,,,,,,,,,,,,,,
7032,2026-06-05T13:30:00+00:00,SWEEP,bullish,4399.704,,,,,,,,,,,,,,,,,,,,,,,,,,,,,
7036,2026-06-05T13:50:00+00:00,SWEEP,bullish,4383.184,,,,,,,,,,,,,,,,,,,,,,,,,,,,,
7038,2026-06-05T14:00:00+00:00,SWEEP,bullish,4365.348,,,,,,,,,,,,,,,,,,,,,,,,,,,,,
7043,2026-06-05T14:25:00+00:00,SWEEP,bullish,4355.382,,,,,,,,,,,,,,,,,,,,,,,,,,,,,
7044,2026-06-05T14:30:00+00:00,SWEEP,bullish,4352.792,,,,,,,,,,,,,,,,,,,,,,,,,,,,,
7046,2026-06-05T14:40:00+00:00,SWEEP,bullish,4347.782,,,,,,,,,,,,,,,,,,,,,,,,,,,,,
7058,2026-06-05T15:40:00+00:00,SWEEP,bullish,4336.021,,,,,,,,,,,,,,,,,,,,,,,,,,,,,
7061,2026-06-05T15:55:00+00:00,SWEEP,bullish,4335.257,,,,,,,,,,,,,,,,,,,,,,,,,,,,,
7062,2026-06-05T16:00:00+00:00,SWEEP,bullish,4333.852,,,,,,,,,,,,,,,,,,,,,,,,,,,,,
7063,2026-06-05T16:05:00+00:00,SWEEP,bullish,4330.04,,,,,,,,,,,,,,,,,,,,,,,,,,,,,
7065,2026-06-05T16:15:00+00:00,SWEEP,bullish,4328.747,,,,,,,,,,,,,,,,,,,,,,,,,,,,,
7068,2026-06-05T16:30:00+00:00,SWEEP,bullish,4325.229,,,,,,,,,,,,,,,,,,,,,,,,,,,,,
7082,2026-06-05T17:40:00+00:00,SWEEP,bearish,4346.95,,,,,,,,,,,,,,,,,,,,,,,,,,,,,
7084,2026-06-05T17:50:00+00:00,OB_FORMED,bearish,,43.0,4338.633,4343.679,90.17,"{'body': 20.87, 'fvg': 23.09, 'sweep': 17.66, 'break': 3.55, 'ob_size': 15.0, 'adjacency': 10}",,,,,,,,,,,,,,,,,,,,,,,,
7089,2026-06-05T18:15:00+00:00,SWEEP,bullish,4322.957,,,,,,,,,,,,,,,,,,,,,,,,,,,,,
7092,2026-06-05T18:30:00+00:00,SWEEP,bullish,4321.485,,,,,,,,,,,,,,,,,,,,,,,,,,,,,
7100,2026-06-05T19:10:00+00:00,SWEEP,bullish,4315.025,,,,,,,,,,,,,,,,,,,,,,,,,,,,,
7101,2026-06-05T19:15:00+00:00,SWEEP,bullish,4314.999,,,,,,,,,,,,,,,,,,,,,,,,,,,,,
7111,2026-06-05T20:05:00+00:00,SWEEP,bullish,4312.557,,,,,,,,,,,,,,,,,,,,,,,,,,,,,
7120,2026-06-05T20:50:00+00:00,SWEEP,bearish,4330.007,,,,,,,,,,,,,,,,,,,,,,,,,,,,,
7121,2026-06-05T20:55:00+00:00,SWEEP,bearish,4330.051,,,,,,,,,,,,,,,,,,,,,,,,,,,,,
7122,2026-06-07T22:00:00+00:00,SWEEP,bullish,4311.591,,,,,,,,,,,,,,,,,,,,,,,,,,,,,
7123,2026-06-07T22:05:00+00:00,SWEEP,bullish,4310.686,,,,,,,,,,,,,,,,,,,,,,,,,,,,,
7136,2026-06-07T23:10:00+00:00,SWEEP,bearish,4331.092,,,,,,,,,,,,,,,,,,,,,,,,,,,,,
7137,2026-06-07T23:15:00+00:00,SWEEP,bearish,4334.143,,,,,,,,,,,,,,,,,,,,,,,,,,,,,
7139,2026-06-07T23:25:00+00:00,SWEEP,bearish,4334.251,,,,,,,,,,,,,,,,,,,,,,,,,,,,,
7140,2026-06-07T23:30:00+00:00,SWEEP,bearish,4334.611,,,,,,,,,,,,,,,,,,,,,,,,,,,,,
7142,2026-06-07T23:40:00+00:00,OB_TOUCH,,,43.0,,,,,5.370590566797968,,,,,,,,,,,,,,,,,,,,,,,
7145,2026-06-07T23:55:00+00:00,SWEEP,bearish,4343.881,,,,,,,,,,,,,,,,,,,,,,,,,,,,,
7145,2026-06-07T23:55:00+00:00,OB_CROSSED_AFTER_TOUCH,,,43.0,,,,,100.0,,,,,,,,,,,,,,,,,,,,,,,
7146,2026-06-08T00:00:00+00:00,OB_CROSSED_AFTER_TOUCH,,,43.0,,,,,100.0,,,,,,,,,,,,,,,,,,,,,,,
7147,2026-06-08T00:05:00+00:00,OB_CROSSED_AFTER_TOUCH,,,43.0,,,,,100.0,,,,,,,,,,,,,,,,,,,,,,,
7148,2026-06-08T00:10:00+00:00,REVERSAL_AFTER_OB_CROSS,,,43.0,,,,,97.20570749107166,,,,,,,,,,,,,,,,,,,,,,,
7148,2026-06-08T00:10:00+00:00,WAIT_MICRO_BOS,,,43.0,,,,,,,,,,,crossed_ob_reentry,,,,,,,,,,,,,,,,,
7149,2026-06-08T00:15:00+00:00,OB_CROSSED_AFTER_TOUCH,,,43.0,,,,,100.0,,,,,,,,,,,,,,,,,,,,,,,
7150,2026-06-08T00:20:00+00:00,OB_CROSSED_AFTER_TOUCH,,,43.0,,,,,100.0,,,,,,,,,,,,,,,,,,,,,,,
7151,2026-06-08T00:25:00+00:00,SWEEP,bearish,4352.571,,,,,,,,,,,,,,,,,,,,,,,,,,,,,
7151,2026-06-08T00:25:00+00:00,OB_CROSSED_AFTER_TOUCH,,,43.0,,,,,100.0,,,,,,,,,,,,,,,,,,,,,,,
7152,2026-06-08T00:30:00+00:00,OB_CROSSED_AFTER_TOUCH,,,43.0,,,,,100.0,,,,,,,,,,,,,,,,,,,,,,,
7153,2026-06-08T00:35:00+00:00,OB_CROSSED_AFTER_TOUCH,,,43.0,,,,,100.0,,,,,,,,,,,,,,,,,,,,,,,
7154,2026-06-08T00:40:00+00:00,OB_CROSSED_AFTER_TOUCH,,,43.0,,,,,100.0,,,,,,,,,,,,,,,,,,,,,,,
7155,2026-06-08T00:45:00+00:00,REVERSAL_AFTER_OB_CROSS,,,43.0,,,,,78.91399128021706,,,,,,,,,,,,,,,,,,,,,,,
7155,2026-06-08T00:45:00+00:00,WAIT_MICRO_BOS,,,43.0,,,,,,,,,,,crossed_ob_reentry,,,,,,,,,,,,,,,,,
7156,2026-06-08T00:50:00+00:00,REVERSAL_AFTER_OB_CROSS,,,43.0,,,,,59.84938565200696,,,,,,,,,,,,,,,,,,,,,,,
7156,2026-06-08T00:50:00+00:00,WAIT_REENTRY_DEPTH,,,43.0,,,,,59.84938565200696,,,,,,,70.0,,,,,,,,,,,,,,,,
7157,2026-06-08T00:55:00+00:00,WAIT_REENTRY_DEPTH,,,43.0,,,,,67.75663892191204,,,,,,,70.0,,,,,,,,,,,,,,,,
7158,2026-06-08T01:00:00+00:00,REVERSAL_AFTER_OB_CROSS,,,43.0,,,,,15.913594926671415,,,,,,,,,,,,,,,,,,,,,,,
7158,2026-06-08T01:00:00+00:00,WAIT_REENTRY_DEPTH,,,43.0,,,,,15.913594926671415,,,,,,,70.0,,,,,,,,,,,,,,,,
7159,2026-06-08T01:05:00+00:00,WAIT_REENTRY_DEPTH,,,43.0,,,,,0.0,,,,,,,70.0,,,,,,,,,,,,,,,,
7160,2026-06-08T01:10:00+00:00,WAIT_REENTRY_DEPTH,,,43.0,,,,,0.0,,,,,,,70.0,,,,,,,,,,,,,,,,
7161,2026-06-08T01:15:00+00:00,WAIT_REENTRY_DEPTH,,,43.0,,,,,0.0,,,,,,,70.0,,,,,,,,,,,,,,,,
7162,2026-06-08T01:20:00+00:00,SWEEP,bullish,4314.2,,,,,,,,,,,,,,,,,,,,,,,,,,,,,
7162,2026-06-08T01:20:00+00:00,WAIT_REENTRY_DEPTH,,,43.0,,,,,0.0,,,,,,,70.0,,,,,,,,,,,,,,,,
7163,2026-06-08T01:25:00+00:00,SWEEP,bullish,4311.412,,,,,,,,,,,,,,,,,,,,,,,,,,,,,
7163,2026-06-08T01:25:00+00:00,WAIT_REENTRY_DEPTH,,,43.0,,,,,0.0,,,,,,,70.0,,,,,,,,,,,,,,,,
7164,2026-06-08T01:30:00+00:00,SWEEP,bullish,4311.183,,,,,,,,,,,,,,,,,,,,,,,,,,,,,
7164,2026-06-08T01:30:00+00:00,WAIT_REENTRY_DEPTH,,,43.0,,,,,0.0,,,,,,,70.0,,,,,,,,,,,,,,,,
7165,2026-06-08T01:35:00+00:00,WAIT_REENTRY_DEPTH,,,43.0,,,,,0.0,,,,,,,70.0,,,,,,,,,,,,,,,,
7166,2026-06-08T01:40:00+00:00,WAIT_REENTRY_DEPTH,,,43.0,,,,,0.0,,,,,,,70.0,,,,,,,,,,,,,,,,
7167,2026-06-08T01:45:00+00:00,WAIT_REENTRY_DEPTH,,,43.0,,,,,0.0,,,,,,,70.0,,,,,,,,,,,,,,,,
7168,2026-06-08T01:50:00+00:00,WAIT_REENTRY_DEPTH,,,43.0,,,,,0.0,,,,,,,70.0,,,,,,,,,,,,,,,,
7169,2026-06-08T01:55:00+00:00,WAIT_REENTRY_DEPTH,,,43.0,,,,,0.0,,,,,,,70.0,,,,,,,,,,,,,,,,
7170,2026-06-08T02:00:00+00:00,WAIT_REENTRY_DEPTH,,,43.0,,,,,0.0,,,,,,,70.0,,,,,,,,,,,,,,,,
7171,2026-06-08T02:05:00+00:00,WAIT_REENTRY_DEPTH,,,43.0,,,,,0.0,,,,,,,70.0,,,,,,,,,,,,,,,,
7172,2026-06-08T02:10:00+00:00,WAIT_REENTRY_DEPTH,,,43.0,,,,,0.0,,,,,,,70.0,,,,,,,,,,,,,,,,
7173,2026-06-08T02:15:00+00:00,WAIT_REENTRY_DEPTH,,,43.0,,,,,0.0,,,,,,,70.0,,,,,,,,,,,,,,,,
7174,2026-06-08T02:20:00+00:00,WAIT_REENTRY_DEPTH,,,43.0,,,,,0.0,,,,,,,70.0,,,,,,,,,,,,,,,,
7175,2026-06-08T02:25:00+00:00,WAIT_REENTRY_DEPTH,,,43.0,,,,,0.0,,,,,,,70.0,,,,,,,,,,,,,,,,
7176,2026-06-08T02:30:00+00:00,WAIT_REENTRY_DEPTH,,,43.0,,,,,0.0,,,,,,,70.0,,,,,,,,,,,,,,,,
7177,2026-06-08T02:35:00+00:00,WAIT_REENTRY_DEPTH,,,43.0,,,,,0.0,,,,,,,70.0,,,,,,,,,,,,,,,,
7178,2026-06-08T02:40:00+00:00,WAIT_REENTRY_DEPTH,,,43.0,,,,,0.0,,,,,,,70.0,,,,,,,,,,,,,,,,
7179,2026-06-08T02:45:00+00:00,WAIT_REENTRY_DEPTH,,,43.0,,,,,0.0,,,,,,,70.0,,,,,,,,,,,,,,,,
7180,2026-06-08T02:50:00+00:00,WAIT_REENTRY_DEPTH,,,43.0,,,,,0.0,,,,,,,70.0,,,,,,,,,,,,,,,,
7181,2026-06-08T02:55:00+00:00,WAIT_REENTRY_DEPTH,,,43.0,,,,,0.0,,,,,,,70.0,,,,,,,,,,,,,,,,
7182,2026-06-08T03:00:00+00:00,WAIT_REENTRY_DEPTH,,,43.0,,,,,0.0,,,,,,,70.0,,,,,,,,,,,,,,,,
7183,2026-06-08T03:05:00+00:00,WAIT_REENTRY_DEPTH,,,43.0,,,,,0.0,,,,,,,70.0,,,,,,,,,,,,,,,,
7184,2026-06-08T03:10:00+00:00,WAIT_REENTRY_DEPTH,,,43.0,,,,,0.0,,,,,,,70.0,,,,,,,,,,,,,,,,
7185,2026-06-08T03:15:00+00:00,SWEEP,bullish,4304.264,,,,,,,,,,,,,,,,,,,,,,,,,,,,,
7185,2026-06-08T03:15:00+00:00,OB_EXPIRED,,,43.0,,,,,,,,,,101.0,,,,,,,,,,,,,,,,,,
7197,2026-06-08T04:15:00+00:00,SWEEP,bearish,4320.887,,,,,,,,,,,,,,,,,,,,,,,,,,,,,
7209,2026-06-08T05:15:00+00:00,SWEEP,bullish,4304.487,,,,,,,,,,,,,,,,,,,,,,,,,,,,,
7213,2026-06-08T05:35:00+00:00,SWEEP,bullish,4286.451,,,,,,,,,,,,,,,,,,,,,,,,,,,,,
7235,2026-06-08T07:25:00+00:00,SWEEP,bearish,4314.884,,,,,,,,,,,,,,,,,,,,,,,,,,,,,
7242,2026-06-08T08:00:00+00:00,SWEEP,bullish,4293.015,,,,,,,,,,,,,,,,,,,,,,,,,,,,,
7243,2026-06-08T08:05:00+00:00,SWEEP,bullish,4289.968,,,,,,,,,,,,,,,,,,,,,,,,,,,,,
7245,2026-06-08T08:15:00+00:00,SWEEP,bullish,4289.501,,,,,,,,,,,,,,,,,,,,,,,,,,,,,
7246,2026-06-08T08:20:00+00:00,SWEEP,bullish,4288.583,,,,,,,,,,,,,,,,,,,,,,,,,,,,,
7247,2026-06-08T08:25:00+00:00,SWEEP,bullish,4287.84,,,,,,,,,,,,,,,,,,,,,,,,,,,,,
7255,2026-06-08T09:05:00+00:00,SWEEP,bullish,4285.237,,,,,,,,,,,,,,,,,,,,,,,,,,,,,
7273,2026-06-08T10:35:00+00:00,SWEEP,bearish,4305.132,,,,,,,,,,,,,,,,,,,,,,,,,,,,,
7282,2026-06-08T11:20:00+00:00,SWEEP,bearish,4328.016,,,,,,,,,,,,,,,,,,,,,,,,,,,,,
7284,2026-06-08T11:30:00+00:00,SWEEP,bearish,4331.115,,,,,,,,,,,,,,,,,,,,,,,,,,,,,
7290,2026-06-08T12:00:00+00:00,SWEEP,bearish,4333.406,,,,,,,,,,,,,,,,,,,,,,,,,,,,,
7291,2026-06-08T12:05:00+00:00,SWEEP,bearish,4334.745,,,,,,,,,,,,,,,,,,,,,,,,,,,,,
7308,2026-06-08T13:30:00+00:00,SWEEP,bearish,4339.465,,,,,,,,,,,,,,,,,,,,,,,,,,,,,
7316,2026-06-08T14:10:00+00:00,SWEEP,bullish,4318.819,,,,,,,,,,,,,,,,,,,,,,,,,,,,,
7319,2026-06-08T14:25:00+00:00,SWEEP,bullish,4316.556,,,,,,,,,,,,,,,,,,,,,,,,,,,,,
7321,2026-06-08T14:35:00+00:00,SWEEP,bullish,4315.694,,,,,,,,,,,,,,,,,,,,,,,,,,,,,
7323,2026-06-08T14:45:00+00:00,OB_FORMED,bullish,,44.0,4317.211,4328.932,65.46,"{'body': 14.16, 'fvg': 7.58, 'sweep': 21.06, 'break': 2.12, 'ob_size': 10.54, 'adjacency': 10}",,,,,,,,,,,,,,,,,,,,,,,,
7326,2026-06-08T15:00:00+00:00,OB_TOUCH,,,44.0,,,,,0.0,,,,,,,,,,,,,,,,,,,,,,,
7332,2026-06-08T15:30:00+00:00,WAIT_MTF_CONTEXT,,,44.0,,,,,,neutral,neutral,neutral,0.0,,,,,,,,,,,,,,,,,,,
7333,2026-06-08T15:35:00+00:00,SWEEP,bearish,4337.02,,,,,,,,,,,,,,,,,,,,,,,,,,,,,
7333,2026-06-08T15:35:00+00:00,WAIT_MTF_CONTEXT,,,44.0,,,,,,neutral,neutral,neutral,0.0,,,,,,,,,,,,,,,,,,,
7334,2026-06-08T15:40:00+00:00,WAIT_MTF_CONTEXT,,,44.0,,,,,,neutral,neutral,neutral,0.0,,,,,,,,,,,,,,,,,,,
7335,2026-06-08T15:45:00+00:00,SWEEP,bearish,4339.673,,,,,,,,,,,,,,,,,,,,,,,,,,,,,
7335,2026-06-08T15:45:00+00:00,WAIT_MTF_CONTEXT,,,44.0,,,,,,neutral,neutral,neutral,0.0,,,,,,,,,,,,,,,,,,,
7336,2026-06-08T15:50:00+00:00,WAIT_MTF_CONTEXT,,,44.0,,,,,,neutral,neutral,neutral,0.0,,,,,,,,,,,,,,,,,,,
7337,2026-06-08T15:55:00+00:00,SWEEP,bearish,4343.142,,,,,,,,,,,,,,,,,,,,,,,,,,,,,
7337,2026-06-08T15:55:00+00:00,WAIT_MTF_CONTEXT,,,44.0,,,,,,neutral,neutral,neutral,0.0,,,,,,,,,,,,,,,,,,,
7338,2026-06-08T16:00:00+00:00,WAIT_MTF_CONTEXT,,,44.0,,,,,,neutral,neutral,neutral,0.0,,,,,,,,,,,,,,,,,,,
7339,2026-06-08T16:05:00+00:00,WAIT_MTF_CONTEXT,,,44.0,,,,,,neutral,neutral,neutral,0.0,,,,,,,,,,,,,,,,,,,
7340,2026-06-08T16:10:00+00:00,WAIT_MTF_CONTEXT,,,44.0,,,,,,neutral,neutral,neutral,0.0,,,,,,,,,,,,,,,,,,,
7341,2026-06-08T16:15:00+00:00,WAIT_MTF_CONTEXT,,,44.0,,,,,,neutral,neutral,neutral,0.0,,,,,,,,,,,,,,,,,,,
7342,2026-06-08T16:20:00+00:00,WAIT_MTF_CONTEXT,,,44.0,,,,,,neutral,neutral,neutral,0.0,,,,,,,,,,,,,,,,,,,
7343,2026-06-08T16:25:00+00:00,WAIT_MTF_CONTEXT,,,44.0,,,,,,neutral,neutral,neutral,0.0,,,,,,,,,,,,,,,,,,,
7344,2026-06-08T16:30:00+00:00,WAIT_MTF_CONTEXT,,,44.0,,,,,,neutral,neutral,neutral,0.0,,,,,,,,,,,,,,,,,,,
7345,2026-06-08T16:35:00+00:00,SWEEP,bearish,4345.839,,,,,,,,,,,,,,,,,,,,,,,,,,,,,
7345,2026-06-08T16:35:00+00:00,WAIT_MTF_CONTEXT,,,44.0,,,,,,neutral,neutral,neutral,0.0,,,,,,,,,,,,,,,,,,,
7346,2026-06-08T16:40:00+00:00,WAIT_MTF_CONTEXT,,,44.0,,,,,,neutral,neutral,neutral,0.0,,,,,,,,,,,,,,,,,,,
7347,2026-06-08T16:45:00+00:00,WAIT_MTF_CONTEXT,,,44.0,,,,,,neutral,neutral,neutral,0.0,,,,,,,,,,,,,,,,,,,
7348,2026-06-08T16:50:00+00:00,WAIT_MTF_CONTEXT,,,44.0,,,,,,neutral,neutral,neutral,0.0,,,,,,,,,,,,,,,,,,,
7349,2026-06-08T16:55:00+00:00,WAIT_MTF_CONTEXT,,,44.0,,,,,,neutral,neutral,neutral,0.0,,,,,,,,,,,,,,,,,,,
7350,2026-06-08T17:00:00+00:00,WAIT_MTF_CONTEXT,,,44.0,,,,,,neutral,neutral,neutral,0.0,,,,,,,,,,,,,,,,,,,
7351,2026-06-08T17:05:00+00:00,WAIT_MTF_CONTEXT,,,44.0,,,,,,neutral,neutral,neutral,0.0,,,,,,,,,,,,,,,,,,,
7352,2026-06-08T17:10:00+00:00,WAIT_MTF_CONTEXT,,,44.0,,,,,,neutral,neutral,neutral,0.0,,,,,,,,,,,,,,,,,,,
7353,2026-06-08T17:15:00+00:00,WAIT_MTF_CONTEXT,,,44.0,,,,,,neutral,neutral,neutral,0.0,,,,,,,,,,,,,,,,,,,
7354,2026-06-08T17:20:00+00:00,WAIT_MTF_CONTEXT,,,44.0,,,,,,neutral,neutral,neutral,0.0,,,,,,,,,,,,,,,,,,,
7355,2026-06-08T17:25:00+00:00,SWEEP,bullish,4334.51,,,,,,,,,,,,,,,,,,,,,,,,,,,,,
7355,2026-06-08T17:25:00+00:00,WAIT_MTF_CONTEXT,,,44.0,,,,,,neutral,neutral,neutral,0.0,,,,,,,,,,,,,,,,,,,
7356,2026-06-08T17:30:00+00:00,SWEEP,bullish,4333.818,,,,,,,,,,,,,,,,,,,,,,,,,,,,,
7356,2026-06-08T17:30:00+00:00,WAIT_MTF_CONTEXT,,,44.0,,,,,,neutral,neutral,bearish,23.08,,,,,,,,,,,,,,,,,,,
7357,2026-06-08T17:35:00+00:00,SWEEP,bullish,4333.71,,,,,,,,,,,,,,,,,,,,,,,,,,,,,
7357,2026-06-08T17:35:00+00:00,WAIT_MTF_CONTEXT,,,44.0,,,,,,neutral,neutral,bearish,23.08,,,,,,,,,,,,,,,,,,,
7358,2026-06-08T17:40:00+00:00,WAIT_MTF_CONTEXT,,,44.0,,,,,,neutral,neutral,bearish,23.08,,,,,,,,,,,,,,,,,,,
7359,2026-06-08T17:45:00+00:00,WAIT_MTF_CONTEXT,,,44.0,,,,,,neutral,neutral,bearish,23.08,,,,,,,,,,,,,,,,,,,
7360,2026-06-08T17:50:00+00:00,WAIT_MTF_CONTEXT,,,44.0,,,,,,neutral,neutral,bearish,23.08,,,,,,,,,,,,,,,,,,,
7361,2026-06-08T17:55:00+00:00,WAIT_MTF_CONTEXT,,,44.0,,,,,,neutral,neutral,bearish,23.08,,,,,,,,,,,,,,,,,,,
7362,2026-06-08T18:00:00+00:00,WAIT_MTF_CONTEXT,,,44.0,,,,,,neutral,neutral,bearish,23.08,,,,,,,,,,,,,,,,,,,
7363,2026-06-08T18:05:00+00:00,WAIT_MTF_CONTEXT,,,44.0,,,,,,neutral,neutral,bearish,23.08,,,,,,,,,,,,,,,,,,,
7364,2026-06-08T18:10:00+00:00,WAIT_MTF_CONTEXT,,,44.0,,,,,,neutral,neutral,bearish,23.08,,,,,,,,,,,,,,,,,,,
7365,2026-06-08T18:15:00+00:00,WAIT_MTF_CONTEXT,,,44.0,,,,,,neutral,neutral,bearish,23.08,,,,,,,,,,,,,,,,,,,
7366,2026-06-08T18:20:00+00:00,WAIT_MTF_CONTEXT,,,44.0,,,,,,neutral,neutral,bearish,23.08,,,,,,,,,,,,,,,,,,,
7367,2026-06-08T18:25:00+00:00,WAIT_MTF_CONTEXT,,,44.0,,,,,,neutral,neutral,bearish,23.08,,,,,,,,,,,,,,,,,,,
7368,2026-06-08T18:30:00+00:00,WAIT_MTF_CONTEXT,,,44.0,,,,,,neutral,neutral,neutral,0.0,,,,,,,,,,,,,,,,,,,
7369,2026-06-08T18:35:00+00:00,WAIT_MTF_CONTEXT,,,44.0,,,,,,neutral,neutral,neutral,0.0,,,,,,,,,,,,,,,,,,,
7370,2026-06-08T18:40:00+00:00,WAIT_MTF_CONTEXT,,,44.0,,,,,,neutral,neutral,neutral,0.0,,,,,,,,,,,,,,,,,,,
7371,2026-06-08T18:45:00+00:00,WAIT_MTF_CONTEXT,,,44.0,,,,,,neutral,neutral,neutral,0.0,,,,,,,,,,,,,,,,,,,
7372,2026-06-08T18:50:00+00:00,WAIT_MTF_CONTEXT,,,44.0,,,,,,neutral,neutral,neutral,0.0,,,,,,,,,,,,,,,,,,,
7373,2026-06-08T18:55:00+00:00,WAIT_MTF_CONTEXT,,,44.0,,,,,,neutral,neutral,neutral,0.0,,,,,,,,,,,,,,,,,,,
7374,2026-06-08T19:00:00+00:00,WAIT_MTF_CONTEXT,,,44.0,,,,,,neutral,neutral,neutral,0.0,,,,,,,,,,,,,,,,,,,
7375,2026-06-08T19:05:00+00:00,WAIT_MTF_CONTEXT,,,44.0,,,,,,neutral,neutral,neutral,0.0,,,,,,,,,,,,,,,,,,,
7376,2026-06-08T19:10:00+00:00,WAIT_MTF_CONTEXT,,,44.0,,,,,,neutral,neutral,neutral,0.0,,,,,,,,,,,,,,,,,,,
7377,2026-06-08T19:15:00+00:00,WAIT_MTF_CONTEXT,,,44.0,,,,,,neutral,neutral,neutral,0.0,,,,,,,,,,,,,,,,,,,
7378,2026-06-08T19:20:00+00:00,WAIT_MTF_CONTEXT,,,44.0,,,,,,neutral,neutral,neutral,0.0,,,,,,,,,,,,,,,,,,,
7379,2026-06-08T19:25:00+00:00,SWEEP,bullish,4326.665,,,,,,,,,,,,,,,,,,,,,,,,,,,,,
7379,2026-06-08T19:25:00+00:00,WAIT_MTF_CONTEXT,,,44.0,,,,,,neutral,neutral,neutral,0.0,,,,,,,,,,,,,,,,,,,
7380,2026-06-08T19:30:00+00:00,WAIT_MTF_CONTEXT,,,44.0,,,,,,neutral,neutral,neutral,0.0,,,,,,,,,,,,,,,,,,,
7381,2026-06-08T19:35:00+00:00,SWEEP,bullish,4325.905,,,,,,,,,,,,,,,,,,,,,,,,,,,,,
7381,2026-06-08T19:35:00+00:00,WAIT_MTF_CONTEXT,,,44.0,,,,,,neutral,neutral,neutral,0.0,,,,,,,,,,,,,,,,,,,
7382,2026-06-08T19:40:00+00:00,SWEEP,bullish,4325.069,,,,,,,,,,,,,,,,,,,,,,,,,,,,,
7382,2026-06-08T19:40:00+00:00,WAIT_MTF_CONTEXT,,,44.0,,,,,,neutral,neutral,neutral,0.0,,,,,,,,,,,,,,,,,,,
7383,2026-06-08T19:45:00+00:00,WAIT_MTF_CONTEXT,,,44.0,,,,,,neutral,neutral,neutral,0.0,,,,,,,,,,,,,,,,,,,
7384,2026-06-08T19:50:00+00:00,WAIT_MTF_CONTEXT,,,44.0,,,,,,neutral,neutral,neutral,0.0,,,,,,,,,,,,,,,,,,,
7385,2026-06-08T19:55:00+00:00,SWEEP,bullish,4324.224,,,,,,,,,,,,,,,,,,,,,,,,,,,,,
7385,2026-06-08T19:55:00+00:00,WAIT_MTF_CONTEXT,,,44.0,,,,,,neutral,neutral,neutral,0.0,,,,,,,,,,,,,,,,,,,
7386,2026-06-08T20:00:00+00:00,WAIT_MTF_CONTEXT,,,44.0,,,,,,neutral,neutral,neutral,0.0,,,,,,,,,,,,,,,,,,,
7387,2026-06-08T20:05:00+00:00,WAIT_MTF_CONTEXT,,,44.0,,,,,,neutral,neutral,neutral,0.0,,,,,,,,,,,,,,,,,,,
7388,2026-06-08T20:10:00+00:00,WAIT_MTF_CONTEXT,,,44.0,,,,,,neutral,neutral,neutral,0.0,,,,,,,,,,,,,,,,,,,
7389,2026-06-08T20:15:00+00:00,WAIT_MTF_CONTEXT,,,44.0,,,,,,neutral,neutral,neutral,0.0,,,,,,,,,,,,,,,,,,,
7390,2026-06-08T20:20:00+00:00,WAIT_MTF_CONTEXT,,,44.0,,,,,,neutral,neutral,neutral,0.0,,,,,,,,,,,,,,,,,,,
7391,2026-06-08T20:25:00+00:00,WAIT_MTF_CONTEXT,,,44.0,,,,,,neutral,neutral,neutral,0.0,,,,,,,,,,,,,,,,,,,
7392,2026-06-08T20:30:00+00:00,WAIT_MTF_CONTEXT,,,44.0,,,,,,neutral,neutral,neutral,0.0,,,,,,,,,,,,,,,,,,,
7393,2026-06-08T20:35:00+00:00,WAIT_MTF_CONTEXT,,,44.0,,,,,,neutral,neutral,neutral,0.0,,,,,,,,,,,,,,,,,,,
7394,2026-06-08T20:40:00+00:00,WAIT_MTF_CONTEXT,,,44.0,,,,,,neutral,neutral,neutral,0.0,,,,,,,,,,,,,,,,,,,
7395,2026-06-08T20:45:00+00:00,WAIT_MTF_CONTEXT,,,44.0,,,,,,neutral,neutral,bearish,23.08,,,,,,,,,,,,,,,,,,,
7396,2026-06-08T20:50:00+00:00,WAIT_MTF_CONTEXT,,,44.0,,,,,,neutral,neutral,bearish,23.08,,,,,,,,,,,,,,,,,,,
7397,2026-06-08T20:55:00+00:00,WAIT_MTF_CONTEXT,,,44.0,,,,,,neutral,neutral,bearish,23.08,,,,,,,,,,,,,,,,,,,
7398,2026-06-08T22:00:00+00:00,SWEEP,bearish,4330.486,,,,,,,,,,,,,,,,,,,,,,,,,,,,,
7398,2026-06-08T22:00:00+00:00,WAIT_MTF_CONTEXT,,,44.0,,,,,,neutral,neutral,bearish,23.08,,,,,,,,,,,,,,,,,,,
7399,2026-06-08T22:05:00+00:00,WAIT_MTF_CONTEXT,,,44.0,,,,,,neutral,neutral,bearish,23.08,,,,,,,,,,,,,,,,,,,
7400,2026-06-08T22:10:00+00:00,WAIT_MTF_CONTEXT,,,44.0,,,,,,neutral,neutral,bearish,23.08,,,,,,,,,,,,,,,,,,,
7401,2026-06-08T22:15:00+00:00,SWEEP,bullish,4323.436,,,,,,,,,,,,,,,,,,,,,,,,,,,,,
7401,2026-06-08T22:15:00+00:00,WAIT_MTF_CONTEXT,,,44.0,,,,,,neutral,neutral,bearish,23.08,,,,,,,,,,,,,,,,,,,
7402,2026-06-08T22:20:00+00:00,WAIT_MTF_CONTEXT,,,44.0,,,,,,neutral,neutral,bearish,23.08,,,,,,,,,,,,,,,,,,,
7403,2026-06-08T22:25:00+00:00,WAIT_MTF_CONTEXT,,,44.0,,,,,,neutral,neutral,bearish,23.08,,,,,,,,,,,,,,,,,,,
7404,2026-06-08T22:30:00+00:00,WAIT_MTF_CONTEXT,,,44.0,,,,,,neutral,neutral,bearish,23.08,,,,,,,,,,,,,,,,,,,
7405,2026-06-08T22:35:00+00:00,WAIT_MTF_CONTEXT,,,44.0,,,,,,neutral,neutral,bearish,23.08,,,,,,,,,,,,,,,,,,,
7406,2026-06-08T22:40:00+00:00,WAIT_MTF_CONTEXT,,,44.0,,,,,,neutral,neutral,bearish,23.08,,,,,,,,,,,,,,,,,,,
7407,2026-06-08T22:45:00+00:00,WAIT_MTF_CONTEXT,,,44.0,,,,,,neutral,neutral,bearish,23.08,,,,,,,,,,,,,,,,,,,
7408,2026-06-08T22:50:00+00:00,WAIT_MTF_CONTEXT,,,44.0,,,,,,neutral,neutral,bearish,23.08,,,,,,,,,,,,,,,,,,,
7409,2026-06-08T22:55:00+00:00,WAIT_MTF_CONTEXT,,,44.0,,,,,,neutral,neutral,bearish,23.08,,,,,,,,,,,,,,,,,,,
7410,2026-06-08T23:00:00+00:00,WAIT_MTF_CONTEXT,,,44.0,,,,,,neutral,neutral,bearish,23.08,,,,,,,,,,,,,,,,,,,
7411,2026-06-08T23:05:00+00:00,WAIT_MTF_CONTEXT,,,44.0,,,,,,neutral,neutral,bearish,23.08,,,,,,,,,,,,,,,,,,,
7412,2026-06-08T23:10:00+00:00,WAIT_MTF_CONTEXT,,,44.0,,,,,,neutral,neutral,bearish,23.08,,,,,,,,,,,,,,,,,,,
7413,2026-06-08T23:15:00+00:00,WAIT_MTF_CONTEXT,,,44.0,,,,,,neutral,neutral,bearish,23.08,,,,,,,,,,,,,,,,,,,
7414,2026-06-08T23:20:00+00:00,WAIT_MTF_CONTEXT,,,44.0,,,,,,neutral,neutral,bearish,23.08,,,,,,,,,,,,,,,,,,,
7415,2026-06-08T23:25:00+00:00,WAIT_MTF_CONTEXT,,,44.0,,,,,,neutral,neutral,bearish,23.08,,,,,,,,,,,,,,,,,,,
7416,2026-06-08T23:30:00+00:00,WAIT_MTF_CONTEXT,,,44.0,,,,,,neutral,neutral,bearish,23.08,,,,,,,,,,,,,,,,,,,
7417,2026-06-08T23:35:00+00:00,WAIT_MTF_CONTEXT,,,44.0,,,,,,neutral,neutral,bearish,23.08,,,,,,,,,,,,,,,,,,,
7418,2026-06-08T23:40:00+00:00,WAIT_MTF_CONTEXT,,,44.0,,,,,,neutral,neutral,bearish,23.08,,,,,,,,,,,,,,,,,,,
7419,2026-06-08T23:45:00+00:00,OB_CROSSED_AFTER_TOUCH,,,44.0,,,,,100.0,,,,,,,,,,,,,,,,,,,,,,,
7420,2026-06-08T23:50:00+00:00,SWEEP,bullish,4313.504,,,,,,,,,,,,,,,,,,,,,,,,,,,,,
7420,2026-06-08T23:50:00+00:00,OB_CROSSED_AFTER_TOUCH,,,44.0,,,,,100.0,,,,,,,,,,,,,,,,,,,,,,,
7421,2026-06-08T23:55:00+00:00,WAIT_MTF_CONTEXT,,,44.0,,,,,,neutral,neutral,bearish,23.08,,,,,,,,,,,,,,,,,,,
7422,2026-06-09T00:00:00+00:00,WAIT_MTF_CONTEXT,,,44.0,,,,,,neutral,neutral,bearish,23.08,,,,,,,,,,,,,,,,,,,
7423,2026-06-09T00:05:00+00:00,WAIT_MTF_CONTEXT,,,44.0,,,,,,neutral,neutral,bearish,23.08,,,,,,,,,,,,,,,,,,,
7424,2026-06-09T00:10:00+00:00,OB_EXPIRED,,,44.0,,,,,,,,,,101.0,,,,,,,,,,,,,,,,,,
7435,2026-06-09T01:05:00+00:00,SWEEP,bearish,4325.374,,,,,,,,,,,,,,,,,,,,,,,,,,,,,
7437,2026-06-09T01:15:00+00:00,SWEEP,bearish,4327.986,,,,,,,,,,,,,,,,,,,,,,,,,,,,,
7438,2026-06-09T01:20:00+00:00,SWEEP,bearish,4329.827,,,,,,,,,,,,,,,,,,,,,,,,,,,,,
7441,2026-06-09T01:35:00+00:00,SWEEP,bearish,4338.097,,,,,,,,,,,,,,,,,,,,,,,,,,,,,
7452,2026-06-09T02:30:00+00:00,SWEEP,bearish,4338.867,,,,,,,,,,,,,,,,,,,,,,,,,,,,,
7455,2026-06-09T02:45:00+00:00,SWEEP,bearish,4339.488,,,,,,,,,,,,,,,,,,,,,,,,,,,,,
7459,2026-06-09T03:05:00+00:00,SWEEP,bearish,4341.092,,,,,,,,,,,,,,,,,,,,,,,,,,,,,
7461,2026-06-09T03:15:00+00:00,SWEEP,bearish,4341.8,,,,,,,,,,,,,,,,,,,,,,,,,,,,,
7471,2026-06-09T04:05:00+00:00,OB_FORMED,bearish,,45.0,4334.974,4338.042,72.28,"{'body': 14.68, 'fvg': 8.51, 'sweep': 21.85, 'break': 2.24, 'ob_size': 15.0, 'adjacency': 10}",,,,,,,,,,,,,,,,,,,,,,,,
7474,2026-06-09T04:20:00+00:00,SWEEP,bullish,4329.625,,,,,,,,,,,,,,,,,,,,,,,,,,,,,
7482,2026-06-09T05:00:00+00:00,OB_TOUCH,,,45.0,,,,,36.89700130376562,,,,,,,,,,,,,,,,,,,,,,,
7482,2026-06-09T05:00:00+00:00,WAIT_MTF_CONTEXT,,,45.0,,,,,,neutral,neutral,bullish,23.08,,,,,,,,,,,,,,,,,,,
7483,2026-06-09T05:05:00+00:00,WAIT_MTF_CONTEXT,,,45.0,,,,,,neutral,neutral,bullish,23.08,,,,,,,,,,,,,,,,,,,
7484,2026-06-09T05:10:00+00:00,WAIT_MTF_CONTEXT,,,45.0,,,,,,neutral,neutral,bullish,23.08,,,,,,,,,,,,,,,,,,,
7485,2026-06-09T05:15:00+00:00,WAIT_MTF_CONTEXT,,,45.0,,,,,,neutral,neutral,bullish,23.08,,,,,,,,,,,,,,,,,,,
7486,2026-06-09T05:20:00+00:00,WAIT_MTF_CONTEXT,,,45.0,,,,,,neutral,neutral,bullish,23.08,,,,,,,,,,,,,,,,,,,
7487,2026-06-09T05:25:00+00:00,WAIT_MTF_CONTEXT,,,45.0,,,,,,neutral,neutral,bullish,23.08,,,,,,,,,,,,,,,,,,,
7488,2026-06-09T05:30:00+00:00,OB_CROSSED_AFTER_TOUCH,,,45.0,,,,,100.0,,,,,,,,,,,,,,,,,,,,,,,
7489,2026-06-09T05:35:00+00:00,SWEEP,bearish,4343.908,,,,,,,,,,,,,,,,,,,,,,,,,,,,,
7489,2026-06-09T05:35:00+00:00,OB_CROSSED_AFTER_TOUCH,,,45.0,,,,,100.0,,,,,,,,,,,,,,,,,,,,,,,
7490,2026-06-09T05:40:00+00:00,OB_CROSSED_AFTER_TOUCH,,,45.0,,,,,100.0,,,,,,,,,,,,,,,,,,,,,,,
7491,2026-06-09T05:45:00+00:00,OB_CROSSED_AFTER_TOUCH,,,45.0,,,,,100.0,,,,,,,,,,,,,,,,,,,,,,,
7492,2026-06-09T05:50:00+00:00,OB_CROSSED_AFTER_TOUCH,,,45.0,,,,,100.0,,,,,,,,,,,,,,,,,,,,,,,
7493,2026-06-09T05:55:00+00:00,OB_CROSSED_AFTER_TOUCH,,,45.0,,,,,100.0,,,,,,,,,,,,,,,,,,,,,,,
7494,2026-06-09T06:00:00+00:00,OB_CROSSED_AFTER_TOUCH,,,45.0,,,,,100.0,,,,,,,,,,,,,,,,,,,,,,,
7495,2026-06-09T06:05:00+00:00,OB_CROSSED_AFTER_TOUCH,,,45.0,,,,,100.0,,,,,,,,,,,,,,,,,,,,,,,
7496,2026-06-09T06:10:00+00:00,OB_CROSSED_AFTER_TOUCH,,,45.0,,,,,100.0,,,,,,,,,,,,,,,,,,,,,,,
7497,2026-06-09T06:15:00+00:00,OB_CROSSED_AFTER_TOUCH,,,45.0,,,,,100.0,,,,,,,,,,,,,,,,,,,,,,,
7498,2026-06-09T06:20:00+00:00,OB_CROSSED_AFTER_TOUCH,,,45.0,,,,,100.0,,,,,,,,,,,,,,,,,,,,,,,
7499,2026-06-09T06:25:00+00:00,OB_CROSSED_AFTER_TOUCH,,,45.0,,,,,100.0,,,,,,,,,,,,,,,,,,,,,,,
7498,2026-06-09T06:20:00+00:00,OB_FORMED,bearish,,46.0,4340.891,4345.975,59.78,"{'body': 17.28, 'fvg': 6.22, 'sweep': 11.53, 'break': 1.27, 'ob_size': 13.5, 'adjacency': 10}",,,,,,,,,,,,,,,,,,,,,,,,
7500,2026-06-09T06:30:00+00:00,WAIT_MTF_CONTEXT,,,45.0,,,,,,neutral,neutral,bullish,23.08,,,,,,,,,,,,,,,,,,,
7501,2026-06-09T06:35:00+00:00,OB_CROSSED_AFTER_TOUCH,,,45.0,,,,,100.0,,,,,,,,,,,,,,,,,,,,,,,
7502,2026-06-09T06:40:00+00:00,WAIT_MTF_CONTEXT,,,45.0,,,,,,neutral,neutral,bullish,23.08,,,,,,,,,,,,,,,,,,,
7503,2026-06-09T06:45:00+00:00,OB_CROSSED_AFTER_TOUCH,,,45.0,,,,,100.0,,,,,,,,,,,,,,,,,,,,,,,
7504,2026-06-09T06:50:00+00:00,WAIT_MTF_CONTEXT,,,45.0,,,,,,neutral,neutral,bullish,23.08,,,,,,,,,,,,,,,,,,,
7505,2026-06-09T06:55:00+00:00,SWEEP,bullish,4330.74,,,,,,,,,,,,,,,,,,,,,,,,,,,,,
7505,2026-06-09T06:55:00+00:00,WAIT_MTF_CONTEXT,,,45.0,,,,,,neutral,neutral,bullish,23.08,,,,,,,,,,,,,,,,,,,
7506,2026-06-09T07:00:00+00:00,SWEEP,bullish,4330.144,,,,,,,,,,,,,,,,,,,,,,,,,,,,,
7506,2026-06-09T07:00:00+00:00,WAIT_MTF_CONTEXT,,,45.0,,,,,,neutral,neutral,bullish,23.08,,,,,,,,,,,,,,,,,,,
7507,2026-06-09T07:05:00+00:00,WAIT_MTF_CONTEXT,,,45.0,,,,,,neutral,neutral,bullish,23.08,,,,,,,,,,,,,,,,,,,
7508,2026-06-09T07:10:00+00:00,WAIT_MTF_CONTEXT,,,45.0,,,,,,neutral,neutral,bullish,23.08,,,,,,,,,,,,,,,,,,,
7509,2026-06-09T07:15:00+00:00,SWEEP,bullish,4326.636,,,,,,,,,,,,,,,,,,,,,,,,,,,,,
7509,2026-06-09T07:15:00+00:00,WAIT_MTF_CONTEXT,,,45.0,,,,,,neutral,neutral,bullish,23.08,,,,,,,,,,,,,,,,,,,
7510,2026-06-09T07:20:00+00:00,WAIT_MTF_CONTEXT,,,45.0,,,,,,neutral,neutral,bullish,23.08,,,,,,,,,,,,,,,,,,,
7511,2026-06-09T07:25:00+00:00,WAIT_MTF_CONTEXT,,,45.0,,,,,,neutral,neutral,bullish,23.08,,,,,,,,,,,,,,,,,,,
7512,2026-06-09T07:30:00+00:00,WAIT_MTF_CONTEXT,,,45.0,,,,,,neutral,neutral,bullish,23.08,,,,,,,,,,,,,,,,,,,
7513,2026-06-09T07:35:00+00:00,SWEEP,bullish,4322.819,,,,,,,,,,,,,,,,,,,,,,,,,,,,,
7513,2026-06-09T07:35:00+00:00,WAIT_MTF_CONTEXT,,,45.0,,,,,,neutral,neutral,bullish,23.08,,,,,,,,,,,,,,,,,,,
7514,2026-06-09T07:40:00+00:00,WAIT_MTF_CONTEXT,,,45.0,,,,,,neutral,neutral,bullish,23.08,,,,,,,,,,,,,,,,,,,
7515,2026-06-09T07:45:00+00:00,WAIT_MTF_CONTEXT,,,45.0,,,,,,neutral,neutral,bullish,23.08,,,,,,,,,,,,,,,,,,,
7516,2026-06-09T07:50:00+00:00,WAIT_MTF_CONTEXT,,,45.0,,,,,,neutral,neutral,bullish,23.08,,,,,,,,,,,,,,,,,,,
7517,2026-06-09T07:55:00+00:00,WAIT_MTF_CONTEXT,,,45.0,,,,,,neutral,neutral,bullish,23.08,,,,,,,,,,,,,,,,,,,
7518,2026-06-09T08:00:00+00:00,WAIT_MTF_CONTEXT,,,45.0,,,,,,neutral,neutral,bullish,23.08,,,,,,,,,,,,,,,,,,,
7519,2026-06-09T08:05:00+00:00,SWEEP,bullish,4322.044,,,,,,,,,,,,,,,,,,,,,,,,,,,,,
7519,2026-06-09T08:05:00+00:00,WAIT_MTF_CONTEXT,,,45.0,,,,,,neutral,neutral,bullish,23.08,,,,,,,,,,,,,,,,,,,
7520,2026-06-09T08:10:00+00:00,WAIT_MTF_CONTEXT,,,45.0,,,,,,neutral,neutral,bullish,23.08,,,,,,,,,,,,,,,,,,,
7521,2026-06-09T08:15:00+00:00,WAIT_MTF_CONTEXT,,,45.0,,,,,,neutral,neutral,bullish,23.08,,,,,,,,,,,,,,,,,,,
7522,2026-06-09T08:20:00+00:00,WAIT_MTF_CONTEXT,,,45.0,,,,,,neutral,neutral,bullish,23.08,,,,,,,,,,,,,,,,,,,
7523,2026-06-09T08:25:00+00:00,WAIT_MTF_CONTEXT,,,45.0,,,,,,neutral,neutral,bullish,23.08,,,,,,,,,,,,,,,,,,,
7524,2026-06-09T08:30:00+00:00,WAIT_MTF_CONTEXT,,,45.0,,,,,,neutral,neutral,bullish,23.08,,,,,,,,,,,,,,,,,,,
7525,2026-06-09T08:35:00+00:00,WAIT_MTF_CONTEXT,,,45.0,,,,,,neutral,neutral,bullish,23.08,,,,,,,,,,,,,,,,,,,
7526,2026-06-09T08:40:00+00:00,SWEEP,bearish,4336.169,,,,,,,,,,,,,,,,,,,,,,,,,,,,,
7526,2026-06-09T08:40:00+00:00,WAIT_MTF_CONTEXT,,,45.0,,,,,,neutral,neutral,bullish,23.08,,,,,,,,,,,,,,,,,,,
7527,2026-06-09T08:45:00+00:00,WAIT_MTF_CONTEXT,,,45.0,,,,,,neutral,neutral,bullish,23.08,,,,,,,,,,,,,,,,,,,
7528,2026-06-09T08:50:00+00:00,WAIT_MTF_CONTEXT,,,45.0,,,,,,neutral,neutral,bullish,23.08,,,,,,,,,,,,,,,,,,,
7529,2026-06-09T08:55:00+00:00,WAIT_MTF_CONTEXT,,,45.0,,,,,,neutral,neutral,bullish,23.08,,,,,,,,,,,,,,,,,,,
7530,2026-06-09T09:00:00+00:00,WAIT_MTF_CONTEXT,,,45.0,,,,,,neutral,bullish,neutral,30.77,,,,,,,,,,,,,,,,,,,
7531,2026-06-09T09:05:00+00:00,WAIT_MTF_CONTEXT,,,45.0,,,,,,neutral,bullish,neutral,30.77,,,,,,,,,,,,,,,,,,,
7532,2026-06-09T09:10:00+00:00,WAIT_MTF_CONTEXT,,,45.0,,,,,,neutral,bullish,neutral,30.77,,,,,,,,,,,,,,,,,,,
7533,2026-06-09T09:15:00+00:00,WAIT_MTF_CONTEXT,,,45.0,,,,,,neutral,bullish,neutral,30.77,,,,,,,,,,,,,,,,,,,
7534,2026-06-09T09:20:00+00:00,WAIT_MTF_CONTEXT,,,45.0,,,,,,neutral,bullish,neutral,30.77,,,,,,,,,,,,,,,,,,,
7535,2026-06-09T09:25:00+00:00,WAIT_MTF_CONTEXT,,,45.0,,,,,,neutral,bullish,neutral,30.77,,,,,,,,,,,,,,,,,,,
7545,2026-06-09T10:15:00+00:00,WAIT_MTF_CONTEXT,,,45.0,,,,,,neutral,bullish,neutral,30.77,,,,,,,,,,,,,,,,,,,
7546,2026-06-09T10:20:00+00:00,WAIT_MTF_CONTEXT,,,45.0,,,,,,neutral,bullish,neutral,30.77,,,,,,,,,,,,,,,,,,,
7547,2026-06-09T10:25:00+00:00,SWEEP,bearish,4336.444,,,,,,,,,,,,,,,,,,,,,,,,,,,,,
7547,2026-06-09T10:25:00+00:00,WAIT_MTF_CONTEXT,,,45.0,,,,,,neutral,bullish,neutral,30.77,,,,,,,,,,,,,,,,,,,
7548,2026-06-09T10:30:00+00:00,WAIT_MTF_CONTEXT,,,45.0,,,,,,neutral,bullish,neutral,30.77,,,,,,,,,,,,,,,,,,,
7549,2026-06-09T10:35:00+00:00,WAIT_MTF_CONTEXT,,,45.0,,,,,,neutral,bullish,neutral,30.77,,,,,,,,,,,,,,,,,,,
7550,2026-06-09T10:40:00+00:00,WAIT_MTF_CONTEXT,,,45.0,,,,,,neutral,bullish,neutral,30.77,,,,,,,,,,,,,,,,,,,
7551,2026-06-09T10:45:00+00:00,WAIT_MTF_CONTEXT,,,45.0,,,,,,neutral,bullish,neutral,30.77,,,,,,,,,,,,,,,,,,,
7552,2026-06-09T10:50:00+00:00,WAIT_MTF_CONTEXT,,,45.0,,,,,,neutral,bullish,neutral,30.77,,,,,,,,,,,,,,,,,,,
7553,2026-06-09T10:55:00+00:00,OB_CROSSED_AFTER_TOUCH,,,45.0,,,,,100.0,,,,,,,,,,,,,,,,,,,,,,,
7554,2026-06-09T11:00:00+00:00,WAIT_MTF_CONTEXT,,,45.0,,,,,,neutral,bullish,neutral,30.77,,,,,,,,,,,,,,,,,,,
7555,2026-06-09T11:05:00+00:00,WAIT_MTF_CONTEXT,,,45.0,,,,,,neutral,bullish,neutral,30.77,,,,,,,,,,,,,,,,,,,
7556,2026-06-09T11:10:00+00:00,WAIT_MTF_CONTEXT,,,45.0,,,,,,neutral,bullish,neutral,30.77,,,,,,,,,,,,,,,,,,,
7557,2026-06-09T11:15:00+00:00,OB_CROSSED_AFTER_TOUCH,,,45.0,,,,,100.0,,,,,,,,,,,,,,,,,,,,,,,
7558,2026-06-09T11:20:00+00:00,WAIT_MTF_CONTEXT,,,45.0,,,,,,neutral,bullish,neutral,30.77,,,,,,,,,,,,,,,,,,,
7559,2026-06-09T11:25:00+00:00,OB_CROSSED_AFTER_TOUCH,,,45.0,,,,,100.0,,,,,,,,,,,,,,,,,,,,,,,
7560,2026-06-09T11:30:00+00:00,WAIT_MTF_CONTEXT,,,45.0,,,,,,neutral,bullish,neutral,30.77,,,,,,,,,,,,,,,,,,,
7561,2026-06-09T11:35:00+00:00,WAIT_MTF_CONTEXT,,,45.0,,,,,,neutral,bullish,neutral,30.77,,,,,,,,,,,,,,,,,,,
7562,2026-06-09T11:40:00+00:00,OB_CROSSED_AFTER_TOUCH,,,45.0,,,,,100.0,,,,,,,,,,,,,,,,,,,,,,,
7563,2026-06-09T11:45:00+00:00,SWEEP,bearish,4340.799,,,,,,,,,,,,,,,,,,,,,,,,,,,,,
7563,2026-06-09T11:45:00+00:00,OB_CROSSED_AFTER_TOUCH,,,45.0,,,,,100.0,,,,,,,,,,,,,,,,,,,,,,,
7563,2026-06-09T11:45:00+00:00,OB_TOUCH,,,46.0,,,,,0.0,,,,,,,,,,,,,,,,,,,,,,,
7563,2026-06-09T11:45:00+00:00,WAIT_MTF_CONTEXT,,,46.0,,,,,,neutral,bullish,bullish,53.85,,,,,,,,,,,,,,,,,,,
7564,2026-06-09T11:50:00+00:00,OB_CROSSED_AFTER_TOUCH,,,45.0,,,,,100.0,,,,,,,,,,,,,,,,,,,,,,,
7564,2026-06-09T11:50:00+00:00,WAIT_MTF_CONTEXT,,,46.0,,,,,,neutral,bullish,bullish,53.85,,,,,,,,,,,,,,,,,,,
7565,2026-06-09T11:55:00+00:00,OB_CROSSED_AFTER_TOUCH,,,45.0,,,,,100.0,,,,,,,,,,,,,,,,,,,,,,,
7565,2026-06-09T11:55:00+00:00,WAIT_MTF_CONTEXT,,,46.0,,,,,,neutral,bullish,bullish,53.85,,,,,,,,,,,,,,,,,,,
7566,2026-06-09T12:00:00+00:00,OB_CROSSED_AFTER_TOUCH,,,45.0,,,,,100.0,,,,,,,,,,,,,,,,,,,,,,,
7566,2026-06-09T12:00:00+00:00,WAIT_MTF_CONTEXT,,,46.0,,,,,,neutral,bullish,bullish,53.85,,,,,,,,,,,,,,,,,,,
7567,2026-06-09T12:05:00+00:00,SWEEP,bearish,4343.778,,,,,,,,,,,,,,,,,,,,,,,,,,,,,
7567,2026-06-09T12:05:00+00:00,OB_CROSSED_AFTER_TOUCH,,,45.0,,,,,100.0,,,,,,,,,,,,,,,,,,,,,,,
7567,2026-06-09T12:05:00+00:00,WAIT_MTF_CONTEXT,,,46.0,,,,,,neutral,bullish,bullish,53.85,,,,,,,,,,,,,,,,,,,
7568,2026-06-09T12:10:00+00:00,SWEEP,bearish,4343.993,,,,,,,,,,,,,,,,,,,,,,,,,,,,,
7568,2026-06-09T12:10:00+00:00,OB_CROSSED_AFTER_TOUCH,,,45.0,,,,,100.0,,,,,,,,,,,,,,,,,,,,,,,
7568,2026-06-09T12:10:00+00:00,WAIT_MTF_CONTEXT,,,46.0,,,,,,neutral,bullish,bullish,53.85,,,,,,,,,,,,,,,,,,,
7569,2026-06-09T12:15:00+00:00,OB_CROSSED_AFTER_TOUCH,,,45.0,,,,,100.0,,,,,,,,,,,,,,,,,,,,,,,
7569,2026-06-09T12:15:00+00:00,WAIT_MTF_CONTEXT,,,46.0,,,,,,neutral,bullish,bullish,53.85,,,,,,,,,,,,,,,,,,,
7570,2026-06-09T12:20:00+00:00,OB_CROSSED_AFTER_TOUCH,,,45.0,,,,,100.0,,,,,,,,,,,,,,,,,,,,,,,
7570,2026-06-09T12:20:00+00:00,WAIT_MTF_CONTEXT,,,46.0,,,,,,neutral,bullish,bullish,53.85,,,,,,,,,,,,,,,,,,,
7571,2026-06-09T12:25:00+00:00,WAIT_MTF_CONTEXT,,,45.0,,,,,,neutral,bullish,bullish,53.85,,,,,,,,,,,,,,,,,,,
7571,2026-06-09T12:25:00+00:00,WAIT_MTF_CONTEXT,,,46.0,,,,,,neutral,bullish,bullish,53.85,,,,,,,,,,,,,,,,,,,
7572,2026-06-09T12:30:00+00:00,OB_EXPIRED,,,45.0,,,,,,,,,,101.0,,,,,,,,,,,,,,,,,,
7572,2026-06-09T12:30:00+00:00,WAIT_MTF_CONTEXT,,,46.0,,,,,,neutral,bullish,bullish,53.85,,,,,,,,,,,,,,,,,,,
7573,2026-06-09T12:35:00+00:00,WAIT_MTF_CONTEXT,,,46.0,,,,,,neutral,bullish,bullish,53.85,,,,,,,,,,,,,,,,,,,
7574,2026-06-09T12:40:00+00:00,WAIT_MTF_CONTEXT,,,46.0,,,,,,neutral,bullish,bullish,53.85,,,,,,,,,,,,,,,,,,,
7575,2026-06-09T12:45:00+00:00,SWEEP,bearish,4344.002,,,,,,,,,,,,,,,,,,,,,,,,,,,,,
7575,2026-06-09T12:45:00+00:00,WAIT_MTF_CONTEXT,,,46.0,,,,,,neutral,bullish,bullish,53.85,,,,,,,,,,,,,,,,,,,
7576,2026-06-09T12:50:00+00:00,WAIT_MTF_CONTEXT,,,46.0,,,,,,neutral,bullish,bullish,53.85,,,,,,,,,,,,,,,,,,,
7577,2026-06-09T12:55:00+00:00,WAIT_MTF_CONTEXT,,,46.0,,,,,,neutral,bullish,bullish,53.85,,,,,,,,,,,,,,,,,,,
7578,2026-06-09T13:00:00+00:00,SWEEP,bearish,4344.207,,,,,,,,,,,,,,,,,,,,,,,,,,,,,
7578,2026-06-09T13:00:00+00:00,WAIT_MTF_CONTEXT,,,46.0,,,,,,neutral,bullish,bullish,53.85,,,,,,,,,,,,,,,,,,,
7579,2026-06-09T13:05:00+00:00,WAIT_MTF_CONTEXT,,,46.0,,,,,,neutral,bullish,bullish,53.85,,,,,,,,,,,,,,,,,,,
7580,2026-06-09T13:10:00+00:00,WAIT_MTF_CONTEXT,,,46.0,,,,,,neutral,bullish,bullish,53.85,,,,,,,,,,,,,,,,,,,
7581,2026-06-09T13:15:00+00:00,WAIT_MTF_CONTEXT,,,46.0,,,,,,neutral,bullish,bullish,53.85,,,,,,,,,,,,,,,,,,,
7579,2026-06-09T13:05:00+00:00,OB_FORMED,bearish,,47.0,4338.576,4344.184,72.73,"{'body': 18.57, 'fvg': 13.9, 'sweep': 16.79, 'break': 1.74, 'ob_size': 11.72, 'adjacency': 10}",,,,,,,,,,,,,,,,,,,,,,,,
7582,2026-06-09T13:20:00+00:00,WAIT_MTF_CONTEXT,,,46.0,,,,,,neutral,bullish,bullish,53.85,,,,,,,,,,,,,,,,,,,
7583,2026-06-09T13:25:00+00:00,WAIT_MTF_CONTEXT,,,46.0,,,,,,neutral,bullish,bullish,53.85,,,,,,,,,,,,,,,,,,,
7584,2026-06-09T13:30:00+00:00,SWEEP,bullish,4330.037,,,,,,,,,,,,,,,,,,,,,,,,,,,,,
7584,2026-06-09T13:30:00+00:00,WAIT_MTF_CONTEXT,,,46.0,,,,,,neutral,bullish,bullish,53.85,,,,,,,,,,,,,,,,,,,
7585,2026-06-09T13:35:00+00:00,WAIT_MTF_CONTEXT,,,46.0,,,,,,neutral,bullish,bullish,53.85,,,,,,,,,,,,,,,,,,,
7586,2026-06-09T13:40:00+00:00,SWEEP,bullish,4328.689,,,,,,,,,,,,,,,,,,,,,,,,,,,,,
7586,2026-06-09T13:40:00+00:00,WAIT_MTF_CONTEXT,,,46.0,,,,,,neutral,bullish,bullish,53.85,,,,,,,,,,,,,,,,,,,
7587,2026-06-09T13:45:00+00:00,OB_CROSSED_AFTER_TOUCH,,,46.0,,,,,100.0,,,,,,,,,,,,,,,,,,,,,,,
7587,2026-06-09T13:45:00+00:00,OB_TOUCH,,,47.0,,,,,100.0,,,,,,,,,,,,,,,,,,,,,,,
7587,2026-06-09T13:45:00+00:00,OB_CROSSED_AFTER_TOUCH,,,47.0,,,,,100.0,,,,,,,,,,,,,,,,,,,,,,,
7586,2026-06-09T13:40:00+00:00,OB_FORMED,bullish,,48.0,4325.205,4332.15,70.79,"{'body': 14.34, 'fvg': 1.21, 'sweep': 20.06, 'break': 13.43, 'ob_size': 11.75, 'adjacency': 10}",,,,,,,,,,,,,,,,,,,,,,,,
7588,2026-06-09T13:50:00+00:00,WAIT_MTF_CONTEXT,,,46.0,,,,,,neutral,bullish,bullish,53.85,,,,,,,,,,,,,,,,,,,
7588,2026-06-09T13:50:00+00:00,WAIT_MTF_CONTEXT,,,47.0,,,,,,neutral,bullish,bullish,53.85,,,,,,,,,,,,,,,,,,,
7589,2026-06-09T13:55:00+00:00,WAIT_MTF_CONTEXT,,,46.0,,,,,,neutral,bullish,bullish,53.85,,,,,,,,,,,,,,,,,,,
7589,2026-06-09T13:55:00+00:00,WAIT_MTF_CONTEXT,,,47.0,,,,,,neutral,bullish,bullish,53.85,,,,,,,,,,,,,,,,,,,
7589,2026-06-09T13:55:00+00:00,OB_TOUCH,,,48.0,,,,,42.10223182145573,,,,,,,,,,,,,,,,,,,,,,,
7590,2026-06-09T14:00:00+00:00,WAIT_MTF_CONTEXT,,,46.0,,,,,,neutral,bullish,bullish,53.85,,,,,,,,,,,,,,,,,,,
7590,2026-06-09T14:00:00+00:00,WAIT_MTF_CONTEXT,,,47.0,,,,,,neutral,bullish,bullish,53.85,,,,,,,,,,,,,,,,,,,
7591,2026-06-09T14:05:00+00:00,SWEEP,bullish,4325.205,,,,,,,,,,,,,,,,,,,,,,,,,,,,,
7591,2026-06-09T14:05:00+00:00,WAIT_MTF_CONTEXT,,,46.0,,,,,,neutral,bullish,bullish,53.85,,,,,,,,,,,,,,,,,,,
7591,2026-06-09T14:05:00+00:00,WAIT_MTF_CONTEXT,,,47.0,,,,,,neutral,bullish,bullish,53.85,,,,,,,,,,,,,,,,,,,
7592,2026-06-09T14:10:00+00:00,WAIT_MTF_CONTEXT,,,46.0,,,,,,neutral,bullish,bullish,53.85,,,,,,,,,,,,,,,,,,,
7592,2026-06-09T14:10:00+00:00,WAIT_MTF_CONTEXT,,,47.0,,,,,,neutral,bullish,bullish,53.85,,,,,,,,,,,,,,,,,,,
7592,2026-06-09T14:10:00+00:00,OB_CROSSED_AFTER_TOUCH,,,48.0,,,,,100.0,,,,,,,,,,,,,,,,,,,,,,,
7593,2026-06-09T14:15:00+00:00,WAIT_MTF_CONTEXT,,,46.0,,,,,,neutral,bullish,bullish,53.85,,,,,,,,,,,,,,,,,,,
7593,2026-06-09T14:15:00+00:00,WAIT_MTF_CONTEXT,,,47.0,,,,,,neutral,bullish,bullish,53.85,,,,,,,,,,,,,,,,,,,
7593,2026-06-09T14:15:00+00:00,OB_CROSSED_AFTER_TOUCH,,,48.0,,,,,100.0,,,,,,,,,,,,,,,,,,,,,,,
7594,2026-06-09T14:20:00+00:00,WAIT_MTF_CONTEXT,,,46.0,,,,,,neutral,bullish,bullish,53.85,,,,,,,,,,,,,,,,,,,
7594,2026-06-09T14:20:00+00:00,WAIT_MTF_CONTEXT,,,47.0,,,,,,neutral,bullish,bullish,53.85,,,,,,,,,,,,,,,,,,,
7594,2026-06-09T14:20:00+00:00,OB_CROSSED_AFTER_TOUCH,,,48.0,,,,,100.0,,,,,,,,,,,,,,,,,,,,,,,
7595,2026-06-09T14:25:00+00:00,WAIT_MTF_CONTEXT,,,46.0,,,,,,neutral,bullish,bullish,53.85,,,,,,,,,,,,,,,,,,,
7595,2026-06-09T14:25:00+00:00,WAIT_MTF_CONTEXT,,,47.0,,,,,,neutral,bullish,bullish,53.85,,,,,,,,,,,,,,,,,,,
7595,2026-06-09T14:25:00+00:00,OB_CROSSED_AFTER_TOUCH,,,48.0,,,,,100.0,,,,,,,,,,,,,,,,,,,,,,,
7596,2026-06-09T14:30:00+00:00,WAIT_MTF_CONTEXT,,,46.0,,,,,,neutral,bullish,bullish,53.85,,,,,,,,,,,,,,,,,,,
7596,2026-06-09T14:30:00+00:00,WAIT_MTF_CONTEXT,,,47.0,,,,,,neutral,bullish,bullish,53.85,,,,,,,,,,,,,,,,,,,
7596,2026-06-09T14:30:00+00:00,OB_CROSSED_AFTER_TOUCH,,,48.0,,,,,100.0,,,,,,,,,,,,,,,,,,,,,,,
7597,2026-06-09T14:35:00+00:00,WAIT_MTF_CONTEXT,,,46.0,,,,,,neutral,bullish,bullish,53.85,,,,,,,,,,,,,,,,,,,
7597,2026-06-09T14:35:00+00:00,WAIT_MTF_CONTEXT,,,47.0,,,,,,neutral,bullish,bullish,53.85,,,,,,,,,,,,,,,,,,,
7597,2026-06-09T14:35:00+00:00,OB_CROSSED_AFTER_TOUCH,,,48.0,,,,,100.0,,,,,,,,,,,,,,,,,,,,,,,
7598,2026-06-09T14:40:00+00:00,WAIT_MTF_CONTEXT,,,46.0,,,,,,neutral,bullish,bullish,53.85,,,,,,,,,,,,,,,,,,,
7598,2026-06-09T14:40:00+00:00,WAIT_MTF_CONTEXT,,,47.0,,,,,,neutral,bullish,bullish,53.85,,,,,,,,,,,,,,,,,,,
7598,2026-06-09T14:40:00+00:00,OB_CROSSED_AFTER_TOUCH,,,48.0,,,,,100.0,,,,,,,,,,,,,,,,,,,,,,,
7599,2026-06-09T14:45:00+00:00,OB_EXPIRED,,,46.0,,,,,,,,,,101.0,,,,,,,,,,,,,,,,,,
7599,2026-06-09T14:45:00+00:00,WAIT_MTF_CONTEXT,,,47.0,,,,,,neutral,bullish,bullish,53.85,,,,,,,,,,,,,,,,,,,
7599,2026-06-09T14:45:00+00:00,OB_CROSSED_AFTER_TOUCH,,,48.0,,,,,100.0,,,,,,,,,,,,,,,,,,,,,,,
7600,2026-06-09T14:50:00+00:00,WAIT_MTF_CONTEXT,,,47.0,,,,,,neutral,bullish,bullish,53.85,,,,,,,,,,,,,,,,,,,
7600,2026-06-09T14:50:00+00:00,OB_CROSSED_AFTER_TOUCH,,,48.0,,,,,100.0,,,,,,,,,,,,,,,,,,,,,,,
7601,2026-06-09T14:55:00+00:00,WAIT_MTF_CONTEXT,,,47.0,,,,,,neutral,bullish,bullish,53.85,,,,,,,,,,,,,,,,,,,
7601,2026-06-09T14:55:00+00:00,OB_CROSSED_AFTER_TOUCH,,,48.0,,,,,100.0,,,,,,,,,,,,,,,,,,,,,,,
7602,2026-06-09T15:00:00+00:00,WAIT_MTF_CONTEXT,,,47.0,,,,,,neutral,bullish,bullish,53.85,,,,,,,,,,,,,,,,,,,
7602,2026-06-09T15:00:00+00:00,OB_CROSSED_AFTER_TOUCH,,,48.0,,,,,100.0,,,,,,,,,,,,,,,,,,,,,,,
7603,2026-06-09T15:05:00+00:00,WAIT_MTF_CONTEXT,,,47.0,,,,,,neutral,bullish,bullish,53.85,,,,,,,,,,,,,,,,,,,
7603,2026-06-09T15:05:00+00:00,OB_CROSSED_AFTER_TOUCH,,,48.0,,,,,100.0,,,,,,,,,,,,,,,,,,,,,,,
7604,2026-06-09T15:10:00+00:00,WAIT_MTF_CONTEXT,,,47.0,,,,,,neutral,bullish,bullish,53.85,,,,,,,,,,,,,,,,,,,
7604,2026-06-09T15:10:00+00:00,OB_CROSSED_AFTER_TOUCH,,,48.0,,,,,100.0,,,,,,,,,,,,,,,,,,,,,,,
7605,2026-06-09T15:15:00+00:00,WAIT_MTF_CONTEXT,,,47.0,,,,,,neutral,bullish,bullish,53.85,,,,,,,,,,,,,,,,,,,
7605,2026-06-09T15:15:00+00:00,OB_CROSSED_AFTER_TOUCH,,,48.0,,,,,100.0,,,,,,,,,,,,,,,,,,,,,,,
7606,2026-06-09T15:20:00+00:00,WAIT_MTF_CONTEXT,,,47.0,,,,,,neutral,bullish,bullish,53.85,,,,,,,,,,,,,,,,,,,
7606,2026-06-09T15:20:00+00:00,OB_CROSSED_AFTER_TOUCH,,,48.0,,,,,100.0,,,,,,,,,,,,,,,,,,,,,,,
7607,2026-06-09T15:25:00+00:00,SWEEP,bullish,4278.393,,,,,,,,,,,,,,,,,,,,,,,,,,,,,
7607,2026-06-09T15:25:00+00:00,WAIT_MTF_CONTEXT,,,47.0,,,,,,neutral,bullish,bullish,53.85,,,,,,,,,,,,,,,,,,,
7607,2026-06-09T15:25:00+00:00,OB_CROSSED_AFTER_TOUCH,,,48.0,,,,,100.0,,,,,,,,,,,,,,,,,,,,,,,
7608,2026-06-09T15:30:00+00:00,WAIT_MTF_CONTEXT,,,47.0,,,,,,neutral,bullish,bullish,53.85,,,,,,,,,,,,,,,,,,,
7608,2026-06-09T15:30:00+00:00,OB_CROSSED_AFTER_TOUCH,,,48.0,,,,,100.0,,,,,,,,,,,,,,,,,,,,,,,
7609,2026-06-09T15:35:00+00:00,SWEEP,bullish,4263.281,,,,,,,,,,,,,,,,,,,,,,,,,,,,,
7609,2026-06-09T15:35:00+00:00,WAIT_MTF_CONTEXT,,,47.0,,,,,,neutral,bullish,bullish,53.85,,,,,,,,,,,,,,,,,,,
7609,2026-06-09T15:35:00+00:00,OB_CROSSED_AFTER_TOUCH,,,48.0,,,,,100.0,,,,,,,,,,,,,,,,,,,,,,,
7610,2026-06-09T15:40:00+00:00,WAIT_MTF_CONTEXT,,,47.0,,,,,,neutral,bullish,bullish,53.85,,,,,,,,,,,,,,,,,,,
7610,2026-06-09T15:40:00+00:00,OB_CROSSED_AFTER_TOUCH,,,48.0,,,,,100.0,,,,,,,,,,,,,,,,,,,,,,,
7611,2026-06-09T15:45:00+00:00,WAIT_MTF_CONTEXT,,,47.0,,,,,,neutral,bullish,bullish,53.85,,,,,,,,,,,,,,,,,,,
7611,2026-06-09T15:45:00+00:00,OB_CROSSED_AFTER_TOUCH,,,48.0,,,,,100.0,,,,,,,,,,,,,,,,,,,,,,,
7612,2026-06-09T15:50:00+00:00,WAIT_MTF_CONTEXT,,,47.0,,,,,,neutral,bullish,bullish,53.85,,,,,,,,,,,,,,,,,,,
7612,2026-06-09T15:50:00+00:00,OB_CROSSED_AFTER_TOUCH,,,48.0,,,,,100.0,,,,,,,,,,,,,,,,,,,,,,,
7613,2026-06-09T15:55:00+00:00,WAIT_MTF_CONTEXT,,,47.0,,,,,,neutral,bullish,bullish,53.85,,,,,,,,,,,,,,,,,,,
7613,2026-06-09T15:55:00+00:00,OB_CROSSED_AFTER_TOUCH,,,48.0,,,,,100.0,,,,,,,,,,,,,,,,,,,,,,,
7614,2026-06-09T16:00:00+00:00,WAIT_MTF_CONTEXT,,,47.0,,,,,,neutral,bullish,bullish,53.85,,,,,,,,,,,,,,,,,,,
7614,2026-06-09T16:00:00+00:00,OB_CROSSED_AFTER_TOUCH,,,48.0,,,,,100.0,,,,,,,,,,,,,,,,,,,,,,,
7615,2026-06-09T16:05:00+00:00,SWEEP,bullish,4262.97,,,,,,,,,,,,,,,,,,,,,,,,,,,,,
7615,2026-06-09T16:05:00+00:00,WAIT_MTF_CONTEXT,,,47.0,,,,,,neutral,bullish,bullish,53.85,,,,,,,,,,,,,,,,,,,
7615,2026-06-09T16:05:00+00:00,OB_CROSSED_AFTER_TOUCH,,,48.0,,,,,100.0,,,,,,,,,,,,,,,,,,,,,,,
7616,2026-06-09T16:10:00+00:00,WAIT_MTF_CONTEXT,,,47.0,,,,,,neutral,bullish,bullish,53.85,,,,,,,,,,,,,,,,,,,
7616,2026-06-09T16:10:00+00:00,OB_CROSSED_AFTER_TOUCH,,,48.0,,,,,100.0,,,,,,,,,,,,,,,,,,,,,,,
7617,2026-06-09T16:15:00+00:00,WAIT_MTF_CONTEXT,,,47.0,,,,,,neutral,bullish,bullish,53.85,,,,,,,,,,,,,,,,,,,
7617,2026-06-09T16:15:00+00:00,OB_CROSSED_AFTER_TOUCH,,,48.0,,,,,100.0,,,,,,,,,,,,,,,,,,,,,,,
7618,2026-06-09T16:20:00+00:00,WAIT_MTF_CONTEXT,,,47.0,,,,,,neutral,bullish,bullish,53.85,,,,,,,,,,,,,,,,,,,
7618,2026-06-09T16:20:00+00:00,OB_CROSSED_AFTER_TOUCH,,,48.0,,,,,100.0,,,,,,,,,,,,,,,,,,,,,,,
7619,2026-06-09T16:25:00+00:00,WAIT_MTF_CONTEXT,,,47.0,,,,,,neutral,bullish,bullish,53.85,,,,,,,,,,,,,,,,,,,
7619,2026-06-09T16:25:00+00:00,OB_CROSSED_AFTER_TOUCH,,,48.0,,,,,100.0,,,,,,,,,,,,,,,,,,,,,,,
7620,2026-06-09T16:30:00+00:00,WAIT_MTF_CONTEXT,,,47.0,,,,,,neutral,bullish,bullish,53.85,,,,,,,,,,,,,,,,,,,
7620,2026-06-09T16:30:00+00:00,OB_CROSSED_AFTER_TOUCH,,,48.0,,,,,100.0,,,,,,,,,,,,,,,,,,,,,,,
7621,2026-06-09T16:35:00+00:00,WAIT_MTF_CONTEXT,,,47.0,,,,,,neutral,bullish,bullish,53.85,,,,,,,,,,,,,,,,,,,
7621,2026-06-09T16:35:00+00:00,OB_CROSSED_AFTER_TOUCH,,,48.0,,,,,100.0,,,,,,,,,,,,,,,,,,,,,,,
7622,2026-06-09T16:40:00+00:00,SWEEP,bullish,4236.953,,,,,,,,,,,,,,,,,,,,,,,,,,,,,
7622,2026-06-09T16:40:00+00:00,WAIT_MTF_CONTEXT,,,47.0,,,,,,neutral,bullish,bullish,53.85,,,,,,,,,,,,,,,,,,,
7622,2026-06-09T16:40:00+00:00,OB_CROSSED_AFTER_TOUCH,,,48.0,,,,,100.0,,,,,,,,,,,,,,,,,,,,,,,
7623,2026-06-09T16:45:00+00:00,WAIT_MTF_CONTEXT,,,47.0,,,,,,neutral,bullish,bullish,53.85,,,,,,,,,,,,,,,,,,,
7623,2026-06-09T16:45:00+00:00,OB_CROSSED_AFTER_TOUCH,,,48.0,,,,,100.0,,,,,,,,,,,,,,,,,,,,,,,
7624,2026-06-09T16:50:00+00:00,WAIT_MTF_CONTEXT,,,47.0,,,,,,neutral,bullish,bullish,53.85,,,,,,,,,,,,,,,,,,,
7624,2026-06-09T16:50:00+00:00,OB_CROSSED_AFTER_TOUCH,,,48.0,,,,,100.0,,,,,,,,,,,,,,,,,,,,,,,
7625,2026-06-09T16:55:00+00:00,WAIT_MTF_CONTEXT,,,47.0,,,,,,neutral,bullish,bullish,53.85,,,,,,,,,,,,,,,,,,,
7625,2026-06-09T16:55:00+00:00,OB_CROSSED_AFTER_TOUCH,,,48.0,,,,,100.0,,,,,,,,,,,,,,,,,,,,,,,
7626,2026-06-09T17:00:00+00:00,WAIT_MTF_CONTEXT,,,47.0,,,,,,neutral,bullish,bullish,53.85,,,,,,,,,,,,,,,,,,,
7626,2026-06-09T17:00:00+00:00,OB_CROSSED_AFTER_TOUCH,,,48.0,,,,,100.0,,,,,,,,,,,,,,,,,,,,,,,
7627,2026-06-09T17:05:00+00:00,WAIT_MTF_CONTEXT,,,47.0,,,,,,neutral,bullish,bullish,53.85,,,,,,,,,,,,,,,,,,,
7627,2026-06-09T17:05:00+00:00,OB_CROSSED_AFTER_TOUCH,,,48.0,,,,,100.0,,,,,,,,,,,,,,,,,,,,,,,
7628,2026-06-09T17:10:00+00:00,WAIT_MTF_CONTEXT,,,47.0,,,,,,neutral,bullish,bullish,53.85,,,,,,,,,,,,,,,,,,,
7628,2026-06-09T17:10:00+00:00,OB_CROSSED_AFTER_TOUCH,,,48.0,,,,,100.0,,,,,,,,,,,,,,,,,,,,,,,
7629,2026-06-09T17:15:00+00:00,WAIT_MTF_CONTEXT,,,47.0,,,,,,neutral,bullish,bullish,53.85,,,,,,,,,,,,,,,,,,,
7629,2026-06-09T17:15:00+00:00,OB_CROSSED_AFTER_TOUCH,,,48.0,,,,,100.0,,,,,,,,,,,,,,,,,,,,,,,
7630,2026-06-09T17:20:00+00:00,WAIT_MTF_CONTEXT,,,47.0,,,,,,neutral,bullish,bullish,53.85,,,,,,,,,,,,,,,,,,,
7630,2026-06-09T17:20:00+00:00,OB_CROSSED_AFTER_TOUCH,,,48.0,,,,,100.0,,,,,,,,,,,,,,,,,,,,,,,
7631,2026-06-09T17:25:00+00:00,WAIT_MTF_CONTEXT,,,47.0,,,,,,neutral,bullish,bullish,53.85,,,,,,,,,,,,,,,,,,,
7631,2026-06-09T17:25:00+00:00,OB_CROSSED_AFTER_TOUCH,,,48.0,,,,,100.0,,,,,,,,,,,,,,,,,,,,,,,
7632,2026-06-09T17:30:00+00:00,WAIT_MTF_CONTEXT,,,47.0,,,,,,neutral,bullish,neutral,30.77,,,,,,,,,,,,,,,,,,,
7632,2026-06-09T17:30:00+00:00,OB_CROSSED_AFTER_TOUCH,,,48.0,,,,,100.0,,,,,,,,,,,,,,,,,,,,,,,
7633,2026-06-09T17:35:00+00:00,WAIT_MTF_CONTEXT,,,47.0,,,,,,neutral,bullish,neutral,30.77,,,,,,,,,,,,,,,,,,,
7633,2026-06-09T17:35:00+00:00,OB_CROSSED_AFTER_TOUCH,,,48.0,,,,,100.0,,,,,,,,,,,,,,,,,,,,,,,
7634,2026-06-09T17:40:00+00:00,WAIT_MTF_CONTEXT,,,47.0,,,,,,neutral,bullish,neutral,30.77,,,,,,,,,,,,,,,,,,,
7634,2026-06-09T17:40:00+00:00,OB_CROSSED_AFTER_TOUCH,,,48.0,,,,,100.0,,,,,,,,,,,,,,,,,,,,,,,
7635,2026-06-09T17:45:00+00:00,WAIT_MTF_CONTEXT,,,47.0,,,,,,neutral,bullish,neutral,30.77,,,,,,,,,,,,,,,,,,,
7635,2026-06-09T17:45:00+00:00,OB_CROSSED_AFTER_TOUCH,,,48.0,,,,,100.0,,,,,,,,,,,,,,,,,,,,,,,
7636,2026-06-09T17:50:00+00:00,WAIT_MTF_CONTEXT,,,47.0,,,,,,neutral,bullish,neutral,30.77,,,,,,,,,,,,,,,,,,,
7636,2026-06-09T17:50:00+00:00,OB_CROSSED_AFTER_TOUCH,,,48.0,,,,,100.0,,,,,,,,,,,,,,,,,,,,,,,
7637,2026-06-09T17:55:00+00:00,WAIT_MTF_CONTEXT,,,47.0,,,,,,neutral,bullish,neutral,30.77,,,,,,,,,,,,,,,,,,,
7637,2026-06-09T17:55:00+00:00,OB_CROSSED_AFTER_TOUCH,,,48.0,,,,,100.0,,,,,,,,,,,,,,,,,,,,,,,
7638,2026-06-09T18:00:00+00:00,WAIT_MTF_CONTEXT,,,47.0,,,,,,neutral,bullish,neutral,30.77,,,,,,,,,,,,,,,,,,,
7638,2026-06-09T18:00:00+00:00,OB_CROSSED_AFTER_TOUCH,,,48.0,,,,,100.0,,,,,,,,,,,,,,,,,,,,,,,
7639,2026-06-09T18:05:00+00:00,WAIT_MTF_CONTEXT,,,47.0,,,,,,neutral,bullish,neutral,30.77,,,,,,,,,,,,,,,,,,,
7639,2026-06-09T18:05:00+00:00,OB_CROSSED_AFTER_TOUCH,,,48.0,,,,,100.0,,,,,,,,,,,,,,,,,,,,,,,
7640,2026-06-09T18:10:00+00:00,WAIT_MTF_CONTEXT,,,47.0,,,,,,neutral,bullish,neutral,30.77,,,,,,,,,,,,,,,,,,,
7640,2026-06-09T18:10:00+00:00,OB_CROSSED_AFTER_TOUCH,,,48.0,,,,,100.0,,,,,,,,,,,,,,,,,,,,,,,
7641,2026-06-09T18:15:00+00:00,WAIT_MTF_CONTEXT,,,47.0,,,,,,neutral,bullish,neutral,30.77,,,,,,,,,,,,,,,,,,,
7641,2026-06-09T18:15:00+00:00,OB_CROSSED_AFTER_TOUCH,,,48.0,,,,,100.0,,,,,,,,,,,,,,,,,,,,,,,
7642,2026-06-09T18:20:00+00:00,WAIT_MTF_CONTEXT,,,47.0,,,,,,neutral,bullish,neutral,30.77,,,,,,,,,,,,,,,,,,,
7642,2026-06-09T18:20:00+00:00,OB_CROSSED_AFTER_TOUCH,,,48.0,,,,,100.0,,,,,,,,,,,,,,,,,,,,,,,
7643,2026-06-09T18:25:00+00:00,WAIT_MTF_CONTEXT,,,47.0,,,,,,neutral,bullish,neutral,30.77,,,,,,,,,,,,,,,,,,,
7643,2026-06-09T18:25:00+00:00,OB_CROSSED_AFTER_TOUCH,,,48.0,,,,,100.0,,,,,,,,,,,,,,,,,,,,,,,
7644,2026-06-09T18:30:00+00:00,WAIT_MTF_CONTEXT,,,47.0,,,,,,neutral,bullish,neutral,30.77,,,,,,,,,,,,,,,,,,,
7644,2026-06-09T18:30:00+00:00,OB_CROSSED_AFTER_TOUCH,,,48.0,,,,,100.0,,,,,,,,,,,,,,,,,,,,,,,
7645,2026-06-09T18:35:00+00:00,WAIT_MTF_CONTEXT,,,47.0,,,,,,neutral,bullish,neutral,30.77,,,,,,,,,,,,,,,,,,,
7645,2026-06-09T18:35:00+00:00,OB_CROSSED_AFTER_TOUCH,,,48.0,,,,,100.0,,,,,,,,,,,,,,,,,,,,,,,
7646,2026-06-09T18:40:00+00:00,WAIT_MTF_CONTEXT,,,47.0,,,,,,neutral,bullish,neutral,30.77,,,,,,,,,,,,,,,,,,,
7646,2026-06-09T18:40:00+00:00,OB_CROSSED_AFTER_TOUCH,,,48.0,,,,,100.0,,,,,,,,,,,,,,,,,,,,,,,
7647,2026-06-09T18:45:00+00:00,WAIT_MTF_CONTEXT,,,47.0,,,,,,neutral,bullish,neutral,30.77,,,,,,,,,,,,,,,,,,,
7647,2026-06-09T18:45:00+00:00,OB_CROSSED_AFTER_TOUCH,,,48.0,,,,,100.0,,,,,,,,,,,,,,,,,,,,,,,
7648,2026-06-09T18:50:00+00:00,WAIT_MTF_CONTEXT,,,47.0,,,,,,neutral,bullish,neutral,30.77,,,,,,,,,,,,,,,,,,,
7648,2026-06-09T18:50:00+00:00,OB_CROSSED_AFTER_TOUCH,,,48.0,,,,,100.0,,,,,,,,,,,,,,,,,,,,,,,
7649,2026-06-09T18:55:00+00:00,WAIT_MTF_CONTEXT,,,47.0,,,,,,neutral,bullish,neutral,30.77,,,,,,,,,,,,,,,,,,,
7649,2026-06-09T18:55:00+00:00,OB_CROSSED_AFTER_TOUCH,,,48.0,,,,,100.0,,,,,,,,,,,,,,,,,,,,,,,
7650,2026-06-09T19:00:00+00:00,WAIT_MTF_CONTEXT,,,47.0,,,,,,neutral,bullish,neutral,30.77,,,,,,,,,,,,,,,,,,,
7650,2026-06-09T19:00:00+00:00,OB_CROSSED_AFTER_TOUCH,,,48.0,,,,,100.0,,,,,,,,,,,,,,,,,,,,,,,
7651,2026-06-09T19:05:00+00:00,WAIT_MTF_CONTEXT,,,47.0,,,,,,neutral,bullish,neutral,30.77,,,,,,,,,,,,,,,,,,,
7651,2026-06-09T19:05:00+00:00,OB_CROSSED_AFTER_TOUCH,,,48.0,,,,,100.0,,,,,,,,,,,,,,,,,,,,,,,
7652,2026-06-09T19:10:00+00:00,WAIT_MTF_CONTEXT,,,47.0,,,,,,neutral,bullish,neutral,30.77,,,,,,,,,,,,,,,,,,,
7652,2026-06-09T19:10:00+00:00,OB_CROSSED_AFTER_TOUCH,,,48.0,,,,,100.0,,,,,,,,,,,,,,,,,,,,,,,
7653,2026-06-09T19:15:00+00:00,OB_CROSSED_AFTER_TOUCH,,,48.0,,,,,100.0,,,,,,,,,,,,,,,,,,,,,,,
7654,2026-06-09T19:20:00+00:00,SWEEP,bullish,4254.819,,,,,,,,,,,,,,,,,,,,,,,,,,,,,
7654,2026-06-09T19:20:00+00:00,OB_CROSSED_AFTER_TOUCH,,,48.0,,,,,100.0,,,,,,,,,,,,,,,,,,,,,,,
7655,2026-06-09T19:25:00+00:00,OB_CROSSED_AFTER_TOUCH,,,48.0,,,,,100.0,,,,,,,,,,,,,,,,,,,,,,,
7656,2026-06-09T19:30:00+00:00,OB_CROSSED_AFTER_TOUCH,,,48.0,,,,,100.0,,,,,,,,,,,,,,,,,,,,,,,
7657,2026-06-09T19:35:00+00:00,OB_CROSSED_AFTER_TOUCH,,,48.0,,,,,100.0,,,,,,,,,,,,,,,,,,,,,,,
7658,2026-06-09T19:40:00+00:00,OB_CROSSED_AFTER_TOUCH,,,48.0,,,,,100.0,,,,,,,,,,,,,,,,,,,,,,,
7659,2026-06-09T19:45:00+00:00,SWEEP,bullish,4250.017,,,,,,,,,,,,,,,,,,,,,,,,,,,,,
7659,2026-06-09T19:45:00+00:00,OB_CROSSED_AFTER_TOUCH,,,48.0,,,,,100.0,,,,,,,,,,,,,,,,,,,,,,,
7660,2026-06-09T19:50:00+00:00,OB_CROSSED_AFTER_TOUCH,,,48.0,,,,,100.0,,,,,,,,,,,,,,,,,,,,,,,
7661,2026-06-09T19:55:00+00:00,OB_CROSSED_AFTER_TOUCH,,,48.0,,,,,100.0,,,,,,,,,,,,,,,,,,,,,,,
7662,2026-06-09T20:00:00+00:00,OB_CROSSED_AFTER_TOUCH,,,48.0,,,,,100.0,,,,,,,,,,,,,,,,,,,,,,,
7663,2026-06-09T20:05:00+00:00,OB_CROSSED_AFTER_TOUCH,,,48.0,,,,,100.0,,,,,,,,,,,,,,,,,,,,,,,
7664,2026-06-09T20:10:00+00:00,OB_CROSSED_AFTER_TOUCH,,,48.0,,,,,100.0,,,,,,,,,,,,,,,,,,,,,,,
7665,2026-06-09T20:15:00+00:00,OB_CROSSED_AFTER_TOUCH,,,48.0,,,,,100.0,,,,,,,,,,,,,,,,,,,,,,,
7666,2026-06-09T20:20:00+00:00,OB_CROSSED_AFTER_TOUCH,,,48.0,,,,,100.0,,,,,,,,,,,,,,,,,,,,,,,
7667,2026-06-09T20:25:00+00:00,OB_CROSSED_AFTER_TOUCH,,,48.0,,,,,100.0,,,,,,,,,,,,,,,,,,,,,,,
7668,2026-06-09T20:30:00+00:00,OB_CROSSED_AFTER_TOUCH,,,48.0,,,,,100.0,,,,,,,,,,,,,,,,,,,,,,,
7669,2026-06-09T20:35:00+00:00,OB_CROSSED_AFTER_TOUCH,,,48.0,,,,,100.0,,,,,,,,,,,,,,,,,,,,,,,
7670,2026-06-09T20:40:00+00:00,OB_CROSSED_AFTER_TOUCH,,,48.0,,,,,100.0,,,,,,,,,,,,,,,,,,,,,,,
7671,2026-06-09T20:45:00+00:00,WAIT_MTF_CONTEXT,,,47.0,,,,,,neutral,neutral,neutral,0.0,,,,,,,,,,,,,,,,,,,
7671,2026-06-09T20:45:00+00:00,OB_CROSSED_AFTER_TOUCH,,,48.0,,,,,100.0,,,,,,,,,,,,,,,,,,,,,,,
7672,2026-06-09T20:50:00+00:00,WAIT_MTF_CONTEXT,,,47.0,,,,,,neutral,neutral,neutral,0.0,,,,,,,,,,,,,,,,,,,
7672,2026-06-09T20:50:00+00:00,OB_CROSSED_AFTER_TOUCH,,,48.0,,,,,100.0,,,,,,,,,,,,,,,,,,,,,,,
7673,2026-06-09T20:55:00+00:00,WAIT_MTF_CONTEXT,,,47.0,,,,,,neutral,neutral,neutral,0.0,,,,,,,,,,,,,,,,,,,
7673,2026-06-09T20:55:00+00:00,OB_CROSSED_AFTER_TOUCH,,,48.0,,,,,100.0,,,,,,,,,,,,,,,,,,,,,,,
7674,2026-06-09T22:00:00+00:00,WAIT_MTF_CONTEXT,,,47.0,,,,,,neutral,neutral,neutral,0.0,,,,,,,,,,,,,,,,,,,
7674,2026-06-09T22:00:00+00:00,OB_CROSSED_AFTER_TOUCH,,,48.0,,,,,100.0,,,,,,,,,,,,,,,,,,,,,,,
7675,2026-06-09T22:05:00+00:00,WAIT_MTF_CONTEXT,,,47.0,,,,,,neutral,neutral,neutral,0.0,,,,,,,,,,,,,,,,,,,
7675,2026-06-09T22:05:00+00:00,OB_CROSSED_AFTER_TOUCH,,,48.0,,,,,100.0,,,,,,,,,,,,,,,,,,,,,,,
7676,2026-06-09T22:10:00+00:00,WAIT_MTF_CONTEXT,,,47.0,,,,,,neutral,neutral,neutral,0.0,,,,,,,,,,,,,,,,,,,
7676,2026-06-09T22:10:00+00:00,OB_CROSSED_AFTER_TOUCH,,,48.0,,,,,100.0,,,,,,,,,,,,,,,,,,,,,,,
7677,2026-06-09T22:15:00+00:00,WAIT_MTF_CONTEXT,,,47.0,,,,,,neutral,neutral,neutral,0.0,,,,,,,,,,,,,,,,,,,
7677,2026-06-09T22:15:00+00:00,OB_CROSSED_AFTER_TOUCH,,,48.0,,,,,100.0,,,,,,,,,,,,,,,,,,,,,,,
7678,2026-06-09T22:20:00+00:00,WAIT_MTF_CONTEXT,,,47.0,,,,,,neutral,neutral,neutral,0.0,,,,,,,,,,,,,,,,,,,
7678,2026-06-09T22:20:00+00:00,OB_CROSSED_AFTER_TOUCH,,,48.0,,,,,100.0,,,,,,,,,,,,,,,,,,,,,,,
7679,2026-06-09T22:25:00+00:00,WAIT_MTF_CONTEXT,,,47.0,,,,,,neutral,neutral,neutral,0.0,,,,,,,,,,,,,,,,,,,
7679,2026-06-09T22:25:00+00:00,OB_CROSSED_AFTER_TOUCH,,,48.0,,,,,100.0,,,,,,,,,,,,,,,,,,,,,,,
7680,2026-06-09T22:30:00+00:00,OB_EXPIRED,,,47.0,,,,,,,,,,101.0,,,,,,,,,,,,,,,,,,
7680,2026-06-09T22:30:00+00:00,OB_CROSSED_AFTER_TOUCH,,,48.0,,,,,100.0,,,,,,,,,,,,,,,,,,,,,,,
7681,2026-06-09T22:35:00+00:00,OB_CROSSED_AFTER_TOUCH,,,48.0,,,,,100.0,,,,,,,,,,,,,,,,,,,,,,,
7682,2026-06-09T22:40:00+00:00,OB_CROSSED_AFTER_TOUCH,,,48.0,,,,,100.0,,,,,,,,,,,,,,,,,,,,,,,
7683,2026-06-09T22:45:00+00:00,OB_CROSSED_AFTER_TOUCH,,,48.0,,,,,100.0,,,,,,,,,,,,,,,,,,,,,,,
7684,2026-06-09T22:50:00+00:00,OB_CROSSED_AFTER_TOUCH,,,48.0,,,,,100.0,,,,,,,,,,,,,,,,,,,,,,,
7685,2026-06-09T22:55:00+00:00,OB_CROSSED_AFTER_TOUCH,,,48.0,,,,,100.0,,,,,,,,,,,,,,,,,,,,,,,
7686,2026-06-09T23:00:00+00:00,OB_CROSSED_AFTER_TOUCH,,,48.0,,,,,100.0,,,,,,,,,,,,,,,,,,,,,,,
7687,2026-06-09T23:05:00+00:00,OB_EXPIRED,,,48.0,,,,,,,,,,101.0,,,,,,,,,,,,,,,,,,
7689,2026-06-09T23:15:00+00:00,SWEEP,bullish,4232.338,,,,,,,,,,,,,,,,,,,,,,,,,,,,,
7692,2026-06-09T23:30:00+00:00,SWEEP,bullish,4222.753,,,,,,,,,,,,,,,,,,,,,,,,,,,,,
7693,2026-06-09T23:35:00+00:00,SWEEP,bullish,4221.673,,,,,,,,,,,,,,,,,,,,,,,,,,,,,
7696,2026-06-09T23:50:00+00:00,SWEEP,bullish,4211.189,,,,,,,,,,,,,,,,,,,,,,,,,,,,,
7705,2026-06-10T00:35:00+00:00,SWEEP,bullish,4205.894,,,,,,,,,,,,,,,,,,,,,,,,,,,,,
7706,2026-06-10T00:40:00+00:00,SWEEP,bullish,4201.49,,,,,,,,,,,,,,,,,,,,,,,,,,,,,
7711,2026-06-10T01:05:00+00:00,SWEEP,bullish,4194.527,,,,,,,,,,,,,,,,,,,,,,,,,,,,,
7719,2026-06-10T01:45:00+00:00,SWEEP,bullish,4184.421,,,,,,,,,,,,,,,,,,,,,,,,,,,,,
7720,2026-06-10T01:50:00+00:00,SWEEP,bullish,4184.25,,,,,,,,,,,,,,,,,,,,,,,,,,,,,
7727,2026-06-10T02:25:00+00:00,SWEEP,bullish,4179.581,,,,,,,,,,,,,,,,,,,,,,,,,,,,,
7728,2026-06-10T02:30:00+00:00,SWEEP,bullish,4178.076,,,,,,,,,,,,,,,,,,,,,,,,,,,,,
7732,2026-06-10T02:50:00+00:00,SWEEP,bullish,4174.142,,,,,,,,,,,,,,,,,,,,,,,,,,,,,
7733,2026-06-10T02:55:00+00:00,SWEEP,bullish,4173.814,,,,,,,,,,,,,,,,,,,,,,,,,,,,,
7734,2026-06-10T03:00:00+00:00,SWEEP,bullish,4172.898,,,,,,,,,,,,,,,,,,,,,,,,,,,,,
7755,2026-06-10T04:45:00+00:00,SWEEP,bullish,4172.933,,,,,,,,,,,,,,,,,,,,,,,,,,,,,
7768,2026-06-10T05:50:00+00:00,SWEEP,bearish,4205.557,,,,,,,,,,,,,,,,,,,,,,,,,,,,,
7769,2026-06-10T05:55:00+00:00,SWEEP,bearish,4206.347,,,,,,,,,,,,,,,,,,,,,,,,,,,,,
7788,2026-06-10T07:30:00+00:00,SWEEP,bullish,4193.329,,,,,,,,,,,,,,,,,,,,,,,,,,,,,
7831,2026-06-10T11:05:00+00:00,SWEEP,bullish,4155.627,,,,,,,,,,,,,,,,,,,,,,,,,,,,,
7839,2026-06-10T11:45:00+00:00,SWEEP,bullish,4153.285,,,,,,,,,,,,,,,,,,,,,,,,,,,,,
7842,2026-06-10T12:00:00+00:00,SWEEP,bullish,4145.642,,,,,,,,,,,,,,,,,,,,,,,,,,,,,
7846,2026-06-10T12:20:00+00:00,SWEEP,bullish,4134.425,,,,,,,,,,,,,,,,,,,,,,,,,,,,,
7847,2026-06-10T12:25:00+00:00,SWEEP,bullish,4133.674,,,,,,,,,,,,,,,,,,,,,,,,,,,,,
7864,2026-06-10T13:50:00+00:00,SWEEP,bearish,4185.595,,,,,,,,,,,,,,,,,,,,,,,,,,,,,
7887,2026-06-10T15:45:00+00:00,SWEEP,bullish,4112.977,,,,,,,,,,,,,,,,,,,,,,,,,,,,,
7888,2026-06-10T15:50:00+00:00,SWEEP,bullish,4108.452,,,,,,,,,,,,,,,,,,,,,,,,,,,,,
7908,2026-06-10T17:30:00+00:00,SWEEP,bullish,4106.728,,,,,,,,,,,,,,,,,,,,,,,,,,,,,
7911,2026-06-10T17:45:00+00:00,SWEEP,bullish,4101.747,,,,,,,,,,,,,,,,,,,,,,,,,,,,,
7924,2026-06-10T18:50:00+00:00,SWEEP,bullish,4100.661,,,,,,,,,,,,,,,,,,,,,,,,,,,,,
7931,2026-06-10T19:25:00+00:00,SWEEP,bullish,4082.436,,,,,,,,,,,,,,,,,,,,,,,,,,,,,
7940,2026-06-10T20:10:00+00:00,SWEEP,bullish,4069.843,,,,,,,,,,,,,,,,,,,,,,,,,,,,,
7948,2026-06-10T20:50:00+00:00,SWEEP,bullish,4067.385,,,,,,,,,,,,,,,,,,,,,,,,,,,,,
7952,2026-06-10T22:10:00+00:00,SWEEP,bullish,4050.782,,,,,,,,,,,,,,,,,,,,,,,,,,,,,
7977,2026-06-11T00:15:00+00:00,SWEEP,bearish,4069.256,,,,,,,,,,,,,,,,,,,,,,,,,,,,,
7980,2026-06-11T00:30:00+00:00,SWEEP,bearish,4072.778,,,,,,,,,,,,,,,,,,,,,,,,,,,,,
7985,2026-06-11T00:55:00+00:00,SWEEP,bearish,4076.687,,,,,,,,,,,,,,,,,,,,,,,,,,,,,
7994,2026-06-11T01:40:00+00:00,SWEEP,bearish,4115.047,,,,,,,,,,,,,,,,,,,,,,,,,,,,,
8001,2026-06-11T02:15:00+00:00,OB_FORMED,bearish,,49.0,4087.612,4095.85,83.93,"{'body': 18.55, 'fvg': 12.49, 'sweep': 21.95, 'break': 5.94, 'ob_size': 15.0, 'adjacency': 10}",,,,,,,,,,,,,,,,,,,,,,,,
8005,2026-06-11T02:35:00+00:00,SWEEP,bullish,4066.108,,,,,,,,,,,,,,,,,,,,,,,,,,,,,
8025,2026-06-11T04:15:00+00:00,SWEEP,bearish,4083.229,,,,,,,,,,,,,,,,,,,,,,,,,,,,,
8026,2026-06-11T04:20:00+00:00,SWEEP,bearish,4083.552,,,,,,,,,,,,,,,,,,,,,,,,,,,,,
8031,2026-06-11T04:45:00+00:00,SWEEP,bearish,4085.48,,,,,,,,,,,,,,,,,,,,,,,,,,,,,
8040,2026-06-11T05:30:00+00:00,OB_TOUCH,,,49.0,,,,,91.17504248604179,,,,,,,,,,,,,,,,,,,,,,,
8041,2026-06-11T05:35:00+00:00,SWEEP,bearish,4096.108,,,,,,,,,,,,,,,,,,,,,,,,,,,,,
8041,2026-06-11T05:35:00+00:00,REVERSAL_INSIDE_OB,,,49.0,,,,,73.73148822529977,,,,,,,,,,,,,,,,,,,,,,,
8041,2026-06-11T05:35:00+00:00,WAIT_MICRO_BOS,,,49.0,,,,,,,,,,,normal_reversal_inside_ob,,,,,,,,,,,,,,,,,
8042,2026-06-11T05:40:00+00:00,OB_CROSSED_AFTER_TOUCH,,,49.0,,,,,100.0,,,,,,,,,,,,,,,,,,,,,,,
8043,2026-06-11T05:45:00+00:00,OB_CROSSED_AFTER_TOUCH,,,49.0,,,,,100.0,,,,,,,,,,,,,,,,,,,,,,,
8044,2026-06-11T05:50:00+00:00,REVERSAL_AFTER_OB_CROSS,,,49.0,,,,,80.56567127943498,,,,,,,,,,,,,,,,,,,,,,,
8044,2026-06-11T05:50:00+00:00,WAIT_MICRO_BOS,,,49.0,,,,,,,,,,,crossed_ob_reentry,,,,,,,,,,,,,,,,,
8045,2026-06-11T05:55:00+00:00,WAIT_MICRO_BOS,,,49.0,,,,,,,,,,,crossed_ob_reentry,,,,,,,,,,,,,,,,,
8046,2026-06-11T06:00:00+00:00,WAIT_REENTRY_DEPTH,,,49.0,,,,,0.0,,,,,,,70.0,,,,,,,,,,,,,,,,
8047,2026-06-11T06:05:00+00:00,WAIT_REENTRY_DEPTH,,,49.0,,,,,0.0,,,,,,,70.0,,,,,,,,,,,,,,,,
8048,2026-06-11T06:10:00+00:00,WAIT_REENTRY_DEPTH,,,49.0,,,,,0.0,,,,,,,70.0,,,,,,,,,,,,,,,,
8049,2026-06-11T06:15:00+00:00,WAIT_REENTRY_DEPTH,,,49.0,,,,,0.0,,,,,,,70.0,,,,,,,,,,,,,,,,
8050,2026-06-11T06:20:00+00:00,WAIT_REENTRY_DEPTH,,,49.0,,,,,42.68026219956481,,,,,,,70.0,,,,,,,,,,,,,,,,
8051,2026-06-11T06:25:00+00:00,WAIT_REENTRY_DEPTH,,,49.0,,,,,0.0,,,,,,,70.0,,,,,,,,,,,,,,,,
8052,2026-06-11T06:30:00+00:00,WAIT_REENTRY_DEPTH,,,49.0,,,,,0.0,,,,,,,70.0,,,,,,,,,,,,,,,,
8053,2026-06-11T06:35:00+00:00,WAIT_REENTRY_DEPTH,,,49.0,,,,,6.0087399854321575,,,,,,,70.0,,,,,,,,,,,,,,,,
8054,2026-06-11T06:40:00+00:00,WAIT_REENTRY_DEPTH,,,49.0,,,,,63.77761592619585,,,,,,,70.0,,,,,,,,,,,,,,,,
8055,2026-06-11T06:45:00+00:00,REVERSAL_AFTER_OB_CROSS,,,49.0,,,,,53.01043942704327,,,,,,,,,,,,,,,,,,,,,,,
8055,2026-06-11T06:45:00+00:00,WAIT_REENTRY_DEPTH,,,49.0,,,,,53.01043942704327,,,,,,,70.0,,,,,,,,,,,,,,,,
8056,2026-06-11T06:50:00+00:00,OB_CROSSED_AFTER_TOUCH,,,49.0,,,,,100.0,,,,,,,,,,,,,,,,,,,,,,,
8057,2026-06-11T06:55:00+00:00,REVERSAL_AFTER_OB_CROSS,,,49.0,,,,,86.39232823500707,,,,,,,,,,,,,,,,,,,,,,,
8057,2026-06-11T06:55:00+00:00,WAIT_MICRO_BOS,,,49.0,,,,,,,,,,,crossed_ob_reentry,,,,,,,,,,,,,,,,,
8058,2026-06-11T07:00:00+00:00,WAIT_MICRO_BOS,,,49.0,,,,,,,,,,,crossed_ob_reentry,,,,,,,,,,,,,,,,,
8059,2026-06-11T07:05:00+00:00,REVERSAL_AFTER_OB_CROSS,,,49.0,,,,,73.96212672978847,,,,,,,,,,,,,,,,,,,,,,,
8059,2026-06-11T07:05:00+00:00,WAIT_MICRO_BOS,,,49.0,,,,,,,,,,,crossed_ob_reentry,,,,,,,,,,,,,,,,,
8060,2026-06-11T07:10:00+00:00,OB_CROSSED_AFTER_TOUCH,,,49.0,,,,,100.0,,,,,,,,,,,,,,,,,,,,,,,
8061,2026-06-11T07:15:00+00:00,OB_CROSSED_AFTER_TOUCH,,,49.0,,,,,100.0,,,,,,,,,,,,,,,,,,,,,,,
8062,2026-06-11T07:20:00+00:00,OB_CROSSED_AFTER_TOUCH,,,49.0,,,,,100.0,,,,,,,,,,,,,,,,,,,,,,,
8063,2026-06-11T07:25:00+00:00,SWEEP,bearish,4108.25,,,,,,,,,,,,,,,,,,,,,,,,,,,,,
8063,2026-06-11T07:25:00+00:00,OB_CROSSED_AFTER_TOUCH,,,49.0,,,,,100.0,,,,,,,,,,,,,,,,,,,,,,,
8064,2026-06-11T07:30:00+00:00,SWEEP,bearish,4110.162,,,,,,,,,,,,,,,,,,,,,,,,,,,,,
8064,2026-06-11T07:30:00+00:00,OB_CROSSED_AFTER_TOUCH,,,49.0,,,,,100.0,,,,,,,,,,,,,,,,,,,,,,,
8065,2026-06-11T07:35:00+00:00,OB_CROSSED_AFTER_TOUCH,,,49.0,,,,,100.0,,,,,,,,,,,,,,,,,,,,,,,
8066,2026-06-11T07:40:00+00:00,OB_CROSSED_AFTER_TOUCH,,,49.0,,,,,100.0,,,,,,,,,,,,,,,,,,,,,,,
8067,2026-06-11T07:45:00+00:00,OB_CROSSED_AFTER_TOUCH,,,49.0,,,,,100.0,,,,,,,,,,,,,,,,,,,,,,,
8068,2026-06-11T07:50:00+00:00,OB_CROSSED_AFTER_TOUCH,,,49.0,,,,,100.0,,,,,,,,,,,,,,,,,,,,,,,
8069,2026-06-11T07:55:00+00:00,OB_CROSSED_AFTER_TOUCH,,,49.0,,,,,100.0,,,,,,,,,,,,,,,,,,,,,,,
8070,2026-06-11T08:00:00+00:00,SWEEP,bearish,4110.622,,,,,,,,,,,,,,,,,,,,,,,,,,,,,
8070,2026-06-11T08:00:00+00:00,OB_CROSSED_AFTER_TOUCH,,,49.0,,,,,100.0,,,,,,,,,,,,,,,,,,,,,,,
8071,2026-06-11T08:05:00+00:00,SWEEP,bearish,4112.14,,,,,,,,,,,,,,,,,,,,,,,,,,,,,
8071,2026-06-11T08:05:00+00:00,OB_CROSSED_AFTER_TOUCH,,,49.0,,,,,100.0,,,,,,,,,,,,,,,,,,,,,,,
8072,2026-06-11T08:10:00+00:00,SWEEP,bearish,4112.376,,,,,,,,,,,,,,,,,,,,,,,,,,,,,
8072,2026-06-11T08:10:00+00:00,OB_CROSSED_AFTER_TOUCH,,,49.0,,,,,100.0,,,,,,,,,,,,,,,,,,,,,,,
8073,2026-06-11T08:15:00+00:00,OB_CROSSED_AFTER_TOUCH,,,49.0,,,,,100.0,,,,,,,,,,,,,,,,,,,,,,,
8074,2026-06-11T08:20:00+00:00,OB_CROSSED_AFTER_TOUCH,,,49.0,,,,,100.0,,,,,,,,,,,,,,,,,,,,,,,
8075,2026-06-11T08:25:00+00:00,OB_CROSSED_AFTER_TOUCH,,,49.0,,,,,100.0,,,,,,,,,,,,,,,,,,,,,,,
8076,2026-06-11T08:30:00+00:00,REVERSAL_AFTER_OB_CROSS,,,49.0,,,,,96.45545035202814,,,,,,,,,,,,,,,,,,,,,,,
8076,2026-06-11T08:30:00+00:00,ENTRY,bearish,,49.0,,,,,,neutral,bearish,neutral,30.77,,crossed_ob_reentry,,2.0,4095.558,4114.123517857143,4058.4269642857134,2.0,83.93,BEARISH,96.45545035202814,8072.0,4112.649,retracement_swing,4066.108,False,,,
8082,2026-06-11T09:00:00+00:00,SWEEP,bullish,4084.495,,,,,,,,,,,,,,,,,,,,,,,,,,,,,
8084,2026-06-11T09:10:00+00:00,SWEEP,bullish,4080.798,,,,,,,,,,,,,,,,,,,,,,,,,,,,,
8088,2026-06-11T09:30:00+00:00,SWEEP,bullish,4078.688,,,,,,,,,,,,,,,,,,,,,,,,,,,,,
8110,2026-06-11T11:20:00+00:00,SWEEP,bullish,4083.986,,,,,,,,,,,,,,,,,,,,,,,,,,,,,
8112,2026-06-11T11:30:00+00:00,SWEEP,bearish,4095.682,,,,,,,,,,,,,,,,,,,,,,,,,,,,,
8114,2026-06-11T11:40:00+00:00,SWEEP,bullish,4082.718,,,,,,,,,,,,,,,,,,,,,,,,,,,,,
8118,2026-06-11T12:00:00+00:00,SWEEP,bullish,4079.681,,,,,,,,,,,,,,,,,,,,,,,,,,,,,
8124,2026-06-11T12:30:00+00:00,SWEEP,bullish,4061.526,,,,,,,,,,,,,,,,,,,,,,,,,,,,,
8124,2026-06-11T12:30:00+00:00,TRADE_EXIT,,,,,,,,,,,,,,,,2.0,,,,,,,,,,,,,WIN,2.0,TP
8139,2026-06-11T13:45:00+00:00,SWEEP,bearish,4086.761,,,,,,,,,,,,,,,,,,,,,,,,,,,,,
8140,2026-06-11T13:50:00+00:00,SWEEP,bearish,4092.607,,,,,,,,,,,,,,,,,,,,,,,,,,,,,
8144,2026-06-11T14:10:00+00:00,SWEEP,bullish,4057.387,,,,,,,,,,,,,,,,,,,,,,,,,,,,,
8162,2026-06-11T15:40:00+00:00,SWEEP,bearish,4089.231,,,,,,,,,,,,,,,,,,,,,,,,,,,,,
8163,2026-06-11T15:45:00+00:00,SWEEP,bearish,4090.537,,,,,,,,,,,,,,,,,,,,,,,,,,,,,
8164,2026-06-11T15:50:00+00:00,SWEEP,bearish,4091.753,,,,,,,,,,,,,,,,,,,,,,,,,,,,,
8169,2026-06-11T16:15:00+00:00,SWEEP,bearish,4103.407,,,,,,,,,,,,,,,,,,,,,,,,,,,,,
8178,2026-06-11T17:00:00+00:00,SWEEP,bullish,4074.829,,,,,,,,,,,,,,,,,,,,,,,,,,,,,
8199,2026-06-11T18:45:00+00:00,SWEEP,bearish,4170.133,,,,,,,,,,,,,,,,,,,,,,,,,,,,,
8203,2026-06-11T19:05:00+00:00,SWEEP,bearish,4174.374,,,,,,,,,,,,,,,,,,,,,,,,,,,,,
8206,2026-06-11T19:20:00+00:00,SWEEP,bearish,4196.908,,,,,,,,,,,,,,,,,,,,,,,,,,,,,
8207,2026-06-11T19:25:00+00:00,SWEEP,bearish,4198.195,,,,,,,,,,,,,,,,,,,,,,,,,,,,,
8209,2026-06-11T19:35:00+00:00,SWEEP,bearish,4215.057,,,,,,,,,,,,,,,,,,,,,,,,,,,,,
8226,2026-06-11T22:00:00+00:00,SWEEP,bearish,4219.959,,,,,,,,,,,,,,,,,,,,,,,,,,,,,
8253,2026-06-12T00:15:00+00:00,SWEEP,bullish,4211.855,,,,,,,,,,,,,,,,,,,,,,,,,,,,,
8261,2026-06-12T00:55:00+00:00,SWEEP,bullish,4200.728,,,,,,,,,,,,,,,,,,,,,,,,,,,,,
8263,2026-06-12T01:05:00+00:00,SWEEP,bullish,4183.83,,,,,,,,,,,,,,,,,,,,,,,,,,,,,
8268,2026-06-12T01:30:00+00:00,SWEEP,bullish,4178.884,,,,,,,,,,,,,,,,,,,,,,,,,,,,,
8269,2026-06-12T01:35:00+00:00,SWEEP,bullish,4176.806,,,,,,,,,,,,,,,,,,,,,,,,,,,,,
8289,2026-06-12T03:15:00+00:00,SWEEP,bearish,4199.909,,,,,,,,,,,,,,,,,,,,,,,,,,,,,
8292,2026-06-12T03:30:00+00:00,SWEEP,bearish,4203.706,,,,,,,,,,,,,,,,,,,,,,,,,,,,,
8293,2026-06-12T03:35:00+00:00,SWEEP,bearish,4204.593,,,,,,,,,,,,,,,,,,,,,,,,,,,,,
8294,2026-06-12T03:40:00+00:00,SWEEP,bearish,4204.857,,,,,,,,,,,,,,,,,,,,,,,,,,,,,
8307,2026-06-12T04:45:00+00:00,SWEEP,bullish,4190.447,,,,,,,,,,,,,,,,,,,,,,,,,,,,,
8309,2026-06-12T04:55:00+00:00,SWEEP,bullish,4189.832,,,,,,,,,,,,,,,,,,,,,,,,,,,,,
8312,2026-06-12T05:10:00+00:00,SWEEP,bullish,4185.1,,,,,,,,,,,,,,,,,,,,,,,,,,,,,
8321,2026-06-12T05:55:00+00:00,SWEEP,bullish,4172.321,,,,,,,,,,,,,,,,,,,,,,,,,,,,,
8340,2026-06-12T07:30:00+00:00,SWEEP,bullish,4170.758,,,,,,,,,,,,,,,,,,,,,,,,,,,,,
8343,2026-06-12T07:45:00+00:00,OB_FORMED,bullish,,50.0,4174.373,4183.423,100.0,"{'body': 21.88, 'fvg': 21.55, 'sweep': 19.74, 'break': 17.56, 'ob_size': 9.61, 'adjacency': 10}",,,,,,,,,,,,,,,,,,,,,,,,
8347,2026-06-12T08:05:00+00:00,SWEEP,bearish,4203.015,,,,,,,,,,,,,,,,,,,,,,,,,,,,,
8348,2026-06-12T08:10:00+00:00,SWEEP,bearish,4203.788,,,,,,,,,,,,,,,,,,,,,,,,,,,,,
8350,2026-06-12T08:20:00+00:00,SWEEP,bearish,4220.014,,,,,,,,,,,,,,,,,,,,,,,,,,,,,
8357,2026-06-12T08:55:00+00:00,SWEEP,bearish,4222.583,,,,,,,,,,,,,,,,,,,,,,,,,,,,,
8361,2026-06-12T09:15:00+00:00,SWEEP,bearish,4226.033,,,,,,,,,,,,,,,,,,,,,,,,,,,,,
8365,2026-06-12T09:35:00+00:00,SWEEP,bearish,4226.853,,,,,,,,,,,,,,,,,,,,,,,,,,,,,
8366,2026-06-12T09:40:00+00:00,SWEEP,bearish,4227.192,,,,,,,,,,,,,,,,,,,,,,,,,,,,,
8374,2026-06-12T10:20:00+00:00,SWEEP,bullish,4211.779,,,,,,,,,,,,,,,,,,,,,,,,,,,,,
8400,2026-06-12T12:30:00+00:00,SWEEP,bullish,4197.41,,,,,,,,,,,,,,,,,,,,,,,,,,,,,
8402,2026-06-12T12:40:00+00:00,SWEEP,bullish,4192.266,,,,,,,,,,,,,,,,,,,,,,,,,,,,,
8405,2026-06-12T12:55:00+00:00,SWEEP,bullish,4191.636,,,,,,,,,,,,,,,,,,,,,,,,,,,,,
8406,2026-06-12T13:00:00+00:00,SWEEP,bullish,4188.44,,,,,,,,,,,,,,,,,,,,,,,,,,,,,
8414,2026-06-12T13:40:00+00:00,SWEEP,bullish,4186.56,,,,,,,,,,,,,,,,,,,,,,,,,,,,,
8414,2026-06-12T13:40:00+00:00,OB_TOUCH,,,50.0,,,,,0.0,,,,,,,,,,,,,,,,,,,,,,,
8414,2026-06-12T13:40:00+00:00,WAIT_MTF_CONTEXT,,,50.0,,,,,,neutral,bearish,bearish,53.85,,,,,,,,,,,,,,,,,,,
8415,2026-06-12T13:45:00+00:00,WAIT_MTF_CONTEXT,,,50.0,,,,,,neutral,bearish,bearish,53.85,,,,,,,,,,,,,,,,,,,
8416,2026-06-12T13:50:00+00:00,WAIT_MTF_CONTEXT,,,50.0,,,,,,neutral,bearish,bearish,53.85,,,,,,,,,,,,,,,,,,,
8417,2026-06-12T13:55:00+00:00,WAIT_MTF_CONTEXT,,,50.0,,,,,,neutral,bearish,bearish,53.85,,,,,,,,,,,,,,,,,,,
8418,2026-06-12T14:00:00+00:00,WAIT_MTF_CONTEXT,,,50.0,,,,,,neutral,bearish,bearish,53.85,,,,,,,,,,,,,,,,,,,
8419,2026-06-12T14:05:00+00:00,WAIT_MTF_CONTEXT,,,50.0,,,,,,neutral,bearish,bearish,53.85,,,,,,,,,,,,,,,,,,,
8420,2026-06-12T14:10:00+00:00,WAIT_MTF_CONTEXT,,,50.0,,,,,,neutral,bearish,bearish,53.85,,,,,,,,,,,,,,,,,,,
8421,2026-06-12T14:15:00+00:00,WAIT_MTF_CONTEXT,,,50.0,,,,,,neutral,bearish,bearish,53.85,,,,,,,,,,,,,,,,,,,
8422,2026-06-12T14:20:00+00:00,SWEEP,bullish,4182.73,,,,,,,,,,,,,,,,,,,,,,,,,,,,,
8422,2026-06-12T14:20:00+00:00,WAIT_MTF_CONTEXT,,,50.0,,,,,,neutral,bearish,bearish,53.85,,,,,,,,,,,,,,,,,,,
8423,2026-06-12T14:25:00+00:00,WAIT_MTF_CONTEXT,,,50.0,,,,,,neutral,bearish,bearish,53.85,,,,,,,,,,,,,,,,,,,
8424,2026-06-12T14:30:00+00:00,SWEEP,bullish,4182.514,,,,,,,,,,,,,,,,,,,,,,,,,,,,,
8424,2026-06-12T14:30:00+00:00,WAIT_MTF_CONTEXT,,,50.0,,,,,,neutral,bearish,bearish,53.85,,,,,,,,,,,,,,,,,,,
8425,2026-06-12T14:35:00+00:00,WAIT_MTF_CONTEXT,,,50.0,,,,,,neutral,bearish,bearish,53.85,,,,,,,,,,,,,,,,,,,
8426,2026-06-12T14:40:00+00:00,WAIT_MTF_CONTEXT,,,50.0,,,,,,neutral,bearish,bearish,53.85,,,,,,,,,,,,,,,,,,,
8427,2026-06-12T14:45:00+00:00,SWEEP,bullish,4180.912,,,,,,,,,,,,,,,,,,,,,,,,,,,,,
8427,2026-06-12T14:45:00+00:00,WAIT_MTF_CONTEXT,,,50.0,,,,,,neutral,bearish,bearish,53.85,,,,,,,,,,,,,,,,,,,
8428,2026-06-12T14:50:00+00:00,WAIT_MTF_CONTEXT,,,50.0,,,,,,neutral,bearish,bearish,53.85,,,,,,,,,,,,,,,,,,,
8427,2026-06-12T14:45:00+00:00,OB_FORMED,bullish,,51.0,4176.959,4184.935,85.73,"{'body': 18.99, 'fvg': 17.12, 'sweep': 15.58, 'break': 9.04, 'ob_size': 15.0, 'adjacency': 10}",,,,,,,,,,,,,,,,,,,,,,,,
8429,2026-06-12T14:55:00+00:00,WAIT_MTF_CONTEXT,,,50.0,,,,,,neutral,bearish,bearish,53.85,,,,,,,,,,,,,,,,,,,
8430,2026-06-12T15:00:00+00:00,WAIT_MTF_CONTEXT,,,50.0,,,,,,neutral,bearish,bearish,53.85,,,,,,,,,,,,,,,,,,,
8431,2026-06-12T15:05:00+00:00,SWEEP,bearish,4210.169,,,,,,,,,,,,,,,,,,,,,,,,,,,,,
8431,2026-06-12T15:05:00+00:00,WAIT_MTF_CONTEXT,,,50.0,,,,,,neutral,bearish,bearish,53.85,,,,,,,,,,,,,,,,,,,
8432,2026-06-12T15:10:00+00:00,WAIT_MTF_CONTEXT,,,50.0,,,,,,neutral,bearish,bearish,53.85,,,,,,,,,,,,,,,,,,,
8433,2026-06-12T15:15:00+00:00,WAIT_MTF_CONTEXT,,,50.0,,,,,,neutral,bearish,bearish,53.85,,,,,,,,,,,,,,,,,,,
8434,2026-06-12T15:20:00+00:00,WAIT_MTF_CONTEXT,,,50.0,,,,,,neutral,bearish,bearish,53.85,,,,,,,,,,,,,,,,,,,
8435,2026-06-12T15:25:00+00:00,SWEEP,bearish,4230.471,,,,,,,,,,,,,,,,,,,,,,,,,,,,,
8435,2026-06-12T15:25:00+00:00,WAIT_MTF_CONTEXT,,,50.0,,,,,,neutral,bearish,bearish,53.85,,,,,,,,,,,,,,,,,,,
8436,2026-06-12T15:30:00+00:00,WAIT_MTF_CONTEXT,,,50.0,,,,,,neutral,bearish,bearish,53.85,,,,,,,,,,,,,,,,,,,
8437,2026-06-12T15:35:00+00:00,WAIT_MTF_CONTEXT,,,50.0,,,,,,neutral,bearish,bearish,53.85,,,,,,,,,,,,,,,,,,,
8438,2026-06-12T15:40:00+00:00,WAIT_MTF_CONTEXT,,,50.0,,,,,,neutral,bearish,bearish,53.85,,,,,,,,,,,,,,,,,,,
8439,2026-06-12T15:45:00+00:00,WAIT_MTF_CONTEXT,,,50.0,,,,,,neutral,bearish,bearish,53.85,,,,,,,,,,,,,,,,,,,
8440,2026-06-12T15:50:00+00:00,WAIT_MTF_CONTEXT,,,50.0,,,,,,neutral,bearish,bearish,53.85,,,,,,,,,,,,,,,,,,,
8441,2026-06-12T15:55:00+00:00,WAIT_MTF_CONTEXT,,,50.0,,,,,,neutral,bearish,bearish,53.85,,,,,,,,,,,,,,,,,,,
8442,2026-06-12T16:00:00+00:00,WAIT_MTF_CONTEXT,,,50.0,,,,,,neutral,bearish,bearish,53.85,,,,,,,,,,,,,,,,,,,
8443,2026-06-12T16:05:00+00:00,WAIT_MTF_CONTEXT,,,50.0,,,,,,neutral,bearish,bearish,53.85,,,,,,,,,,,,,,,,,,,
8444,2026-06-12T16:10:00+00:00,OB_EXPIRED,,,50.0,,,,,,,,,,101.0,,,,,,,,,,,,,,,,,,
8470,2026-06-12T18:20:00+00:00,SWEEP,bearish,4229.586,,,,,,,,,,,,,,,,,,,,,,,,,,,,,
8481,2026-06-12T19:15:00+00:00,SWEEP,bullish,4214.02,,,,,,,,,,,,,,,,,,,,,,,,,,,,,
8485,2026-06-12T19:35:00+00:00,SWEEP,bullish,4203.853,,,,,,,,,,,,,,,,,,,,,,,,,,,,,
8528,2026-06-15T00:10:00+00:00,OB_EXPIRED,,,51.0,,,,,,,,,,101.0,,,,,,,,,,,,,,,,,,
8531,2026-06-15T00:25:00+00:00,SWEEP,bearish,4307.844,,,,,,,,,,,,,,,,,,,,,,,,,,,,,
8545,2026-06-15T01:35:00+00:00,SWEEP,bearish,4315.538,,,,,,,,,,,,,,,,,,,,,,,,,,,,,
8551,2026-06-15T02:05:00+00:00,SWEEP,bearish,4324.246,,,,,,,,,,,,,,,,,,,,,,,,,,,,,
8553,2026-06-15T02:15:00+00:00,SWEEP,bearish,4326.736,,,,,,,,,,,,,,,,,,,,,,,,,,,,,
8556,2026-06-15T02:30:00+00:00,SWEEP,bearish,4331.142,,,,,,,,,,,,,,,,,,,,,,,,,,,,,
8559,2026-06-15T02:45:00+00:00,SWEEP,bearish,4334.307,,,,,,,,,,,,,,,,,,,,,,,,,,,,,
8560,2026-06-15T02:50:00+00:00,SWEEP,bearish,4334.936,,,,,,,,,,,,,,,,,,,,,,,,,,,,,
8578,2026-06-15T04:20:00+00:00,SWEEP,bullish,4321.279,,,,,,,,,,,,,,,,,,,,,,,,,,,,,
8586,2026-06-15T05:00:00+00:00,SWEEP,bearish,4329.997,,,,,,,,,,,,,,,,,,,,,,,,,,,,,
8588,2026-06-15T05:10:00+00:00,SWEEP,bearish,4330.147,,,,,,,,,,,,,,,,,,,,,,,,,,,,,
8590,2026-06-15T05:20:00+00:00,SWEEP,bearish,4331.021,,,,,,,,,,,,,,,,,,,,,,,,,,,,,
8593,2026-06-15T05:35:00+00:00,SWEEP,bullish,4320.482,,,,,,,,,,,,,,,,,,,,,,,,,,,,,
8595,2026-06-15T05:45:00+00:00,SWEEP,bullish,4312.548,,,,,,,,,,,,,,,,,,,,,,,,,,,,,
8596,2026-06-15T05:50:00+00:00,SWEEP,bullish,4309.387,,,,,,,,,,,,,,,,,,,,,,,,,,,,,
8597,2026-06-15T05:55:00+00:00,SWEEP,bullish,4308.011,,,,,,,,,,,,,,,,,,,,,,,,,,,,,
8600,2026-06-15T06:10:00+00:00,SWEEP,bullish,4303.375,,,,,,,,,,,,,,,,,,,,,,,,,,,,,
8598,2026-06-15T06:00:00+00:00,OB_FORMED,bearish,,52.0,4309.47,4312.711,71.01,"{'body': 14.75, 'fvg': 1.82, 'sweep': 24.36, 'break': 5.09, 'ob_size': 15.0, 'adjacency': 10}",,,,,,,,,,,,,,,,,,,,,,,,
8601,2026-06-15T06:15:00+00:00,OB_TOUCH,,,52.0,,,,,0.0,,,,,,,,,,,,,,,,,,,,,,,
8605,2026-06-15T06:35:00+00:00,SWEEP,bullish,4302.622,,,,,,,,,,,,,,,,,,,,,,,,,,,,,
8606,2026-06-15T06:40:00+00:00,SWEEP,bullish,4302.47,,,,,,,,,,,,,,,,,,,,,,,,,,,,,
8611,2026-06-15T07:05:00+00:00,OB_CROSSED_AFTER_TOUCH,,,52.0,,,,,100.0,,,,,,,,,,,,,,,,,,,,,,,
8612,2026-06-15T07:10:00+00:00,OB_CROSSED_AFTER_TOUCH,,,52.0,,,,,100.0,,,,,,,,,,,,,,,,,,,,,,,
8613,2026-06-15T07:15:00+00:00,OB_CROSSED_AFTER_TOUCH,,,52.0,,,,,100.0,,,,,,,,,,,,,,,,,,,,,,,
8614,2026-06-15T07:20:00+00:00,OB_CROSSED_AFTER_TOUCH,,,52.0,,,,,100.0,,,,,,,,,,,,,,,,,,,,,,,
8615,2026-06-15T07:25:00+00:00,OB_CROSSED_AFTER_TOUCH,,,52.0,,,,,100.0,,,,,,,,,,,,,,,,,,,,,,,
8616,2026-06-15T07:30:00+00:00,OB_CROSSED_AFTER_TOUCH,,,52.0,,,,,100.0,,,,,,,,,,,,,,,,,,,,,,,
8617,2026-06-15T07:35:00+00:00,OB_CROSSED_AFTER_TOUCH,,,52.0,,,,,100.0,,,,,,,,,,,,,,,,,,,,,,,
8618,2026-06-15T07:40:00+00:00,OB_CROSSED_AFTER_TOUCH,,,52.0,,,,,100.0,,,,,,,,,,,,,,,,,,,,,,,
8619,2026-06-15T07:45:00+00:00,OB_CROSSED_AFTER_TOUCH,,,52.0,,,,,100.0,,,,,,,,,,,,,,,,,,,,,,,
8620,2026-06-15T07:50:00+00:00,OB_CROSSED_AFTER_TOUCH,,,52.0,,,,,100.0,,,,,,,,,,,,,,,,,,,,,,,
8621,2026-06-15T07:55:00+00:00,SWEEP,bearish,4323.375,,,,,,,,,,,,,,,,,,,,,,,,,,,,,
8621,2026-06-15T07:55:00+00:00,OB_CROSSED_AFTER_TOUCH,,,52.0,,,,,100.0,,,,,,,,,,,,,,,,,,,,,,,
8622,2026-06-15T08:00:00+00:00,OB_CROSSED_AFTER_TOUCH,,,52.0,,,,,100.0,,,,,,,,,,,,,,,,,,,,,,,
8623,2026-06-15T08:05:00+00:00,OB_CROSSED_AFTER_TOUCH,,,52.0,,,,,100.0,,,,,,,,,,,,,,,,,,,,,,,
8624,2026-06-15T08:10:00+00:00,SWEEP,bearish,4329.333,,,,,,,,,,,,,,,,,,,,,,,,,,,,,
8624,2026-06-15T08:10:00+00:00,OB_CROSSED_AFTER_TOUCH,,,52.0,,,,,100.0,,,,,,,,,,,,,,,,,,,,,,,
8625,2026-06-15T08:15:00+00:00,SWEEP,bearish,4329.557,,,,,,,,,,,,,,,,,,,,,,,,,,,,,
8625,2026-06-15T08:15:00+00:00,OB_CROSSED_AFTER_TOUCH,,,52.0,,,,,100.0,,,,,,,,,,,,,,,,,,,,,,,
8626,2026-06-15T08:20:00+00:00,SWEEP,bearish,4331.368,,,,,,,,,,,,,,,,,,,,,,,,,,,,,
8626,2026-06-15T08:20:00+00:00,OB_CROSSED_AFTER_TOUCH,,,52.0,,,,,100.0,,,,,,,,,,,,,,,,,,,,,,,
8627,2026-06-15T08:25:00+00:00,SWEEP,bearish,4331.91,,,,,,,,,,,,,,,,,,,,,,,,,,,,,
8627,2026-06-15T08:25:00+00:00,OB_CROSSED_AFTER_TOUCH,,,52.0,,,,,100.0,,,,,,,,,,,,,,,,,,,,,,,
8628,2026-06-15T08:30:00+00:00,OB_CROSSED_AFTER_TOUCH,,,52.0,,,,,100.0,,,,,,,,,,,,,,,,,,,,,,,
8629,2026-06-15T08:35:00+00:00,SWEEP,bearish,4343.622,,,,,,,,,,,,,,,,,,,,,,,,,,,,,
8629,2026-06-15T08:35:00+00:00,OB_CROSSED_AFTER_TOUCH,,,52.0,,,,,100.0,,,,,,,,,,,,,,,,,,,,,,,
8630,2026-06-15T08:40:00+00:00,OB_CROSSED_AFTER_TOUCH,,,52.0,,,,,100.0,,,,,,,,,,,,,,,,,,,,,,,
8631,2026-06-15T08:45:00+00:00,OB_CROSSED_AFTER_TOUCH,,,52.0,,,,,100.0,,,,,,,,,,,,,,,,,,,,,,,
8632,2026-06-15T08:50:00+00:00,OB_CROSSED_AFTER_TOUCH,,,52.0,,,,,100.0,,,,,,,,,,,,,,,,,,,,,,,
8633,2026-06-15T08:55:00+00:00,OB_CROSSED_AFTER_TOUCH,,,52.0,,,,,100.0,,,,,,,,,,,,,,,,,,,,,,,
8634,2026-06-15T09:00:00+00:00,OB_CROSSED_AFTER_TOUCH,,,52.0,,,,,100.0,,,,,,,,,,,,,,,,,,,,,,,
8635,2026-06-15T09:05:00+00:00,OB_CROSSED_AFTER_TOUCH,,,52.0,,,,,100.0,,,,,,,,,,,,,,,,,,,,,,,
8636,2026-06-15T09:10:00+00:00,OB_CROSSED_AFTER_TOUCH,,,52.0,,,,,100.0,,,,,,,,,,,,,,,,,,,,,,,
8637,2026-06-15T09:15:00+00:00,OB_CROSSED_AFTER_TOUCH,,,52.0,,,,,100.0,,,,,,,,,,,,,,,,,,,,,,,
8638,2026-06-15T09:20:00+00:00,OB_CROSSED_AFTER_TOUCH,,,52.0,,,,,100.0,,,,,,,,,,,,,,,,,,,,,,,
8639,2026-06-15T09:25:00+00:00,OB_CROSSED_AFTER_TOUCH,,,52.0,,,,,100.0,,,,,,,,,,,,,,,,,,,,,,,
8640,2026-06-15T09:30:00+00:00,OB_CROSSED_AFTER_TOUCH,,,52.0,,,,,100.0,,,,,,,,,,,,,,,,,,,,,,,
8641,2026-06-15T09:35:00+00:00,OB_CROSSED_AFTER_TOUCH,,,52.0,,,,,100.0,,,,,,,,,,,,,,,,,,,,,,,
8642,2026-06-15T09:40:00+00:00,OB_CROSSED_AFTER_TOUCH,,,52.0,,,,,100.0,,,,,,,,,,,,,,,,,,,,,,,
8643,2026-06-15T09:45:00+00:00,OB_CROSSED_AFTER_TOUCH,,,52.0,,,,,100.0,,,,,,,,,,,,,,,,,,,,,,,
8644,2026-06-15T09:50:00+00:00,OB_CROSSED_AFTER_TOUCH,,,52.0,,,,,100.0,,,,,,,,,,,,,,,,,,,,,,,
8645,2026-06-15T09:55:00+00:00,OB_CROSSED_AFTER_TOUCH,,,52.0,,,,,100.0,,,,,,,,,,,,,,,,,,,,,,,
8646,2026-06-15T10:00:00+00:00,OB_CROSSED_AFTER_TOUCH,,,52.0,,,,,100.0,,,,,,,,,,,,,,,,,,,,,,,
8647,2026-06-15T10:05:00+00:00,OB_CROSSED_AFTER_TOUCH,,,52.0,,,,,100.0,,,,,,,,,,,,,,,,,,,,,,,
8648,2026-06-15T10:10:00+00:00,OB_CROSSED_AFTER_TOUCH,,,52.0,,,,,100.0,,,,,,,,,,,,,,,,,,,,,,,
8649,2026-06-15T10:15:00+00:00,OB_CROSSED_AFTER_TOUCH,,,52.0,,,,,100.0,,,,,,,,,,,,,,,,,,,,,,,
8650,2026-06-15T10:20:00+00:00,OB_CROSSED_AFTER_TOUCH,,,52.0,,,,,100.0,,,,,,,,,,,,,,,,,,,,,,,
8651,2026-06-15T10:25:00+00:00,OB_CROSSED_AFTER_TOUCH,,,52.0,,,,,100.0,,,,,,,,,,,,,,,,,,,,,,,
8652,2026-06-15T10:30:00+00:00,OB_CROSSED_AFTER_TOUCH,,,52.0,,,,,100.0,,,,,,,,,,,,,,,,,,,,,,,
8653,2026-06-15T10:35:00+00:00,OB_CROSSED_AFTER_TOUCH,,,52.0,,,,,100.0,,,,,,,,,,,,,,,,,,,,,,,
8654,2026-06-15T10:40:00+00:00,OB_CROSSED_AFTER_TOUCH,,,52.0,,,,,100.0,,,,,,,,,,,,,,,,,,,,,,,
8655,2026-06-15T10:45:00+00:00,OB_CROSSED_AFTER_TOUCH,,,52.0,,,,,100.0,,,,,,,,,,,,,,,,,,,,,,,
8656,2026-06-15T10:50:00+00:00,OB_CROSSED_AFTER_TOUCH,,,52.0,,,,,100.0,,,,,,,,,,,,,,,,,,,,,,,
8657,2026-06-15T10:55:00+00:00,OB_CROSSED_AFTER_TOUCH,,,52.0,,,,,100.0,,,,,,,,,,,,,,,,,,,,,,,
8658,2026-06-15T11:00:00+00:00,OB_CROSSED_AFTER_TOUCH,,,52.0,,,,,100.0,,,,,,,,,,,,,,,,,,,,,,,
8659,2026-06-15T11:05:00+00:00,OB_CROSSED_AFTER_TOUCH,,,52.0,,,,,100.0,,,,,,,,,,,,,,,,,,,,,,,
8660,2026-06-15T11:10:00+00:00,OB_CROSSED_AFTER_TOUCH,,,52.0,,,,,100.0,,,,,,,,,,,,,,,,,,,,,,,
8661,2026-06-15T11:15:00+00:00,OB_CROSSED_AFTER_TOUCH,,,52.0,,,,,100.0,,,,,,,,,,,,,,,,,,,,,,,
8662,2026-06-15T11:20:00+00:00,OB_CROSSED_AFTER_TOUCH,,,52.0,,,,,100.0,,,,,,,,,,,,,,,,,,,,,,,
8663,2026-06-15T11:25:00+00:00,OB_CROSSED_AFTER_TOUCH,,,52.0,,,,,100.0,,,,,,,,,,,,,,,,,,,,,,,
8664,2026-06-15T11:30:00+00:00,OB_CROSSED_AFTER_TOUCH,,,52.0,,,,,100.0,,,,,,,,,,,,,,,,,,,,,,,
8665,2026-06-15T11:35:00+00:00,OB_CROSSED_AFTER_TOUCH,,,52.0,,,,,100.0,,,,,,,,,,,,,,,,,,,,,,,
8666,2026-06-15T11:40:00+00:00,SWEEP,bearish,4346.972,,,,,,,,,,,,,,,,,,,,,,,,,,,,,
8666,2026-06-15T11:40:00+00:00,OB_CROSSED_AFTER_TOUCH,,,52.0,,,,,100.0,,,,,,,,,,,,,,,,,,,,,,,
8667,2026-06-15T11:45:00+00:00,OB_CROSSED_AFTER_TOUCH,,,52.0,,,,,100.0,,,,,,,,,,,,,,,,,,,,,,,
8668,2026-06-15T11:50:00+00:00,OB_CROSSED_AFTER_TOUCH,,,52.0,,,,,100.0,,,,,,,,,,,,,,,,,,,,,,,
8669,2026-06-15T11:55:00+00:00,OB_CROSSED_AFTER_TOUCH,,,52.0,,,,,100.0,,,,,,,,,,,,,,,,,,,,,,,
8670,2026-06-15T12:00:00+00:00,OB_CROSSED_AFTER_TOUCH,,,52.0,,,,,100.0,,,,,,,,,,,,,,,,,,,,,,,
8671,2026-06-15T12:05:00+00:00,OB_CROSSED_AFTER_TOUCH,,,52.0,,,,,100.0,,,,,,,,,,,,,,,,,,,,,,,
8672,2026-06-15T12:10:00+00:00,OB_CROSSED_AFTER_TOUCH,,,52.0,,,,,100.0,,,,,,,,,,,,,,,,,,,,,,,
8673,2026-06-15T12:15:00+00:00,OB_CROSSED_AFTER_TOUCH,,,52.0,,,,,100.0,,,,,,,,,,,,,,,,,,,,,,,
8674,2026-06-15T12:20:00+00:00,OB_CROSSED_AFTER_TOUCH,,,52.0,,,,,100.0,,,,,,,,,,,,,,,,,,,,,,,
8675,2026-06-15T12:25:00+00:00,OB_CROSSED_AFTER_TOUCH,,,52.0,,,,,100.0,,,,,,,,,,,,,,,,,,,,,,,
8676,2026-06-15T12:30:00+00:00,OB_CROSSED_AFTER_TOUCH,,,52.0,,,,,100.0,,,,,,,,,,,,,,,,,,,,,,,
8677,2026-06-15T12:35:00+00:00,OB_CROSSED_AFTER_TOUCH,,,52.0,,,,,100.0,,,,,,,,,,,,,,,,,,,,,,,
8678,2026-06-15T12:40:00+00:00,OB_CROSSED_AFTER_TOUCH,,,52.0,,,,,100.0,,,,,,,,,,,,,,,,,,,,,,,
8679,2026-06-15T12:45:00+00:00,OB_CROSSED_AFTER_TOUCH,,,52.0,,,,,100.0,,,,,,,,,,,,,,,,,,,,,,,
8680,2026-06-15T12:50:00+00:00,SWEEP,bearish,4347.567,,,,,,,,,,,,,,,,,,,,,,,,,,,,,
8680,2026-06-15T12:50:00+00:00,OB_CROSSED_AFTER_TOUCH,,,52.0,,,,,100.0,,,,,,,,,,,,,,,,,,,,,,,
8681,2026-06-15T12:55:00+00:00,OB_CROSSED_AFTER_TOUCH,,,52.0,,,,,100.0,,,,,,,,,,,,,,,,,,,,,,,
8682,2026-06-15T13:00:00+00:00,OB_CROSSED_AFTER_TOUCH,,,52.0,,,,,100.0,,,,,,,,,,,,,,,,,,,,,,,
8683,2026-06-15T13:05:00+00:00,OB_CROSSED_AFTER_TOUCH,,,52.0,,,,,100.0,,,,,,,,,,,,,,,,,,,,,,,
8684,2026-06-15T13:10:00+00:00,OB_CROSSED_AFTER_TOUCH,,,52.0,,,,,100.0,,,,,,,,,,,,,,,,,,,,,,,
8685,2026-06-15T13:15:00+00:00,OB_CROSSED_AFTER_TOUCH,,,52.0,,,,,100.0,,,,,,,,,,,,,,,,,,,,,,,
8686,2026-06-15T13:20:00+00:00,SWEEP,bearish,4353.831,,,,,,,,,,,,,,,,,,,,,,,,,,,,,
8686,2026-06-15T13:20:00+00:00,OB_CROSSED_AFTER_TOUCH,,,52.0,,,,,100.0,,,,,,,,,,,,,,,,,,,,,,,
8687,2026-06-15T13:25:00+00:00,SWEEP,bearish,4355.611,,,,,,,,,,,,,,,,,,,,,,,,,,,,,
8687,2026-06-15T13:25:00+00:00,OB_CROSSED_AFTER_TOUCH,,,52.0,,,,,100.0,,,,,,,,,,,,,,,,,,,,,,,
8688,2026-06-15T13:30:00+00:00,OB_CROSSED_AFTER_TOUCH,,,52.0,,,,,100.0,,,,,,,,,,,,,,,,,,,,,,,
8689,2026-06-15T13:35:00+00:00,SWEEP,bearish,4365.055,,,,,,,,,,,,,,,,,,,,,,,,,,,,,
8689,2026-06-15T13:35:00+00:00,OB_CROSSED_AFTER_TOUCH,,,52.0,,,,,100.0,,,,,,,,,,,,,,,,,,,,,,,
8690,2026-06-15T13:40:00+00:00,SWEEP,bearish,4366.898,,,,,,,,,,,,,,,,,,,,,,,,,,,,,
8690,2026-06-15T13:40:00+00:00,OB_CROSSED_AFTER_TOUCH,,,52.0,,,,,100.0,,,,,,,,,,,,,,,,,,,,,,,
8691,2026-06-15T13:45:00+00:00,OB_CROSSED_AFTER_TOUCH,,,52.0,,,,,100.0,,,,,,,,,,,,,,,,,,,,,,,
8692,2026-06-15T13:50:00+00:00,OB_CROSSED_AFTER_TOUCH,,,52.0,,,,,100.0,,,,,,,,,,,,,,,,,,,,,,,
8693,2026-06-15T13:55:00+00:00,OB_CROSSED_AFTER_TOUCH,,,52.0,,,,,100.0,,,,,,,,,,,,,,,,,,,,,,,
8694,2026-06-15T14:00:00+00:00,OB_CROSSED_AFTER_TOUCH,,,52.0,,,,,100.0,,,,,,,,,,,,,,,,,,,,,,,
8695,2026-06-15T14:05:00+00:00,SWEEP,bearish,4368.676,,,,,,,,,,,,,,,,,,,,,,,,,,,,,
8695,2026-06-15T14:05:00+00:00,OB_CROSSED_AFTER_TOUCH,,,52.0,,,,,100.0,,,,,,,,,,,,,,,,,,,,,,,
8696,2026-06-15T14:10:00+00:00,OB_CROSSED_AFTER_TOUCH,,,52.0,,,,,100.0,,,,,,,,,,,,,,,,,,,,,,,
8697,2026-06-15T14:15:00+00:00,OB_CROSSED_AFTER_TOUCH,,,52.0,,,,,100.0,,,,,,,,,,,,,,,,,,,,,,,
8698,2026-06-15T14:20:00+00:00,OB_CROSSED_AFTER_TOUCH,,,52.0,,,,,100.0,,,,,,,,,,,,,,,,,,,,,,,
8699,2026-06-15T14:25:00+00:00,OB_EXPIRED,,,52.0,,,,,,,,,,101.0,,,,,,,,,,,,,,,,,,
8706,2026-06-15T15:00:00+00:00,SWEEP,bullish,4351.447,,,,,,,,,,,,,,,,,,,,,,,,,,,,,
8712,2026-06-15T15:30:00+00:00,SWEEP,bullish,4349.674,,,,,,,,,,,,,,,,,,,,,,,,,,,,,
8720,2026-06-15T16:10:00+00:00,SWEEP,bullish,4349.464,,,,,,,,,,,,,,,,,,,,,,,,,,,,,
8723,2026-06-15T16:25:00+00:00,SWEEP,bullish,4339.9,,,,,,,,,,,,,,,,,,,,,,,,,,,,,
8724,2026-06-15T16:30:00+00:00,SWEEP,bullish,4338.984,,,,,,,,,,,,,,,,,,,,,,,,,,,,,
8725,2026-06-15T16:35:00+00:00,SWEEP,bullish,4338.312,,,,,,,,,,,,,,,,,,,,,,,,,,,,,
8727,2026-06-15T16:45:00+00:00,SWEEP,bullish,4336.108,,,,,,,,,,,,,,,,,,,,,,,,,,,,,
8728,2026-06-15T16:50:00+00:00,SWEEP,bullish,4335.769,,,,,,,,,,,,,,,,,,,,,,,,,,,,,
8732,2026-06-15T17:10:00+00:00,SWEEP,bullish,4331.298,,,,,,,,,,,,,,,,,,,,,,,,,,,,,
8733,2026-06-15T17:15:00+00:00,SWEEP,bullish,4330.567,,,,,,,,,,,,,,,,,,,,,,,,,,,,,
8734,2026-06-15T17:20:00+00:00,SWEEP,bullish,4330.27,,,,,,,,,,,,,,,,,,,,,,,,,,,,,
8738,2026-06-15T17:40:00+00:00,SWEEP,bullish,4321.728,,,,,,,,,,,,,,,,,,,,,,,,,,,,,
8740,2026-06-15T17:50:00+00:00,SWEEP,bullish,4321.148,,,,,,,,,,,,,,,,,,,,,,,,,,,,,
8742,2026-06-15T18:00:00+00:00,SWEEP,bullish,4320.344,,,,,,,,,,,,,,,,,,,,,,,,,,,,,
8763,2026-06-15T19:45:00+00:00,SWEEP,bullish,4318.059,,,,,,,,,,,,,,,,,,,,,,,,,,,,,
8764,2026-06-15T19:50:00+00:00,SWEEP,bullish,4317.852,,,,,,,,,,,,,,,,,,,,,,,,,,,,,
8769,2026-06-15T20:15:00+00:00,SWEEP,bullish,4315.671,,,,,,,,,,,,,,,,,,,,,,,,,,,,,
8771,2026-06-15T20:25:00+00:00,SWEEP,bullish,4312.168,,,,,,,,,,,,,,,,,,,,,,,,,,,,,
8773,2026-06-15T20:35:00+00:00,SWEEP,bullish,4310.698,,,,,,,,,,,,,,,,,,,,,,,,,,,,,
8783,2026-06-15T22:25:00+00:00,SWEEP,bullish,4306.314,,,,,,,,,,,,,,,,,,,,,,,,,,,,,
8797,2026-06-15T23:35:00+00:00,SWEEP,bearish,4316.442,,,,,,,,,,,,,,,,,,,,,,,,,,,,,
8800,2026-06-15T23:50:00+00:00,SWEEP,bearish,4319.09,,,,,,,,,,,,,,,,,,,,,,,,,,,,,
8805,2026-06-16T00:15:00+00:00,SWEEP,bullish,4309.864,,,,,,,,,,,,,,,,,,,,,,,,,,,,,
8807,2026-06-16T00:25:00+00:00,SWEEP,bullish,4308.158,,,,,,,,,,,,,,,,,,,,,,,,,,,,,
8840,2026-06-16T03:10:00+00:00,SWEEP,bearish,4320.712,,,,,,,,,,,,,,,,,,,,,,,,,,,,,
8843,2026-06-16T03:25:00+00:00,SWEEP,bearish,4320.994,,,,,,,,,,,,,,,,,,,,,,,,,,,,,
8847,2026-06-16T03:45:00+00:00,SWEEP,bearish,4332.878,,,,,,,,,,,,,,,,,,,,,,,,,,,,,
8849,2026-06-16T03:55:00+00:00,SWEEP,bearish,4332.908,,,,,,,,,,,,,,,,,,,,,,,,,,,,,
8868,2026-06-16T05:30:00+00:00,SWEEP,bullish,4321.003,,,,,,,,,,,,,,,,,,,,,,,,,,,,,
8870,2026-06-16T05:40:00+00:00,SWEEP,bullish,4316.694,,,,,,,,,,,,,,,,,,,,,,,,,,,,,
8874,2026-06-16T06:00:00+00:00,SWEEP,bullish,4314.249,,,,,,,,,,,,,,,,,,,,,,,,,,,,,
8892,2026-06-16T07:30:00+00:00,SWEEP,bearish,4329.58,,,,,,,,,,,,,,,,,,,,,,,,,,,,,
8896,2026-06-16T07:50:00+00:00,SWEEP,bearish,4332.704,,,,,,,,,,,,,,,,,,,,,,,,,,,,,
8898,2026-06-16T08:00:00+00:00,SWEEP,bearish,4335.507,,,,,,,,,,,,,,,,,,,,,,,,,,,,,
8900,2026-06-16T08:10:00+00:00,SWEEP,bearish,4338.946,,,,,,,,,,,,,,,,,,,,,,,,,,,,,
8901,2026-06-16T08:15:00+00:00,SWEEP,bearish,4339.998,,,,,,,,,,,,,,,,,,,,,,,,,,,,,
8903,2026-06-16T08:25:00+00:00,SWEEP,bearish,4341.96,,,,,,,,,,,,,,,,,,,,,,,,,,,,,
8906,2026-06-16T08:40:00+00:00,SWEEP,bearish,4343.544,,,,,,,,,,,,,,,,,,,,,,,,,,,,,
8911,2026-06-16T09:05:00+00:00,SWEEP,bearish,4348.018,,,,,,,,,,,,,,,,,,,,,,,,,,,,,
8920,2026-06-16T09:50:00+00:00,SWEEP,bearish,4348.303,,,,,,,,,,,,,,,,,,,,,,,,,,,,,
8932,2026-06-16T10:50:00+00:00,SWEEP,bearish,4348.401,,,,,,,,,,,,,,,,,,,,,,,,,,,,,
8933,2026-06-16T10:55:00+00:00,SWEEP,bearish,4348.931,,,,,,,,,,,,,,,,,,,,,,,,,,,,,
8934,2026-06-16T11:00:00+00:00,SWEEP,bearish,4348.965,,,,,,,,,,,,,,,,,,,,,,,,,,,,,
8937,2026-06-16T11:15:00+00:00,SWEEP,bullish,4339.526,,,,,,,,,,,,,,,,,,,,,,,,,,,,,
8940,2026-06-16T11:30:00+00:00,SWEEP,bullish,4338.482,,,,,,,,,,,,,,,,,,,,,,,,,,,,,
8941,2026-06-16T11:35:00+00:00,SWEEP,bullish,4338.001,,,,,,,,,,,,,,,,,,,,,,,,,,,,,
8954,2026-06-16T12:40:00+00:00,SWEEP,bearish,4349.466,,,,,,,,,,,,,,,,,,,,,,,,,,,,,
8955,2026-06-16T12:45:00+00:00,SWEEP,bearish,4349.785,,,,,,,,,,,,,,,,,,,,,,,,,,,,,
8957,2026-06-16T12:55:00+00:00,SWEEP,bearish,4354.794,,,,,,,,,,,,,,,,,,,,,,,,,,,,,
8962,2026-06-16T13:20:00+00:00,SWEEP,bullish,4336.88,,,,,,,,,,,,,,,,,,,,,,,,,,,,,
8970,2026-06-16T14:00:00+00:00,SWEEP,bullish,4331.509,,,,,,,,,,,,,,,,,,,,,,,,,,,,,
8974,2026-06-16T14:20:00+00:00,SWEEP,bullish,4322.29,,,,,,,,,,,,,,,,,,,,,,,,,,,,,
8976,2026-06-16T14:30:00+00:00,SWEEP,bullish,4317.438,,,,,,,,,,,,,,,,,,,,,,,,,,,,,
8993,2026-06-16T15:55:00+00:00,SWEEP,bearish,4338.383,,,,,,,,,,,,,,,,,,,,,,,,,,,,,
8995,2026-06-16T16:05:00+00:00,SWEEP,bearish,4343.543,,,,,,,,,,,,,,,,,,,,,,,,,,,,,
9031,2026-06-16T19:05:00+00:00,SWEEP,bearish,4342.913,,,,,,,,,,,,,,,,,,,,,,,,,,,,,
9041,2026-06-16T19:55:00+00:00,SWEEP,bullish,4333.317,,,,,,,,,,,,,,,,,,,,,,,,,,,,,
9038,2026-06-16T19:40:00+00:00,OB_FORMED,bearish,,53.0,4337.025,4339.21,80.12,"{'body': 13.68, 'fvg': 13.78, 'sweep': 16.7, 'break': 10.96, 'ob_size': 15.0, 'adjacency': 10}",,,,,,,,,,,,,,,,,,,,,,,,
9051,2026-06-16T20:45:00+00:00,SWEEP,bullish,4330.457,,,,,,,,,,,,,,,,,,,,,,,,,,,,,
9053,2026-06-16T20:55:00+00:00,SWEEP,bullish,4330.449,,,,,,,,,,,,,,,,,,,,,,,,,,,,,
9057,2026-06-16T22:15:00+00:00,SWEEP,bullish,4329.466,,,,,,,,,,,,,,,,,,,,,,,,,,,,,
9059,2026-06-16T22:25:00+00:00,SWEEP,bullish,4328.926,,,,,,,,,,,,,,,,,,,,,,,,,,,,,
9067,2026-06-16T23:05:00+00:00,SWEEP,bearish,4336.218,,,,,,,,,,,,,,,,,,,,,,,,,,,,,
9068,2026-06-16T23:10:00+00:00,SWEEP,bearish,4336.518,,,,,,,,,,,,,,,,,,,,,,,,,,,,,
9068,2026-06-16T23:10:00+00:00,OB_TOUCH,,,53.0,,,,,0.0,,,,,,,,,,,,,,,,,,,,,,,
9068,2026-06-16T23:10:00+00:00,WAIT_MTF_CONTEXT,,,53.0,,,,,,neutral,neutral,neutral,0.0,,,,,,,,,,,,,,,,,,,
9069,2026-06-16T23:15:00+00:00,WAIT_MTF_CONTEXT,,,53.0,,,,,,neutral,neutral,neutral,0.0,,,,,,,,,,,,,,,,,,,
9070,2026-06-16T23:20:00+00:00,WAIT_MTF_CONTEXT,,,53.0,,,,,,neutral,neutral,neutral,0.0,,,,,,,,,,,,,,,,,,,
9071,2026-06-16T23:25:00+00:00,WAIT_MTF_CONTEXT,,,53.0,,,,,,neutral,neutral,neutral,0.0,,,,,,,,,,,,,,,,,,,
9072,2026-06-16T23:30:00+00:00,WAIT_MTF_CONTEXT,,,53.0,,,,,,neutral,neutral,neutral,0.0,,,,,,,,,,,,,,,,,,,
9073,2026-06-16T23:35:00+00:00,WAIT_MTF_CONTEXT,,,53.0,,,,,,neutral,neutral,neutral,0.0,,,,,,,,,,,,,,,,,,,
9074,2026-06-16T23:40:00+00:00,WAIT_MTF_CONTEXT,,,53.0,,,,,,neutral,neutral,neutral,0.0,,,,,,,,,,,,,,,,,,,
9075,2026-06-16T23:45:00+00:00,WAIT_MTF_CONTEXT,,,53.0,,,,,,neutral,neutral,neutral,0.0,,,,,,,,,,,,,,,,,,,
9076,2026-06-16T23:50:00+00:00,WAIT_MTF_CONTEXT,,,53.0,,,,,,neutral,neutral,neutral,0.0,,,,,,,,,,,,,,,,,,,
9077,2026-06-16T23:55:00+00:00,WAIT_MTF_CONTEXT,,,53.0,,,,,,neutral,neutral,neutral,0.0,,,,,,,,,,,,,,,,,,,
9078,2026-06-17T00:00:00+00:00,SWEEP,bullish,4328.797,,,,,,,,,,,,,,,,,,,,,,,,,,,,,
9079,2026-06-17T00:05:00+00:00,SWEEP,bearish,4338.267,,,,,,,,,,,,,,,,,,,,,,,,,,,,,
9080,2026-06-17T00:10:00+00:00,SWEEP,bearish,4339.328,,,,,,,,,,,,,,,,,,,,,,,,,,,,,
9080,2026-06-17T00:10:00+00:00,REVERSAL_INSIDE_OB,,,53.0,,,,,31.62471395883691,,,,,,,,,,,,,,,,,,,,,,,
9080,2026-06-17T00:10:00+00:00,WAIT_MICRO_BOS,,,53.0,,,,,,,,,,,normal_reversal_inside_ob,,,,,,,,,,,,,,,,,
9081,2026-06-17T00:15:00+00:00,SWEEP,bearish,4339.981,,,,,,,,,,,,,,,,,,,,,,,,,,,,,
9081,2026-06-17T00:15:00+00:00,OB_CROSSED_AFTER_TOUCH,,,53.0,,,,,100.0,,,,,,,,,,,,,,,,,,,,,,,
9082,2026-06-17T00:20:00+00:00,REVERSAL_AFTER_OB_CROSS,,,53.0,,,,,42.74599542334212,,,,,,,,,,,,,,,,,,,,,,,
9082,2026-06-17T00:20:00+00:00,WAIT_REENTRY_DEPTH,,,53.0,,,,,42.74599542334212,,,,,,,70.0,,,,,,,,,,,,,,,,
9083,2026-06-17T00:25:00+00:00,REVERSAL_AFTER_OB_CROSS,,,53.0,,,,,18.947368421079798,,,,,,,,,,,,,,,,,,,,,,,
9083,2026-06-17T00:25:00+00:00,WAIT_REENTRY_DEPTH,,,53.0,,,,,18.947368421079798,,,,,,,70.0,,,,,,,,,,,,,,,,
9084,2026-06-17T00:30:00+00:00,WAIT_REENTRY_DEPTH,,,53.0,,,,,48.23798627001805,,,,,,,70.0,,,,,,,,,,,,,,,,
9085,2026-06-17T00:35:00+00:00,WAIT_REENTRY_DEPTH,,,53.0,,,,,0.0,,,,,,,70.0,,,,,,,,,,,,,,,,
9086,2026-06-17T00:40:00+00:00,WAIT_REENTRY_DEPTH,,,53.0,,,,,0.0,,,,,,,70.0,,,,,,,,,,,,,,,,
9087,2026-06-17T00:45:00+00:00,WAIT_REENTRY_DEPTH,,,53.0,,,,,0.0,,,,,,,70.0,,,,,,,,,,,,,,,,
9088,2026-06-17T00:50:00+00:00,WAIT_REENTRY_DEPTH,,,53.0,,,,,0.0,,,,,,,70.0,,,,,,,,,,,,,,,,
9089,2026-06-17T00:55:00+00:00,WAIT_REENTRY_DEPTH,,,53.0,,,,,0.0,,,,,,,70.0,,,,,,,,,,,,,,,,
9090,2026-06-17T01:00:00+00:00,OB_CROSSED_AFTER_TOUCH,,,53.0,,,,,100.0,,,,,,,,,,,,,,,,,,,,,,,
9091,2026-06-17T01:05:00+00:00,OB_CROSSED_AFTER_TOUCH,,,53.0,,,,,100.0,,,,,,,,,,,,,,,,,,,,,,,
9092,2026-06-17T01:10:00+00:00,OB_CROSSED_AFTER_TOUCH,,,53.0,,,,,100.0,,,,,,,,,,,,,,,,,,,,,,,
9093,2026-06-17T01:15:00+00:00,OB_CROSSED_AFTER_TOUCH,,,53.0,,,,,100.0,,,,,,,,,,,,,,,,,,,,,,,
9094,2026-06-17T01:20:00+00:00,OB_CROSSED_AFTER_TOUCH,,,53.0,,,,,100.0,,,,,,,,,,,,,,,,,,,,,,,
9095,2026-06-17T01:25:00+00:00,OB_CROSSED_AFTER_TOUCH,,,53.0,,,,,100.0,,,,,,,,,,,,,,,,,,,,,,,
9096,2026-06-17T01:30:00+00:00,REVERSAL_AFTER_OB_CROSS,,,53.0,,,,,90.8466819222068,,,,,,,,,,,,,,,,,,,,,,,
9096,2026-06-17T01:30:00+00:00,WAIT_MICRO_BOS,,,53.0,,,,,,,,,,,crossed_ob_reentry,,,,,,,,,,,,,,,,,
9097,2026-06-17T01:35:00+00:00,OB_CROSSED_AFTER_TOUCH,,,53.0,,,,,100.0,,,,,,,,,,,,,,,,,,,,,,,
9098,2026-06-17T01:40:00+00:00,OB_CROSSED_AFTER_TOUCH,,,53.0,,,,,100.0,,,,,,,,,,,,,,,,,,,,,,,
9099,2026-06-17T01:45:00+00:00,REVERSAL_AFTER_OB_CROSS,,,53.0,,,,,3.295194508013878,,,,,,,,,,,,,,,,,,,,,,,
9099,2026-06-17T01:45:00+00:00,WAIT_REENTRY_DEPTH,,,53.0,,,,,3.295194508013878,,,,,,,70.0,,,,,,,,,,,,,,,,
9100,2026-06-17T01:50:00+00:00,OB_CROSSED_AFTER_TOUCH,,,53.0,,,,,100.0,,,,,,,,,,,,,,,,,,,,,,,
9101,2026-06-17T01:55:00+00:00,OB_CROSSED_AFTER_TOUCH,,,53.0,,,,,100.0,,,,,,,,,,,,,,,,,,,,,,,
9102,2026-06-17T02:00:00+00:00,OB_CROSSED_AFTER_TOUCH,,,53.0,,,,,100.0,,,,,,,,,,,,,,,,,,,,,,,
9103,2026-06-17T02:05:00+00:00,OB_CROSSED_AFTER_TOUCH,,,53.0,,,,,100.0,,,,,,,,,,,,,,,,,,,,,,,
9104,2026-06-17T02:10:00+00:00,OB_CROSSED_AFTER_TOUCH,,,53.0,,,,,100.0,,,,,,,,,,,,,,,,,,,,,,,
9105,2026-06-17T02:15:00+00:00,OB_CROSSED_AFTER_TOUCH,,,53.0,,,,,100.0,,,,,,,,,,,,,,,,,,,,,,,
9106,2026-06-17T02:20:00+00:00,OB_CROSSED_AFTER_TOUCH,,,53.0,,,,,100.0,,,,,,,,,,,,,,,,,,,,,,,
9107,2026-06-17T02:25:00+00:00,OB_CROSSED_AFTER_TOUCH,,,53.0,,,,,100.0,,,,,,,,,,,,,,,,,,,,,,,
9108,2026-06-17T02:30:00+00:00,OB_CROSSED_AFTER_TOUCH,,,53.0,,,,,100.0,,,,,,,,,,,,,,,,,,,,,,,
9109,2026-06-17T02:35:00+00:00,WAIT_MTF_CONTEXT,,,53.0,,,,,,neutral,neutral,neutral,0.0,,,,,,,,,,,,,,,,,,,
9110,2026-06-17T02:40:00+00:00,WAIT_MTF_CONTEXT,,,53.0,,,,,,neutral,neutral,neutral,0.0,,,,,,,,,,,,,,,,,,,
9111,2026-06-17T02:45:00+00:00,WAIT_MTF_CONTEXT,,,53.0,,,,,,neutral,neutral,neutral,0.0,,,,,,,,,,,,,,,,,,,
9112,2026-06-17T02:50:00+00:00,WAIT_MTF_CONTEXT,,,53.0,,,,,,neutral,neutral,neutral,0.0,,,,,,,,,,,,,,,,,,,
9113,2026-06-17T02:55:00+00:00,WAIT_MTF_CONTEXT,,,53.0,,,,,,neutral,neutral,neutral,0.0,,,,,,,,,,,,,,,,,,,
9114,2026-06-17T03:00:00+00:00,WAIT_MTF_CONTEXT,,,53.0,,,,,,neutral,neutral,neutral,0.0,,,,,,,,,,,,,,,,,,,
9115,2026-06-17T03:05:00+00:00,WAIT_MTF_CONTEXT,,,53.0,,,,,,neutral,neutral,neutral,0.0,,,,,,,,,,,,,,,,,,,
9116,2026-06-17T03:10:00+00:00,SWEEP,bullish,4329.589,,,,,,,,,,,,,,,,,,,,,,,,,,,,,
9116,2026-06-17T03:10:00+00:00,WAIT_MTF_CONTEXT,,,53.0,,,,,,neutral,neutral,neutral,0.0,,,,,,,,,,,,,,,,,,,
9117,2026-06-17T03:15:00+00:00,SWEEP,bullish,4329.546,,,,,,,,,,,,,,,,,,,,,,,,,,,,,
9117,2026-06-17T03:15:00+00:00,WAIT_REENTRY_DEPTH,,,53.0,,,,,0.0,,,,,,,70.0,,,,,,,,,,,,,,,,
9118,2026-06-17T03:20:00+00:00,WAIT_REENTRY_DEPTH,,,53.0,,,,,0.0,,,,,,,70.0,,,,,,,,,,,,,,,,
9119,2026-06-17T03:25:00+00:00,WAIT_REENTRY_DEPTH,,,53.0,,,,,0.0,,,,,,,70.0,,,,,,,,,,,,,,,,
9120,2026-06-17T03:30:00+00:00,WAIT_REENTRY_DEPTH,,,53.0,,,,,0.0,,,,,,,70.0,,,,,,,,,,,,,,,,
9121,2026-06-17T03:35:00+00:00,WAIT_REENTRY_DEPTH,,,53.0,,,,,0.0,,,,,,,70.0,,,,,,,,,,,,,,,,
9122,2026-06-17T03:40:00+00:00,WAIT_REENTRY_DEPTH,,,53.0,,,,,0.0,,,,,,,70.0,,,,,,,,,,,,,,,,
9123,2026-06-17T03:45:00+00:00,WAIT_REENTRY_DEPTH,,,53.0,,,,,0.0,,,,,,,70.0,,,,,,,,,,,,,,,,
9124,2026-06-17T03:50:00+00:00,WAIT_REENTRY_DEPTH,,,53.0,,,,,0.0,,,,,,,70.0,,,,,,,,,,,,,,,,
9125,2026-06-17T03:55:00+00:00,WAIT_REENTRY_DEPTH,,,53.0,,,,,0.0,,,,,,,70.0,,,,,,,,,,,,,,,,
9126,2026-06-17T04:00:00+00:00,WAIT_REENTRY_DEPTH,,,53.0,,,,,0.0,,,,,,,70.0,,,,,,,,,,,,,,,,
9127,2026-06-17T04:05:00+00:00,WAIT_REENTRY_DEPTH,,,53.0,,,,,0.0,,,,,,,70.0,,,,,,,,,,,,,,,,
9128,2026-06-17T04:10:00+00:00,WAIT_REENTRY_DEPTH,,,53.0,,,,,0.0,,,,,,,70.0,,,,,,,,,,,,,,,,
9129,2026-06-17T04:15:00+00:00,WAIT_MTF_CONTEXT,,,53.0,,,,,,neutral,bullish,neutral,30.77,,,,,,,,,,,,,,,,,,,
9130,2026-06-17T04:20:00+00:00,SWEEP,bullish,4328.437,,,,,,,,,,,,,,,,,,,,,,,,,,,,,
9130,2026-06-17T04:20:00+00:00,WAIT_MTF_CONTEXT,,,53.0,,,,,,neutral,bullish,neutral,30.77,,,,,,,,,,,,,,,,,,,
9131,2026-06-17T04:25:00+00:00,WAIT_MTF_CONTEXT,,,53.0,,,,,,neutral,bullish,neutral,30.77,,,,,,,,,,,,,,,,,,,
9132,2026-06-17T04:30:00+00:00,WAIT_MTF_CONTEXT,,,53.0,,,,,,neutral,bullish,neutral,30.77,,,,,,,,,,,,,,,,,,,
9133,2026-06-17T04:35:00+00:00,WAIT_MTF_CONTEXT,,,53.0,,,,,,neutral,bullish,neutral,30.77,,,,,,,,,,,,,,,,,,,
9134,2026-06-17T04:40:00+00:00,WAIT_MTF_CONTEXT,,,53.0,,,,,,neutral,bullish,neutral,30.77,,,,,,,,,,,,,,,,,,,
9135,2026-06-17T04:45:00+00:00,WAIT_MTF_CONTEXT,,,53.0,,,,,,neutral,bullish,neutral,30.77,,,,,,,,,,,,,,,,,,,
9136,2026-06-17T04:50:00+00:00,WAIT_MTF_CONTEXT,,,53.0,,,,,,neutral,bullish,neutral,30.77,,,,,,,,,,,,,,,,,,,
9137,2026-06-17T04:55:00+00:00,WAIT_MTF_CONTEXT,,,53.0,,,,,,neutral,bullish,neutral,30.77,,,,,,,,,,,,,,,,,,,
9138,2026-06-17T05:00:00+00:00,WAIT_MTF_CONTEXT,,,53.0,,,,,,neutral,neutral,neutral,0.0,,,,,,,,,,,,,,,,,,,
9139,2026-06-17T05:05:00+00:00,OB_EXPIRED,,,53.0,,,,,,,,,,101.0,,,,,,,,,,,,,,,,,,
9147,2026-06-17T05:45:00+00:00,SWEEP,bearish,4333.996,,,,,,,,,,,,,,,,,,,,,,,,,,,,,
9154,2026-06-17T06:20:00+00:00,SWEEP,bullish,4321.017,,,,,,,,,,,,,,,,,,,,,,,,,,,,,
9152,2026-06-17T06:10:00+00:00,OB_FORMED,bearish,,54.0,4326.655,4329.901,68.24,"{'body': 20.08, 'fvg': 5.16, 'sweep': 16.1, 'break': 1.9, 'ob_size': 15.0, 'adjacency': 10}",,,,,,,,,,,,,,,,,,,,,,,,
9155,2026-06-17T06:25:00+00:00,OB_TOUCH,,,54.0,,,,,0.0,,,,,,,,,,,,,,,,,,,,,,,
9159,2026-06-17T06:45:00+00:00,WAIT_MTF_CONTEXT,,,54.0,,,,,,neutral,neutral,neutral,0.0,,,,,,,,,,,,,,,,,,,
9160,2026-06-17T06:50:00+00:00,WAIT_MTF_CONTEXT,,,54.0,,,,,,neutral,neutral,neutral,0.0,,,,,,,,,,,,,,,,,,,
9161,2026-06-17T06:55:00+00:00,OB_CROSSED_AFTER_TOUCH,,,54.0,,,,,100.0,,,,,,,,,,,,,,,,,,,,,,,
9162,2026-06-17T07:00:00+00:00,OB_CROSSED_AFTER_TOUCH,,,54.0,,,,,100.0,,,,,,,,,,,,,,,,,,,,,,,
9163,2026-06-17T07:05:00+00:00,OB_CROSSED_AFTER_TOUCH,,,54.0,,,,,100.0,,,,,,,,,,,,,,,,,,,,,,,
9164,2026-06-17T07:10:00+00:00,WAIT_MTF_CONTEXT,,,54.0,,,,,,neutral,neutral,neutral,0.0,,,,,,,,,,,,,,,,,,,
9165,2026-06-17T07:15:00+00:00,WAIT_MTF_CONTEXT,,,54.0,,,,,,neutral,neutral,bullish,23.08,,,,,,,,,,,,,,,,,,,
9166,2026-06-17T07:20:00+00:00,WAIT_MTF_CONTEXT,,,54.0,,,,,,neutral,neutral,bullish,23.08,,,,,,,,,,,,,,,,,,,
9167,2026-06-17T07:25:00+00:00,WAIT_MTF_CONTEXT,,,54.0,,,,,,neutral,neutral,bullish,23.08,,,,,,,,,,,,,,,,,,,
9168,2026-06-17T07:30:00+00:00,WAIT_MTF_CONTEXT,,,54.0,,,,,,neutral,neutral,bullish,23.08,,,,,,,,,,,,,,,,,,,
9169,2026-06-17T07:35:00+00:00,OB_CROSSED_AFTER_TOUCH,,,54.0,,,,,100.0,,,,,,,,,,,,,,,,,,,,,,,
9170,2026-06-17T07:40:00+00:00,WAIT_MTF_CONTEXT,,,54.0,,,,,,neutral,neutral,bullish,23.08,,,,,,,,,,,,,,,,,,,
9171,2026-06-17T07:45:00+00:00,WAIT_MTF_CONTEXT,,,54.0,,,,,,neutral,neutral,bullish,23.08,,,,,,,,,,,,,,,,,,,
9172,2026-06-17T07:50:00+00:00,WAIT_MTF_CONTEXT,,,54.0,,,,,,neutral,neutral,bullish,23.08,,,,,,,,,,,,,,,,,,,
9173,2026-06-17T07:55:00+00:00,WAIT_MTF_CONTEXT,,,54.0,,,,,,neutral,neutral,bullish,23.08,,,,,,,,,,,,,,,,,,,
9176,2026-06-17T08:10:00+00:00,SWEEP,bullish,4322.59,,,,,,,,,,,,,,,,,,,,,,,,,,,,,
9177,2026-06-17T08:15:00+00:00,SWEEP,bullish,4322.072,,,,,,,,,,,,,,,,,,,,,,,,,,,,,
9182,2026-06-17T08:40:00+00:00,SWEEP,bullish,4319.536,,,,,,,,,,,,,,,,,,,,,,,,,,,,,
9183,2026-06-17T08:45:00+00:00,SWEEP,bullish,4318.878,,,,,,,,,,,,,,,,,,,,,,,,,,,,,
9191,2026-06-17T09:25:00+00:00,OB_CROSSED_AFTER_TOUCH,,,54.0,,,,,100.0,,,,,,,,,,,,,,,,,,,,,,,
9192,2026-06-17T09:30:00+00:00,SWEEP,bearish,4333.411,,,,,,,,,,,,,,,,,,,,,,,,,,,,,
9192,2026-06-17T09:30:00+00:00,REVERSAL_AFTER_OB_CROSS,,,54.0,,,,,87.92359827480549,,,,,,,,,,,,,,,,,,,,,,,
9192,2026-06-17T09:30:00+00:00,WAIT_MICRO_BOS,,,54.0,,,,,,,,,,,crossed_ob_reentry,,,,,,,,,,,,,,,,,
9193,2026-06-17T09:35:00+00:00,REVERSAL_AFTER_OB_CROSS,,,54.0,,,,,67.03635243377455,,,,,,,,,,,,,,,,,,,,,,,
9193,2026-06-17T09:35:00+00:00,WAIT_REENTRY_DEPTH,,,54.0,,,,,67.03635243377455,,,,,,,70.0,,,,,,,,,,,,,,,,
9194,2026-06-17T09:40:00+00:00,REVERSAL_AFTER_OB_CROSS,,,54.0,,,,,58.96487985214459,,,,,,,,,,,,,,,,,,,,,,,
9194,2026-06-17T09:40:00+00:00,WAIT_REENTRY_DEPTH,,,54.0,,,,,58.96487985214459,,,,,,,70.0,,,,,,,,,,,,,,,,
9195,2026-06-17T09:45:00+00:00,REVERSAL_AFTER_OB_CROSS,,,54.0,,,,,15.341959334580638,,,,,,,,,,,,,,,,,,,,,,,
9195,2026-06-17T09:45:00+00:00,WAIT_REENTRY_DEPTH,,,54.0,,,,,15.341959334580638,,,,,,,70.0,,,,,,,,,,,,,,,,
9196,2026-06-17T09:50:00+00:00,WAIT_REENTRY_DEPTH,,,54.0,,,,,14.633394947638632,,,,,,,70.0,,,,,,,,,,,,,,,,
9197,2026-06-17T09:55:00+00:00,WAIT_MICRO_BOS,,,54.0,,,,,,,,,,,crossed_ob_reentry,,,,,,,,,,,,,,,,,
9198,2026-06-17T10:00:00+00:00,REVERSAL_AFTER_OB_CROSS,,,54.0,,,,,59.42698706099912,,,,,,,,,,,,,,,,,,,,,,,
9198,2026-06-17T10:00:00+00:00,WAIT_REENTRY_DEPTH,,,54.0,,,,,59.42698706099912,,,,,,,70.0,,,,,,,,,,,,,,,,
9199,2026-06-17T10:05:00+00:00,WAIT_MICRO_BOS,,,54.0,,,,,,,,,,,crossed_ob_reentry,,,,,,,,,,,,,,,,,
9200,2026-06-17T10:10:00+00:00,OB_CROSSED_AFTER_TOUCH,,,54.0,,,,,100.0,,,,,,,,,,,,,,,,,,,,,,,
9201,2026-06-17T10:15:00+00:00,REVERSAL_AFTER_OB_CROSS,,,54.0,,,,,37.95440542205591,,,,,,,,,,,,,,,,,,,,,,,
9201,2026-06-17T10:15:00+00:00,WAIT_REENTRY_DEPTH,,,54.0,,,,,37.95440542205591,,,,,,,70.0,,,,,,,,,,,,,,,,
9202,2026-06-17T10:20:00+00:00,WAIT_REENTRY_DEPTH,,,54.0,,,,,52.402957486135925,,,,,,,70.0,,,,,,,,,,,,,,,,
9203,2026-06-17T10:25:00+00:00,WAIT_MICRO_BOS,,,54.0,,,,,,,,,,,crossed_ob_reentry,,,,,,,,,,,,,,,,,
9204,2026-06-17T10:30:00+00:00,REVERSAL_AFTER_OB_CROSS,,,54.0,,,,,31.361675908810827,,,,,,,,,,,,,,,,,,,,,,,
9204,2026-06-17T10:30:00+00:00,WAIT_REENTRY_DEPTH,,,54.0,,,,,31.361675908810827,,,,,,,70.0,,,,,,,,,,,,,,,,
9205,2026-06-17T10:35:00+00:00,WAIT_MICRO_BOS,,,54.0,,,,,,,,,,,crossed_ob_reentry,,,,,,,,,,,,,,,,,
9206,2026-06-17T10:40:00+00:00,OB_CROSSED_AFTER_TOUCH,,,54.0,,,,,100.0,,,,,,,,,,,,,,,,,,,,,,,
9207,2026-06-17T10:45:00+00:00,OB_CROSSED_AFTER_TOUCH,,,54.0,,,,,100.0,,,,,,,,,,,,,,,,,,,,,,,
9208,2026-06-17T10:50:00+00:00,OB_CROSSED_AFTER_TOUCH,,,54.0,,,,,100.0,,,,,,,,,,,,,,,,,,,,,,,
9209,2026-06-17T10:55:00+00:00,OB_CROSSED_AFTER_TOUCH,,,54.0,,,,,100.0,,,,,,,,,,,,,,,,,,,,,,,
9210,2026-06-17T11:00:00+00:00,REVERSAL_AFTER_OB_CROSS,,,54.0,,,,,55.02156500308091,,,,,,,,,,,,,,,,,,,,,,,
9210,2026-06-17T11:00:00+00:00,WAIT_REENTRY_DEPTH,,,54.0,,,,,55.02156500308091,,,,,,,70.0,,,,,,,,,,,,,,,,
9211,2026-06-17T11:05:00+00:00,WAIT_REENTRY_DEPTH,,,54.0,,,,,54.52865064696195,,,,,,,70.0,,,,,,,,,,,,,,,,
9212,2026-06-17T11:10:00+00:00,WAIT_MICRO_BOS,,,54.0,,,,,,,,,,,crossed_ob_reentry,,,,,,,,,,,,,,,,,
9213,2026-06-17T11:15:00+00:00,OB_CROSSED_AFTER_TOUCH,,,54.0,,,,,100.0,,,,,,,,,,,,,,,,,,,,,,,
9214,2026-06-17T11:20:00+00:00,REVERSAL_AFTER_OB_CROSS,,,54.0,,,,,75.38508934072844,,,,,,,,,,,,,,,,,,,,,,,
9214,2026-06-17T11:20:00+00:00,WAIT_MICRO_BOS,,,54.0,,,,,,,,,,,crossed_ob_reentry,,,,,,,,,,,,,,,,,
9215,2026-06-17T11:25:00+00:00,REVERSAL_AFTER_OB_CROSS,,,54.0,,,,,72.30437461492895,,,,,,,,,,,,,,,,,,,,,,,
9215,2026-06-17T11:25:00+00:00,WAIT_MICRO_BOS,,,54.0,,,,,,,,,,,crossed_ob_reentry,,,,,,,,,,,,,,,,,
9216,2026-06-17T11:30:00+00:00,WAIT_REENTRY_DEPTH,,,54.0,,,,,0.0,,,,,,,70.0,,,,,,,,,,,,,,,,
9217,2026-06-17T11:35:00+00:00,SWEEP,bullish,4325.698,,,,,,,,,,,,,,,,,,,,,,,,,,,,,
9217,2026-06-17T11:35:00+00:00,WAIT_REENTRY_DEPTH,,,54.0,,,,,0.0,,,,,,,70.0,,,,,,,,,,,,,,,,
9218,2026-06-17T11:40:00+00:00,SWEEP,bullish,4324.975,,,,,,,,,,,,,,,,,,,,,,,,,,,,,
9218,2026-06-17T11:40:00+00:00,WAIT_REENTRY_DEPTH,,,54.0,,,,,0.0,,,,,,,70.0,,,,,,,,,,,,,,,,
9219,2026-06-17T11:45:00+00:00,SWEEP,bullish,4324.089,,,,,,,,,,,,,,,,,,,,,,,,,,,,,
9219,2026-06-17T11:45:00+00:00,WAIT_REENTRY_DEPTH,,,54.0,,,,,0.0,,,,,,,70.0,,,,,,,,,,,,,,,,
9220,2026-06-17T11:50:00+00:00,WAIT_REENTRY_DEPTH,,,54.0,,,,,0.0,,,,,,,70.0,,,,,,,,,,,,,,,,
9221,2026-06-17T11:55:00+00:00,WAIT_REENTRY_DEPTH,,,54.0,,,,,0.0,,,,,,,70.0,,,,,,,,,,,,,,,,
9222,2026-06-17T12:00:00+00:00,WAIT_REENTRY_DEPTH,,,54.0,,,,,0.0,,,,,,,70.0,,,,,,,,,,,,,,,,
9223,2026-06-17T12:05:00+00:00,SWEEP,bullish,4320.747,,,,,,,,,,,,,,,,,,,,,,,,,,,,,
9223,2026-06-17T12:05:00+00:00,WAIT_REENTRY_DEPTH,,,54.0,,,,,0.0,,,,,,,70.0,,,,,,,,,,,,,,,,
9224,2026-06-17T12:10:00+00:00,SWEEP,bullish,4320.281,,,,,,,,,,,,,,,,,,,,,,,,,,,,,
9224,2026-06-17T12:10:00+00:00,WAIT_REENTRY_DEPTH,,,54.0,,,,,0.0,,,,,,,70.0,,,,,,,,,,,,,,,,
9225,2026-06-17T12:15:00+00:00,WAIT_REENTRY_DEPTH,,,54.0,,,,,0.0,,,,,,,70.0,,,,,,,,,,,,,,,,
9226,2026-06-17T12:20:00+00:00,WAIT_REENTRY_DEPTH,,,54.0,,,,,0.0,,,,,,,70.0,,,,,,,,,,,,,,,,
9227,2026-06-17T12:25:00+00:00,WAIT_REENTRY_DEPTH,,,54.0,,,,,0.0,,,,,,,70.0,,,,,,,,,,,,,,,,
9228,2026-06-17T12:30:00+00:00,WAIT_REENTRY_DEPTH,,,54.0,,,,,63.33949476279837,,,,,,,70.0,,,,,,,,,,,,,,,,
9229,2026-06-17T12:35:00+00:00,OB_CROSSED_AFTER_TOUCH,,,54.0,,,,,100.0,,,,,,,,,,,,,,,,,,,,,,,
9230,2026-06-17T12:40:00+00:00,OB_CROSSED_AFTER_TOUCH,,,54.0,,,,,100.0,,,,,,,,,,,,,,,,,,,,,,,
9231,2026-06-17T12:45:00+00:00,OB_CROSSED_AFTER_TOUCH,,,54.0,,,,,100.0,,,,,,,,,,,,,,,,,,,,,,,
9232,2026-06-17T12:50:00+00:00,SWEEP,bearish,4334.885,,,,,,,,,,,,,,,,,,,,,,,,,,,,,
9232,2026-06-17T12:50:00+00:00,OB_CROSSED_AFTER_TOUCH,,,54.0,,,,,100.0,,,,,,,,,,,,,,,,,,,,,,,
9233,2026-06-17T12:55:00+00:00,OB_CROSSED_AFTER_TOUCH,,,54.0,,,,,100.0,,,,,,,,,,,,,,,,,,,,,,,
9234,2026-06-17T13:00:00+00:00,REVERSAL_AFTER_OB_CROSS,,,54.0,,,,,85.24337646333163,,,,,,,,,,,,,,,,,,,,,,,
9234,2026-06-17T13:00:00+00:00,WAIT_MICRO_BOS,,,54.0,,,,,,,,,,,crossed_ob_reentry,,,,,,,,,,,,,,,,,
9235,2026-06-17T13:05:00+00:00,REVERSAL_AFTER_OB_CROSS,,,54.0,,,,,23.38262476894616,,,,,,,,,,,,,,,,,,,,,,,
9235,2026-06-17T13:05:00+00:00,WAIT_REENTRY_DEPTH,,,54.0,,,,,23.38262476894616,,,,,,,70.0,,,,,,,,,,,,,,,,
9236,2026-06-17T13:10:00+00:00,OB_CROSSED_AFTER_TOUCH,,,54.0,,,,,100.0,,,,,,,,,,,,,,,,,,,,,,,
9237,2026-06-17T13:15:00+00:00,OB_CROSSED_AFTER_TOUCH,,,54.0,,,,,100.0,,,,,,,,,,,,,,,,,,,,,,,
9238,2026-06-17T13:20:00+00:00,OB_CROSSED_AFTER_TOUCH,,,54.0,,,,,100.0,,,,,,,,,,,,,,,,,,,,,,,
9239,2026-06-17T13:25:00+00:00,OB_CROSSED_AFTER_TOUCH,,,54.0,,,,,100.0,,,,,,,,,,,,,,,,,,,,,,,
9240,2026-06-17T13:30:00+00:00,OB_CROSSED_AFTER_TOUCH,,,54.0,,,,,100.0,,,,,,,,,,,,,,,,,,,,,,,
9241,2026-06-17T13:35:00+00:00,SWEEP,bearish,4338.321,,,,,,,,,,,,,,,,,,,,,,,,,,,,,
9241,2026-06-17T13:35:00+00:00,OB_CROSSED_AFTER_TOUCH,,,54.0,,,,,100.0,,,,,,,,,,,,,,,,,,,,,,,
9242,2026-06-17T13:40:00+00:00,OB_CROSSED_AFTER_TOUCH,,,54.0,,,,,100.0,,,,,,,,,,,,,,,,,,,,,,,
9243,2026-06-17T13:45:00+00:00,SWEEP,bearish,4341.686,,,,,,,,,,,,,,,,,,,,,,,,,,,,,
9243,2026-06-17T13:45:00+00:00,OB_CROSSED_AFTER_TOUCH,,,54.0,,,,,100.0,,,,,,,,,,,,,,,,,,,,,,,
9244,2026-06-17T13:50:00+00:00,SWEEP,bearish,4344.363,,,,,,,,,,,,,,,,,,,,,,,,,,,,,
9244,2026-06-17T13:50:00+00:00,OB_CROSSED_AFTER_TOUCH,,,54.0,,,,,100.0,,,,,,,,,,,,,,,,,,,,,,,
9245,2026-06-17T13:55:00+00:00,OB_CROSSED_AFTER_TOUCH,,,54.0,,,,,100.0,,,,,,,,,,,,,,,,,,,,,,,
9246,2026-06-17T14:00:00+00:00,OB_CROSSED_AFTER_TOUCH,,,54.0,,,,,100.0,,,,,,,,,,,,,,,,,,,,,,,
9247,2026-06-17T14:05:00+00:00,SWEEP,bearish,4345.29,,,,,,,,,,,,,,,,,,,,,,,,,,,,,
9247,2026-06-17T14:05:00+00:00,OB_CROSSED_AFTER_TOUCH,,,54.0,,,,,100.0,,,,,,,,,,,,,,,,,,,,,,,
9248,2026-06-17T14:10:00+00:00,OB_CROSSED_AFTER_TOUCH,,,54.0,,,,,100.0,,,,,,,,,,,,,,,,,,,,,,,
9249,2026-06-17T14:15:00+00:00,OB_CROSSED_AFTER_TOUCH,,,54.0,,,,,100.0,,,,,,,,,,,,,,,,,,,,,,,
9250,2026-06-17T14:20:00+00:00,OB_CROSSED_AFTER_TOUCH,,,54.0,,,,,100.0,,,,,,,,,,,,,,,,,,,,,,,
9251,2026-06-17T14:25:00+00:00,OB_CROSSED_AFTER_TOUCH,,,54.0,,,,,100.0,,,,,,,,,,,,,,,,,,,,,,,
9252,2026-06-17T14:30:00+00:00,SWEEP,bearish,4362.324,,,,,,,,,,,,,,,,,,,,,,,,,,,,,
9252,2026-06-17T14:30:00+00:00,OB_CROSSED_AFTER_TOUCH,,,54.0,,,,,100.0,,,,,,,,,,,,,,,,,,,,,,,
9253,2026-06-17T14:35:00+00:00,OB_EXPIRED,,,54.0,,,,,,,,,,101.0,,,,,,,,,,,,,,,,,,
9269,2026-06-17T15:55:00+00:00,SWEEP,bearish,4363.976,,,,,,,,,,,,,,,,,,,,,,,,,,,,,
9270,2026-06-17T16:00:00+00:00,SWEEP,bearish,4364.912,,,,,,,,,,,,,,,,,,,,,,,,,,,,,
9274,2026-06-17T16:20:00+00:00,SWEEP,bearish,4365.807,,,,,,,,,,,,,,,,,,,,,,,,,,,,,
9308,2026-06-17T19:10:00+00:00,SWEEP,bullish,4263.657,,,,,,,,,,,,,,,,,,,,,,,,,,,,,
9312,2026-06-17T19:30:00+00:00,SWEEP,bullish,4226.194,,,,,,,,,,,,,,,,,,,,,,,,,,,,,
9313,2026-06-17T19:35:00+00:00,SWEEP,bullish,4220.515,,,,,,,,,,,,,,,,,,,,,,,,,,,,,
9333,2026-06-17T22:15:00+00:00,SWEEP,bearish,4269.726,,,,,,,,,,,,,,,,,,,,,,,,,,,,,
9334,2026-06-17T22:20:00+00:00,SWEEP,bearish,4269.958,,,,,,,,,,,,,,,,,,,,,,,,,,,,,
9345,2026-06-17T23:15:00+00:00,SWEEP,bearish,4282.075,,,,,,,,,,,,,,,,,,,,,,,,,,,,,
9346,2026-06-17T23:20:00+00:00,SWEEP,bearish,4282.952,,,,,,,,,,,,,,,,,,,,,,,,,,,,,
9347,2026-06-17T23:25:00+00:00,SWEEP,bearish,4283.615,,,,,,,,,,,,,,,,,,,,,,,,,,,,,
9356,2026-06-18T00:10:00+00:00,SWEEP,bearish,4298.621,,,,,,,,,,,,,,,,,,,,,,,,,,,,,
9357,2026-06-18T00:15:00+00:00,SWEEP,bearish,4299.309,,,,,,,,,,,,,,,,,,,,,,,,,,,,,
9358,2026-06-18T00:20:00+00:00,SWEEP,bearish,4300.466,,,,,,,,,,,,,,,,,,,,,,,,,,,,,
9361,2026-06-18T00:35:00+00:00,SWEEP,bearish,4309.058,,,,,,,,,,,,,,,,,,,,,,,,,,,,,
9364,2026-06-18T00:50:00+00:00,SWEEP,bearish,4314.274,,,,,,,,,,,,,,,,,,,,,,,,,,,,,
9368,2026-06-18T01:10:00+00:00,SWEEP,bearish,4328.099,,,,,,,,,,,,,,,,,,,,,,,,,,,,,
9380,2026-06-18T02:10:00+00:00,SWEEP,bearish,4328.611,,,,,,,,,,,,,,,,,,,,,,,,,,,,,
9388,2026-06-18T02:50:00+00:00,SWEEP,bullish,4311.999,,,,,,,,,,,,,,,,,,,,,,,,,,,,,
9390,2026-06-18T03:00:00+00:00,SWEEP,bullish,4310.566,,,,,,,,,,,,,,,,,,,,,,,,,,,,,
9411,2026-06-18T04:45:00+00:00,SWEEP,bullish,4309.752,,,,,,,,,,,,,,,,,,,,,,,,,,,,,
9416,2026-06-18T05:10:00+00:00,OB_FORMED,bullish,,55.0,4314.736,4318.441,65.05,"{'body': 15.6, 'fvg': 1.82, 'sweep': 15.81, 'break': 6.81, 'ob_size': 15.0, 'adjacency': 10}",,,,,,,,,,,,,,,,,,,,,,,,
9420,2026-06-18T05:30:00+00:00,SWEEP,bearish,4324.073,,,,,,,,,,,,,,,,,,,,,,,,,,,,,
9421,2026-06-18T05:35:00+00:00,OB_TOUCH,,,55.0,,,,,47.09851551956613,,,,,,,,,,,,,,,,,,,,,,,
9421,2026-06-18T05:35:00+00:00,WAIT_MTF_CONTEXT,,,55.0,,,,,,neutral,neutral,neutral,0.0,,,,,,,,,,,,,,,,,,,
9422,2026-06-18T05:40:00+00:00,OB_CROSSED_AFTER_TOUCH,,,55.0,,,,,100.0,,,,,,,,,,,,,,,,,,,,,,,
9423,2026-06-18T05:45:00+00:00,OB_CROSSED_AFTER_TOUCH,,,55.0,,,,,100.0,,,,,,,,,,,,,,,,,,,,,,,
9424,2026-06-18T05:50:00+00:00,SWEEP,bullish,4302.173,,,,,,,,,,,,,,,,,,,,,,,,,,,,,
9424,2026-06-18T05:50:00+00:00,OB_CROSSED_AFTER_TOUCH,,,55.0,,,,,100.0,,,,,,,,,,,,,,,,,,,,,,,
9425,2026-06-18T05:55:00+00:00,OB_CROSSED_AFTER_TOUCH,,,55.0,,,,,100.0,,,,,,,,,,,,,,,,,,,,,,,
9426,2026-06-18T06:00:00+00:00,OB_CROSSED_AFTER_TOUCH,,,55.0,,,,,100.0,,,,,,,,,,,,,,,,,,,,,,,
9427,2026-06-18T06:05:00+00:00,OB_CROSSED_AFTER_TOUCH,,,55.0,,,,,100.0,,,,,,,,,,,,,,,,,,,,,,,
9428,2026-06-18T06:10:00+00:00,SWEEP,bullish,4296.778,,,,,,,,,,,,,,,,,,,,,,,,,,,,,
9428,2026-06-18T06:10:00+00:00,OB_CROSSED_AFTER_TOUCH,,,55.0,,,,,100.0,,,,,,,,,,,,,,,,,,,,,,,
9429,2026-06-18T06:15:00+00:00,OB_CROSSED_AFTER_TOUCH,,,55.0,,,,,100.0,,,,,,,,,,,,,,,,,,,,,,,
9430,2026-06-18T06:20:00+00:00,OB_CROSSED_AFTER_TOUCH,,,55.0,,,,,100.0,,,,,,,,,,,,,,,,,,,,,,,
9431,2026-06-18T06:25:00+00:00,OB_CROSSED_AFTER_TOUCH,,,55.0,,,,,100.0,,,,,,,,,,,,,,,,,,,,,,,
9432,2026-06-18T06:30:00+00:00,OB_CROSSED_AFTER_TOUCH,,,55.0,,,,,100.0,,,,,,,,,,,,,,,,,,,,,,,
9433,2026-06-18T06:35:00+00:00,OB_CROSSED_AFTER_TOUCH,,,55.0,,,,,100.0,,,,,,,,,,,,,,,,,,,,,,,
9434,2026-06-18T06:40:00+00:00,OB_CROSSED_AFTER_TOUCH,,,55.0,,,,,100.0,,,,,,,,,,,,,,,,,,,,,,,
9435,2026-06-18T06:45:00+00:00,OB_CROSSED_AFTER_TOUCH,,,55.0,,,,,100.0,,,,,,,,,,,,,,,,,,,,,,,
9436,2026-06-18T06:50:00+00:00,OB_CROSSED_AFTER_TOUCH,,,55.0,,,,,100.0,,,,,,,,,,,,,,,,,,,,,,,
9437,2026-06-18T06:55:00+00:00,OB_CROSSED_AFTER_TOUCH,,,55.0,,,,,100.0,,,,,,,,,,,,,,,,,,,,,,,
9438,2026-06-18T07:00:00+00:00,OB_CROSSED_AFTER_TOUCH,,,55.0,,,,,100.0,,,,,,,,,,,,,,,,,,,,,,,
9439,2026-06-18T07:05:00+00:00,OB_CROSSED_AFTER_TOUCH,,,55.0,,,,,100.0,,,,,,,,,,,,,,,,,,,,,,,
9440,2026-06-18T07:10:00+00:00,OB_CROSSED_AFTER_TOUCH,,,55.0,,,,,100.0,,,,,,,,,,,,,,,,,,,,,,,
9441,2026-06-18T07:15:00+00:00,OB_CROSSED_AFTER_TOUCH,,,55.0,,,,,100.0,,,,,,,,,,,,,,,,,,,,,,,
9442,2026-06-18T07:20:00+00:00,OB_CROSSED_AFTER_TOUCH,,,55.0,,,,,100.0,,,,,,,,,,,,,,,,,,,,,,,
9443,2026-06-18T07:25:00+00:00,OB_CROSSED_AFTER_TOUCH,,,55.0,,,,,100.0,,,,,,,,,,,,,,,,,,,,,,,
9444,2026-06-18T07:30:00+00:00,SWEEP,bullish,4296.219,,,,,,,,,,,,,,,,,,,,,,,,,,,,,
9444,2026-06-18T07:30:00+00:00,OB_CROSSED_AFTER_TOUCH,,,55.0,,,,,100.0,,,,,,,,,,,,,,,,,,,,,,,
9445,2026-06-18T07:35:00+00:00,OB_CROSSED_AFTER_TOUCH,,,55.0,,,,,100.0,,,,,,,,,,,,,,,,,,,,,,,
9446,2026-06-18T07:40:00+00:00,SWEEP,bullish,4293.614,,,,,,,,,,,,,,,,,,,,,,,,,,,,,
9446,2026-06-18T07:40:00+00:00,OB_CROSSED_AFTER_TOUCH,,,55.0,,,,,100.0,,,,,,,,,,,,,,,,,,,,,,,
9447,2026-06-18T07:45:00+00:00,OB_CROSSED_AFTER_TOUCH,,,55.0,,,,,100.0,,,,,,,,,,,,,,,,,,,,,,,
9448,2026-06-18T07:50:00+00:00,OB_CROSSED_AFTER_TOUCH,,,55.0,,,,,100.0,,,,,,,,,,,,,,,,,,,,,,,
9449,2026-06-18T07:55:00+00:00,OB_CROSSED_AFTER_TOUCH,,,55.0,,,,,100.0,,,,,,,,,,,,,,,,,,,,,,,
9450,2026-06-18T08:00:00+00:00,SWEEP,bullish,4287.32,,,,,,,,,,,,,,,,,,,,,,,,,,,,,
9450,2026-06-18T08:00:00+00:00,OB_CROSSED_AFTER_TOUCH,,,55.0,,,,,100.0,,,,,,,,,,,,,,,,,,,,,,,
9451,2026-06-18T08:05:00+00:00,OB_CROSSED_AFTER_TOUCH,,,55.0,,,,,100.0,,,,,,,,,,,,,,,,,,,,,,,
9452,2026-06-18T08:10:00+00:00,SWEEP,bullish,4285.648,,,,,,,,,,,,,,,,,,,,,,,,,,,,,
9452,2026-06-18T08:10:00+00:00,OB_CROSSED_AFTER_TOUCH,,,55.0,,,,,100.0,,,,,,,,,,,,,,,,,,,,,,,
9453,2026-06-18T08:15:00+00:00,OB_CROSSED_AFTER_TOUCH,,,55.0,,,,,100.0,,,,,,,,,,,,,,,,,,,,,,,
9454,2026-06-18T08:20:00+00:00,OB_CROSSED_AFTER_TOUCH,,,55.0,,,,,100.0,,,,,,,,,,,,,,,,,,,,,,,
9455,2026-06-18T08:25:00+00:00,SWEEP,bullish,4283.903,,,,,,,,,,,,,,,,,,,,,,,,,,,,,
9455,2026-06-18T08:25:00+00:00,OB_CROSSED_AFTER_TOUCH,,,55.0,,,,,100.0,,,,,,,,,,,,,,,,,,,,,,,
9456,2026-06-18T08:30:00+00:00,SWEEP,bullish,4283.733,,,,,,,,,,,,,,,,,,,,,,,,,,,,,
9456,2026-06-18T08:30:00+00:00,OB_CROSSED_AFTER_TOUCH,,,55.0,,,,,100.0,,,,,,,,,,,,,,,,,,,,,,,
9457,2026-06-18T08:35:00+00:00,SWEEP,bullish,4283.221,,,,,,,,,,,,,,,,,,,,,,,,,,,,,
9457,2026-06-18T08:35:00+00:00,OB_CROSSED_AFTER_TOUCH,,,55.0,,,,,100.0,,,,,,,,,,,,,,,,,,,,,,,
9458,2026-06-18T08:40:00+00:00,SWEEP,bullish,4281.077,,,,,,,,,,,,,,,,,,,,,,,,,,,,,
9458,2026-06-18T08:40:00+00:00,OB_CROSSED_AFTER_TOUCH,,,55.0,,,,,100.0,,,,,,,,,,,,,,,,,,,,,,,
9459,2026-06-18T08:45:00+00:00,OB_CROSSED_AFTER_TOUCH,,,55.0,,,,,100.0,,,,,,,,,,,,,,,,,,,,,,,
9460,2026-06-18T08:50:00+00:00,SWEEP,bullish,4277.182,,,,,,,,,,,,,,,,,,,,,,,,,,,,,
9460,2026-06-18T08:50:00+00:00,OB_CROSSED_AFTER_TOUCH,,,55.0,,,,,100.0,,,,,,,,,,,,,,,,,,,,,,,
9461,2026-06-18T08:55:00+00:00,OB_CROSSED_AFTER_TOUCH,,,55.0,,,,,100.0,,,,,,,,,,,,,,,,,,,,,,,
9462,2026-06-18T09:00:00+00:00,SWEEP,bullish,4265.416,,,,,,,,,,,,,,,,,,,,,,,,,,,,,
9462,2026-06-18T09:00:00+00:00,OB_CROSSED_AFTER_TOUCH,,,55.0,,,,,100.0,,,,,,,,,,,,,,,,,,,,,,,
9463,2026-06-18T09:05:00+00:00,OB_CROSSED_AFTER_TOUCH,,,55.0,,,,,100.0,,,,,,,,,,,,,,,,,,,,,,,
9464,2026-06-18T09:10:00+00:00,SWEEP,bullish,4261.463,,,,,,,,,,,,,,,,,,,,,,,,,,,,,
9464,2026-06-18T09:10:00+00:00,OB_CROSSED_AFTER_TOUCH,,,55.0,,,,,100.0,,,,,,,,,,,,,,,,,,,,,,,
9465,2026-06-18T09:15:00+00:00,OB_CROSSED_AFTER_TOUCH,,,55.0,,,,,100.0,,,,,,,,,,,,,,,,,,,,,,,
9466,2026-06-18T09:20:00+00:00,OB_CROSSED_AFTER_TOUCH,,,55.0,,,,,100.0,,,,,,,,,,,,,,,,,,,,,,,
9467,2026-06-18T09:25:00+00:00,OB_CROSSED_AFTER_TOUCH,,,55.0,,,,,100.0,,,,,,,,,,,,,,,,,,,,,,,
9468,2026-06-18T09:30:00+00:00,OB_CROSSED_AFTER_TOUCH,,,55.0,,,,,100.0,,,,,,,,,,,,,,,,,,,,,,,
9469,2026-06-18T09:35:00+00:00,OB_CROSSED_AFTER_TOUCH,,,55.0,,,,,100.0,,,,,,,,,,,,,,,,,,,,,,,
9470,2026-06-18T09:40:00+00:00,OB_CROSSED_AFTER_TOUCH,,,55.0,,,,,100.0,,,,,,,,,,,,,,,,,,,,,,,
9471,2026-06-18T09:45:00+00:00,OB_CROSSED_AFTER_TOUCH,,,55.0,,,,,100.0,,,,,,,,,,,,,,,,,,,,,,,
9472,2026-06-18T09:50:00+00:00,OB_CROSSED_AFTER_TOUCH,,,55.0,,,,,100.0,,,,,,,,,,,,,,,,,,,,,,,
9473,2026-06-18T09:55:00+00:00,OB_CROSSED_AFTER_TOUCH,,,55.0,,,,,100.0,,,,,,,,,,,,,,,,,,,,,,,
9474,2026-06-18T10:00:00+00:00,OB_CROSSED_AFTER_TOUCH,,,55.0,,,,,100.0,,,,,,,,,,,,,,,,,,,,,,,
9475,2026-06-18T10:05:00+00:00,OB_CROSSED_AFTER_TOUCH,,,55.0,,,,,100.0,,,,,,,,,,,,,,,,,,,,,,,
9476,2026-06-18T10:10:00+00:00,OB_CROSSED_AFTER_TOUCH,,,55.0,,,,,100.0,,,,,,,,,,,,,,,,,,,,,,,
9477,2026-06-18T10:15:00+00:00,OB_CROSSED_AFTER_TOUCH,,,55.0,,,,,100.0,,,,,,,,,,,,,,,,,,,,,,,
9478,2026-06-18T10:20:00+00:00,OB_CROSSED_AFTER_TOUCH,,,55.0,,,,,100.0,,,,,,,,,,,,,,,,,,,,,,,
9479,2026-06-18T10:25:00+00:00,OB_CROSSED_AFTER_TOUCH,,,55.0,,,,,100.0,,,,,,,,,,,,,,,,,,,,,,,
9480,2026-06-18T10:30:00+00:00,OB_CROSSED_AFTER_TOUCH,,,55.0,,,,,100.0,,,,,,,,,,,,,,,,,,,,,,,
9481,2026-06-18T10:35:00+00:00,OB_CROSSED_AFTER_TOUCH,,,55.0,,,,,100.0,,,,,,,,,,,,,,,,,,,,,,,
9482,2026-06-18T10:40:00+00:00,OB_CROSSED_AFTER_TOUCH,,,55.0,,,,,100.0,,,,,,,,,,,,,,,,,,,,,,,
9483,2026-06-18T10:45:00+00:00,OB_CROSSED_AFTER_TOUCH,,,55.0,,,,,100.0,,,,,,,,,,,,,,,,,,,,,,,
9484,2026-06-18T10:50:00+00:00,SWEEP,bullish,4259.38,,,,,,,,,,,,,,,,,,,,,,,,,,,,,
9484,2026-06-18T10:50:00+00:00,OB_CROSSED_AFTER_TOUCH,,,55.0,,,,,100.0,,,,,,,,,,,,,,,,,,,,,,,
9485,2026-06-18T10:55:00+00:00,OB_CROSSED_AFTER_TOUCH,,,55.0,,,,,100.0,,,,,,,,,,,,,,,,,,,,,,,
9486,2026-06-18T11:00:00+00:00,OB_CROSSED_AFTER_TOUCH,,,55.0,,,,,100.0,,,,,,,,,,,,,,,,,,,,,,,
9487,2026-06-18T11:05:00+00:00,OB_CROSSED_AFTER_TOUCH,,,55.0,,,,,100.0,,,,,,,,,,,,,,,,,,,,,,,
9488,2026-06-18T11:10:00+00:00,SWEEP,bullish,4246.607,,,,,,,,,,,,,,,,,,,,,,,,,,,,,
9488,2026-06-18T11:10:00+00:00,OB_CROSSED_AFTER_TOUCH,,,55.0,,,,,100.0,,,,,,,,,,,,,,,,,,,,,,,
9489,2026-06-18T11:15:00+00:00,OB_CROSSED_AFTER_TOUCH,,,55.0,,,,,100.0,,,,,,,,,,,,,,,,,,,,,,,
9490,2026-06-18T11:20:00+00:00,OB_CROSSED_AFTER_TOUCH,,,55.0,,,,,100.0,,,,,,,,,,,,,,,,,,,,,,,
9491,2026-06-18T11:25:00+00:00,OB_CROSSED_AFTER_TOUCH,,,55.0,,,,,100.0,,,,,,,,,,,,,,,,,,,,,,,
9492,2026-06-18T11:30:00+00:00,OB_CROSSED_AFTER_TOUCH,,,55.0,,,,,100.0,,,,,,,,,,,,,,,,,,,,,,,
9493,2026-06-18T11:35:00+00:00,OB_CROSSED_AFTER_TOUCH,,,55.0,,,,,100.0,,,,,,,,,,,,,,,,,,,,,,,
9494,2026-06-18T11:40:00+00:00,OB_CROSSED_AFTER_TOUCH,,,55.0,,,,,100.0,,,,,,,,,,,,,,,,,,,,,,,
9495,2026-06-18T11:45:00+00:00,OB_CROSSED_AFTER_TOUCH,,,55.0,,,,,100.0,,,,,,,,,,,,,,,,,,,,,,,
9496,2026-06-18T11:50:00+00:00,SWEEP,bullish,4240.453,,,,,,,,,,,,,,,,,,,,,,,,,,,,,
9496,2026-06-18T11:50:00+00:00,OB_CROSSED_AFTER_TOUCH,,,55.0,,,,,100.0,,,,,,,,,,,,,,,,,,,,,,,
9497,2026-06-18T11:55:00+00:00,OB_CROSSED_AFTER_TOUCH,,,55.0,,,,,100.0,,,,,,,,,,,,,,,,,,,,,,,
9498,2026-06-18T12:00:00+00:00,OB_CROSSED_AFTER_TOUCH,,,55.0,,,,,100.0,,,,,,,,,,,,,,,,,,,,,,,
9499,2026-06-18T12:05:00+00:00,OB_CROSSED_AFTER_TOUCH,,,55.0,,,,,100.0,,,,,,,,,,,,,,,,,,,,,,,
9500,2026-06-18T12:10:00+00:00,OB_CROSSED_AFTER_TOUCH,,,55.0,,,,,100.0,,,,,,,,,,,,,,,,,,,,,,,
9501,2026-06-18T12:15:00+00:00,OB_CROSSED_AFTER_TOUCH,,,55.0,,,,,100.0,,,,,,,,,,,,,,,,,,,,,,,
9502,2026-06-18T12:20:00+00:00,SWEEP,bearish,4267.562,,,,,,,,,,,,,,,,,,,,,,,,,,,,,
9502,2026-06-18T12:20:00+00:00,OB_CROSSED_AFTER_TOUCH,,,55.0,,,,,100.0,,,,,,,,,,,,,,,,,,,,,,,
9503,2026-06-18T12:25:00+00:00,OB_CROSSED_AFTER_TOUCH,,,55.0,,,,,100.0,,,,,,,,,,,,,,,,,,,,,,,
9504,2026-06-18T12:30:00+00:00,OB_CROSSED_AFTER_TOUCH,,,55.0,,,,,100.0,,,,,,,,,,,,,,,,,,,,,,,
9505,2026-06-18T12:35:00+00:00,OB_CROSSED_AFTER_TOUCH,,,55.0,,,,,100.0,,,,,,,,,,,,,,,,,,,,,,,
9506,2026-06-18T12:40:00+00:00,OB_CROSSED_AFTER_TOUCH,,,55.0,,,,,100.0,,,,,,,,,,,,,,,,,,,,,,,
9507,2026-06-18T12:45:00+00:00,OB_CROSSED_AFTER_TOUCH,,,55.0,,,,,100.0,,,,,,,,,,,,,,,,,,,,,,,
9508,2026-06-18T12:50:00+00:00,OB_CROSSED_AFTER_TOUCH,,,55.0,,,,,100.0,,,,,,,,,,,,,,,,,,,,,,,
9509,2026-06-18T12:55:00+00:00,OB_CROSSED_AFTER_TOUCH,,,55.0,,,,,100.0,,,,,,,,,,,,,,,,,,,,,,,
9510,2026-06-18T13:00:00+00:00,OB_CROSSED_AFTER_TOUCH,,,55.0,,,,,100.0,,,,,,,,,,,,,,,,,,,,,,,
9511,2026-06-18T13:05:00+00:00,OB_CROSSED_AFTER_TOUCH,,,55.0,,,,,100.0,,,,,,,,,,,,,,,,,,,,,,,
9512,2026-06-18T13:10:00+00:00,OB_CROSSED_AFTER_TOUCH,,,55.0,,,,,100.0,,,,,,,,,,,,,,,,,,,,,,,
9513,2026-06-18T13:15:00+00:00,OB_CROSSED_AFTER_TOUCH,,,55.0,,,,,100.0,,,,,,,,,,,,,,,,,,,,,,,
9514,2026-06-18T13:20:00+00:00,OB_CROSSED_AFTER_TOUCH,,,55.0,,,,,100.0,,,,,,,,,,,,,,,,,,,,,,,
9515,2026-06-18T13:25:00+00:00,OB_CROSSED_AFTER_TOUCH,,,55.0,,,,,100.0,,,,,,,,,,,,,,,,,,,,,,,
9516,2026-06-18T13:30:00+00:00,OB_CROSSED_AFTER_TOUCH,,,55.0,,,,,100.0,,,,,,,,,,,,,,,,,,,,,,,
9517,2026-06-18T13:35:00+00:00,OB_EXPIRED,,,55.0,,,,,,,,,,101.0,,,,,,,,,,,,,,,,,,
9522,2026-06-18T14:00:00+00:00,SWEEP,bullish,4240.836,,,,,,,,,,,,,,,,,,,,,,,,,,,,,
9525,2026-06-18T14:15:00+00:00,SWEEP,bullish,4238.476,,,,,,,,,,,,,,,,,,,,,,,,,,,,,
9541,2026-06-18T15:35:00+00:00,SWEEP,bullish,4226.724,,,,,,,,,,,,,,,,,,,,,,,,,,,,,
9544,2026-06-18T15:50:00+00:00,SWEEP,bullish,4223.852,,,,,,,,,,,,,,,,,,,,,,,,,,,,,
9549,2026-06-18T16:15:00+00:00,SWEEP,bullish,4222.93,,,,,,,,,,,,,,,,,,,,,,,,,,,,,
9550,2026-06-18T16:20:00+00:00,SWEEP,bullish,4222.051,,,,,,,,,,,,,,,,,,,,,,,,,,,,,
9552,2026-06-18T16:30:00+00:00,SWEEP,bullish,4221.771,,,,,,,,,,,,,,,,,,,,,,,,,,,,,
9553,2026-06-18T16:35:00+00:00,SWEEP,bullish,4221.562,,,,,,,,,,,,,,,,,,,,,,,,,,,,,
9556,2026-06-18T16:50:00+00:00,SWEEP,bullish,4214.716,,,,,,,,,,,,,,,,,,,,,,,,,,,,,
9557,2026-06-18T16:55:00+00:00,SWEEP,bullish,4214.403,,,,,,,,,,,,,,,,,,,,,,,,,,,,,
9580,2026-06-18T18:50:00+00:00,SWEEP,bullish,4220.268,,,,,,,,,,,,,,,,,,,,,,,,,,,,,
9584,2026-06-18T19:10:00+00:00,SWEEP,bullish,4207.332,,,,,,,,,,,,,,,,,,,,,,,,,,,,,
9585,2026-06-18T19:15:00+00:00,SWEEP,bullish,4203.77,,,,,,,,,,,,,,,,,,,,,,,,,,,,,
9588,2026-06-18T19:30:00+00:00,SWEEP,bullish,4201.783,,,,,,,,,,,,,,,,,,,,,,,,,,,,,
9610,2026-06-18T22:20:00+00:00,SWEEP,bullish,4203.211,,,,,,,,,,,,,,,,,,,,,,,,,,,,,
9619,2026-06-18T23:05:00+00:00,SWEEP,bullish,4199.038,,,,,,,,,,,,,,,,,,,,,,,,,,,,,
9623,2026-06-18T23:25:00+00:00,SWEEP,bullish,4194.154,,,,,,,,,,,,,,,,,,,,,,,,,,,,,
9629,2026-06-18T23:55:00+00:00,SWEEP,bullish,4187.833,,,,,,,,,,,,,,,,,,,,,,,,,,,,,
9632,2026-06-19T00:10:00+00:00,SWEEP,bullish,4184.295,,,,,,,,,,,,,,,,,,,,,,,,,,,,,
9633,2026-06-19T00:15:00+00:00,SWEEP,bullish,4184.287,,,,,,,,,,,,,,,,,,,,,,,,,,,,,
9645,2026-06-19T01:15:00+00:00,SWEEP,bullish,4184.156,,,,,,,,,,,,,,,,,,,,,,,,,,,,,
9646,2026-06-19T01:20:00+00:00,SWEEP,bullish,4184.116,,,,,,,,,,,,,,,,,,,,,,,,,,,,,
9655,2026-06-19T02:05:00+00:00,SWEEP,bullish,4183.75,,,,,,,,,,,,,,,,,,,,,,,,,,,,,
9656,2026-06-19T02:10:00+00:00,SWEEP,bullish,4178.949,,,,,,,,,,,,,,,,,,,,,,,,,,,,,
9664,2026-06-19T02:50:00+00:00,SWEEP,bullish,4174.938,,,,,,,,,,,,,,,,,,,,,,,,,,,,,
9669,2026-06-19T03:15:00+00:00,SWEEP,bullish,4165.87,,,,,,,,,,,,,,,,,,,,,,,,,,,,,
9674,2026-06-19T03:40:00+00:00,SWEEP,bullish,4161.555,,,,,,,,,,,,,,,,,,,,,,,,,,,,,
9676,2026-06-19T03:50:00+00:00,SWEEP,bullish,4157.852,,,,,,,,,,,,,,,,,,,,,,,,,,,,,
9681,2026-06-19T04:15:00+00:00,SWEEP,bullish,4142.936,,,,,,,,,,,,,,,,,,,,,,,,,,,,,
9685,2026-06-19T04:35:00+00:00,SWEEP,bullish,4141.281,,,,,,,,,,,,,,,,,,,,,,,,,,,,,
9689,2026-06-19T04:55:00+00:00,SWEEP,bullish,4125.198,,,,,,,,,,,,,,,,,,,,,,,,,,,,,
9691,2026-06-19T05:05:00+00:00,SWEEP,bullish,4122.771,,,,,,,,,,,,,,,,,,,,,,,,,,,,,
9704,2026-06-19T06:10:00+00:00,SWEEP,bearish,4147.448,,,,,,,,,,,,,,,,,,,,,,,,,,,,,
9713,2026-06-19T06:55:00+00:00,SWEEP,bearish,4148.082,,,,,,,,,,,,,,,,,,,,,,,,,,,,,
9717,2026-06-19T07:15:00+00:00,SWEEP,bearish,4159.827,,,,,,,,,,,,,,,,,,,,,,,,,,,,,
9725,2026-06-19T07:55:00+00:00,SWEEP,bearish,4160.215,,,,,,,,,,,,,,,,,,,,,,,,,,,,,
9731,2026-06-19T08:25:00+00:00,SWEEP,bearish,4177.11,,,,,,,,,,,,,,,,,,,,,,,,,,,,,
9732,2026-06-19T08:30:00+00:00,SWEEP,bearish,4177.86,,,,,,,,,,,,,,,,,,,,,,,,,,,,,
9749,2026-06-19T09:55:00+00:00,SWEEP,bullish,4161.895,,,,,,,,,,,,,,,,,,,,,,,,,,,,,
9755,2026-06-19T10:25:00+00:00,SWEEP,bullish,4153.045,,,,,,,,,,,,,,,,,,,,,,,,,,,,,
9756,2026-06-19T10:30:00+00:00,SWEEP,bullish,4152.813,,,,,,,,,,,,,,,,,,,,,,,,,,,,,
9761,2026-06-19T10:55:00+00:00,SWEEP,bullish,4149.528,,,,,,,,,,,,,,,,,,,,,,,,,,,,,
9762,2026-06-19T11:00:00+00:00,SWEEP,bullish,4147.91,,,,,,,,,,,,,,,,,,,,,,,,,,,,,
9763,2026-06-19T11:05:00+00:00,SWEEP,bullish,4145.154,,,,,,,,,,,,,,,,,,,,,,,,,,,,,
9768,2026-06-19T11:30:00+00:00,SWEEP,bullish,4142.393,,,,,,,,,,,,,,,,,,,,,,,,,,,,,
9775,2026-06-19T12:05:00+00:00,SWEEP,bearish,4158.488,,,,,,,,,,,,,,,,,,,,,,,,,,,,,
9776,2026-06-19T12:10:00+00:00,SWEEP,bearish,4158.825,,,,,,,,,,,,,,,,,,,,,,,,,,,,,
9786,2026-06-19T13:00:00+00:00,SWEEP,bearish,4180.141,,,,,,,,,,,,,,,,,,,,,,,,,,,,,
9788,2026-06-19T13:10:00+00:00,SWEEP,bearish,4182.466,,,,,,,,,,,,,,,,,,,,,,,,,,,,,
9796,2026-06-19T13:50:00+00:00,OB_FORMED,bearish,,56.0,4155.677,4159.627,67.3,"{'body': 15.43, 'fvg': 3.01, 'sweep': 18.47, 'break': 5.39, 'ob_size': 15.0, 'adjacency': 10}",,,,,,,,,,,,,,,,,,,,,,,,
9801,2026-06-19T14:15:00+00:00,SWEEP,bullish,4147.079,,,,,,,,,,,,,,,,,,,,,,,,,,,,,
9802,2026-06-19T14:20:00+00:00,SWEEP,bullish,4143.913,,,,,,,,,,,,,,,,,,,,,,,,,,,,,
9806,2026-06-19T14:40:00+00:00,SWEEP,bullish,4143.691,,,,,,,,,,,,,,,,,,,,,,,,,,,,,
9807,2026-06-19T14:45:00+00:00,SWEEP,bullish,4143.028,,,,,,,,,,,,,,,,,,,,,,,,,,,,,
9831,2026-06-19T16:45:00+00:00,OB_TOUCH,,,56.0,,,,,30.405063291134194,,,,,,,,,,,,,,,,,,,,,,,
9832,2026-06-19T16:50:00+00:00,SWEEP,bearish,4157.301,,,,,,,,,,,,,,,,,,,,,,,,,,,,,
9834,2026-06-21T22:00:00+00:00,SWEEP,bearish,4157.9,,,,,,,,,,,,,,,,,,,,,,,,,,,,,
9835,2026-06-21T22:05:00+00:00,SWEEP,bearish,4158.423,,,,,,,,,,,,,,,,,,,,,,,,,,,,,
9837,2026-06-21T22:15:00+00:00,WAIT_MTF_CONTEXT,,,56.0,,,,,,neutral,bullish,neutral,30.77,,,,,,,,,,,,,,,,,,,
9838,2026-06-21T22:20:00+00:00,WAIT_MTF_CONTEXT,,,56.0,,,,,,neutral,bullish,neutral,30.77,,,,,,,,,,,,,,,,,,,
9839,2026-06-21T22:25:00+00:00,WAIT_MTF_CONTEXT,,,56.0,,,,,,neutral,bullish,neutral,30.77,,,,,,,,,,,,,,,,,,,
9840,2026-06-21T22:30:00+00:00,WAIT_MTF_CONTEXT,,,56.0,,,,,,neutral,bullish,neutral,30.77,,,,,,,,,,,,,,,,,,,
9841,2026-06-21T22:35:00+00:00,WAIT_MTF_CONTEXT,,,56.0,,,,,,neutral,bullish,neutral,30.77,,,,,,,,,,,,,,,,,,,
9842,2026-06-21T22:40:00+00:00,WAIT_MTF_CONTEXT,,,56.0,,,,,,neutral,bullish,neutral,30.77,,,,,,,,,,,,,,,,,,,
9843,2026-06-21T22:45:00+00:00,WAIT_MTF_CONTEXT,,,56.0,,,,,,neutral,bullish,neutral,30.77,,,,,,,,,,,,,,,,,,,
9844,2026-06-21T22:50:00+00:00,WAIT_MTF_CONTEXT,,,56.0,,,,,,neutral,bullish,neutral,30.77,,,,,,,,,,,,,,,,,,,
9845,2026-06-21T22:55:00+00:00,WAIT_MTF_CONTEXT,,,56.0,,,,,,neutral,bullish,neutral,30.77,,,,,,,,,,,,,,,,,,,
9846,2026-06-21T23:00:00+00:00,SWEEP,bearish,4159.66,,,,,,,,,,,,,,,,,,,,,,,,,,,,,
9846,2026-06-21T23:00:00+00:00,WAIT_MTF_CONTEXT,,,56.0,,,,,,neutral,bullish,bullish,53.85,,,,,,,,,,,,,,,,,,,
9847,2026-06-21T23:05:00+00:00,OB_CROSSED_AFTER_TOUCH,,,56.0,,,,,100.0,,,,,,,,,,,,,,,,,,,,,,,
9848,2026-06-21T23:10:00+00:00,SWEEP,bearish,4163.11,,,,,,,,,,,,,,,,,,,,,,,,,,,,,
9848,2026-06-21T23:10:00+00:00,WAIT_MTF_CONTEXT,,,56.0,,,,,,neutral,bullish,bullish,53.85,,,,,,,,,,,,,,,,,,,
9849,2026-06-21T23:15:00+00:00,WAIT_MTF_CONTEXT,,,56.0,,,,,,neutral,bullish,bullish,53.85,,,,,,,,,,,,,,,,,,,
9850,2026-06-21T23:20:00+00:00,WAIT_MTF_CONTEXT,,,56.0,,,,,,neutral,bullish,bullish,53.85,,,,,,,,,,,,,,,,,,,
9851,2026-06-21T23:25:00+00:00,WAIT_MTF_CONTEXT,,,56.0,,,,,,neutral,bullish,bullish,53.85,,,,,,,,,,,,,,,,,,,
9852,2026-06-21T23:30:00+00:00,SWEEP,bullish,4147.804,,,,,,,,,,,,,,,,,,,,,,,,,,,,,
9852,2026-06-21T23:30:00+00:00,WAIT_MTF_CONTEXT,,,56.0,,,,,,neutral,bullish,bullish,53.85,,,,,,,,,,,,,,,,,,,
9850,2026-06-21T23:20:00+00:00,OB_FORMED,bearish,,57.0,4153.884,4159.107,82.12,"{'body': 19.28, 'fvg': 19.15, 'sweep': 14.02, 'break': 5.68, 'ob_size': 13.99, 'adjacency': 10}",,,,,,,,,,,,,,,,,,,,,,,,
9853,2026-06-21T23:35:00+00:00,WAIT_MTF_CONTEXT,,,56.0,,,,,,neutral,bullish,bullish,53.85,,,,,,,,,,,,,,,,,,,
9854,2026-06-21T23:40:00+00:00,SWEEP,bullish,4142.368,,,,,,,,,,,,,,,,,,,,,,,,,,,,,
9854,2026-06-21T23:40:00+00:00,WAIT_MTF_CONTEXT,,,56.0,,,,,,neutral,bullish,bullish,53.85,,,,,,,,,,,,,,,,,,,
9855,2026-06-21T23:45:00+00:00,WAIT_MTF_CONTEXT,,,56.0,,,,,,neutral,bullish,bullish,53.85,,,,,,,,,,,,,,,,,,,
9854,2026-06-21T23:40:00+00:00,OB_FORMED,bearish,,58.0,4141.775,4146.142,81.1,"{'body': 17.66, 'fvg': 4.14, 'sweep': 24.65, 'break': 9.64, 'ob_size': 15.0, 'adjacency': 10}",,,,,,,,,,,,,,,,,,,,,,,,
9856,2026-06-21T23:50:00+00:00,WAIT_MTF_CONTEXT,,,56.0,,,,,,neutral,bullish,bullish,53.85,,,,,,,,,,,,,,,,,,,
9857,2026-06-21T23:55:00+00:00,WAIT_MTF_CONTEXT,,,56.0,,,,,,neutral,bullish,bullish,53.85,,,,,,,,,,,,,,,,,,,
9857,2026-06-21T23:55:00+00:00,OB_TOUCH,,,58.0,,,,,0.0,,,,,,,,,,,,,,,,,,,,,,,
9857,2026-06-21T23:55:00+00:00,WAIT_MTF_CONTEXT,,,58.0,,,,,,neutral,bullish,bullish,53.85,,,,,,,,,,,,,,,,,,,
9858,2026-06-22T00:00:00+00:00,WAIT_MTF_CONTEXT,,,56.0,,,,,,bearish,bullish,bullish,53.85,,,,,,,,,,,,,,,,,,,
9858,2026-06-22T00:00:00+00:00,OB_CROSSED_AFTER_TOUCH,,,58.0,,,,,100.0,,,,,,,,,,,,,,,,,,,,,,,
9859,2026-06-22T00:05:00+00:00,WAIT_MTF_CONTEXT,,,56.0,,,,,,bearish,bullish,bullish,53.85,,,,,,,,,,,,,,,,,,,
9859,2026-06-22T00:05:00+00:00,OB_CROSSED_AFTER_TOUCH,,,58.0,,,,,100.0,,,,,,,,,,,,,,,,,,,,,,,
9860,2026-06-22T00:10:00+00:00,OB_CROSSED_AFTER_TOUCH,,,56.0,,,,,100.0,,,,,,,,,,,,,,,,,,,,,,,
9860,2026-06-22T00:10:00+00:00,OB_TOUCH,,,57.0,,,,,100.0,,,,,,,,,,,,,,,,,,,,,,,
9860,2026-06-22T00:10:00+00:00,OB_CROSSED_AFTER_TOUCH,,,57.0,,,,,100.0,,,,,,,,,,,,,,,,,,,,,,,
9860,2026-06-22T00:10:00+00:00,OB_CROSSED_AFTER_TOUCH,,,58.0,,,,,100.0,,,,,,,,,,,,,,,,,,,,,,,
9861,2026-06-22T00:15:00+00:00,SWEEP,bearish,4164.776,,,,,,,,,,,,,,,,,,,,,,,,,,,,,
9861,2026-06-22T00:15:00+00:00,OB_CROSSED_AFTER_TOUCH,,,56.0,,,,,100.0,,,,,,,,,,,,,,,,,,,,,,,
9861,2026-06-22T00:15:00+00:00,OB_CROSSED_AFTER_TOUCH,,,57.0,,,,,100.0,,,,,,,,,,,,,,,,,,,,,,,
9861,2026-06-22T00:15:00+00:00,OB_CROSSED_AFTER_TOUCH,,,58.0,,,,,100.0,,,,,,,,,,,,,,,,,,,,,,,
9862,2026-06-22T00:20:00+00:00,OB_CROSSED_AFTER_TOUCH,,,56.0,,,,,100.0,,,,,,,,,,,,,,,,,,,,,,,
9862,2026-06-22T00:20:00+00:00,OB_CROSSED_AFTER_TOUCH,,,57.0,,,,,100.0,,,,,,,,,,,,,,,,,,,,,,,
9862,2026-06-22T00:20:00+00:00,OB_CROSSED_AFTER_TOUCH,,,58.0,,,,,100.0,,,,,,,,,,,,,,,,,,,,,,,
9863,2026-06-22T00:25:00+00:00,OB_CROSSED_AFTER_TOUCH,,,56.0,,,,,100.0,,,,,,,,,,,,,,,,,,,,,,,
9863,2026-06-22T00:25:00+00:00,OB_CROSSED_AFTER_TOUCH,,,57.0,,,,,100.0,,,,,,,,,,,,,,,,,,,,,,,
9863,2026-06-22T00:25:00+00:00,OB_CROSSED_AFTER_TOUCH,,,58.0,,,,,100.0,,,,,,,,,,,,,,,,,,,,,,,
9864,2026-06-22T00:30:00+00:00,SWEEP,bearish,4170.608,,,,,,,,,,,,,,,,,,,,,,,,,,,,,
9864,2026-06-22T00:30:00+00:00,OB_CROSSED_AFTER_TOUCH,,,56.0,,,,,100.0,,,,,,,,,,,,,,,,,,,,,,,
9864,2026-06-22T00:30:00+00:00,OB_CROSSED_AFTER_TOUCH,,,57.0,,,,,100.0,,,,,,,,,,,,,,,,,,,,,,,
9864,2026-06-22T00:30:00+00:00,OB_CROSSED_AFTER_TOUCH,,,58.0,,,,,100.0,,,,,,,,,,,,,,,,,,,,,,,
9865,2026-06-22T00:35:00+00:00,OB_CROSSED_AFTER_TOUCH,,,56.0,,,,,100.0,,,,,,,,,,,,,,,,,,,,,,,
9865,2026-06-22T00:35:00+00:00,OB_CROSSED_AFTER_TOUCH,,,57.0,,,,,100.0,,,,,,,,,,,,,,,,,,,,,,,
9865,2026-06-22T00:35:00+00:00,OB_CROSSED_AFTER_TOUCH,,,58.0,,,,,100.0,,,,,,,,,,,,,,,,,,,,,,,
9866,2026-06-22T00:40:00+00:00,OB_CROSSED_AFTER_TOUCH,,,56.0,,,,,100.0,,,,,,,,,,,,,,,,,,,,,,,
9866,2026-06-22T00:40:00+00:00,OB_CROSSED_AFTER_TOUCH,,,57.0,,,,,100.0,,,,,,,,,,,,,,,,,,,,,,,
9866,2026-06-22T00:40:00+00:00,OB_CROSSED_AFTER_TOUCH,,,58.0,,,,,100.0,,,,,,,,,,,,,,,,,,,,,,,
9867,2026-06-22T00:45:00+00:00,OB_CROSSED_AFTER_TOUCH,,,56.0,,,,,100.0,,,,,,,,,,,,,,,,,,,,,,,
9867,2026-06-22T00:45:00+00:00,OB_CROSSED_AFTER_TOUCH,,,57.0,,,,,100.0,,,,,,,,,,,,,,,,,,,,,,,
9867,2026-06-22T00:45:00+00:00,OB_CROSSED_AFTER_TOUCH,,,58.0,,,,,100.0,,,,,,,,,,,,,,,,,,,,,,,
9868,2026-06-22T00:50:00+00:00,OB_CROSSED_AFTER_TOUCH,,,56.0,,,,,100.0,,,,,,,,,,,,,,,,,,,,,,,
9868,2026-06-22T00:50:00+00:00,OB_CROSSED_AFTER_TOUCH,,,57.0,,,,,100.0,,,,,,,,,,,,,,,,,,,,,,,
9868,2026-06-22T00:50:00+00:00,OB_CROSSED_AFTER_TOUCH,,,58.0,,,,,100.0,,,,,,,,,,,,,,,,,,,,,,,
9869,2026-06-22T00:55:00+00:00,OB_CROSSED_AFTER_TOUCH,,,56.0,,,,,100.0,,,,,,,,,,,,,,,,,,,,,,,
9869,2026-06-22T00:55:00+00:00,OB_CROSSED_AFTER_TOUCH,,,57.0,,,,,100.0,,,,,,,,,,,,,,,,,,,,,,,
9869,2026-06-22T00:55:00+00:00,OB_CROSSED_AFTER_TOUCH,,,58.0,,,,,100.0,,,,,,,,,,,,,,,,,,,,,,,
9870,2026-06-22T01:00:00+00:00,OB_CROSSED_AFTER_TOUCH,,,56.0,,,,,100.0,,,,,,,,,,,,,,,,,,,,,,,
9870,2026-06-22T01:00:00+00:00,OB_CROSSED_AFTER_TOUCH,,,57.0,,,,,100.0,,,,,,,,,,,,,,,,,,,,,,,
9870,2026-06-22T01:00:00+00:00,OB_CROSSED_AFTER_TOUCH,,,58.0,,,,,100.0,,,,,,,,,,,,,,,,,,,,,,,
9871,2026-06-22T01:05:00+00:00,OB_CROSSED_AFTER_TOUCH,,,56.0,,,,,100.0,,,,,,,,,,,,,,,,,,,,,,,
9871,2026-06-22T01:05:00+00:00,OB_CROSSED_AFTER_TOUCH,,,57.0,,,,,100.0,,,,,,,,,,,,,,,,,,,,,,,
9871,2026-06-22T01:05:00+00:00,OB_CROSSED_AFTER_TOUCH,,,58.0,,,,,100.0,,,,,,,,,,,,,,,,,,,,,,,
9872,2026-06-22T01:10:00+00:00,OB_CROSSED_AFTER_TOUCH,,,56.0,,,,,100.0,,,,,,,,,,,,,,,,,,,,,,,
9872,2026-06-22T01:10:00+00:00,OB_CROSSED_AFTER_TOUCH,,,57.0,,,,,100.0,,,,,,,,,,,,,,,,,,,,,,,
9872,2026-06-22T01:10:00+00:00,OB_CROSSED_AFTER_TOUCH,,,58.0,,,,,100.0,,,,,,,,,,,,,,,,,,,,,,,
9873,2026-06-22T01:15:00+00:00,OB_CROSSED_AFTER_TOUCH,,,56.0,,,,,100.0,,,,,,,,,,,,,,,,,,,,,,,
9873,2026-06-22T01:15:00+00:00,OB_CROSSED_AFTER_TOUCH,,,57.0,,,,,100.0,,,,,,,,,,,,,,,,,,,,,,,
9873,2026-06-22T01:15:00+00:00,OB_CROSSED_AFTER_TOUCH,,,58.0,,,,,100.0,,,,,,,,,,,,,,,,,,,,,,,
9874,2026-06-22T01:20:00+00:00,OB_CROSSED_AFTER_TOUCH,,,56.0,,,,,100.0,,,,,,,,,,,,,,,,,,,,,,,
9874,2026-06-22T01:20:00+00:00,OB_CROSSED_AFTER_TOUCH,,,57.0,,,,,100.0,,,,,,,,,,,,,,,,,,,,,,,
9874,2026-06-22T01:20:00+00:00,OB_CROSSED_AFTER_TOUCH,,,58.0,,,,,100.0,,,,,,,,,,,,,,,,,,,,,,,
9875,2026-06-22T01:25:00+00:00,OB_CROSSED_AFTER_TOUCH,,,56.0,,,,,100.0,,,,,,,,,,,,,,,,,,,,,,,
9875,2026-06-22T01:25:00+00:00,OB_CROSSED_AFTER_TOUCH,,,57.0,,,,,100.0,,,,,,,,,,,,,,,,,,,,,,,
9875,2026-06-22T01:25:00+00:00,OB_CROSSED_AFTER_TOUCH,,,58.0,,,,,100.0,,,,,,,,,,,,,,,,,,,,,,,
9876,2026-06-22T01:30:00+00:00,OB_CROSSED_AFTER_TOUCH,,,56.0,,,,,100.0,,,,,,,,,,,,,,,,,,,,,,,
9876,2026-06-22T01:30:00+00:00,OB_CROSSED_AFTER_TOUCH,,,57.0,,,,,100.0,,,,,,,,,,,,,,,,,,,,,,,
9876,2026-06-22T01:30:00+00:00,OB_CROSSED_AFTER_TOUCH,,,58.0,,,,,100.0,,,,,,,,,,,,,,,,,,,,,,,
9877,2026-06-22T01:35:00+00:00,OB_CROSSED_AFTER_TOUCH,,,56.0,,,,,100.0,,,,,,,,,,,,,,,,,,,,,,,
9877,2026-06-22T01:35:00+00:00,OB_CROSSED_AFTER_TOUCH,,,57.0,,,,,100.0,,,,,,,,,,,,,,,,,,,,,,,
9877,2026-06-22T01:35:00+00:00,OB_CROSSED_AFTER_TOUCH,,,58.0,,,,,100.0,,,,,,,,,,,,,,,,,,,,,,,
9878,2026-06-22T01:40:00+00:00,OB_CROSSED_AFTER_TOUCH,,,56.0,,,,,100.0,,,,,,,,,,,,,,,,,,,,,,,
9878,2026-06-22T01:40:00+00:00,OB_CROSSED_AFTER_TOUCH,,,57.0,,,,,100.0,,,,,,,,,,,,,,,,,,,,,,,
9878,2026-06-22T01:40:00+00:00,OB_CROSSED_AFTER_TOUCH,,,58.0,,,,,100.0,,,,,,,,,,,,,,,,,,,,,,,
9879,2026-06-22T01:45:00+00:00,OB_CROSSED_AFTER_TOUCH,,,56.0,,,,,100.0,,,,,,,,,,,,,,,,,,,,,,,
9879,2026-06-22T01:45:00+00:00,OB_CROSSED_AFTER_TOUCH,,,57.0,,,,,100.0,,,,,,,,,,,,,,,,,,,,,,,
9879,2026-06-22T01:45:00+00:00,OB_CROSSED_AFTER_TOUCH,,,58.0,,,,,100.0,,,,,,,,,,,,,,,,,,,,,,,
9880,2026-06-22T01:50:00+00:00,OB_CROSSED_AFTER_TOUCH,,,56.0,,,,,100.0,,,,,,,,,,,,,,,,,,,,,,,
9880,2026-06-22T01:50:00+00:00,OB_CROSSED_AFTER_TOUCH,,,57.0,,,,,100.0,,,,,,,,,,,,,,,,,,,,,,,
9880,2026-06-22T01:50:00+00:00,OB_CROSSED_AFTER_TOUCH,,,58.0,,,,,100.0,,,,,,,,,,,,,,,,,,,,,,,
9881,2026-06-22T01:55:00+00:00,OB_CROSSED_AFTER_TOUCH,,,56.0,,,,,100.0,,,,,,,,,,,,,,,,,,,,,,,
9881,2026-06-22T01:55:00+00:00,OB_CROSSED_AFTER_TOUCH,,,57.0,,,,,100.0,,,,,,,,,,,,,,,,,,,,,,,
9881,2026-06-22T01:55:00+00:00,OB_CROSSED_AFTER_TOUCH,,,58.0,,,,,100.0,,,,,,,,,,,,,,,,,,,,,,,
9882,2026-06-22T02:00:00+00:00,OB_CROSSED_AFTER_TOUCH,,,56.0,,,,,100.0,,,,,,,,,,,,,,,,,,,,,,,
9882,2026-06-22T02:00:00+00:00,OB_CROSSED_AFTER_TOUCH,,,57.0,,,,,100.0,,,,,,,,,,,,,,,,,,,,,,,
9882,2026-06-22T02:00:00+00:00,OB_CROSSED_AFTER_TOUCH,,,58.0,,,,,100.0,,,,,,,,,,,,,,,,,,,,,,,
9883,2026-06-22T02:05:00+00:00,OB_CROSSED_AFTER_TOUCH,,,56.0,,,,,100.0,,,,,,,,,,,,,,,,,,,,,,,
9883,2026-06-22T02:05:00+00:00,OB_CROSSED_AFTER_TOUCH,,,57.0,,,,,100.0,,,,,,,,,,,,,,,,,,,,,,,
9883,2026-06-22T02:05:00+00:00,OB_CROSSED_AFTER_TOUCH,,,58.0,,,,,100.0,,,,,,,,,,,,,,,,,,,,,,,
9884,2026-06-22T02:10:00+00:00,OB_CROSSED_AFTER_TOUCH,,,56.0,,,,,100.0,,,,,,,,,,,,,,,,,,,,,,,
9884,2026-06-22T02:10:00+00:00,OB_CROSSED_AFTER_TOUCH,,,57.0,,,,,100.0,,,,,,,,,,,,,,,,,,,,,,,
9884,2026-06-22T02:10:00+00:00,OB_CROSSED_AFTER_TOUCH,,,58.0,,,,,100.0,,,,,,,,,,,,,,,,,,,,,,,
9885,2026-06-22T02:15:00+00:00,OB_CROSSED_AFTER_TOUCH,,,56.0,,,,,100.0,,,,,,,,,,,,,,,,,,,,,,,
9885,2026-06-22T02:15:00+00:00,OB_CROSSED_AFTER_TOUCH,,,57.0,,,,,100.0,,,,,,,,,,,,,,,,,,,,,,,
9885,2026-06-22T02:15:00+00:00,OB_CROSSED_AFTER_TOUCH,,,58.0,,,,,100.0,,,,,,,,,,,,,,,,,,,,,,,
9886,2026-06-22T02:20:00+00:00,OB_CROSSED_AFTER_TOUCH,,,56.0,,,,,100.0,,,,,,,,,,,,,,,,,,,,,,,
9886,2026-06-22T02:20:00+00:00,OB_CROSSED_AFTER_TOUCH,,,57.0,,,,,100.0,,,,,,,,,,,,,,,,,,,,,,,
9886,2026-06-22T02:20:00+00:00,OB_CROSSED_AFTER_TOUCH,,,58.0,,,,,100.0,,,,,,,,,,,,,,,,,,,,,,,
9887,2026-06-22T02:25:00+00:00,OB_CROSSED_AFTER_TOUCH,,,56.0,,,,,100.0,,,,,,,,,,,,,,,,,,,,,,,
9887,2026-06-22T02:25:00+00:00,OB_CROSSED_AFTER_TOUCH,,,57.0,,,,,100.0,,,,,,,,,,,,,,,,,,,,,,,
9887,2026-06-22T02:25:00+00:00,OB_CROSSED_AFTER_TOUCH,,,58.0,,,,,100.0,,,,,,,,,,,,,,,,,,,,,,,
9888,2026-06-22T02:30:00+00:00,OB_CROSSED_AFTER_TOUCH,,,56.0,,,,,100.0,,,,,,,,,,,,,,,,,,,,,,,
9888,2026-06-22T02:30:00+00:00,OB_CROSSED_AFTER_TOUCH,,,57.0,,,,,100.0,,,,,,,,,,,,,,,,,,,,,,,
9888,2026-06-22T02:30:00+00:00,OB_CROSSED_AFTER_TOUCH,,,58.0,,,,,100.0,,,,,,,,,,,,,,,,,,,,,,,
9889,2026-06-22T02:35:00+00:00,OB_CROSSED_AFTER_TOUCH,,,56.0,,,,,100.0,,,,,,,,,,,,,,,,,,,,,,,
9889,2026-06-22T02:35:00+00:00,OB_CROSSED_AFTER_TOUCH,,,57.0,,,,,100.0,,,,,,,,,,,,,,,,,,,,,,,
9889,2026-06-22T02:35:00+00:00,OB_CROSSED_AFTER_TOUCH,,,58.0,,,,,100.0,,,,,,,,,,,,,,,,,,,,,,,
9890,2026-06-22T02:40:00+00:00,OB_CROSSED_AFTER_TOUCH,,,56.0,,,,,100.0,,,,,,,,,,,,,,,,,,,,,,,
9890,2026-06-22T02:40:00+00:00,OB_CROSSED_AFTER_TOUCH,,,57.0,,,,,100.0,,,,,,,,,,,,,,,,,,,,,,,
9890,2026-06-22T02:40:00+00:00,OB_CROSSED_AFTER_TOUCH,,,58.0,,,,,100.0,,,,,,,,,,,,,,,,,,,,,,,
9891,2026-06-22T02:45:00+00:00,OB_CROSSED_AFTER_TOUCH,,,56.0,,,,,100.0,,,,,,,,,,,,,,,,,,,,,,,
9891,2026-06-22T02:45:00+00:00,OB_CROSSED_AFTER_TOUCH,,,57.0,,,,,100.0,,,,,,,,,,,,,,,,,,,,,,,
9891,2026-06-22T02:45:00+00:00,OB_CROSSED_AFTER_TOUCH,,,58.0,,,,,100.0,,,,,,,,,,,,,,,,,,,,,,,
9892,2026-06-22T02:50:00+00:00,OB_CROSSED_AFTER_TOUCH,,,56.0,,,,,100.0,,,,,,,,,,,,,,,,,,,,,,,
9892,2026-06-22T02:50:00+00:00,OB_CROSSED_AFTER_TOUCH,,,57.0,,,,,100.0,,,,,,,,,,,,,,,,,,,,,,,
9892,2026-06-22T02:50:00+00:00,OB_CROSSED_AFTER_TOUCH,,,58.0,,,,,100.0,,,,,,,,,,,,,,,,,,,,,,,
9893,2026-06-22T02:55:00+00:00,OB_CROSSED_AFTER_TOUCH,,,56.0,,,,,100.0,,,,,,,,,,,,,,,,,,,,,,,
9893,2026-06-22T02:55:00+00:00,OB_CROSSED_AFTER_TOUCH,,,57.0,,,,,100.0,,,,,,,,,,,,,,,,,,,,,,,
9893,2026-06-22T02:55:00+00:00,OB_CROSSED_AFTER_TOUCH,,,58.0,,,,,100.0,,,,,,,,,,,,,,,,,,,,,,,
9894,2026-06-22T03:00:00+00:00,OB_CROSSED_AFTER_TOUCH,,,56.0,,,,,100.0,,,,,,,,,,,,,,,,,,,,,,,
9894,2026-06-22T03:00:00+00:00,OB_CROSSED_AFTER_TOUCH,,,57.0,,,,,100.0,,,,,,,,,,,,,,,,,,,,,,,
9894,2026-06-22T03:00:00+00:00,OB_CROSSED_AFTER_TOUCH,,,58.0,,,,,100.0,,,,,,,,,,,,,,,,,,,,,,,
9895,2026-06-22T03:05:00+00:00,OB_CROSSED_AFTER_TOUCH,,,56.0,,,,,100.0,,,,,,,,,,,,,,,,,,,,,,,
9895,2026-06-22T03:05:00+00:00,OB_CROSSED_AFTER_TOUCH,,,57.0,,,,,100.0,,,,,,,,,,,,,,,,,,,,,,,
9895,2026-06-22T03:05:00+00:00,OB_CROSSED_AFTER_TOUCH,,,58.0,,,,,100.0,,,,,,,,,,,,,,,,,,,,,,,
9896,2026-06-22T03:10:00+00:00,OB_CROSSED_AFTER_TOUCH,,,56.0,,,,,100.0,,,,,,,,,,,,,,,,,,,,,,,
9896,2026-06-22T03:10:00+00:00,OB_CROSSED_AFTER_TOUCH,,,57.0,,,,,100.0,,,,,,,,,,,,,,,,,,,,,,,
9896,2026-06-22T03:10:00+00:00,OB_CROSSED_AFTER_TOUCH,,,58.0,,,,,100.0,,,,,,,,,,,,,,,,,,,,,,,
9897,2026-06-22T03:15:00+00:00,OB_EXPIRED,,,56.0,,,,,,,,,,101.0,,,,,,,,,,,,,,,,,,
9897,2026-06-22T03:15:00+00:00,OB_CROSSED_AFTER_TOUCH,,,57.0,,,,,100.0,,,,,,,,,,,,,,,,,,,,,,,
9897,2026-06-22T03:15:00+00:00,OB_CROSSED_AFTER_TOUCH,,,58.0,,,,,100.0,,,,,,,,,,,,,,,,,,,,,,,
9898,2026-06-22T03:20:00+00:00,SWEEP,bullish,4173.841,,,,,,,,,,,,,,,,,,,,,,,,,,,,,
9898,2026-06-22T03:20:00+00:00,OB_CROSSED_AFTER_TOUCH,,,57.0,,,,,100.0,,,,,,,,,,,,,,,,,,,,,,,
9898,2026-06-22T03:20:00+00:00,OB_CROSSED_AFTER_TOUCH,,,58.0,,,,,100.0,,,,,,,,,,,,,,,,,,,,,,,
9899,2026-06-22T03:25:00+00:00,OB_CROSSED_AFTER_TOUCH,,,57.0,,,,,100.0,,,,,,,,,,,,,,,,,,,,,,,
9899,2026-06-22T03:25:00+00:00,OB_CROSSED_AFTER_TOUCH,,,58.0,,,,,100.0,,,,,,,,,,,,,,,,,,,,,,,
9900,2026-06-22T03:30:00+00:00,OB_CROSSED_AFTER_TOUCH,,,57.0,,,,,100.0,,,,,,,,,,,,,,,,,,,,,,,
9900,2026-06-22T03:30:00+00:00,OB_CROSSED_AFTER_TOUCH,,,58.0,,,,,100.0,,,,,,,,,,,,,,,,,,,,,,,
9901,2026-06-22T03:35:00+00:00,OB_CROSSED_AFTER_TOUCH,,,57.0,,,,,100.0,,,,,,,,,,,,,,,,,,,,,,,
9901,2026-06-22T03:35:00+00:00,OB_CROSSED_AFTER_TOUCH,,,58.0,,,,,100.0,,,,,,,,,,,,,,,,,,,,,,,
9902,2026-06-22T03:40:00+00:00,OB_CROSSED_AFTER_TOUCH,,,57.0,,,,,100.0,,,,,,,,,,,,,,,,,,,,,,,
9902,2026-06-22T03:40:00+00:00,OB_CROSSED_AFTER_TOUCH,,,58.0,,,,,100.0,,,,,,,,,,,,,,,,,,,,,,,
9903,2026-06-22T03:45:00+00:00,OB_CROSSED_AFTER_TOUCH,,,57.0,,,,,100.0,,,,,,,,,,,,,,,,,,,,,,,
9903,2026-06-22T03:45:00+00:00,OB_CROSSED_AFTER_TOUCH,,,58.0,,,,,100.0,,,,,,,,,,,,,,,,,,,,,,,
9904,2026-06-22T03:50:00+00:00,OB_CROSSED_AFTER_TOUCH,,,57.0,,,,,100.0,,,,,,,,,,,,,,,,,,,,,,,
9904,2026-06-22T03:50:00+00:00,OB_CROSSED_AFTER_TOUCH,,,58.0,,,,,100.0,,,,,,,,,,,,,,,,,,,,,,,
9905,2026-06-22T03:55:00+00:00,OB_CROSSED_AFTER_TOUCH,,,57.0,,,,,100.0,,,,,,,,,,,,,,,,,,,,,,,
9905,2026-06-22T03:55:00+00:00,OB_CROSSED_AFTER_TOUCH,,,58.0,,,,,100.0,,,,,,,,,,,,,,,,,,,,,,,
9906,2026-06-22T04:00:00+00:00,OB_CROSSED_AFTER_TOUCH,,,57.0,,,,,100.0,,,,,,,,,,,,,,,,,,,,,,,
9906,2026-06-22T04:00:00+00:00,OB_CROSSED_AFTER_TOUCH,,,58.0,,,,,100.0,,,,,,,,,,,,,,,,,,,,,,,
9907,2026-06-22T04:05:00+00:00,OB_CROSSED_AFTER_TOUCH,,,57.0,,,,,100.0,,,,,,,,,,,,,,,,,,,,,,,
9907,2026-06-22T04:05:00+00:00,OB_CROSSED_AFTER_TOUCH,,,58.0,,,,,100.0,,,,,,,,,,,,,,,,,,,,,,,
9908,2026-06-22T04:10:00+00:00,OB_CROSSED_AFTER_TOUCH,,,57.0,,,,,100.0,,,,,,,,,,,,,,,,,,,,,,,
9908,2026-06-22T04:10:00+00:00,OB_CROSSED_AFTER_TOUCH,,,58.0,,,,,100.0,,,,,,,,,,,,,,,,,,,,,,,
9909,2026-06-22T04:15:00+00:00,OB_CROSSED_AFTER_TOUCH,,,57.0,,,,,100.0,,,,,,,,,,,,,,,,,,,,,,,
9909,2026-06-22T04:15:00+00:00,OB_CROSSED_AFTER_TOUCH,,,58.0,,,,,100.0,,,,,,,,,,,,,,,,,,,,,,,
9910,2026-06-22T04:20:00+00:00,OB_CROSSED_AFTER_TOUCH,,,57.0,,,,,100.0,,,,,,,,,,,,,,,,,,,,,,,
9910,2026-06-22T04:20:00+00:00,OB_CROSSED_AFTER_TOUCH,,,58.0,,,,,100.0,,,,,,,,,,,,,,,,,,,,,,,
9911,2026-06-22T04:25:00+00:00,OB_CROSSED_AFTER_TOUCH,,,57.0,,,,,100.0,,,,,,,,,,,,,,,,,,,,,,,
9911,2026-06-22T04:25:00+00:00,OB_CROSSED_AFTER_TOUCH,,,58.0,,,,,100.0,,,,,,,,,,,,,,,,,,,,,,,
9912,2026-06-22T04:30:00+00:00,OB_CROSSED_AFTER_TOUCH,,,57.0,,,,,100.0,,,,,,,,,,,,,,,,,,,,,,,
9912,2026-06-22T04:30:00+00:00,OB_CROSSED_AFTER_TOUCH,,,58.0,,,,,100.0,,,,,,,,,,,,,,,,,,,,,,,
9913,2026-06-22T04:35:00+00:00,OB_CROSSED_AFTER_TOUCH,,,57.0,,,,,100.0,,,,,,,,,,,,,,,,,,,,,,,
9913,2026-06-22T04:35:00+00:00,OB_CROSSED_AFTER_TOUCH,,,58.0,,,,,100.0,,,,,,,,,,,,,,,,,,,,,,,
9914,2026-06-22T04:40:00+00:00,OB_CROSSED_AFTER_TOUCH,,,57.0,,,,,100.0,,,,,,,,,,,,,,,,,,,,,,,
9914,2026-06-22T04:40:00+00:00,OB_CROSSED_AFTER_TOUCH,,,58.0,,,,,100.0,,,,,,,,,,,,,,,,,,,,,,,
9915,2026-06-22T04:45:00+00:00,OB_CROSSED_AFTER_TOUCH,,,57.0,,,,,100.0,,,,,,,,,,,,,,,,,,,,,,,
9915,2026-06-22T04:45:00+00:00,OB_CROSSED_AFTER_TOUCH,,,58.0,,,,,100.0,,,,,,,,,,,,,,,,,,,,,,,
9916,2026-06-22T04:50:00+00:00,OB_CROSSED_AFTER_TOUCH,,,57.0,,,,,100.0,,,,,,,,,,,,,,,,,,,,,,,
9916,2026-06-22T04:50:00+00:00,OB_CROSSED_AFTER_TOUCH,,,58.0,,,,,100.0,,,,,,,,,,,,,,,,,,,,,,,
9917,2026-06-22T04:55:00+00:00,OB_CROSSED_AFTER_TOUCH,,,57.0,,,,,100.0,,,,,,,,,,,,,,,,,,,,,,,
9917,2026-06-22T04:55:00+00:00,OB_CROSSED_AFTER_TOUCH,,,58.0,,,,,100.0,,,,,,,,,,,,,,,,,,,,,,,
9918,2026-06-22T05:00:00+00:00,SWEEP,bearish,4182.077,,,,,,,,,,,,,,,,,,,,,,,,,,,,,
9918,2026-06-22T05:00:00+00:00,OB_CROSSED_AFTER_TOUCH,,,57.0,,,,,100.0,,,,,,,,,,,,,,,,,,,,,,,
9918,2026-06-22T05:00:00+00:00,OB_CROSSED_AFTER_TOUCH,,,58.0,,,,,100.0,,,,,,,,,,,,,,,,,,,,,,,
9919,2026-06-22T05:05:00+00:00,OB_CROSSED_AFTER_TOUCH,,,57.0,,,,,100.0,,,,,,,,,,,,,,,,,,,,,,,
9919,2026-06-22T05:05:00+00:00,OB_CROSSED_AFTER_TOUCH,,,58.0,,,,,100.0,,,,,,,,,,,,,,,,,,,,,,,
9920,2026-06-22T05:10:00+00:00,OB_CROSSED_AFTER_TOUCH,,,57.0,,,,,100.0,,,,,,,,,,,,,,,,,,,,,,,
9920,2026-06-22T05:10:00+00:00,OB_CROSSED_AFTER_TOUCH,,,58.0,,,,,100.0,,,,,,,,,,,,,,,,,,,,,,,
9921,2026-06-22T05:15:00+00:00,OB_CROSSED_AFTER_TOUCH,,,57.0,,,,,100.0,,,,,,,,,,,,,,,,,,,,,,,
9921,2026-06-22T05:15:00+00:00,OB_CROSSED_AFTER_TOUCH,,,58.0,,,,,100.0,,,,,,,,,,,,,,,,,,,,,,,
9922,2026-06-22T05:20:00+00:00,OB_CROSSED_AFTER_TOUCH,,,57.0,,,,,100.0,,,,,,,,,,,,,,,,,,,,,,,
9922,2026-06-22T05:20:00+00:00,OB_CROSSED_AFTER_TOUCH,,,58.0,,,,,100.0,,,,,,,,,,,,,,,,,,,,,,,
9923,2026-06-22T05:25:00+00:00,OB_CROSSED_AFTER_TOUCH,,,57.0,,,,,100.0,,,,,,,,,,,,,,,,,,,,,,,
9923,2026-06-22T05:25:00+00:00,OB_CROSSED_AFTER_TOUCH,,,58.0,,,,,100.0,,,,,,,,,,,,,,,,,,,,,,,
9924,2026-06-22T05:30:00+00:00,SWEEP,bearish,4194.203,,,,,,,,,,,,,,,,,,,,,,,,,,,,,
9924,2026-06-22T05:30:00+00:00,OB_CROSSED_AFTER_TOUCH,,,57.0,,,,,100.0,,,,,,,,,,,,,,,,,,,,,,,
9924,2026-06-22T05:30:00+00:00,OB_CROSSED_AFTER_TOUCH,,,58.0,,,,,100.0,,,,,,,,,,,,,,,,,,,,,,,
9925,2026-06-22T05:35:00+00:00,SWEEP,bearish,4196.854,,,,,,,,,,,,,,,,,,,,,,,,,,,,,
9925,2026-06-22T05:35:00+00:00,OB_CROSSED_AFTER_TOUCH,,,57.0,,,,,100.0,,,,,,,,,,,,,,,,,,,,,,,
9925,2026-06-22T05:35:00+00:00,OB_CROSSED_AFTER_TOUCH,,,58.0,,,,,100.0,,,,,,,,,,,,,,,,,,,,,,,
9926,2026-06-22T05:40:00+00:00,SWEEP,bearish,4198.144,,,,,,,,,,,,,,,,,,,,,,,,,,,,,
9926,2026-06-22T05:40:00+00:00,OB_CROSSED_AFTER_TOUCH,,,57.0,,,,,100.0,,,,,,,,,,,,,,,,,,,,,,,
9926,2026-06-22T05:40:00+00:00,OB_CROSSED_AFTER_TOUCH,,,58.0,,,,,100.0,,,,,,,,,,,,,,,,,,,,,,,
9927,2026-06-22T05:45:00+00:00,OB_CROSSED_AFTER_TOUCH,,,57.0,,,,,100.0,,,,,,,,,,,,,,,,,,,,,,,
9927,2026-06-22T05:45:00+00:00,OB_CROSSED_AFTER_TOUCH,,,58.0,,,,,100.0,,,,,,,,,,,,,,,,,,,,,,,
9928,2026-06-22T05:50:00+00:00,OB_CROSSED_AFTER_TOUCH,,,57.0,,,,,100.0,,,,,,,,,,,,,,,,,,,,,,,
9928,2026-06-22T05:50:00+00:00,OB_CROSSED_AFTER_TOUCH,,,58.0,,,,,100.0,,,,,,,,,,,,,,,,,,,,,,,
9929,2026-06-22T05:55:00+00:00,OB_CROSSED_AFTER_TOUCH,,,57.0,,,,,100.0,,,,,,,,,,,,,,,,,,,,,,,
9929,2026-06-22T05:55:00+00:00,OB_CROSSED_AFTER_TOUCH,,,58.0,,,,,100.0,,,,,,,,,,,,,,,,,,,,,,,
9930,2026-06-22T06:00:00+00:00,OB_CROSSED_AFTER_TOUCH,,,57.0,,,,,100.0,,,,,,,,,,,,,,,,,,,,,,,
9930,2026-06-22T06:00:00+00:00,OB_CROSSED_AFTER_TOUCH,,,58.0,,,,,100.0,,,,,,,,,,,,,,,,,,,,,,,
9931,2026-06-22T06:05:00+00:00,OB_CROSSED_AFTER_TOUCH,,,57.0,,,,,100.0,,,,,,,,,,,,,,,,,,,,,,,
9931,2026-06-22T06:05:00+00:00,OB_CROSSED_AFTER_TOUCH,,,58.0,,,,,100.0,,,,,,,,,,,,,,,,,,,,,,,
9932,2026-06-22T06:10:00+00:00,SWEEP,bearish,4198.494,,,,,,,,,,,,,,,,,,,,,,,,,,,,,
9932,2026-06-22T06:10:00+00:00,OB_CROSSED_AFTER_TOUCH,,,57.0,,,,,100.0,,,,,,,,,,,,,,,,,,,,,,,
9932,2026-06-22T06:10:00+00:00,OB_CROSSED_AFTER_TOUCH,,,58.0,,,,,100.0,,,,,,,,,,,,,,,,,,,,,,,
9933,2026-06-22T06:15:00+00:00,SWEEP,bearish,4198.538,,,,,,,,,,,,,,,,,,,,,,,,,,,,,
9933,2026-06-22T06:15:00+00:00,OB_CROSSED_AFTER_TOUCH,,,57.0,,,,,100.0,,,,,,,,,,,,,,,,,,,,,,,
9933,2026-06-22T06:15:00+00:00,OB_CROSSED_AFTER_TOUCH,,,58.0,,,,,100.0,,,,,,,,,,,,,,,,,,,,,,,
9934,2026-06-22T06:20:00+00:00,OB_CROSSED_AFTER_TOUCH,,,57.0,,,,,100.0,,,,,,,,,,,,,,,,,,,,,,,
9934,2026-06-22T06:20:00+00:00,OB_CROSSED_AFTER_TOUCH,,,58.0,,,,,100.0,,,,,,,,,,,,,,,,,,,,,,,
9935,2026-06-22T06:25:00+00:00,SWEEP,bearish,4200.648,,,,,,,,,,,,,,,,,,,,,,,,,,,,,
9935,2026-06-22T06:25:00+00:00,OB_CROSSED_AFTER_TOUCH,,,57.0,,,,,100.0,,,,,,,,,,,,,,,,,,,,,,,
9935,2026-06-22T06:25:00+00:00,OB_CROSSED_AFTER_TOUCH,,,58.0,,,,,100.0,,,,,,,,,,,,,,,,,,,,,,,
9936,2026-06-22T06:30:00+00:00,OB_CROSSED_AFTER_TOUCH,,,57.0,,,,,100.0,,,,,,,,,,,,,,,,,,,,,,,
9936,2026-06-22T06:30:00+00:00,OB_CROSSED_AFTER_TOUCH,,,58.0,,,,,100.0,,,,,,,,,,,,,,,,,,,,,,,
9937,2026-06-22T06:35:00+00:00,OB_CROSSED_AFTER_TOUCH,,,57.0,,,,,100.0,,,,,,,,,,,,,,,,,,,,,,,
9937,2026-06-22T06:35:00+00:00,OB_CROSSED_AFTER_TOUCH,,,58.0,,,,,100.0,,,,,,,,,,,,,,,,,,,,,,,
9938,2026-06-22T06:40:00+00:00,OB_CROSSED_AFTER_TOUCH,,,57.0,,,,,100.0,,,,,,,,,,,,,,,,,,,,,,,
9938,2026-06-22T06:40:00+00:00,OB_CROSSED_AFTER_TOUCH,,,58.0,,,,,100.0,,,,,,,,,,,,,,,,,,,,,,,
9939,2026-06-22T06:45:00+00:00,SWEEP,bearish,4202.531,,,,,,,,,,,,,,,,,,,,,,,,,,,,,
9939,2026-06-22T06:45:00+00:00,OB_CROSSED_AFTER_TOUCH,,,57.0,,,,,100.0,,,,,,,,,,,,,,,,,,,,,,,
9939,2026-06-22T06:45:00+00:00,OB_CROSSED_AFTER_TOUCH,,,58.0,,,,,100.0,,,,,,,,,,,,,,,,,,,,,,,
9940,2026-06-22T06:50:00+00:00,SWEEP,bearish,4204.765,,,,,,,,,,,,,,,,,,,,,,,,,,,,,
9940,2026-06-22T06:50:00+00:00,OB_CROSSED_AFTER_TOUCH,,,57.0,,,,,100.0,,,,,,,,,,,,,,,,,,,,,,,
9940,2026-06-22T06:50:00+00:00,OB_CROSSED_AFTER_TOUCH,,,58.0,,,,,100.0,,,,,,,,,,,,,,,,,,,,,,,
9941,2026-06-22T06:55:00+00:00,OB_CROSSED_AFTER_TOUCH,,,57.0,,,,,100.0,,,,,,,,,,,,,,,,,,,,,,,
9941,2026-06-22T06:55:00+00:00,OB_CROSSED_AFTER_TOUCH,,,58.0,,,,,100.0,,,,,,,,,,,,,,,,,,,,,,,
9942,2026-06-22T07:00:00+00:00,OB_CROSSED_AFTER_TOUCH,,,57.0,,,,,100.0,,,,,,,,,,,,,,,,,,,,,,,
9942,2026-06-22T07:00:00+00:00,OB_CROSSED_AFTER_TOUCH,,,58.0,,,,,100.0,,,,,,,,,,,,,,,,,,,,,,,
9943,2026-06-22T07:05:00+00:00,OB_CROSSED_AFTER_TOUCH,,,57.0,,,,,100.0,,,,,,,,,,,,,,,,,,,,,,,
9943,2026-06-22T07:05:00+00:00,OB_CROSSED_AFTER_TOUCH,,,58.0,,,,,100.0,,,,,,,,,,,,,,,,,,,,,,,
9944,2026-06-22T07:10:00+00:00,OB_CROSSED_AFTER_TOUCH,,,57.0,,,,,100.0,,,,,,,,,,,,,,,,,,,,,,,
9944,2026-06-22T07:10:00+00:00,OB_CROSSED_AFTER_TOUCH,,,58.0,,,,,100.0,,,,,,,,,,,,,,,,,,,,,,,
9945,2026-06-22T07:15:00+00:00,OB_CROSSED_AFTER_TOUCH,,,57.0,,,,,100.0,,,,,,,,,,,,,,,,,,,,,,,
9945,2026-06-22T07:15:00+00:00,OB_CROSSED_AFTER_TOUCH,,,58.0,,,,,100.0,,,,,,,,,,,,,,,,,,,,,,,
9946,2026-06-22T07:20:00+00:00,OB_CROSSED_AFTER_TOUCH,,,57.0,,,,,100.0,,,,,,,,,,,,,,,,,,,,,,,
9946,2026-06-22T07:20:00+00:00,OB_CROSSED_AFTER_TOUCH,,,58.0,,,,,100.0,,,,,,,,,,,,,,,,,,,,,,,
9947,2026-06-22T07:25:00+00:00,OB_CROSSED_AFTER_TOUCH,,,57.0,,,,,100.0,,,,,,,,,,,,,,,,,,,,,,,
9947,2026-06-22T07:25:00+00:00,OB_CROSSED_AFTER_TOUCH,,,58.0,,,,,100.0,,,,,,,,,,,,,,,,,,,,,,,
9948,2026-06-22T07:30:00+00:00,OB_CROSSED_AFTER_TOUCH,,,57.0,,,,,100.0,,,,,,,,,,,,,,,,,,,,,,,
9948,2026-06-22T07:30:00+00:00,OB_CROSSED_AFTER_TOUCH,,,58.0,,,,,100.0,,,,,,,,,,,,,,,,,,,,,,,
9949,2026-06-22T07:35:00+00:00,OB_CROSSED_AFTER_TOUCH,,,57.0,,,,,100.0,,,,,,,,,,,,,,,,,,,,,,,
9949,2026-06-22T07:35:00+00:00,OB_CROSSED_AFTER_TOUCH,,,58.0,,,,,100.0,,,,,,,,,,,,,,,,,,,,,,,
9950,2026-06-22T07:40:00+00:00,OB_CROSSED_AFTER_TOUCH,,,57.0,,,,,100.0,,,,,,,,,,,,,,,,,,,,,,,
9950,2026-06-22T07:40:00+00:00,OB_CROSSED_AFTER_TOUCH,,,58.0,,,,,100.0,,,,,,,,,,,,,,,,,,,,,,,
9951,2026-06-22T07:45:00+00:00,OB_EXPIRED,,,57.0,,,,,,,,,,101.0,,,,,,,,,,,,,,,,,,
9951,2026-06-22T07:45:00+00:00,OB_CROSSED_AFTER_TOUCH,,,58.0,,,,,100.0,,,,,,,,,,,,,,,,,,,,,,,
9952,2026-06-22T07:50:00+00:00,OB_CROSSED_AFTER_TOUCH,,,58.0,,,,,100.0,,,,,,,,,,,,,,,,,,,,,,,
9953,2026-06-22T07:55:00+00:00,OB_CROSSED_AFTER_TOUCH,,,58.0,,,,,100.0,,,,,,,,,,,,,,,,,,,,,,,
9954,2026-06-22T08:00:00+00:00,OB_CROSSED_AFTER_TOUCH,,,58.0,,,,,100.0,,,,,,,,,,,,,,,,,,,,,,,
9955,2026-06-22T08:05:00+00:00,OB_EXPIRED,,,58.0,,,,,,,,,,101.0,,,,,,,,,,,,,,,,,,
9972,2026-06-22T09:30:00+00:00,SWEEP,bearish,4209.597,,,,,,,,,,,,,,,,,,,,,,,,,,,,,
9977,2026-06-22T09:55:00+00:00,SWEEP,bearish,4210.147,,,,,,,,,,,,,,,,,,,,,,,,,,,,,
9991,2026-06-22T11:05:00+00:00,SWEEP,bearish,4214.271,,,,,,,,,,,,,,,,,,,,,,,,,,,,,
9995,2026-06-22T11:25:00+00:00,SWEEP,bullish,4203.5,,,,,,,,,,,,,,,,,,,,,,,,,,,,,
9997,2026-06-22T11:35:00+00:00,SWEEP,bullish,4203.24,,,,,,,,,,,,,,,,,,,,,,,,,,,,,
10000,2026-06-22T11:50:00+00:00,SWEEP,bullish,4202.208,,,,,,,,,,,,,,,,,,,,,,,,,,,,,
10010,2026-06-22T12:40:00+00:00,SWEEP,bullish,4201.277,,,,,,,,,,,,,,,,,,,,,,,,,,,,,
10011,2026-06-22T12:45:00+00:00,SWEEP,bullish,4200.741,,,,,,,,,,,,,,,,,,,,,,,,,,,,,
10014,2026-06-22T13:00:00+00:00,SWEEP,bullish,4192.304,,,,,,,,,,,,,,,,,,,,,,,,,,,,,
10020,2026-06-22T13:30:00+00:00,SWEEP,bullish,4185.29,,,,,,,,,,,,,,,,,,,,,,,,,,,,,
10048,2026-06-22T15:50:00+00:00,SWEEP,bullish,4169.862,,,,,,,,,,,,,,,,,,,,,,,,,,,,,
10086,2026-06-22T19:00:00+00:00,SWEEP,bearish,4192.88,,,,,,,,,,,,,,,,,,,,,,,,,,,,,
10093,2026-06-22T19:35:00+00:00,OB_FORMED,bearish,,59.0,4186.75,4190.346,73.78,"{'body': 20.57, 'fvg': 5.18, 'sweep': 22.19, 'break': 5.24, 'ob_size': 10.6, 'adjacency': 10}",,,,,,,,,,,,,,,,,,,,,,,,
10096,2026-06-22T19:50:00+00:00,OB_TOUCH,,,59.0,,,,,17.825361512783704,,,,,,,,,,,,,,,,,,,,,,,
10096,2026-06-22T19:50:00+00:00,WAIT_MTF_CONTEXT,,,59.0,,,,,,bearish,neutral,neutral,46.15,,,,,,,,,,,,,,,,,,,
10097,2026-06-22T19:55:00+00:00,OB_CROSSED_AFTER_TOUCH,,,59.0,,,,,100.0,,,,,,,,,,,,,,,,,,,,,,,
10098,2026-06-22T20:00:00+00:00,SWEEP,bearish,4193.419,,,,,,,,,,,,,,,,,,,,,,,,,,,,,
10098,2026-06-22T20:00:00+00:00,OB_CROSSED_AFTER_TOUCH,,,59.0,,,,,100.0,,,,,,,,,,,,,,,,,,,,,,,
10099,2026-06-22T20:05:00+00:00,OB_CROSSED_AFTER_TOUCH,,,59.0,,,,,100.0,,,,,,,,,,,,,,,,,,,,,,,
10100,2026-06-22T20:10:00+00:00,OB_CROSSED_AFTER_TOUCH,,,59.0,,,,,100.0,,,,,,,,,,,,,,,,,,,,,,,
10101,2026-06-22T20:15:00+00:00,OB_CROSSED_AFTER_TOUCH,,,59.0,,,,,100.0,,,,,,,,,,,,,,,,,,,,,,,
10102,2026-06-22T20:20:00+00:00,WAIT_MTF_CONTEXT,,,59.0,,,,,,bearish,neutral,bullish,46.15,,,,,,,,,,,,,,,,,,,
10103,2026-06-22T20:25:00+00:00,WAIT_MTF_CONTEXT,,,59.0,,,,,,bearish,neutral,bullish,46.15,,,,,,,,,,,,,,,,,,,
10104,2026-06-22T20:30:00+00:00,OB_CROSSED_AFTER_TOUCH,,,59.0,,,,,100.0,,,,,,,,,,,,,,,,,,,,,,,
10105,2026-06-22T20:35:00+00:00,SWEEP,bearish,4193.672,,,,,,,,,,,,,,,,,,,,,,,,,,,,,
10105,2026-06-22T20:35:00+00:00,OB_CROSSED_AFTER_TOUCH,,,59.0,,,,,100.0,,,,,,,,,,,,,,,,,,,,,,,
10106,2026-06-22T20:40:00+00:00,OB_CROSSED_AFTER_TOUCH,,,59.0,,,,,100.0,,,,,,,,,,,,,,,,,,,,,,,
10107,2026-06-22T20:45:00+00:00,OB_CROSSED_AFTER_TOUCH,,,59.0,,,,,100.0,,,,,,,,,,,,,,,,,,,,,,,
10108,2026-06-22T20:50:00+00:00,OB_CROSSED_AFTER_TOUCH,,,59.0,,,,,100.0,,,,,,,,,,,,,,,,,,,,,,,
10109,2026-06-22T20:55:00+00:00,OB_CROSSED_AFTER_TOUCH,,,59.0,,,,,100.0,,,,,,,,,,,,,,,,,,,,,,,
10110,2026-06-22T22:00:00+00:00,SWEEP,bearish,4193.708,,,,,,,,,,,,,,,,,,,,,,,,,,,,,
10110,2026-06-22T22:00:00+00:00,OB_CROSSED_AFTER_TOUCH,,,59.0,,,,,100.0,,,,,,,,,,,,,,,,,,,,,,,
10111,2026-06-22T22:05:00+00:00,OB_CROSSED_AFTER_TOUCH,,,59.0,,,,,100.0,,,,,,,,,,,,,,,,,,,,,,,
10112,2026-06-22T22:10:00+00:00,OB_CROSSED_AFTER_TOUCH,,,59.0,,,,,100.0,,,,,,,,,,,,,,,,,,,,,,,
10113,2026-06-22T22:15:00+00:00,OB_CROSSED_AFTER_TOUCH,,,59.0,,,,,100.0,,,,,,,,,,,,,,,,,,,,,,,
10114,2026-06-22T22:20:00+00:00,OB_CROSSED_AFTER_TOUCH,,,59.0,,,,,100.0,,,,,,,,,,,,,,,,,,,,,,,
10115,2026-06-22T22:25:00+00:00,OB_CROSSED_AFTER_TOUCH,,,59.0,,,,,100.0,,,,,,,,,,,,,,,,,,,,,,,
10116,2026-06-22T22:30:00+00:00,SWEEP,bearish,4194.44,,,,,,,,,,,,,,,,,,,,,,,,,,,,,
10116,2026-06-22T22:30:00+00:00,OB_CROSSED_AFTER_TOUCH,,,59.0,,,,,100.0,,,,,,,,,,,,,,,,,,,,,,,
10117,2026-06-22T22:35:00+00:00,OB_CROSSED_AFTER_TOUCH,,,59.0,,,,,100.0,,,,,,,,,,,,,,,,,,,,,,,
10118,2026-06-22T22:40:00+00:00,WAIT_MTF_CONTEXT,,,59.0,,,,,,bearish,neutral,bullish,46.15,,,,,,,,,,,,,,,,,,,
10119,2026-06-22T22:45:00+00:00,SWEEP,bullish,4188.604,,,,,,,,,,,,,,,,,,,,,,,,,,,,,
10119,2026-06-22T22:45:00+00:00,WAIT_MTF_CONTEXT,,,59.0,,,,,,bearish,neutral,bullish,46.15,,,,,,,,,,,,,,,,,,,
10120,2026-06-22T22:50:00+00:00,WAIT_MTF_CONTEXT,,,59.0,,,,,,bearish,neutral,bullish,46.15,,,,,,,,,,,,,,,,,,,
10121,2026-06-22T22:55:00+00:00,WAIT_MTF_CONTEXT,,,59.0,,,,,,bearish,neutral,bullish,46.15,,,,,,,,,,,,,,,,,,,
10122,2026-06-22T23:00:00+00:00,OB_CROSSED_AFTER_TOUCH,,,59.0,,,,,100.0,,,,,,,,,,,,,,,,,,,,,,,
10123,2026-06-22T23:05:00+00:00,OB_CROSSED_AFTER_TOUCH,,,59.0,,,,,100.0,,,,,,,,,,,,,,,,,,,,,,,
10124,2026-06-22T23:10:00+00:00,OB_CROSSED_AFTER_TOUCH,,,59.0,,,,,100.0,,,,,,,,,,,,,,,,,,,,,,,
10125,2026-06-22T23:15:00+00:00,OB_CROSSED_AFTER_TOUCH,,,59.0,,,,,100.0,,,,,,,,,,,,,,,,,,,,,,,
10126,2026-06-22T23:20:00+00:00,OB_CROSSED_AFTER_TOUCH,,,59.0,,,,,100.0,,,,,,,,,,,,,,,,,,,,,,,
10127,2026-06-22T23:25:00+00:00,OB_CROSSED_AFTER_TOUCH,,,59.0,,,,,100.0,,,,,,,,,,,,,,,,,,,,,,,
10128,2026-06-22T23:30:00+00:00,OB_CROSSED_AFTER_TOUCH,,,59.0,,,,,100.0,,,,,,,,,,,,,,,,,,,,,,,
10129,2026-06-22T23:35:00+00:00,OB_CROSSED_AFTER_TOUCH,,,59.0,,,,,100.0,,,,,,,,,,,,,,,,,,,,,,,
10130,2026-06-22T23:40:00+00:00,SWEEP,bearish,4195.024,,,,,,,,,,,,,,,,,,,,,,,,,,,,,
10130,2026-06-22T23:40:00+00:00,OB_CROSSED_AFTER_TOUCH,,,59.0,,,,,100.0,,,,,,,,,,,,,,,,,,,,,,,
10131,2026-06-22T23:45:00+00:00,OB_CROSSED_AFTER_TOUCH,,,59.0,,,,,100.0,,,,,,,,,,,,,,,,,,,,,,,
10132,2026-06-22T23:50:00+00:00,WAIT_MTF_CONTEXT,,,59.0,,,,,,bearish,neutral,bullish,46.15,,,,,,,,,,,,,,,,,,,
10133,2026-06-22T23:55:00+00:00,WAIT_MTF_CONTEXT,,,59.0,,,,,,bearish,neutral,bullish,46.15,,,,,,,,,,,,,,,,,,,
10134,2026-06-23T00:00:00+00:00,SWEEP,bullish,4186.767,,,,,,,,,,,,,,,,,,,,,,,,,,,,,
10134,2026-06-23T00:00:00+00:00,WAIT_MTF_CONTEXT,,,59.0,,,,,,bearish,neutral,bullish,46.15,,,,,,,,,,,,,,,,,,,
10135,2026-06-23T00:05:00+00:00,WAIT_MTF_CONTEXT,,,59.0,,,,,,bearish,neutral,bullish,46.15,,,,,,,,,,,,,,,,,,,
10134,2026-06-23T00:00:00+00:00,OB_FORMED,bearish,,60.0,4186.5,4192.244,69.7,"{'body': 17.8, 'fvg': 10.18, 'sweep': 21.52, 'break': 9.37, 'ob_size': 0.84, 'adjacency': 10}",,,,,,,,,,,,,,,,,,,,,,,,
10136,2026-06-23T00:10:00+00:00,WAIT_MTF_CONTEXT,,,59.0,,,,,,bearish,neutral,bullish,46.15,,,,,,,,,,,,,,,,,,,
10137,2026-06-23T00:15:00+00:00,WAIT_MTF_CONTEXT,,,59.0,,,,,,bearish,neutral,bullish,46.15,,,,,,,,,,,,,,,,,,,
10138,2026-06-23T00:20:00+00:00,WAIT_MTF_CONTEXT,,,59.0,,,,,,bearish,neutral,bullish,46.15,,,,,,,,,,,,,,,,,,,
10139,2026-06-23T00:25:00+00:00,WAIT_MTF_CONTEXT,,,59.0,,,,,,bearish,neutral,bullish,46.15,,,,,,,,,,,,,,,,,,,
10140,2026-06-23T00:30:00+00:00,WAIT_MTF_CONTEXT,,,59.0,,,,,,bearish,neutral,bullish,46.15,,,,,,,,,,,,,,,,,,,
10141,2026-06-23T00:35:00+00:00,WAIT_MTF_CONTEXT,,,59.0,,,,,,bearish,neutral,bullish,46.15,,,,,,,,,,,,,,,,,,,
10142,2026-06-23T00:40:00+00:00,OB_CROSSED_AFTER_TOUCH,,,59.0,,,,,100.0,,,,,,,,,,,,,,,,,,,,,,,
10142,2026-06-23T00:40:00+00:00,OB_TOUCH,,,60.0,,,,,100.0,,,,,,,,,,,,,,,,,,,,,,,
10142,2026-06-23T00:40:00+00:00,OB_CROSSED_AFTER_TOUCH,,,60.0,,,,,100.0,,,,,,,,,,,,,,,,,,,,,,,
10143,2026-06-23T00:45:00+00:00,OB_CROSSED_AFTER_TOUCH,,,59.0,,,,,100.0,,,,,,,,,,,,,,,,,,,,,,,
10143,2026-06-23T00:45:00+00:00,WAIT_MTF_CONTEXT,,,60.0,,,,,,bearish,neutral,bullish,46.15,,,,,,,,,,,,,,,,,,,
10144,2026-06-23T00:50:00+00:00,OB_CROSSED_AFTER_TOUCH,,,59.0,,,,,100.0,,,,,,,,,,,,,,,,,,,,,,,
10144,2026-06-23T00:50:00+00:00,WAIT_MTF_CONTEXT,,,60.0,,,,,,bearish,neutral,bullish,46.15,,,,,,,,,,,,,,,,,,,
10145,2026-06-23T00:55:00+00:00,OB_CROSSED_AFTER_TOUCH,,,59.0,,,,,100.0,,,,,,,,,,,,,,,,,,,,,,,
10145,2026-06-23T00:55:00+00:00,OB_CROSSED_AFTER_TOUCH,,,60.0,,,,,100.0,,,,,,,,,,,,,,,,,,,,,,,
10146,2026-06-23T01:00:00+00:00,SWEEP,bearish,4195.387,,,,,,,,,,,,,,,,,,,,,,,,,,,,,
10146,2026-06-23T01:00:00+00:00,WAIT_MTF_CONTEXT,,,59.0,,,,,,bearish,neutral,neutral,46.15,,,,,,,,,,,,,,,,,,,
10146,2026-06-23T01:00:00+00:00,WAIT_MTF_CONTEXT,,,60.0,,,,,,bearish,neutral,neutral,46.15,,,,,,,,,,,,,,,,,,,
10147,2026-06-23T01:05:00+00:00,WAIT_MTF_CONTEXT,,,59.0,,,,,,bearish,neutral,neutral,46.15,,,,,,,,,,,,,,,,,,,
10147,2026-06-23T01:05:00+00:00,WAIT_MTF_CONTEXT,,,60.0,,,,,,bearish,neutral,neutral,46.15,,,,,,,,,,,,,,,,,,,
10148,2026-06-23T01:10:00+00:00,WAIT_MTF_CONTEXT,,,59.0,,,,,,bearish,neutral,neutral,46.15,,,,,,,,,,,,,,,,,,,
10148,2026-06-23T01:10:00+00:00,WAIT_MTF_CONTEXT,,,60.0,,,,,,bearish,neutral,neutral,46.15,,,,,,,,,,,,,,,,,,,
10149,2026-06-23T01:15:00+00:00,WAIT_MTF_CONTEXT,,,59.0,,,,,,bearish,neutral,neutral,46.15,,,,,,,,,,,,,,,,,,,
10149,2026-06-23T01:15:00+00:00,WAIT_MTF_CONTEXT,,,60.0,,,,,,bearish,neutral,neutral,46.15,,,,,,,,,,,,,,,,,,,
10150,2026-06-23T01:20:00+00:00,SWEEP,bullish,4172.057,,,,,,,,,,,,,,,,,,,,,,,,,,,,,
10150,2026-06-23T01:20:00+00:00,WAIT_MTF_CONTEXT,,,59.0,,,,,,bearish,neutral,neutral,46.15,,,,,,,,,,,,,,,,,,,
10150,2026-06-23T01:20:00+00:00,WAIT_MTF_CONTEXT,,,60.0,,,,,,bearish,neutral,neutral,46.15,,,,,,,,,,,,,,,,,,,
10151,2026-06-23T01:25:00+00:00,WAIT_MTF_CONTEXT,,,59.0,,,,,,bearish,neutral,neutral,46.15,,,,,,,,,,,,,,,,,,,
10151,2026-06-23T01:25:00+00:00,WAIT_MTF_CONTEXT,,,60.0,,,,,,bearish,neutral,neutral,46.15,,,,,,,,,,,,,,,,,,,
10152,2026-06-23T01:30:00+00:00,WAIT_MTF_CONTEXT,,,59.0,,,,,,bearish,neutral,neutral,46.15,,,,,,,,,,,,,,,,,,,
10152,2026-06-23T01:30:00+00:00,WAIT_MTF_CONTEXT,,,60.0,,,,,,bearish,neutral,neutral,46.15,,,,,,,,,,,,,,,,,,,
10151,2026-06-23T01:25:00+00:00,OB_FORMED,bearish,,61.0,4176.619,4180.951,89.64,"{'body': 19.03, 'fvg': 17.31, 'sweep': 25.0, 'break': 3.31, 'ob_size': 15.0, 'adjacency': 10}",,,,,,,,,,,,,,,,,,,,,,,,
10153,2026-06-23T01:35:00+00:00,WAIT_MTF_CONTEXT,,,59.0,,,,,,bearish,neutral,neutral,46.15,,,,,,,,,,,,,,,,,,,
10153,2026-06-23T01:35:00+00:00,WAIT_MTF_CONTEXT,,,60.0,,,,,,bearish,neutral,neutral,46.15,,,,,,,,,,,,,,,,,,,
10154,2026-06-23T01:40:00+00:00,WAIT_MTF_CONTEXT,,,59.0,,,,,,bearish,neutral,neutral,46.15,,,,,,,,,,,,,,,,,,,
10154,2026-06-23T01:40:00+00:00,WAIT_MTF_CONTEXT,,,60.0,,,,,,bearish,neutral,neutral,46.15,,,,,,,,,,,,,,,,,,,
10155,2026-06-23T01:45:00+00:00,WAIT_MTF_CONTEXT,,,59.0,,,,,,bearish,neutral,neutral,46.15,,,,,,,,,,,,,,,,,,,
10155,2026-06-23T01:45:00+00:00,WAIT_MTF_CONTEXT,,,60.0,,,,,,bearish,neutral,neutral,46.15,,,,,,,,,,,,,,,,,,,
10156,2026-06-23T01:50:00+00:00,WAIT_MTF_CONTEXT,,,59.0,,,,,,bearish,neutral,neutral,46.15,,,,,,,,,,,,,,,,,,,
10156,2026-06-23T01:50:00+00:00,WAIT_MTF_CONTEXT,,,60.0,,,,,,bearish,neutral,neutral,46.15,,,,,,,,,,,,,,,,,,,
10157,2026-06-23T01:55:00+00:00,WAIT_MTF_CONTEXT,,,59.0,,,,,,bearish,neutral,neutral,46.15,,,,,,,,,,,,,,,,,,,
10157,2026-06-23T01:55:00+00:00,WAIT_MTF_CONTEXT,,,60.0,,,,,,bearish,neutral,neutral,46.15,,,,,,,,,,,,,,,,,,,
10158,2026-06-23T02:00:00+00:00,WAIT_MTF_CONTEXT,,,59.0,,,,,,bearish,neutral,neutral,46.15,,,,,,,,,,,,,,,,,,,
10158,2026-06-23T02:00:00+00:00,WAIT_MTF_CONTEXT,,,60.0,,,,,,bearish,neutral,neutral,46.15,,,,,,,,,,,,,,,,,,,
10159,2026-06-23T02:05:00+00:00,WAIT_MTF_CONTEXT,,,59.0,,,,,,bearish,neutral,neutral,46.15,,,,,,,,,,,,,,,,,,,
10159,2026-06-23T02:05:00+00:00,WAIT_MTF_CONTEXT,,,60.0,,,,,,bearish,neutral,neutral,46.15,,,,,,,,,,,,,,,,,,,
10160,2026-06-23T02:10:00+00:00,SWEEP,bullish,4150.041,,,,,,,,,,,,,,,,,,,,,,,,,,,,,
10160,2026-06-23T02:10:00+00:00,WAIT_MTF_CONTEXT,,,59.0,,,,,,bearish,neutral,neutral,46.15,,,,,,,,,,,,,,,,,,,
10160,2026-06-23T02:10:00+00:00,WAIT_MTF_CONTEXT,,,60.0,,,,,,bearish,neutral,neutral,46.15,,,,,,,,,,,,,,,,,,,
10161,2026-06-23T02:15:00+00:00,WAIT_MTF_CONTEXT,,,59.0,,,,,,bearish,neutral,neutral,46.15,,,,,,,,,,,,,,,,,,,
10161,2026-06-23T02:15:00+00:00,WAIT_MTF_CONTEXT,,,60.0,,,,,,bearish,neutral,neutral,46.15,,,,,,,,,,,,,,,,,,,
10162,2026-06-23T02:20:00+00:00,WAIT_MTF_CONTEXT,,,59.0,,,,,,bearish,neutral,neutral,46.15,,,,,,,,,,,,,,,,,,,
10162,2026-06-23T02:20:00+00:00,WAIT_MTF_CONTEXT,,,60.0,,,,,,bearish,neutral,neutral,46.15,,,,,,,,,,,,,,,,,,,
10163,2026-06-23T02:25:00+00:00,WAIT_MTF_CONTEXT,,,59.0,,,,,,bearish,neutral,neutral,46.15,,,,,,,,,,,,,,,,,,,
10163,2026-06-23T02:25:00+00:00,WAIT_MTF_CONTEXT,,,60.0,,,,,,bearish,neutral,neutral,46.15,,,,,,,,,,,,,,,,,,,
10164,2026-06-23T02:30:00+00:00,WAIT_MTF_CONTEXT,,,59.0,,,,,,bearish,neutral,neutral,46.15,,,,,,,,,,,,,,,,,,,
10164,2026-06-23T02:30:00+00:00,WAIT_MTF_CONTEXT,,,60.0,,,,,,bearish,neutral,neutral,46.15,,,,,,,,,,,,,,,,,,,
10165,2026-06-23T02:35:00+00:00,WAIT_MTF_CONTEXT,,,59.0,,,,,,bearish,neutral,neutral,46.15,,,,,,,,,,,,,,,,,,,
10165,2026-06-23T02:35:00+00:00,WAIT_MTF_CONTEXT,,,60.0,,,,,,bearish,neutral,neutral,46.15,,,,,,,,,,,,,,,,,,,
10166,2026-06-23T02:40:00+00:00,WAIT_MTF_CONTEXT,,,59.0,,,,,,bearish,neutral,neutral,46.15,,,,,,,,,,,,,,,,,,,
10166,2026-06-23T02:40:00+00:00,WAIT_MTF_CONTEXT,,,60.0,,,,,,bearish,neutral,neutral,46.15,,,,,,,,,,,,,,,,,,,
10167,2026-06-23T02:45:00+00:00,WAIT_MTF_CONTEXT,,,59.0,,,,,,bearish,neutral,neutral,46.15,,,,,,,,,,,,,,,,,,,
10167,2026-06-23T02:45:00+00:00,WAIT_MTF_CONTEXT,,,60.0,,,,,,bearish,neutral,neutral,46.15,,,,,,,,,,,,,,,,,,,
10168,2026-06-23T02:50:00+00:00,WAIT_MTF_CONTEXT,,,59.0,,,,,,bearish,neutral,neutral,46.15,,,,,,,,,,,,,,,,,,,
10168,2026-06-23T02:50:00+00:00,WAIT_MTF_CONTEXT,,,60.0,,,,,,bearish,neutral,neutral,46.15,,,,,,,,,,,,,,,,,,,
10169,2026-06-23T02:55:00+00:00,WAIT_MTF_CONTEXT,,,59.0,,,,,,bearish,neutral,neutral,46.15,,,,,,,,,,,,,,,,,,,
10169,2026-06-23T02:55:00+00:00,WAIT_MTF_CONTEXT,,,60.0,,,,,,bearish,neutral,neutral,46.15,,,,,,,,,,,,,,,,,,,
10170,2026-06-23T03:00:00+00:00,WAIT_MTF_CONTEXT,,,59.0,,,,,,bearish,neutral,neutral,46.15,,,,,,,,,,,,,,,,,,,
10170,2026-06-23T03:00:00+00:00,WAIT_MTF_CONTEXT,,,60.0,,,,,,bearish,neutral,neutral,46.15,,,,,,,,,,,,,,,,,,,
10171,2026-06-23T03:05:00+00:00,SWEEP,bullish,4139.835,,,,,,,,,,,,,,,,,,,,,,,,,,,,,
10171,2026-06-23T03:05:00+00:00,WAIT_MTF_CONTEXT,,,59.0,,,,,,bearish,neutral,neutral,46.15,,,,,,,,,,,,,,,,,,,
10171,2026-06-23T03:05:00+00:00,WAIT_MTF_CONTEXT,,,60.0,,,,,,bearish,neutral,neutral,46.15,,,,,,,,,,,,,,,,,,,
10172,2026-06-23T03:10:00+00:00,SWEEP,bullish,4139.283,,,,,,,,,,,,,,,,,,,,,,,,,,,,,
10172,2026-06-23T03:10:00+00:00,WAIT_MTF_CONTEXT,,,59.0,,,,,,bearish,neutral,neutral,46.15,,,,,,,,,,,,,,,,,,,
10172,2026-06-23T03:10:00+00:00,WAIT_MTF_CONTEXT,,,60.0,,,,,,bearish,neutral,neutral,46.15,,,,,,,,,,,,,,,,,,,
10173,2026-06-23T03:15:00+00:00,WAIT_MTF_CONTEXT,,,59.0,,,,,,bearish,neutral,neutral,46.15,,,,,,,,,,,,,,,,,,,
10173,2026-06-23T03:15:00+00:00,WAIT_MTF_CONTEXT,,,60.0,,,,,,bearish,neutral,neutral,46.15,,,,,,,,,,,,,,,,,,,
10174,2026-06-23T03:20:00+00:00,SWEEP,bullish,4132.263,,,,,,,,,,,,,,,,,,,,,,,,,,,,,
10174,2026-06-23T03:20:00+00:00,WAIT_MTF_CONTEXT,,,59.0,,,,,,bearish,neutral,neutral,46.15,,,,,,,,,,,,,,,,,,,
10174,2026-06-23T03:20:00+00:00,WAIT_MTF_CONTEXT,,,60.0,,,,,,bearish,neutral,neutral,46.15,,,,,,,,,,,,,,,,,,,
10175,2026-06-23T03:25:00+00:00,WAIT_MTF_CONTEXT,,,59.0,,,,,,bearish,neutral,neutral,46.15,,,,,,,,,,,,,,,,,,,
10175,2026-06-23T03:25:00+00:00,WAIT_MTF_CONTEXT,,,60.0,,,,,,bearish,neutral,neutral,46.15,,,,,,,,,,,,,,,,,,,
10176,2026-06-23T03:30:00+00:00,WAIT_MTF_CONTEXT,,,59.0,,,,,,bearish,neutral,neutral,46.15,,,,,,,,,,,,,,,,,,,
10176,2026-06-23T03:30:00+00:00,WAIT_MTF_CONTEXT,,,60.0,,,,,,bearish,neutral,neutral,46.15,,,,,,,,,,,,,,,,,,,
10177,2026-06-23T03:35:00+00:00,WAIT_MTF_CONTEXT,,,59.0,,,,,,bearish,neutral,neutral,46.15,,,,,,,,,,,,,,,,,,,
10177,2026-06-23T03:35:00+00:00,WAIT_MTF_CONTEXT,,,60.0,,,,,,bearish,neutral,neutral,46.15,,,,,,,,,,,,,,,,,,,
10178,2026-06-23T03:40:00+00:00,WAIT_MTF_CONTEXT,,,59.0,,,,,,bearish,neutral,neutral,46.15,,,,,,,,,,,,,,,,,,,
10178,2026-06-23T03:40:00+00:00,WAIT_MTF_CONTEXT,,,60.0,,,,,,bearish,neutral,neutral,46.15,,,,,,,,,,,,,,,,,,,
10179,2026-06-23T03:45:00+00:00,WAIT_MTF_CONTEXT,,,59.0,,,,,,bearish,neutral,neutral,46.15,,,,,,,,,,,,,,,,,,,
10179,2026-06-23T03:45:00+00:00,WAIT_MTF_CONTEXT,,,60.0,,,,,,bearish,neutral,neutral,46.15,,,,,,,,,,,,,,,,,,,
10180,2026-06-23T03:50:00+00:00,WAIT_MTF_CONTEXT,,,59.0,,,,,,bearish,neutral,neutral,46.15,,,,,,,,,,,,,,,,,,,
10180,2026-06-23T03:50:00+00:00,WAIT_MTF_CONTEXT,,,60.0,,,,,,bearish,neutral,neutral,46.15,,,,,,,,,,,,,,,,,,,
10181,2026-06-23T03:55:00+00:00,WAIT_MTF_CONTEXT,,,59.0,,,,,,bearish,neutral,neutral,46.15,,,,,,,,,,,,,,,,,,,
10181,2026-06-23T03:55:00+00:00,WAIT_MTF_CONTEXT,,,60.0,,,,,,bearish,neutral,neutral,46.15,,,,,,,,,,,,,,,,,,,
10182,2026-06-23T04:00:00+00:00,WAIT_MTF_CONTEXT,,,59.0,,,,,,bearish,neutral,neutral,46.15,,,,,,,,,,,,,,,,,,,
10182,2026-06-23T04:00:00+00:00,WAIT_MTF_CONTEXT,,,60.0,,,,,,bearish,neutral,neutral,46.15,,,,,,,,,,,,,,,,,,,
10183,2026-06-23T04:05:00+00:00,WAIT_MTF_CONTEXT,,,59.0,,,,,,bearish,neutral,neutral,46.15,,,,,,,,,,,,,,,,,,,
10183,2026-06-23T04:05:00+00:00,WAIT_MTF_CONTEXT,,,60.0,,,,,,bearish,neutral,neutral,46.15,,,,,,,,,,,,,,,,,,,
10184,2026-06-23T04:10:00+00:00,WAIT_MTF_CONTEXT,,,59.0,,,,,,bearish,neutral,neutral,46.15,,,,,,,,,,,,,,,,,,,
10184,2026-06-23T04:10:00+00:00,WAIT_MTF_CONTEXT,,,60.0,,,,,,bearish,neutral,neutral,46.15,,,,,,,,,,,,,,,,,,,
10185,2026-06-23T04:15:00+00:00,WAIT_MTF_CONTEXT,,,59.0,,,,,,bearish,neutral,neutral,46.15,,,,,,,,,,,,,,,,,,,
10185,2026-06-23T04:15:00+00:00,WAIT_MTF_CONTEXT,,,60.0,,,,,,bearish,neutral,neutral,46.15,,,,,,,,,,,,,,,,,,,
10186,2026-06-23T04:20:00+00:00,WAIT_MTF_CONTEXT,,,59.0,,,,,,bearish,neutral,neutral,46.15,,,,,,,,,,,,,,,,,,,
10186,2026-06-23T04:20:00+00:00,WAIT_MTF_CONTEXT,,,60.0,,,,,,bearish,neutral,neutral,46.15,,,,,,,,,,,,,,,,,,,
10187,2026-06-23T04:25:00+00:00,WAIT_MTF_CONTEXT,,,59.0,,,,,,bearish,neutral,neutral,46.15,,,,,,,,,,,,,,,,,,,
10187,2026-06-23T04:25:00+00:00,WAIT_MTF_CONTEXT,,,60.0,,,,,,bearish,neutral,neutral,46.15,,,,,,,,,,,,,,,,,,,
10188,2026-06-23T04:30:00+00:00,WAIT_MTF_CONTEXT,,,59.0,,,,,,bearish,neutral,neutral,46.15,,,,,,,,,,,,,,,,,,,
10188,2026-06-23T04:30:00+00:00,WAIT_MTF_CONTEXT,,,60.0,,,,,,bearish,neutral,neutral,46.15,,,,,,,,,,,,,,,,,,,
10189,2026-06-23T04:35:00+00:00,WAIT_MTF_CONTEXT,,,59.0,,,,,,bearish,neutral,neutral,46.15,,,,,,,,,,,,,,,,,,,
10189,2026-06-23T04:35:00+00:00,WAIT_MTF_CONTEXT,,,60.0,,,,,,bearish,neutral,neutral,46.15,,,,,,,,,,,,,,,,,,,
10190,2026-06-23T04:40:00+00:00,WAIT_MTF_CONTEXT,,,59.0,,,,,,bearish,neutral,neutral,46.15,,,,,,,,,,,,,,,,,,,
10190,2026-06-23T04:40:00+00:00,WAIT_MTF_CONTEXT,,,60.0,,,,,,bearish,neutral,neutral,46.15,,,,,,,,,,,,,,,,,,,
10191,2026-06-23T04:45:00+00:00,WAIT_MTF_CONTEXT,,,59.0,,,,,,bearish,neutral,neutral,46.15,,,,,,,,,,,,,,,,,,,
10191,2026-06-23T04:45:00+00:00,WAIT_MTF_CONTEXT,,,60.0,,,,,,bearish,neutral,neutral,46.15,,,,,,,,,,,,,,,,,,,
10192,2026-06-23T04:50:00+00:00,WAIT_MTF_CONTEXT,,,59.0,,,,,,bearish,neutral,neutral,46.15,,,,,,,,,,,,,,,,,,,
10192,2026-06-23T04:50:00+00:00,WAIT_MTF_CONTEXT,,,60.0,,,,,,bearish,neutral,neutral,46.15,,,,,,,,,,,,,,,,,,,
10193,2026-06-23T04:55:00+00:00,WAIT_MTF_CONTEXT,,,59.0,,,,,,bearish,neutral,neutral,46.15,,,,,,,,,,,,,,,,,,,
10193,2026-06-23T04:55:00+00:00,WAIT_MTF_CONTEXT,,,60.0,,,,,,bearish,neutral,neutral,46.15,,,,,,,,,,,,,,,,,,,
10194,2026-06-23T05:00:00+00:00,OB_EXPIRED,,,59.0,,,,,,,,,,101.0,,,,,,,,,,,,,,,,,,
10208,2026-06-23T06:10:00+00:00,SWEEP,bullish,4112.979,,,,,,,,,,,,,,,,,,,,,,,,,,,,,
10214,2026-06-23T06:40:00+00:00,SWEEP,bullish,4111.025,,,,,,,,,,,,,,,,,,,,,,,,,,,,,
10215,2026-06-23T06:45:00+00:00,SWEEP,bullish,4110.807,,,,,,,,,,,,,,,,,,,,,,,,,,,,,
10218,2026-06-23T07:00:00+00:00,SWEEP,bullish,4110.181,,,,,,,,,,,,,,,,,,,,,,,,,,,,,
10229,2026-06-23T07:55:00+00:00,SWEEP,bullish,4098.311,,,,,,,,,,,,,,,,,,,,,,,,,,,,,
10231,2026-06-23T08:05:00+00:00,SWEEP,bullish,4091.276,,,,,,,,,,,,,,,,,,,,,,,,,,,,,
10235,2026-06-23T08:25:00+00:00,OB_EXPIRED,,,60.0,,,,,,,,,,101.0,,,,,,,,,,,,,,,,,,
10250,2026-06-23T09:40:00+00:00,SWEEP,bearish,4119.985,,,,,,,,,,,,,,,,,,,,,,,,,,,,,
10252,2026-06-23T09:50:00+00:00,OB_EXPIRED,,,61.0,,,,,,,,,,101.0,,,,,,,,,,,,,,,,,,
10281,2026-06-23T12:15:00+00:00,SWEEP,bullish,4112.72,,,,,,,,,,,,,,,,,,,,,,,,,,,,,
10290,2026-06-23T13:00:00+00:00,SWEEP,bullish,4111.708,,,,,,,,,,,,,,,,,,,,,,,,,,,,,
10294,2026-06-23T13:20:00+00:00,SWEEP,bullish,4106.286,,,,,,,,,,,,,,,,,,,,,,,,,,,,,
10298,2026-06-23T13:40:00+00:00,SWEEP,bearish,4127.415,,,,,,,,,,,,,,,,,,,,,,,,,,,,,
10302,2026-06-23T14:00:00+00:00,SWEEP,bearish,4140.512,,,,,,,,,,,,,,,,,,,,,,,,,,,,,
10304,2026-06-23T14:10:00+00:00,SWEEP,bearish,4143.858,,,,,,,,,,,,,,,,,,,,,,,,,,,,,
10332,2026-06-23T16:30:00+00:00,SWEEP,bearish,4141.483,,,,,,,,,,,,,,,,,,,,,,,,,,,,,
10333,2026-06-23T16:35:00+00:00,SWEEP,bearish,4142.331,,,,,,,,,,,,,,,,,,,,,,,,,,,,,
10335,2026-06-23T16:45:00+00:00,SWEEP,bearish,4143.745,,,,,,,,,,,,,,,,,,,,,,,,,,,,,
10344,2026-06-23T17:30:00+00:00,SWEEP,bullish,4129.9,,,,,,,,,,,,,,,,,,,,,,,,,,,,,
10354,2026-06-23T18:20:00+00:00,SWEEP,bullish,4123.796,,,,,,,,,,,,,,,,,,,,,,,,,,,,,
10356,2026-06-23T18:30:00+00:00,SWEEP,bullish,4120.472,,,,,,,,,,,,,,,,,,,,,,,,,,,,,
10374,2026-06-23T20:00:00+00:00,SWEEP,bullish,4111.474,,,,,,,,,,,,,,,,,,,,,,,,,,,,,
10377,2026-06-23T20:15:00+00:00,SWEEP,bullish,4108.493,,,,,,,,,,,,,,,,,,,,,,,,,,,,,
10378,2026-06-23T20:20:00+00:00,SWEEP,bullish,4107.93,,,,,,,,,,,,,,,,,,,,,,,,,,,,,
10391,2026-06-23T22:25:00+00:00,SWEEP,bullish,4105.092,,,,,,,,,,,,,,,,,,,,,,,,,,,,,
10399,2026-06-23T23:05:00+00:00,SWEEP,bullish,4096.829,,,,,,,,,,,,,,,,,,,,,,,,,,,,,
10406,2026-06-23T23:40:00+00:00,SWEEP,bullish,4080.848,,,,,,,,,,,,,,,,,,,,,,,,,,,,,
10411,2026-06-24T00:05:00+00:00,SWEEP,bearish,4110.855,,,,,,,,,,,,,,,,,,,,,,,,,,,,,
10423,2026-06-24T01:05:00+00:00,SWEEP,bullish,4069.172,,,,,,,,,,,,,,,,,,,,,,,,,,,,,
10421,2026-06-24T00:55:00+00:00,OB_FORMED,bearish,,62.0,4094.397,4098.895,100.0,"{'body': 18.07, 'fvg': 11.85, 'sweep': 14.47, 'break': 34.44, 'ob_size': 15.0, 'adjacency': 10}",,,,,,,,,,,,,,,,,,,,,,,,
10427,2026-06-24T01:25:00+00:00,OB_TOUCH,,,62.0,,,,,89.57314361938643,,,,,,,,,,,,,,,,,,,,,,,
10428,2026-06-24T01:30:00+00:00,REVERSAL_INSIDE_OB,,,62.0,,,,,81.48065807024354,,,,,,,,,,,,,,,,,,,,,,,
10428,2026-06-24T01:30:00+00:00,WAIT_MICRO_BOS,,,62.0,,,,,,,,,,,normal_reversal_inside_ob,,,,,,,,,,,,,,,,,
10429,2026-06-24T01:35:00+00:00,REVERSAL_INSIDE_OB,,,62.0,,,,,12.939084037345818,,,,,,,,,,,,,,,,,,,,,,,
10429,2026-06-24T01:35:00+00:00,WAIT_MICRO_BOS,,,62.0,,,,,,,,,,,normal_reversal_inside_ob,,,,,,,,,,,,,,,,,
10440,2026-06-24T02:30:00+00:00,SWEEP,bullish,4068.184,,,,,,,,,,,,,,,,,,,,,,,,,,,,,
10449,2026-06-24T03:15:00+00:00,SWEEP,bullish,4051.959,,,,,,,,,,,,,,,,,,,,,,,,,,,,,
10473,2026-06-24T05:15:00+00:00,WAIT_MTF_CONTEXT,,,62.0,,,,,,bearish,neutral,neutral,46.15,,,,,,,,,,,,,,,,,,,
10474,2026-06-24T05:20:00+00:00,SWEEP,bearish,4070.744,,,,,,,,,,,,,,,,,,,,,,,,,,,,,
10474,2026-06-24T05:20:00+00:00,WAIT_MTF_CONTEXT,,,62.0,,,,,,bearish,neutral,neutral,46.15,,,,,,,,,,,,,,,,,,,
10475,2026-06-24T05:25:00+00:00,WAIT_MTF_CONTEXT,,,62.0,,,,,,bearish,neutral,neutral,46.15,,,,,,,,,,,,,,,,,,,
10476,2026-06-24T05:30:00+00:00,WAIT_MTF_CONTEXT,,,62.0,,,,,,bearish,neutral,neutral,46.15,,,,,,,,,,,,,,,,,,,
10477,2026-06-24T05:35:00+00:00,WAIT_MTF_CONTEXT,,,62.0,,,,,,bearish,neutral,neutral,46.15,,,,,,,,,,,,,,,,,,,
10478,2026-06-24T05:40:00+00:00,WAIT_MTF_CONTEXT,,,62.0,,,,,,bearish,neutral,neutral,46.15,,,,,,,,,,,,,,,,,,,
10479,2026-06-24T05:45:00+00:00,WAIT_MTF_CONTEXT,,,62.0,,,,,,bearish,neutral,neutral,46.15,,,,,,,,,,,,,,,,,,,
10480,2026-06-24T05:50:00+00:00,WAIT_MTF_CONTEXT,,,62.0,,,,,,bearish,neutral,neutral,46.15,,,,,,,,,,,,,,,,,,,
10481,2026-06-24T05:55:00+00:00,WAIT_MTF_CONTEXT,,,62.0,,,,,,bearish,neutral,neutral,46.15,,,,,,,,,,,,,,,,,,,
10482,2026-06-24T06:00:00+00:00,WAIT_MTF_CONTEXT,,,62.0,,,,,,bearish,neutral,neutral,46.15,,,,,,,,,,,,,,,,,,,
10483,2026-06-24T06:05:00+00:00,WAIT_MTF_CONTEXT,,,62.0,,,,,,bearish,neutral,neutral,46.15,,,,,,,,,,,,,,,,,,,
10484,2026-06-24T06:10:00+00:00,WAIT_MTF_CONTEXT,,,62.0,,,,,,bearish,neutral,neutral,46.15,,,,,,,,,,,,,,,,,,,
10485,2026-06-24T06:15:00+00:00,SWEEP,bearish,4097.299,,,,,,,,,,,,,,,,,,,,,,,,,,,,,
10485,2026-06-24T06:15:00+00:00,WAIT_MTF_CONTEXT,,,62.0,,,,,,bearish,neutral,neutral,46.15,,,,,,,,,,,,,,,,,,,
10486,2026-06-24T06:20:00+00:00,WAIT_MTF_CONTEXT,,,62.0,,,,,,bearish,neutral,neutral,46.15,,,,,,,,,,,,,,,,,,,
10487,2026-06-24T06:25:00+00:00,WAIT_MTF_CONTEXT,,,62.0,,,,,,bearish,neutral,neutral,46.15,,,,,,,,,,,,,,,,,,,
10488,2026-06-24T06:30:00+00:00,WAIT_MTF_CONTEXT,,,62.0,,,,,,bearish,neutral,neutral,46.15,,,,,,,,,,,,,,,,,,,
10489,2026-06-24T06:35:00+00:00,WAIT_MTF_CONTEXT,,,62.0,,,,,,bearish,neutral,neutral,46.15,,,,,,,,,,,,,,,,,,,
10490,2026-06-24T06:40:00+00:00,WAIT_MTF_CONTEXT,,,62.0,,,,,,bearish,neutral,neutral,46.15,,,,,,,,,,,,,,,,,,,
10491,2026-06-24T06:45:00+00:00,WAIT_MTF_CONTEXT,,,62.0,,,,,,bearish,neutral,neutral,46.15,,,,,,,,,,,,,,,,,,,
10492,2026-06-24T06:50:00+00:00,WAIT_MTF_CONTEXT,,,62.0,,,,,,bearish,neutral,neutral,46.15,,,,,,,,,,,,,,,,,,,
10493,2026-06-24T06:55:00+00:00,WAIT_MTF_CONTEXT,,,62.0,,,,,,bearish,neutral,neutral,46.15,,,,,,,,,,,,,,,,,,,
10504,2026-06-24T07:50:00+00:00,SWEEP,bullish,4075.963,,,,,,,,,,,,,,,,,,,,,,,,,,,,,
10508,2026-06-24T08:10:00+00:00,SWEEP,bullish,4073.726,,,,,,,,,,,,,,,,,,,,,,,,,,,,,
10520,2026-06-24T09:10:00+00:00,SWEEP,bullish,4069.811,,,,,,,,,,,,,,,,,,,,,,,,,,,,,
10522,2026-06-24T09:20:00+00:00,OB_EXPIRED,,,62.0,,,,,,,,,,101.0,,,,,,,,,,,,,,,,,,
10525,2026-06-24T09:35:00+00:00,SWEEP,bullish,4068.253,,,,,,,,,,,,,,,,,,,,,,,,,,,,,
10526,2026-06-24T09:40:00+00:00,SWEEP,bullish,4067.05,,,,,,,,,,,,,,,,,,,,,,,,,,,,,
10532,2026-06-24T10:10:00+00:00,SWEEP,bullish,4059.26,,,,,,,,,,,,,,,,,,,,,,,,,,,,,
10533,2026-06-24T10:15:00+00:00,SWEEP,bullish,4058.876,,,,,,,,,,,,,,,,,,,,,,,,,,,,,
10541,2026-06-24T10:55:00+00:00,SWEEP,bullish,4054.969,,,,,,,,,,,,,,,,,,,,,,,,,,,,,
10555,2026-06-24T12:05:00+00:00,SWEEP,bullish,4037.462,,,,,,,,,,,,,,,,,,,,,,,,,,,,,
10564,2026-06-24T12:50:00+00:00,SWEEP,bullish,4002.977,,,,,,,,,,,,,,,,,,,,,,,,,,,,,
10569,2026-06-24T13:15:00+00:00,SWEEP,bullish,3966.765,,,,,,,,,,,,,,,,,,,,,,,,,,,,,
10570,2026-06-24T13:20:00+00:00,SWEEP,bullish,3964.904,,,,,,,,,,,,,,,,,,,,,,,,,,,,,
10577,2026-06-24T13:55:00+00:00,SWEEP,bearish,4042.147,,,,,,,,,,,,,,,,,,,,,,,,,,,,,
10603,2026-06-24T16:05:00+00:00,SWEEP,bullish,3997.199,,,,,,,,,,,,,,,,,,,,,,,,,,,,,
10607,2026-06-24T16:25:00+00:00,SWEEP,bearish,4016.987,,,,,,,,,,,,,,,,,,,,,,,,,,,,,
10608,2026-06-24T16:30:00+00:00,SWEEP,bearish,4017.124,,,,,,,,,,,,,,,,,,,,,,,,,,,,,
10609,2026-06-24T16:35:00+00:00,SWEEP,bearish,4019.339,,,,,,,,,,,,,,,,,,,,,,,,,,,,,
10621,2026-06-24T17:35:00+00:00,SWEEP,bullish,3983.528,,,,,,,,,,,,,,,,,,,,,,,,,,,,,
10675,2026-06-24T23:05:00+00:00,SWEEP,bullish,3993.024,,,,,,,,,,,,,,,,,,,,,,,,,,,,,
10679,2026-06-24T23:25:00+00:00,OB_FORMED,bullish,,63.0,3996.826,4000.646,100.0,"{'body': 22.07, 'fvg': 20.54, 'sweep': 21.43, 'break': 11.59, 'ob_size': 15.0, 'adjacency': 10}",,,,,,,,,,,,,,,,,,,,,,,,
10689,2026-06-25T00:15:00+00:00,OB_TOUCH,,,63.0,,,,,0.0,,,,,,,,,,,,,,,,,,,,,,,
10691,2026-06-25T00:25:00+00:00,OB_CROSSED_AFTER_TOUCH,,,63.0,,,,,100.0,,,,,,,,,,,,,,,,,,,,,,,
10692,2026-06-25T00:30:00+00:00,OB_CROSSED_AFTER_TOUCH,,,63.0,,,,,100.0,,,,,,,,,,,,,,,,,,,,,,,
10693,2026-06-25T00:35:00+00:00,OB_CROSSED_AFTER_TOUCH,,,63.0,,,,,100.0,,,,,,,,,,,,,,,,,,,,,,,
10694,2026-06-25T00:40:00+00:00,SWEEP,bullish,3981.429,,,,,,,,,,,,,,,,,,,,,,,,,,,,,
10694,2026-06-25T00:40:00+00:00,OB_CROSSED_AFTER_TOUCH,,,63.0,,,,,100.0,,,,,,,,,,,,,,,,,,,,,,,
10695,2026-06-25T00:45:00+00:00,SWEEP,bullish,3981.38,,,,,,,,,,,,,,,,,,,,,,,,,,,,,
10695,2026-06-25T00:45:00+00:00,OB_CROSSED_AFTER_TOUCH,,,63.0,,,,,100.0,,,,,,,,,,,,,,,,,,,,,,,
10696,2026-06-25T00:50:00+00:00,REVERSAL_AFTER_OB_CROSS,,,63.0,,,,,29.76439790576236,,,,,,,,,,,,,,,,,,,,,,,
10696,2026-06-25T00:50:00+00:00,WAIT_REENTRY_DEPTH,,,63.0,,,,,29.76439790576236,,,,,,,70.0,,,,,,,,,,,,,,,,
10697,2026-06-25T00:55:00+00:00,OB_CROSSED_AFTER_TOUCH,,,63.0,,,,,100.0,,,,,,,,,,,,,,,,,,,,,,,
10698,2026-06-25T01:00:00+00:00,OB_CROSSED_AFTER_TOUCH,,,63.0,,,,,100.0,,,,,,,,,,,,,,,,,,,,,,,
10699,2026-06-25T01:05:00+00:00,OB_CROSSED_AFTER_TOUCH,,,63.0,,,,,100.0,,,,,,,,,,,,,,,,,,,,,,,
10700,2026-06-25T01:10:00+00:00,OB_CROSSED_AFTER_TOUCH,,,63.0,,,,,100.0,,,,,,,,,,,,,,,,,,,,,,,
10701,2026-06-25T01:15:00+00:00,OB_CROSSED_AFTER_TOUCH,,,63.0,,,,,100.0,,,,,,,,,,,,,,,,,,,,,,,
10702,2026-06-25T01:20:00+00:00,OB_CROSSED_AFTER_TOUCH,,,63.0,,,,,100.0,,,,,,,,,,,,,,,,,,,,,,,
10703,2026-06-25T01:25:00+00:00,OB_CROSSED_AFTER_TOUCH,,,63.0,,,,,100.0,,,,,,,,,,,,,,,,,,,,,,,
10704,2026-06-25T01:30:00+00:00,OB_CROSSED_AFTER_TOUCH,,,63.0,,,,,100.0,,,,,,,,,,,,,,,,,,,,,,,
10705,2026-06-25T01:35:00+00:00,SWEEP,bullish,3978.365,,,,,,,,,,,,,,,,,,,,,,,,,,,,,
10705,2026-06-25T01:35:00+00:00,OB_CROSSED_AFTER_TOUCH,,,63.0,,,,,100.0,,,,,,,,,,,,,,,,,,,,,,,
10706,2026-06-25T01:40:00+00:00,OB_CROSSED_AFTER_TOUCH,,,63.0,,,,,100.0,,,,,,,,,,,,,,,,,,,,,,,
10707,2026-06-25T01:45:00+00:00,OB_CROSSED_AFTER_TOUCH,,,63.0,,,,,100.0,,,,,,,,,,,,,,,,,,,,,,,
10708,2026-06-25T01:50:00+00:00,OB_CROSSED_AFTER_TOUCH,,,63.0,,,,,100.0,,,,,,,,,,,,,,,,,,,,,,,
10709,2026-06-25T01:55:00+00:00,OB_CROSSED_AFTER_TOUCH,,,63.0,,,,,100.0,,,,,,,,,,,,,,,,,,,,,,,
10710,2026-06-25T02:00:00+00:00,OB_CROSSED_AFTER_TOUCH,,,63.0,,,,,100.0,,,,,,,,,,,,,,,,,,,,,,,
10711,2026-06-25T02:05:00+00:00,OB_CROSSED_AFTER_TOUCH,,,63.0,,,,,100.0,,,,,,,,,,,,,,,,,,,,,,,
10712,2026-06-25T02:10:00+00:00,SWEEP,bullish,3963.746,,,,,,,,,,,,,,,,,,,,,,,,,,,,,
10712,2026-06-25T02:10:00+00:00,OB_CROSSED_AFTER_TOUCH,,,63.0,,,,,100.0,,,,,,,,,,,,,,,,,,,,,,,
10713,2026-06-25T02:15:00+00:00,OB_CROSSED_AFTER_TOUCH,,,63.0,,,,,100.0,,,,,,,,,,,,,,,,,,,,,,,
10714,2026-06-25T02:20:00+00:00,OB_CROSSED_AFTER_TOUCH,,,63.0,,,,,100.0,,,,,,,,,,,,,,,,,,,,,,,
10715,2026-06-25T02:25:00+00:00,OB_CROSSED_AFTER_TOUCH,,,63.0,,,,,100.0,,,,,,,,,,,,,,,,,,,,,,,
10716,2026-06-25T02:30:00+00:00,OB_CROSSED_AFTER_TOUCH,,,63.0,,,,,100.0,,,,,,,,,,,,,,,,,,,,,,,
10717,2026-06-25T02:35:00+00:00,OB_CROSSED_AFTER_TOUCH,,,63.0,,,,,100.0,,,,,,,,,,,,,,,,,,,,,,,
10718,2026-06-25T02:40:00+00:00,OB_CROSSED_AFTER_TOUCH,,,63.0,,,,,100.0,,,,,,,,,,,,,,,,,,,,,,,
10719,2026-06-25T02:45:00+00:00,OB_CROSSED_AFTER_TOUCH,,,63.0,,,,,100.0,,,,,,,,,,,,,,,,,,,,,,,
10720,2026-06-25T02:50:00+00:00,OB_CROSSED_AFTER_TOUCH,,,63.0,,,,,100.0,,,,,,,,,,,,,,,,,,,,,,,
10721,2026-06-25T02:55:00+00:00,OB_CROSSED_AFTER_TOUCH,,,63.0,,,,,100.0,,,,,,,,,,,,,,,,,,,,,,,
10722,2026-06-25T03:00:00+00:00,OB_CROSSED_AFTER_TOUCH,,,63.0,,,,,100.0,,,,,,,,,,,,,,,,,,,,,,,
10723,2026-06-25T03:05:00+00:00,OB_CROSSED_AFTER_TOUCH,,,63.0,,,,,100.0,,,,,,,,,,,,,,,,,,,,,,,
10724,2026-06-25T03:10:00+00:00,OB_CROSSED_AFTER_TOUCH,,,63.0,,,,,100.0,,,,,,,,,,,,,,,,,,,,,,,
10725,2026-06-25T03:15:00+00:00,OB_CROSSED_AFTER_TOUCH,,,63.0,,,,,100.0,,,,,,,,,,,,,,,,,,,,,,,
10726,2026-06-25T03:20:00+00:00,OB_CROSSED_AFTER_TOUCH,,,63.0,,,,,100.0,,,,,,,,,,,,,,,,,,,,,,,
10727,2026-06-25T03:25:00+00:00,OB_CROSSED_AFTER_TOUCH,,,63.0,,,,,100.0,,,,,,,,,,,,,,,,,,,,,,,
10728,2026-06-25T03:30:00+00:00,OB_CROSSED_AFTER_TOUCH,,,63.0,,,,,100.0,,,,,,,,,,,,,,,,,,,,,,,
10729,2026-06-25T03:35:00+00:00,OB_CROSSED_AFTER_TOUCH,,,63.0,,,,,100.0,,,,,,,,,,,,,,,,,,,,,,,
10730,2026-06-25T03:40:00+00:00,OB_CROSSED_AFTER_TOUCH,,,63.0,,,,,100.0,,,,,,,,,,,,,,,,,,,,,,,
10731,2026-06-25T03:45:00+00:00,OB_CROSSED_AFTER_TOUCH,,,63.0,,,,,100.0,,,,,,,,,,,,,,,,,,,,,,,
10732,2026-06-25T03:50:00+00:00,WAIT_MTF_CONTEXT,,,63.0,,,,,,bearish,bearish,neutral,76.92,,,,,,,,,,,,,,,,,,,
10733,2026-06-25T03:55:00+00:00,SWEEP,bearish,3999.099,,,,,,,,,,,,,,,,,,,,,,,,,,,,,
10733,2026-06-25T03:55:00+00:00,OB_CROSSED_AFTER_TOUCH,,,63.0,,,,,100.0,,,,,,,,,,,,,,,,,,,,,,,
10734,2026-06-25T04:00:00+00:00,OB_CROSSED_AFTER_TOUCH,,,63.0,,,,,100.0,,,,,,,,,,,,,,,,,,,,,,,
10735,2026-06-25T04:05:00+00:00,OB_CROSSED_AFTER_TOUCH,,,63.0,,,,,100.0,,,,,,,,,,,,,,,,,,,,,,,
10736,2026-06-25T04:10:00+00:00,OB_CROSSED_AFTER_TOUCH,,,63.0,,,,,100.0,,,,,,,,,,,,,,,,,,,,,,,
10737,2026-06-25T04:15:00+00:00,OB_CROSSED_AFTER_TOUCH,,,63.0,,,,,100.0,,,,,,,,,,,,,,,,,,,,,,,
10738,2026-06-25T04:20:00+00:00,OB_CROSSED_AFTER_TOUCH,,,63.0,,,,,100.0,,,,,,,,,,,,,,,,,,,,,,,
10739,2026-06-25T04:25:00+00:00,OB_CROSSED_AFTER_TOUCH,,,63.0,,,,,100.0,,,,,,,,,,,,,,,,,,,,,,,
10740,2026-06-25T04:30:00+00:00,OB_CROSSED_AFTER_TOUCH,,,63.0,,,,,100.0,,,,,,,,,,,,,,,,,,,,,,,
10741,2026-06-25T04:35:00+00:00,OB_CROSSED_AFTER_TOUCH,,,63.0,,,,,100.0,,,,,,,,,,,,,,,,,,,,,,,
10742,2026-06-25T04:40:00+00:00,OB_CROSSED_AFTER_TOUCH,,,63.0,,,,,100.0,,,,,,,,,,,,,,,,,,,,,,,
10743,2026-06-25T04:45:00+00:00,OB_CROSSED_AFTER_TOUCH,,,63.0,,,,,100.0,,,,,,,,,,,,,,,,,,,,,,,
10744,2026-06-25T04:50:00+00:00,OB_CROSSED_AFTER_TOUCH,,,63.0,,,,,100.0,,,,,,,,,,,,,,,,,,,,,,,
10745,2026-06-25T04:55:00+00:00,OB_CROSSED_AFTER_TOUCH,,,63.0,,,,,100.0,,,,,,,,,,,,,,,,,,,,,,,
10746,2026-06-25T05:00:00+00:00,WAIT_MTF_CONTEXT,,,63.0,,,,,,bearish,bearish,neutral,76.92,,,,,,,,,,,,,,,,,,,
10747,2026-06-25T05:05:00+00:00,WAIT_MTF_CONTEXT,,,63.0,,,,,,bearish,bearish,neutral,76.92,,,,,,,,,,,,,,,,,,,
10748,2026-06-25T05:10:00+00:00,WAIT_MTF_CONTEXT,,,63.0,,,,,,bearish,bearish,neutral,76.92,,,,,,,,,,,,,,,,,,,
10749,2026-06-25T05:15:00+00:00,OB_CROSSED_AFTER_TOUCH,,,63.0,,,,,100.0,,,,,,,,,,,,,,,,,,,,,,,
10750,2026-06-25T05:20:00+00:00,OB_CROSSED_AFTER_TOUCH,,,63.0,,,,,100.0,,,,,,,,,,,,,,,,,,,,,,,
10751,2026-06-25T05:25:00+00:00,OB_CROSSED_AFTER_TOUCH,,,63.0,,,,,100.0,,,,,,,,,,,,,,,,,,,,,,,
10752,2026-06-25T05:30:00+00:00,OB_CROSSED_AFTER_TOUCH,,,63.0,,,,,100.0,,,,,,,,,,,,,,,,,,,,,,,
10753,2026-06-25T05:35:00+00:00,OB_CROSSED_AFTER_TOUCH,,,63.0,,,,,100.0,,,,,,,,,,,,,,,,,,,,,,,
10754,2026-06-25T05:40:00+00:00,OB_CROSSED_AFTER_TOUCH,,,63.0,,,,,100.0,,,,,,,,,,,,,,,,,,,,,,,
10755,2026-06-25T05:45:00+00:00,SWEEP,bullish,3981.604,,,,,,,,,,,,,,,,,,,,,,,,,,,,,
10755,2026-06-25T05:45:00+00:00,OB_CROSSED_AFTER_TOUCH,,,63.0,,,,,100.0,,,,,,,,,,,,,,,,,,,,,,,
10756,2026-06-25T05:50:00+00:00,OB_CROSSED_AFTER_TOUCH,,,63.0,,,,,100.0,,,,,,,,,,,,,,,,,,,,,,,
10757,2026-06-25T05:55:00+00:00,OB_CROSSED_AFTER_TOUCH,,,63.0,,,,,100.0,,,,,,,,,,,,,,,,,,,,,,,
10758,2026-06-25T06:00:00+00:00,OB_CROSSED_AFTER_TOUCH,,,63.0,,,,,100.0,,,,,,,,,,,,,,,,,,,,,,,
10759,2026-06-25T06:05:00+00:00,OB_CROSSED_AFTER_TOUCH,,,63.0,,,,,100.0,,,,,,,,,,,,,,,,,,,,,,,
10760,2026-06-25T06:10:00+00:00,OB_CROSSED_AFTER_TOUCH,,,63.0,,,,,100.0,,,,,,,,,,,,,,,,,,,,,,,
10761,2026-06-25T06:15:00+00:00,OB_CROSSED_AFTER_TOUCH,,,63.0,,,,,100.0,,,,,,,,,,,,,,,,,,,,,,,
10762,2026-06-25T06:20:00+00:00,SWEEP,bullish,3974.464,,,,,,,,,,,,,,,,,,,,,,,,,,,,,
10762,2026-06-25T06:20:00+00:00,OB_CROSSED_AFTER_TOUCH,,,63.0,,,,,100.0,,,,,,,,,,,,,,,,,,,,,,,
10763,2026-06-25T06:25:00+00:00,OB_CROSSED_AFTER_TOUCH,,,63.0,,,,,100.0,,,,,,,,,,,,,,,,,,,,,,,
10764,2026-06-25T06:30:00+00:00,OB_CROSSED_AFTER_TOUCH,,,63.0,,,,,100.0,,,,,,,,,,,,,,,,,,,,,,,
10765,2026-06-25T06:35:00+00:00,OB_CROSSED_AFTER_TOUCH,,,63.0,,,,,100.0,,,,,,,,,,,,,,,,,,,,,,,
10766,2026-06-25T06:40:00+00:00,OB_CROSSED_AFTER_TOUCH,,,63.0,,,,,100.0,,,,,,,,,,,,,,,,,,,,,,,
10767,2026-06-25T06:45:00+00:00,OB_CROSSED_AFTER_TOUCH,,,63.0,,,,,100.0,,,,,,,,,,,,,,,,,,,,,,,
10768,2026-06-25T06:50:00+00:00,OB_CROSSED_AFTER_TOUCH,,,63.0,,,,,100.0,,,,,,,,,,,,,,,,,,,,,,,
10769,2026-06-25T06:55:00+00:00,OB_CROSSED_AFTER_TOUCH,,,63.0,,,,,100.0,,,,,,,,,,,,,,,,,,,,,,,
10770,2026-06-25T07:00:00+00:00,SWEEP,bullish,3973.719,,,,,,,,,,,,,,,,,,,,,,,,,,,,,
10770,2026-06-25T07:00:00+00:00,OB_CROSSED_AFTER_TOUCH,,,63.0,,,,,100.0,,,,,,,,,,,,,,,,,,,,,,,
10771,2026-06-25T07:05:00+00:00,OB_CROSSED_AFTER_TOUCH,,,63.0,,,,,100.0,,,,,,,,,,,,,,,,,,,,,,,
10772,2026-06-25T07:10:00+00:00,OB_CROSSED_AFTER_TOUCH,,,63.0,,,,,100.0,,,,,,,,,,,,,,,,,,,,,,,
10773,2026-06-25T07:15:00+00:00,OB_CROSSED_AFTER_TOUCH,,,63.0,,,,,100.0,,,,,,,,,,,,,,,,,,,,,,,
10774,2026-06-25T07:20:00+00:00,OB_CROSSED_AFTER_TOUCH,,,63.0,,,,,100.0,,,,,,,,,,,,,,,,,,,,,,,
10775,2026-06-25T07:25:00+00:00,OB_CROSSED_AFTER_TOUCH,,,63.0,,,,,100.0,,,,,,,,,,,,,,,,,,,,,,,
10776,2026-06-25T07:30:00+00:00,OB_CROSSED_AFTER_TOUCH,,,63.0,,,,,100.0,,,,,,,,,,,,,,,,,,,,,,,
10777,2026-06-25T07:35:00+00:00,OB_CROSSED_AFTER_TOUCH,,,63.0,,,,,100.0,,,,,,,,,,,,,,,,,,,,,,,
10778,2026-06-25T07:40:00+00:00,OB_CROSSED_AFTER_TOUCH,,,63.0,,,,,100.0,,,,,,,,,,,,,,,,,,,,,,,
10779,2026-06-25T07:45:00+00:00,SWEEP,bullish,3973.438,,,,,,,,,,,,,,,,,,,,,,,,,,,,,
10779,2026-06-25T07:45:00+00:00,OB_CROSSED_AFTER_TOUCH,,,63.0,,,,,100.0,,,,,,,,,,,,,,,,,,,,,,,
10780,2026-06-25T07:50:00+00:00,OB_EXPIRED,,,63.0,,,,,,,,,,101.0,,,,,,,,,,,,,,,,,,
10789,2026-06-25T08:35:00+00:00,SWEEP,bearish,4001.517,,,,,,,,,,,,,,,,,,,,,,,,,,,,,
10790,2026-06-25T08:40:00+00:00,SWEEP,bearish,4001.954,,,,,,,,,,,,,,,,,,,,,,,,,,,,,
10806,2026-06-25T10:00:00+00:00,SWEEP,bullish,3986.027,,,,,,,,,,,,,,,,,,,,,,,,,,,,,
10809,2026-06-25T10:15:00+00:00,SWEEP,bullish,3983.413,,,,,,,,,,,,,,,,,,,,,,,,,,,,,
10815,2026-06-25T10:45:00+00:00,SWEEP,bullish,3983.034,,,,,,,,,,,,,,,,,,,,,,,,,,,,,
10816,2026-06-25T10:50:00+00:00,SWEEP,bullish,3982.333,,,,,,,,,,,,,,,,,,,,,,,,,,,,,
10817,2026-06-25T10:55:00+00:00,SWEEP,bullish,3981.922,,,,,,,,,,,,,,,,,,,,,,,,,,,,,
10821,2026-06-25T11:15:00+00:00,SWEEP,bullish,3981.217,,,,,,,,,,,,,,,,,,,,,,,,,,,,,
10825,2026-06-25T11:35:00+00:00,SWEEP,bullish,3976.096,,,,,,,,,,,,,,,,,,,,,,,,,,,,,
10840,2026-06-25T12:50:00+00:00,SWEEP,bearish,4018.253,,,,,,,,,,,,,,,,,,,,,,,,,,,,,
10876,2026-06-25T15:50:00+00:00,SWEEP,bearish,4040.512,,,,,,,,,,,,,,,,,,,,,,,,,,,,,
10877,2026-06-25T15:55:00+00:00,SWEEP,bearish,4041.582,,,,,,,,,,,,,,,,,,,,,,,,,,,,,
10878,2026-06-25T16:00:00+00:00,SWEEP,bearish,4042.73,,,,,,,,,,,,,,,,,,,,,,,,,,,,,
10881,2026-06-25T16:15:00+00:00,SWEEP,bearish,4042.906,,,,,,,,,,,,,,,,,,,,,,,,,,,,,
10924,2026-06-25T19:50:00+00:00,SWEEP,bullish,4025.874,,,,,,,,,,,,,,,,,,,,,,,,,,,,,
10940,2026-06-25T22:10:00+00:00,SWEEP,bullish,4021.904,,,,,,,,,,,,,,,,,,,,,,,,,,,,,
10941,2026-06-25T22:15:00+00:00,SWEEP,bullish,4021.804,,,,,,,,,,,,,,,,,,,,,,,,,,,,,
10942,2026-06-25T22:20:00+00:00,SWEEP,bullish,4021.366,,,,,,,,,,,,,,,,,,,,,,,,,,,,,
10945,2026-06-25T22:35:00+00:00,SWEEP,bearish,4035.043,,,,,,,,,,,,,,,,,,,,,,,,,,,,,
10946,2026-06-25T22:40:00+00:00,SWEEP,bearish,4036.415,,,,,,,,,,,,,,,,,,,,,,,,,,,,,
10960,2026-06-25T23:50:00+00:00,SWEEP,bullish,4016.558,,,,,,,,,,,,,,,,,,,,,,,,,,,,,
10962,2026-06-26T00:00:00+00:00,SWEEP,bullish,4012.378,,,,,,,,,,,,,,,,,,,,,,,,,,,,,
10963,2026-06-26T00:05:00+00:00,SWEEP,bullish,4012.141,,,,,,,,,,,,,,,,,,,,,,,,,,,,,
10991,2026-06-26T02:25:00+00:00,SWEEP,bullish,4005.235,,,,,,,,,,,,,,,,,,,,,,,,,,,,,
10994,2026-06-26T02:40:00+00:00,SWEEP,bullish,3991.618,,,,,,,,,,,,,,,,,,,,,,,,,,,,,
10995,2026-06-26T02:45:00+00:00,SWEEP,bullish,3991.192,,,,,,,,,,,,,,,,,,,,,,,,,,,,,
10997,2026-06-26T02:55:00+00:00,SWEEP,bullish,3984.717,,,,,,,,,,,,,,,,,,,,,,,,,,,,,
11007,2026-06-26T03:45:00+00:00,OB_FORMED,bullish,,64.0,3997.298,4000.356,74.41,"{'body': 18.61, 'fvg': 7.73, 'sweep': 21.99, 'break': 1.08, 'ob_size': 15.0, 'adjacency': 10}",,,,,,,,,,,,,,,,,,,,,,,,
11011,2026-06-26T04:05:00+00:00,OB_TOUCH,,,64.0,,,,,0.0,,,,,,,,,,,,,,,,,,,,,,,
11012,2026-06-26T04:10:00+00:00,SWEEP,bearish,4009.294,,,,,,,,,,,,,,,,,,,,,,,,,,,,,
11013,2026-06-26T04:15:00+00:00,SWEEP,bearish,4009.41,,,,,,,,,,,,,,,,,,,,,,,,,,,,,
11025,2026-06-26T05:15:00+00:00,SWEEP,bearish,4015.35,,,,,,,,,,,,,,,,,,,,,,,,,,,,,
11028,2026-06-26T05:30:00+00:00,SWEEP,bearish,4019.292,,,,,,,,,,,,,,,,,,,,,,,,,,,,,
11039,2026-06-26T06:25:00+00:00,SWEEP,bearish,4024.936,,,,,,,,,,,,,,,,,,,,,,,,,,,,,
11040,2026-06-26T06:30:00+00:00,SWEEP,bearish,4025.012,,,,,,,,,,,,,,,,,,,,,,,,,,,,,
11043,2026-06-26T06:45:00+00:00,SWEEP,bearish,4027.901,,,,,,,,,,,,,,,,,,,,,,,,,,,,,
11046,2026-06-26T07:00:00+00:00,SWEEP,bearish,4033.083,,,,,,,,,,,,,,,,,,,,,,,,,,,,,
11071,2026-06-26T09:05:00+00:00,SWEEP,bearish,4039.702,,,,,,,,,,,,,,,,,,,,,,,,,,,,,
11072,2026-06-26T09:10:00+00:00,SWEEP,bearish,4039.747,,,,,,,,,,,,,,,,,,,,,,,,,,,,,
11075,2026-06-26T09:25:00+00:00,SWEEP,bearish,4048.967,,,,,,,,,,,,,,,,,,,,,,,,,,,,,
11088,2026-06-26T10:30:00+00:00,SWEEP,bearish,4054.203,,,,,,,,,,,,,,,,,,,,,,,,,,,,,
11092,2026-06-26T10:50:00+00:00,SWEEP,bearish,4054.267,,,,,,,,,,,,,,,,,,,,,,,,,,,,,
11094,2026-06-26T11:00:00+00:00,SWEEP,bearish,4055.074,,,,,,,,,,,,,,,,,,,,,,,,,,,,,
11100,2026-06-26T11:30:00+00:00,SWEEP,bearish,4055.675,,,,,,,,,,,,,,,,,,,,,,,,,,,,,
11108,2026-06-26T12:10:00+00:00,OB_EXPIRED,,,64.0,,,,,,,,,,101.0,,,,,,,,,,,,,,,,,,
11110,2026-06-26T12:20:00+00:00,SWEEP,bullish,4042.486,,,,,,,,,,,,,,,,,,,,,,,,,,,,,
11118,2026-06-26T13:00:00+00:00,SWEEP,bearish,4061.629,,,,,,,,,,,,,,,,,,,,,,,,,,,,,
11128,2026-06-26T13:50:00+00:00,SWEEP,bearish,4066.154,,,,,,,,,,,,,,,,,,,,,,,,,,,,,
11130,2026-06-26T14:00:00+00:00,SWEEP,bearish,4077.989,,,,,,,,,,,,,,,,,,,,,,,,,,,,,
11131,2026-06-26T14:05:00+00:00,SWEEP,bearish,4079.32,,,,,,,,,,,,,,,,,,,,,,,,,,,,,
11149,2026-06-26T15:35:00+00:00,SWEEP,bearish,4093.103,,,,,,,,,,,,,,,,,,,,,,,,,,,,,
11151,2026-06-26T15:45:00+00:00,SWEEP,bearish,4095.651,,,,,,,,,,,,,,,,,,,,,,,,,,,,,
11169,2026-06-26T17:15:00+00:00,SWEEP,bullish,4081.586,,,,,,,,,,,,,,,,,,,,,,,,,,,,,
11170,2026-06-26T17:20:00+00:00,SWEEP,bullish,4081.357,,,,,,,,,,,,,,,,,,,,,,,,,,,,,
11177,2026-06-26T17:55:00+00:00,SWEEP,bullish,4074.125,,,,,,,,,,,,,,,,,,,,,,,,,,,,,
11178,2026-06-26T18:00:00+00:00,SWEEP,bullish,4073.571,,,,,,,,,,,,,,,,,,,,,,,,,,,,,
11191,2026-06-26T19:05:00+00:00,SWEEP,bullish,4064.923,,,,,,,,,,,,,,,,,,,,,,,,,,,,,
11198,2026-06-26T19:40:00+00:00,OB_FORMED,bullish,,65.0,4068.08,4070.413,81.07,"{'body': 17.6, 'fvg': 8.49, 'sweep': 21.54, 'break': 8.44, 'ob_size': 15.0, 'adjacency': 10}",,,,,,,,,,,,,,,,,,,,,,,,
11203,2026-06-26T20:05:00+00:00,OB_TOUCH,,,65.0,,,,,100.0,,,,,,,,,,,,,,,,,,,,,,,
11203,2026-06-26T20:05:00+00:00,OB_CROSSED_AFTER_TOUCH,,,65.0,,,,,100.0,,,,,,,,,,,,,,,,,,,,,,,
11204,2026-06-26T20:10:00+00:00,OB_CROSSED_AFTER_TOUCH,,,65.0,,,,,100.0,,,,,,,,,,,,,,,,,,,,,,,
11205,2026-06-26T20:15:00+00:00,OB_CROSSED_AFTER_TOUCH,,,65.0,,,,,100.0,,,,,,,,,,,,,,,,,,,,,,,
11217,2026-06-28T22:15:00+00:00,OB_CROSSED_AFTER_TOUCH,,,65.0,,,,,100.0,,,,,,,,,,,,,,,,,,,,,,,
11218,2026-06-28T22:20:00+00:00,OB_CROSSED_AFTER_TOUCH,,,65.0,,,,,100.0,,,,,,,,,,,,,,,,,,,,,,,
11219,2026-06-28T22:25:00+00:00,OB_CROSSED_AFTER_TOUCH,,,65.0,,,,,100.0,,,,,,,,,,,,,,,,,,,,,,,
11220,2026-06-28T22:30:00+00:00,OB_CROSSED_AFTER_TOUCH,,,65.0,,,,,100.0,,,,,,,,,,,,,,,,,,,,,,,
11221,2026-06-28T22:35:00+00:00,OB_CROSSED_AFTER_TOUCH,,,65.0,,,,,100.0,,,,,,,,,,,,,,,,,,,,,,,
11222,2026-06-28T22:40:00+00:00,OB_CROSSED_AFTER_TOUCH,,,65.0,,,,,100.0,,,,,,,,,,,,,,,,,,,,,,,
11223,2026-06-28T22:45:00+00:00,REVERSAL_AFTER_OB_CROSS,,,65.0,,,,,63.480497213894935,,,,,,,,,,,,,,,,,,,,,,,
11223,2026-06-28T22:45:00+00:00,WAIT_REENTRY_DEPTH,,,65.0,,,,,63.480497213894935,,,,,,,70.0,,,,,,,,,,,,,,,,
11224,2026-06-28T22:50:00+00:00,OB_CROSSED_AFTER_TOUCH,,,65.0,,,,,100.0,,,,,,,,,,,,,,,,,,,,,,,
11225,2026-06-28T22:55:00+00:00,OB_CROSSED_AFTER_TOUCH,,,65.0,,,,,100.0,,,,,,,,,,,,,,,,,,,,,,,
11226,2026-06-28T23:00:00+00:00,OB_CROSSED_AFTER_TOUCH,,,65.0,,,,,100.0,,,,,,,,,,,,,,,,,,,,,,,
11227,2026-06-28T23:05:00+00:00,REVERSAL_AFTER_OB_CROSS,,,65.0,,,,,5.486498071159531,,,,,,,,,,,,,,,,,,,,,,,
11227,2026-06-28T23:05:00+00:00,WAIT_REENTRY_DEPTH,,,65.0,,,,,5.486498071159531,,,,,,,70.0,,,,,,,,,,,,,,,,
11228,2026-06-28T23:10:00+00:00,OB_CROSSED_AFTER_TOUCH,,,65.0,,,,,100.0,,,,,,,,,,,,,,,,,,,,,,,
11229,2026-06-28T23:15:00+00:00,OB_CROSSED_AFTER_TOUCH,,,65.0,,,,,100.0,,,,,,,,,,,,,,,,,,,,,,,
11230,2026-06-28T23:20:00+00:00,OB_CROSSED_AFTER_TOUCH,,,65.0,,,,,100.0,,,,,,,,,,,,,,,,,,,,,,,
11231,2026-06-28T23:25:00+00:00,OB_CROSSED_AFTER_TOUCH,,,65.0,,,,,100.0,,,,,,,,,,,,,,,,,,,,,,,
11232,2026-06-28T23:30:00+00:00,SWEEP,bullish,4053.377,,,,,,,,,,,,,,,,,,,,,,,,,,,,,
11232,2026-06-28T23:30:00+00:00,OB_CROSSED_AFTER_TOUCH,,,65.0,,,,,100.0,,,,,,,,,,,,,,,,,,,,,,,
11233,2026-06-28T23:35:00+00:00,OB_CROSSED_AFTER_TOUCH,,,65.0,,,,,100.0,,,,,,,,,,,,,,,,,,,,,,,
11234,2026-06-28T23:40:00+00:00,OB_CROSSED_AFTER_TOUCH,,,65.0,,,,,100.0,,,,,,,,,,,,,,,,,,,,,,,
11235,2026-06-28T23:45:00+00:00,OB_CROSSED_AFTER_TOUCH,,,65.0,,,,,100.0,,,,,,,,,,,,,,,,,,,,,,,
11236,2026-06-28T23:50:00+00:00,OB_CROSSED_AFTER_TOUCH,,,65.0,,,,,100.0,,,,,,,,,,,,,,,,,,,,,,,
11237,2026-06-28T23:55:00+00:00,OB_CROSSED_AFTER_TOUCH,,,65.0,,,,,100.0,,,,,,,,,,,,,,,,,,,,,,,
11238,2026-06-29T00:00:00+00:00,OB_CROSSED_AFTER_TOUCH,,,65.0,,,,,100.0,,,,,,,,,,,,,,,,,,,,,,,
11239,2026-06-29T00:05:00+00:00,OB_CROSSED_AFTER_TOUCH,,,65.0,,,,,100.0,,,,,,,,,,,,,,,,,,,,,,,
11240,2026-06-29T00:10:00+00:00,OB_CROSSED_AFTER_TOUCH,,,65.0,,,,,100.0,,,,,,,,,,,,,,,,,,,,,,,
11241,2026-06-29T00:15:00+00:00,OB_CROSSED_AFTER_TOUCH,,,65.0,,,,,100.0,,,,,,,,,,,,,,,,,,,,,,,
11242,2026-06-29T00:20:00+00:00,SWEEP,bullish,4051.708,,,,,,,,,,,,,,,,,,,,,,,,,,,,,
11242,2026-06-29T00:20:00+00:00,OB_CROSSED_AFTER_TOUCH,,,65.0,,,,,100.0,,,,,,,,,,,,,,,,,,,,,,,
11243,2026-06-29T00:25:00+00:00,OB_CROSSED_AFTER_TOUCH,,,65.0,,,,,100.0,,,,,,,,,,,,,,,,,,,,,,,
11244,2026-06-29T00:30:00+00:00,OB_CROSSED_AFTER_TOUCH,,,65.0,,,,,100.0,,,,,,,,,,,,,,,,,,,,,,,
11245,2026-06-29T00:35:00+00:00,OB_CROSSED_AFTER_TOUCH,,,65.0,,,,,100.0,,,,,,,,,,,,,,,,,,,,,,,
11246,2026-06-29T00:40:00+00:00,REVERSAL_AFTER_OB_CROSS,,,65.0,,,,,40.33433347620102,,,,,,,,,,,,,,,,,,,,,,,
11246,2026-06-29T00:40:00+00:00,WAIT_REENTRY_DEPTH,,,65.0,,,,,40.33433347620102,,,,,,,70.0,,,,,,,,,,,,,,,,
11247,2026-06-29T00:45:00+00:00,OB_CROSSED_AFTER_TOUCH,,,65.0,,,,,100.0,,,,,,,,,,,,,,,,,,,,,,,
11248,2026-06-29T00:50:00+00:00,REVERSAL_AFTER_OB_CROSS,,,65.0,,,,,43.420488641229475,,,,,,,,,,,,,,,,,,,,,,,
11248,2026-06-29T00:50:00+00:00,WAIT_REENTRY_DEPTH,,,65.0,,,,,43.420488641229475,,,,,,,70.0,,,,,,,,,,,,,,,,
11249,2026-06-29T00:55:00+00:00,SWEEP,bearish,4070.064,,,,,,,,,,,,,,,,,,,,,,,,,,,,,
11249,2026-06-29T00:55:00+00:00,REVERSAL_AFTER_OB_CROSS,,,65.0,,,,,34.07629661380387,,,,,,,,,,,,,,,,,,,,,,,
11249,2026-06-29T00:55:00+00:00,WAIT_REENTRY_DEPTH,,,65.0,,,,,34.07629661380387,,,,,,,70.0,,,,,,,,,,,,,,,,
11250,2026-06-29T01:00:00+00:00,OB_CROSSED_AFTER_TOUCH,,,65.0,,,,,100.0,,,,,,,,,,,,,,,,,,,,,,,
11251,2026-06-29T01:05:00+00:00,SWEEP,bearish,4074.28,,,,,,,,,,,,,,,,,,,,,,,,,,,,,
11251,2026-06-29T01:05:00+00:00,OB_CROSSED_AFTER_TOUCH,,,65.0,,,,,100.0,,,,,,,,,,,,,,,,,,,,,,,
11252,2026-06-29T01:10:00+00:00,OB_CROSSED_AFTER_TOUCH,,,65.0,,,,,100.0,,,,,,,,,,,,,,,,,,,,,,,
11253,2026-06-29T01:15:00+00:00,OB_CROSSED_AFTER_TOUCH,,,65.0,,,,,100.0,,,,,,,,,,,,,,,,,,,,,,,
11254,2026-06-29T01:20:00+00:00,OB_CROSSED_AFTER_TOUCH,,,65.0,,,,,100.0,,,,,,,,,,,,,,,,,,,,,,,
11255,2026-06-29T01:25:00+00:00,OB_CROSSED_AFTER_TOUCH,,,65.0,,,,,100.0,,,,,,,,,,,,,,,,,,,,,,,
11256,2026-06-29T01:30:00+00:00,OB_CROSSED_AFTER_TOUCH,,,65.0,,,,,100.0,,,,,,,,,,,,,,,,,,,,,,,
11257,2026-06-29T01:35:00+00:00,OB_CROSSED_AFTER_TOUCH,,,65.0,,,,,100.0,,,,,,,,,,,,,,,,,,,,,,,
11258,2026-06-29T01:40:00+00:00,OB_CROSSED_AFTER_TOUCH,,,65.0,,,,,100.0,,,,,,,,,,,,,,,,,,,,,,,
11259,2026-06-29T01:45:00+00:00,OB_CROSSED_AFTER_TOUCH,,,65.0,,,,,100.0,,,,,,,,,,,,,,,,,,,,,,,
11260,2026-06-29T01:50:00+00:00,OB_CROSSED_AFTER_TOUCH,,,65.0,,,,,100.0,,,,,,,,,,,,,,,,,,,,,,,
11261,2026-06-29T01:55:00+00:00,OB_CROSSED_AFTER_TOUCH,,,65.0,,,,,100.0,,,,,,,,,,,,,,,,,,,,,,,
11262,2026-06-29T02:00:00+00:00,OB_CROSSED_AFTER_TOUCH,,,65.0,,,,,100.0,,,,,,,,,,,,,,,,,,,,,,,
11263,2026-06-29T02:05:00+00:00,OB_CROSSED_AFTER_TOUCH,,,65.0,,,,,100.0,,,,,,,,,,,,,,,,,,,,,,,
11264,2026-06-29T02:10:00+00:00,OB_CROSSED_AFTER_TOUCH,,,65.0,,,,,100.0,,,,,,,,,,,,,,,,,,,,,,,
11265,2026-06-29T02:15:00+00:00,OB_CROSSED_AFTER_TOUCH,,,65.0,,,,,100.0,,,,,,,,,,,,,,,,,,,,,,,
11266,2026-06-29T02:20:00+00:00,OB_CROSSED_AFTER_TOUCH,,,65.0,,,,,100.0,,,,,,,,,,,,,,,,,,,,,,,
11267,2026-06-29T02:25:00+00:00,WAIT_MTF_CONTEXT,,,65.0,,,,,,bearish,neutral,neutral,46.15,,,,,,,,,,,,,,,,,,,
11268,2026-06-29T02:30:00+00:00,WAIT_MTF_CONTEXT,,,65.0,,,,,,bearish,neutral,neutral,46.15,,,,,,,,,,,,,,,,,,,
11269,2026-06-29T02:35:00+00:00,OB_CROSSED_AFTER_TOUCH,,,65.0,,,,,100.0,,,,,,,,,,,,,,,,,,,,,,,
11270,2026-06-29T02:40:00+00:00,OB_CROSSED_AFTER_TOUCH,,,65.0,,,,,100.0,,,,,,,,,,,,,,,,,,,,,,,
11271,2026-06-29T02:45:00+00:00,OB_CROSSED_AFTER_TOUCH,,,65.0,,,,,100.0,,,,,,,,,,,,,,,,,,,,,,,
11272,2026-06-29T02:50:00+00:00,OB_CROSSED_AFTER_TOUCH,,,65.0,,,,,100.0,,,,,,,,,,,,,,,,,,,,,,,
11273,2026-06-29T02:55:00+00:00,OB_CROSSED_AFTER_TOUCH,,,65.0,,,,,100.0,,,,,,,,,,,,,,,,,,,,,,,
11274,2026-06-29T03:00:00+00:00,OB_CROSSED_AFTER_TOUCH,,,65.0,,,,,100.0,,,,,,,,,,,,,,,,,,,,,,,
11275,2026-06-29T03:05:00+00:00,WAIT_MTF_CONTEXT,,,65.0,,,,,,bearish,neutral,neutral,46.15,,,,,,,,,,,,,,,,,,,
11276,2026-06-29T03:10:00+00:00,WAIT_MTF_CONTEXT,,,65.0,,,,,,bearish,neutral,neutral,46.15,,,,,,,,,,,,,,,,,,,
11277,2026-06-29T03:15:00+00:00,WAIT_MTF_CONTEXT,,,65.0,,,,,,bearish,neutral,neutral,46.15,,,,,,,,,,,,,,,,,,,
11278,2026-06-29T03:20:00+00:00,WAIT_MTF_CONTEXT,,,65.0,,,,,,bearish,neutral,neutral,46.15,,,,,,,,,,,,,,,,,,,
11279,2026-06-29T03:25:00+00:00,WAIT_MTF_CONTEXT,,,65.0,,,,,,bearish,neutral,neutral,46.15,,,,,,,,,,,,,,,,,,,
11280,2026-06-29T03:30:00+00:00,WAIT_MTF_CONTEXT,,,65.0,,,,,,bearish,neutral,neutral,46.15,,,,,,,,,,,,,,,,,,,
11281,2026-06-29T03:35:00+00:00,OB_CROSSED_AFTER_TOUCH,,,65.0,,,,,100.0,,,,,,,,,,,,,,,,,,,,,,,
11282,2026-06-29T03:40:00+00:00,OB_CROSSED_AFTER_TOUCH,,,65.0,,,,,100.0,,,,,,,,,,,,,,,,,,,,,,,
11283,2026-06-29T03:45:00+00:00,OB_CROSSED_AFTER_TOUCH,,,65.0,,,,,100.0,,,,,,,,,,,,,,,,,,,,,,,
11284,2026-06-29T03:50:00+00:00,WAIT_MTF_CONTEXT,,,65.0,,,,,,bearish,neutral,neutral,46.15,,,,,,,,,,,,,,,,,,,
11285,2026-06-29T03:55:00+00:00,WAIT_MTF_CONTEXT,,,65.0,,,,,,bearish,neutral,neutral,46.15,,,,,,,,,,,,,,,,,,,
11286,2026-06-29T04:00:00+00:00,OB_CROSSED_AFTER_TOUCH,,,65.0,,,,,100.0,,,,,,,,,,,,,,,,,,,,,,,
11287,2026-06-29T04:05:00+00:00,OB_CROSSED_AFTER_TOUCH,,,65.0,,,,,100.0,,,,,,,,,,,,,,,,,,,,,,,
11288,2026-06-29T04:10:00+00:00,OB_CROSSED_AFTER_TOUCH,,,65.0,,,,,100.0,,,,,,,,,,,,,,,,,,,,,,,
11289,2026-06-29T04:15:00+00:00,OB_CROSSED_AFTER_TOUCH,,,65.0,,,,,100.0,,,,,,,,,,,,,,,,,,,,,,,
11290,2026-06-29T04:20:00+00:00,OB_CROSSED_AFTER_TOUCH,,,65.0,,,,,100.0,,,,,,,,,,,,,,,,,,,,,,,
11291,2026-06-29T04:25:00+00:00,OB_CROSSED_AFTER_TOUCH,,,65.0,,,,,100.0,,,,,,,,,,,,,,,,,,,,,,,
11292,2026-06-29T04:30:00+00:00,OB_CROSSED_AFTER_TOUCH,,,65.0,,,,,100.0,,,,,,,,,,,,,,,,,,,,,,,
11293,2026-06-29T04:35:00+00:00,OB_CROSSED_AFTER_TOUCH,,,65.0,,,,,100.0,,,,,,,,,,,,,,,,,,,,,,,
11294,2026-06-29T04:40:00+00:00,SWEEP,bullish,4054.796,,,,,,,,,,,,,,,,,,,,,,,,,,,,,
11294,2026-06-29T04:40:00+00:00,OB_CROSSED_AFTER_TOUCH,,,65.0,,,,,100.0,,,,,,,,,,,,,,,,,,,,,,,
11295,2026-06-29T04:45:00+00:00,OB_CROSSED_AFTER_TOUCH,,,65.0,,,,,100.0,,,,,,,,,,,,,,,,,,,,,,,
11296,2026-06-29T04:50:00+00:00,OB_CROSSED_AFTER_TOUCH,,,65.0,,,,,100.0,,,,,,,,,,,,,,,,,,,,,,,
11297,2026-06-29T04:55:00+00:00,OB_CROSSED_AFTER_TOUCH,,,65.0,,,,,100.0,,,,,,,,,,,,,,,,,,,,,,,
11298,2026-06-29T05:00:00+00:00,SWEEP,bullish,4049.69,,,,,,,,,,,,,,,,,,,,,,,,,,,,,
11298,2026-06-29T05:00:00+00:00,OB_CROSSED_AFTER_TOUCH,,,65.0,,,,,100.0,,,,,,,,,,,,,,,,,,,,,,,
11299,2026-06-29T05:05:00+00:00,OB_EXPIRED,,,65.0,,,,,,,,,,101.0,,,,,,,,,,,,,,,,,,
11305,2026-06-29T05:35:00+00:00,SWEEP,bullish,4040.279,,,,,,,,,,,,,,,,,,,,,,,,,,,,,
11319,2026-06-29T06:45:00+00:00,SWEEP,bearish,4064.271,,,,,,,,,,,,,,,,,,,,,,,,,,,,,
11332,2026-06-29T07:50:00+00:00,SWEEP,bearish,4066.355,,,,,,,,,,,,,,,,,,,,,,,,,,,,,
11343,2026-06-29T08:45:00+00:00,SWEEP,bullish,4054.648,,,,,,,,,,,,,,,,,,,,,,,,,,,,,
11352,2026-06-29T09:30:00+00:00,SWEEP,bullish,4043.674,,,,,,,,,,,,,,,,,,,,,,,,,,,,,
11353,2026-06-29T09:35:00+00:00,SWEEP,bullish,4041.718,,,,,,,,,,,,,,,,,,,,,,,,,,,,,
11354,2026-06-29T09:40:00+00:00,SWEEP,bullish,4041.149,,,,,,,,,,,,,,,,,,,,,,,,,,,,,
11383,2026-06-29T12:05:00+00:00,SWEEP,bearish,4048.131,,,,,,,,,,,,,,,,,,,,,,,,,,,,,
11384,2026-06-29T12:10:00+00:00,SWEEP,bearish,4048.345,,,,,,,,,,,,,,,,,,,,,,,,,,,,,
11403,2026-06-29T13:45:00+00:00,SWEEP,bullish,4033.831,,,,,,,,,,,,,,,,,,,,,,,,,,,,,
11405,2026-06-29T13:55:00+00:00,SWEEP,bullish,4030.025,,,,,,,,,,,,,,,,,,,,,,,,,,,,,
11409,2026-06-29T14:15:00+00:00,SWEEP,bullish,4007.981,,,,,,,,,,,,,,,,,,,,,,,,,,,,,
11429,2026-06-29T15:55:00+00:00,SWEEP,bearish,4030.359,,,,,,,,,,,,,,,,,,,,,,,,,,,,,
11433,2026-06-29T16:15:00+00:00,OB_FORMED,bearish,,66.0,4021.945,4025.92,69.61,"{'body': 16.2, 'fvg': 8.52, 'sweep': 16.05, 'break': 3.83, 'ob_size': 15.0, 'adjacency': 10}",,,,,,,,,,,,,,,,,,,,,,,,
11438,2026-06-29T16:40:00+00:00,OB_TOUCH,,,66.0,,,,,0.0,,,,,,,,,,,,,,,,,,,,,,,
11439,2026-06-29T16:45:00+00:00,OB_CROSSED_AFTER_TOUCH,,,66.0,,,,,100.0,,,,,,,,,,,,,,,,,,,,,,,
11440,2026-06-29T16:50:00+00:00,REVERSAL_AFTER_OB_CROSS,,,66.0,,,,,98.36477987421243,,,,,,,,,,,,,,,,,,,,,,,
11440,2026-06-29T16:50:00+00:00,WAIT_MICRO_BOS,,,66.0,,,,,,,,,,,crossed_ob_reentry,,,,,,,,,,,,,,,,,
11441,2026-06-29T16:55:00+00:00,REVERSAL_AFTER_OB_CROSS,,,66.0,,,,,49.836477987416664,,,,,,,,,,,,,,,,,,,,,,,
11441,2026-06-29T16:55:00+00:00,WAIT_REENTRY_DEPTH,,,66.0,,,,,49.836477987416664,,,,,,,70.0,,,,,,,,,,,,,,,,
11442,2026-06-29T17:00:00+00:00,WAIT_MICRO_BOS,,,66.0,,,,,,,,,,,crossed_ob_reentry,,,,,,,,,,,,,,,,,
11443,2026-06-29T17:05:00+00:00,SWEEP,bearish,4030.461,,,,,,,,,,,,,,,,,,,,,,,,,,,,,
11443,2026-06-29T17:05:00+00:00,OB_CROSSED_AFTER_TOUCH,,,66.0,,,,,100.0,,,,,,,,,,,,,,,,,,,,,,,
11444,2026-06-29T17:10:00+00:00,SWEEP,bearish,4031.825,,,,,,,,,,,,,,,,,,,,,,,,,,,,,
11444,2026-06-29T17:10:00+00:00,OB_CROSSED_AFTER_TOUCH,,,66.0,,,,,100.0,,,,,,,,,,,,,,,,,,,,,,,
11445,2026-06-29T17:15:00+00:00,OB_CROSSED_AFTER_TOUCH,,,66.0,,,,,100.0,,,,,,,,,,,,,,,,,,,,,,,
11446,2026-06-29T17:20:00+00:00,OB_CROSSED_AFTER_TOUCH,,,66.0,,,,,100.0,,,,,,,,,,,,,,,,,,,,,,,
11447,2026-06-29T17:25:00+00:00,REVERSAL_AFTER_OB_CROSS,,,66.0,,,,,53.28301886792419,,,,,,,,,,,,,,,,,,,,,,,
11447,2026-06-29T17:25:00+00:00,WAIT_REENTRY_DEPTH,,,66.0,,,,,53.28301886792419,,,,,,,70.0,,,,,,,,,,,,,,,,
11448,2026-06-29T17:30:00+00:00,REVERSAL_AFTER_OB_CROSS,,,66.0,,,,,40.88050314465502,,,,,,,,,,,,,,,,,,,,,,,
11448,2026-06-29T17:30:00+00:00,WAIT_REENTRY_DEPTH,,,66.0,,,,,40.88050314465502,,,,,,,70.0,,,,,,,,,,,,,,,,
11449,2026-06-29T17:35:00+00:00,WAIT_REENTRY_DEPTH,,,66.0,,,,,51.52201257861185,,,,,,,70.0,,,,,,,,,,,,,,,,
11450,2026-06-29T17:40:00+00:00,REVERSAL_AFTER_OB_CROSS,,,66.0,,,,,4.301886792448444,,,,,,,,,,,,,,,,,,,,,,,
11450,2026-06-29T17:40:00+00:00,WAIT_REENTRY_DEPTH,,,66.0,,,,,4.301886792448444,,,,,,,70.0,,,,,,,,,,,,,,,,
11451,2026-06-29T17:45:00+00:00,WAIT_REENTRY_DEPTH,,,66.0,,,,,0.0,,,,,,,70.0,,,,,,,,,,,,,,,,
11452,2026-06-29T17:50:00+00:00,WAIT_REENTRY_DEPTH,,,66.0,,,,,0.0,,,,,,,70.0,,,,,,,,,,,,,,,,
11453,2026-06-29T17:55:00+00:00,WAIT_REENTRY_DEPTH,,,66.0,,,,,0.0,,,,,,,70.0,,,,,,,,,,,,,,,,
11454,2026-06-29T18:00:00+00:00,WAIT_REENTRY_DEPTH,,,66.0,,,,,38.74213836477984,,,,,,,70.0,,,,,,,,,,,,,,,,
11455,2026-06-29T18:05:00+00:00,REVERSAL_AFTER_OB_CROSS,,,66.0,,,,,15.04402515723195,,,,,,,,,,,,,,,,,,,,,,,
11455,2026-06-29T18:05:00+00:00,WAIT_REENTRY_DEPTH,,,66.0,,,,,15.04402515723195,,,,,,,70.0,,,,,,,,,,,,,,,,
11456,2026-06-29T18:10:00+00:00,WAIT_REENTRY_DEPTH,,,66.0,,,,,48.07547169811578,,,,,,,70.0,,,,,,,,,,,,,,,,
11457,2026-06-29T18:15:00+00:00,WAIT_REENTRY_DEPTH,,,66.0,,,,,59.72327044024781,,,,,,,70.0,,,,,,,,,,,,,,,,
11458,2026-06-29T18:20:00+00:00,REVERSAL_AFTER_OB_CROSS,,,66.0,,,,,56.60377358490696,,,,,,,,,,,,,,,,,,,,,,,
11458,2026-06-29T18:20:00+00:00,WAIT_REENTRY_DEPTH,,,66.0,,,,,56.60377358490696,,,,,,,70.0,,,,,,,,,,,,,,,,
11459,2026-06-29T18:25:00+00:00,WAIT_REENTRY_DEPTH,,,66.0,,,,,0.0,,,,,,,70.0,,,,,,,,,,,,,,,,
11460,2026-06-29T18:30:00+00:00,WAIT_REENTRY_DEPTH,,,66.0,,,,,0.0,,,,,,,70.0,,,,,,,,,,,,,,,,
11461,2026-06-29T18:35:00+00:00,WAIT_REENTRY_DEPTH,,,66.0,,,,,0.0,,,,,,,70.0,,,,,,,,,,,,,,,,
11462,2026-06-29T18:40:00+00:00,WAIT_REENTRY_DEPTH,,,66.0,,,,,0.0,,,,,,,70.0,,,,,,,,,,,,,,,,
11463,2026-06-29T18:45:00+00:00,WAIT_REENTRY_DEPTH,,,66.0,,,,,0.0,,,,,,,70.0,,,,,,,,,,,,,,,,
11464,2026-06-29T18:50:00+00:00,SWEEP,bullish,4015.742,,,,,,,,,,,,,,,,,,,,,,,,,,,,,
11464,2026-06-29T18:50:00+00:00,WAIT_REENTRY_DEPTH,,,66.0,,,,,0.0,,,,,,,70.0,,,,,,,,,,,,,,,,
11465,2026-06-29T18:55:00+00:00,WAIT_REENTRY_DEPTH,,,66.0,,,,,0.0,,,,,,,70.0,,,,,,,,,,,,,,,,
11466,2026-06-29T19:00:00+00:00,WAIT_REENTRY_DEPTH,,,66.0,,,,,0.0,,,,,,,70.0,,,,,,,,,,,,,,,,
11467,2026-06-29T19:05:00+00:00,SWEEP,bullish,4009.736,,,,,,,,,,,,,,,,,,,,,,,,,,,,,
11467,2026-06-29T19:05:00+00:00,WAIT_REENTRY_DEPTH,,,66.0,,,,,0.0,,,,,,,70.0,,,,,,,,,,,,,,,,
11468,2026-06-29T19:10:00+00:00,WAIT_REENTRY_DEPTH,,,66.0,,,,,0.0,,,,,,,70.0,,,,,,,,,,,,,,,,
11469,2026-06-29T19:15:00+00:00,SWEEP,bullish,4007.966,,,,,,,,,,,,,,,,,,,,,,,,,,,,,
11469,2026-06-29T19:15:00+00:00,WAIT_REENTRY_DEPTH,,,66.0,,,,,0.0,,,,,,,70.0,,,,,,,,,,,,,,,,
11470,2026-06-29T19:20:00+00:00,WAIT_REENTRY_DEPTH,,,66.0,,,,,0.0,,,,,,,70.0,,,,,,,,,,,,,,,,
11471,2026-06-29T19:25:00+00:00,WAIT_REENTRY_DEPTH,,,66.0,,,,,0.0,,,,,,,70.0,,,,,,,,,,,,,,,,
11472,2026-06-29T19:30:00+00:00,WAIT_REENTRY_DEPTH,,,66.0,,,,,0.0,,,,,,,70.0,,,,,,,,,,,,,,,,
11473,2026-06-29T19:35:00+00:00,WAIT_REENTRY_DEPTH,,,66.0,,,,,0.0,,,,,,,70.0,,,,,,,,,,,,,,,,
11474,2026-06-29T19:40:00+00:00,WAIT_REENTRY_DEPTH,,,66.0,,,,,0.0,,,,,,,70.0,,,,,,,,,,,,,,,,
11475,2026-06-29T19:45:00+00:00,WAIT_REENTRY_DEPTH,,,66.0,,,,,0.0,,,,,,,70.0,,,,,,,,,,,,,,,,
11476,2026-06-29T19:50:00+00:00,WAIT_REENTRY_DEPTH,,,66.0,,,,,0.0,,,,,,,70.0,,,,,,,,,,,,,,,,
11477,2026-06-29T19:55:00+00:00,WAIT_REENTRY_DEPTH,,,66.0,,,,,0.0,,,,,,,70.0,,,,,,,,,,,,,,,,
11478,2026-06-29T20:00:00+00:00,WAIT_REENTRY_DEPTH,,,66.0,,,,,0.0,,,,,,,70.0,,,,,,,,,,,,,,,,
11479,2026-06-29T20:05:00+00:00,WAIT_REENTRY_DEPTH,,,66.0,,,,,0.0,,,,,,,70.0,,,,,,,,,,,,,,,,
11480,2026-06-29T20:10:00+00:00,WAIT_REENTRY_DEPTH,,,66.0,,,,,0.0,,,,,,,70.0,,,,,,,,,,,,,,,,
11481,2026-06-29T20:15:00+00:00,WAIT_REENTRY_DEPTH,,,66.0,,,,,0.0,,,,,,,70.0,,,,,,,,,,,,,,,,
11482,2026-06-29T20:20:00+00:00,WAIT_REENTRY_DEPTH,,,66.0,,,,,0.0,,,,,,,70.0,,,,,,,,,,,,,,,,
11483,2026-06-29T20:25:00+00:00,WAIT_REENTRY_DEPTH,,,66.0,,,,,0.0,,,,,,,70.0,,,,,,,,,,,,,,,,
11484,2026-06-29T20:30:00+00:00,WAIT_REENTRY_DEPTH,,,66.0,,,,,0.0,,,,,,,70.0,,,,,,,,,,,,,,,,
11485,2026-06-29T20:35:00+00:00,WAIT_REENTRY_DEPTH,,,66.0,,,,,0.0,,,,,,,70.0,,,,,,,,,,,,,,,,
11486,2026-06-29T20:40:00+00:00,WAIT_REENTRY_DEPTH,,,66.0,,,,,0.0,,,,,,,70.0,,,,,,,,,,,,,,,,
11487,2026-06-29T20:45:00+00:00,WAIT_REENTRY_DEPTH,,,66.0,,,,,0.0,,,,,,,70.0,,,,,,,,,,,,,,,,
11488,2026-06-29T20:50:00+00:00,WAIT_REENTRY_DEPTH,,,66.0,,,,,0.0,,,,,,,70.0,,,,,,,,,,,,,,,,
11489,2026-06-29T20:55:00+00:00,WAIT_REENTRY_DEPTH,,,66.0,,,,,0.0,,,,,,,70.0,,,,,,,,,,,,,,,,
11490,2026-06-29T22:00:00+00:00,SWEEP,bearish,4019.627,,,,,,,,,,,,,,,,,,,,,,,,,,,,,
11490,2026-06-29T22:00:00+00:00,WAIT_REENTRY_DEPTH,,,66.0,,,,,0.0,,,,,,,70.0,,,,,,,,,,,,,,,,
11491,2026-06-29T22:05:00+00:00,SWEEP,bearish,4020.842,,,,,,,,,,,,,,,,,,,,,,,,,,,,,
11491,2026-06-29T22:05:00+00:00,WAIT_REENTRY_DEPTH,,,66.0,,,,,0.0,,,,,,,70.0,,,,,,,,,,,,,,,,
11492,2026-06-29T22:10:00+00:00,SWEEP,bearish,4021.753,,,,,,,,,,,,,,,,,,,,,,,,,,,,,
11492,2026-06-29T22:10:00+00:00,WAIT_REENTRY_DEPTH,,,66.0,,,,,0.0,,,,,,,70.0,,,,,,,,,,,,,,,,
11493,2026-06-29T22:15:00+00:00,WAIT_REENTRY_DEPTH,,,66.0,,,,,0.0,,,,,,,70.0,,,,,,,,,,,,,,,,
11494,2026-06-29T22:20:00+00:00,WAIT_REENTRY_DEPTH,,,66.0,,,,,0.0,,,,,,,70.0,,,,,,,,,,,,,,,,
11495,2026-06-29T22:25:00+00:00,WAIT_REENTRY_DEPTH,,,66.0,,,,,0.0,,,,,,,70.0,,,,,,,,,,,,,,,,
11496,2026-06-29T22:30:00+00:00,WAIT_REENTRY_DEPTH,,,66.0,,,,,0.0,,,,,,,70.0,,,,,,,,,,,,,,,,
11497,2026-06-29T22:35:00+00:00,SWEEP,bullish,4012.613,,,,,,,,,,,,,,,,,,,,,,,,,,,,,
11497,2026-06-29T22:35:00+00:00,WAIT_REENTRY_DEPTH,,,66.0,,,,,0.0,,,,,,,70.0,,,,,,,,,,,,,,,,
11498,2026-06-29T22:40:00+00:00,WAIT_REENTRY_DEPTH,,,66.0,,,,,0.0,,,,,,,70.0,,,,,,,,,,,,,,,,
11499,2026-06-29T22:45:00+00:00,SWEEP,bullish,4010.248,,,,,,,,,,,,,,,,,,,,,,,,,,,,,
11499,2026-06-29T22:45:00+00:00,WAIT_REENTRY_DEPTH,,,66.0,,,,,0.0,,,,,,,70.0,,,,,,,,,,,,,,,,
11500,2026-06-29T22:50:00+00:00,WAIT_REENTRY_DEPTH,,,66.0,,,,,0.0,,,,,,,70.0,,,,,,,,,,,,,,,,
11501,2026-06-29T22:55:00+00:00,WAIT_REENTRY_DEPTH,,,66.0,,,,,0.0,,,,,,,70.0,,,,,,,,,,,,,,,,
11502,2026-06-29T23:00:00+00:00,WAIT_REENTRY_DEPTH,,,66.0,,,,,0.0,,,,,,,70.0,,,,,,,,,,,,,,,,
11503,2026-06-29T23:05:00+00:00,WAIT_REENTRY_DEPTH,,,66.0,,,,,0.0,,,,,,,70.0,,,,,,,,,,,,,,,,
11504,2026-06-29T23:10:00+00:00,WAIT_REENTRY_DEPTH,,,66.0,,,,,0.0,,,,,,,70.0,,,,,,,,,,,,,,,,
11505,2026-06-29T23:15:00+00:00,SWEEP,bearish,4022.243,,,,,,,,,,,,,,,,,,,,,,,,,,,,,
11505,2026-06-29T23:15:00+00:00,WAIT_REENTRY_DEPTH,,,66.0,,,,,0.0,,,,,,,70.0,,,,,,,,,,,,,,,,
11506,2026-06-29T23:20:00+00:00,WAIT_REENTRY_DEPTH,,,66.0,,,,,0.0,,,,,,,70.0,,,,,,,,,,,,,,,,
11507,2026-06-29T23:25:00+00:00,WAIT_REENTRY_DEPTH,,,66.0,,,,,0.0,,,,,,,70.0,,,,,,,,,,,,,,,,
11508,2026-06-29T23:30:00+00:00,WAIT_REENTRY_DEPTH,,,66.0,,,,,0.0,,,,,,,70.0,,,,,,,,,,,,,,,,
11509,2026-06-29T23:35:00+00:00,WAIT_REENTRY_DEPTH,,,66.0,,,,,0.0,,,,,,,70.0,,,,,,,,,,,,,,,,
11510,2026-06-29T23:40:00+00:00,WAIT_REENTRY_DEPTH,,,66.0,,,,,0.0,,,,,,,70.0,,,,,,,,,,,,,,,,
11511,2026-06-29T23:45:00+00:00,WAIT_REENTRY_DEPTH,,,66.0,,,,,0.0,,,,,,,70.0,,,,,,,,,,,,,,,,
11512,2026-06-29T23:50:00+00:00,WAIT_REENTRY_DEPTH,,,66.0,,,,,0.0,,,,,,,70.0,,,,,,,,,,,,,,,,
11513,2026-06-29T23:55:00+00:00,WAIT_REENTRY_DEPTH,,,66.0,,,,,0.0,,,,,,,70.0,,,,,,,,,,,,,,,,
11514,2026-06-30T00:00:00+00:00,WAIT_MTF_CONTEXT,,,66.0,,,,,,bearish,neutral,neutral,46.15,,,,,,,,,,,,,,,,,,,
11511,2026-06-29T23:45:00+00:00,OB_FORMED,bearish,,67.0,4013.536,4016.962,96.88,"{'body': 18.09, 'fvg': 20.12, 'sweep': 19.43, 'break': 14.76, 'ob_size': 14.48, 'adjacency': 10}",,,,,,,,,,,,,,,,,,,,,,,,
11515,2026-06-30T00:05:00+00:00,WAIT_MTF_CONTEXT,,,66.0,,,,,,bearish,neutral,neutral,46.15,,,,,,,,,,,,,,,,,,,
11516,2026-06-30T00:10:00+00:00,WAIT_MTF_CONTEXT,,,66.0,,,,,,bearish,neutral,neutral,46.15,,,,,,,,,,,,,,,,,,,
11516,2026-06-30T00:10:00+00:00,OB_TOUCH,,,67.0,,,,,0.0,,,,,,,,,,,,,,,,,,,,,,,
11516,2026-06-30T00:10:00+00:00,WAIT_MTF_CONTEXT,,,67.0,,,,,,bearish,neutral,neutral,46.15,,,,,,,,,,,,,,,,,,,
11517,2026-06-30T00:15:00+00:00,WAIT_MTF_CONTEXT,,,66.0,,,,,,bearish,neutral,bullish,46.15,,,,,,,,,,,,,,,,,,,
11517,2026-06-30T00:15:00+00:00,WAIT_MTF_CONTEXT,,,67.0,,,,,,bearish,neutral,bullish,46.15,,,,,,,,,,,,,,,,,,,
11518,2026-06-30T00:20:00+00:00,WAIT_MTF_CONTEXT,,,66.0,,,,,,bearish,neutral,bullish,46.15,,,,,,,,,,,,,,,,,,,
11518,2026-06-30T00:20:00+00:00,WAIT_MTF_CONTEXT,,,67.0,,,,,,bearish,neutral,bullish,46.15,,,,,,,,,,,,,,,,,,,
11519,2026-06-30T00:25:00+00:00,WAIT_MTF_CONTEXT,,,66.0,,,,,,bearish,neutral,bullish,46.15,,,,,,,,,,,,,,,,,,,
11519,2026-06-30T00:25:00+00:00,WAIT_MTF_CONTEXT,,,67.0,,,,,,bearish,neutral,bullish,46.15,,,,,,,,,,,,,,,,,,,
11520,2026-06-30T00:30:00+00:00,WAIT_MTF_CONTEXT,,,66.0,,,,,,bearish,neutral,bullish,46.15,,,,,,,,,,,,,,,,,,,
11520,2026-06-30T00:30:00+00:00,WAIT_MTF_CONTEXT,,,67.0,,,,,,bearish,neutral,bullish,46.15,,,,,,,,,,,,,,,,,,,
11521,2026-06-30T00:35:00+00:00,WAIT_MTF_CONTEXT,,,66.0,,,,,,bearish,neutral,bullish,46.15,,,,,,,,,,,,,,,,,,,
11521,2026-06-30T00:35:00+00:00,WAIT_MTF_CONTEXT,,,67.0,,,,,,bearish,neutral,bullish,46.15,,,,,,,,,,,,,,,,,,,
11522,2026-06-30T00:40:00+00:00,WAIT_MTF_CONTEXT,,,66.0,,,,,,bearish,neutral,bullish,46.15,,,,,,,,,,,,,,,,,,,
11522,2026-06-30T00:40:00+00:00,WAIT_MTF_CONTEXT,,,67.0,,,,,,bearish,neutral,bullish,46.15,,,,,,,,,,,,,,,,,,,
11523,2026-06-30T00:45:00+00:00,SWEEP,bullish,3990.834,,,,,,,,,,,,,,,,,,,,,,,,,,,,,
11523,2026-06-30T00:45:00+00:00,WAIT_MTF_CONTEXT,,,66.0,,,,,,bearish,neutral,bullish,46.15,,,,,,,,,,,,,,,,,,,
11523,2026-06-30T00:45:00+00:00,WAIT_MTF_CONTEXT,,,67.0,,,,,,bearish,neutral,bullish,46.15,,,,,,,,,,,,,,,,,,,
11524,2026-06-30T00:50:00+00:00,SWEEP,bullish,3990.654,,,,,,,,,,,,,,,,,,,,,,,,,,,,,
11524,2026-06-30T00:50:00+00:00,WAIT_MTF_CONTEXT,,,66.0,,,,,,bearish,neutral,bullish,46.15,,,,,,,,,,,,,,,,,,,
11524,2026-06-30T00:50:00+00:00,WAIT_MTF_CONTEXT,,,67.0,,,,,,bearish,neutral,bullish,46.15,,,,,,,,,,,,,,,,,,,
11525,2026-06-30T00:55:00+00:00,WAIT_MTF_CONTEXT,,,66.0,,,,,,bearish,neutral,bullish,46.15,,,,,,,,,,,,,,,,,,,
11525,2026-06-30T00:55:00+00:00,WAIT_MTF_CONTEXT,,,67.0,,,,,,bearish,neutral,bullish,46.15,,,,,,,,,,,,,,,,,,,
11526,2026-06-30T01:00:00+00:00,SWEEP,bullish,3979.562,,,,,,,,,,,,,,,,,,,,,,,,,,,,,
11526,2026-06-30T01:00:00+00:00,WAIT_MTF_CONTEXT,,,66.0,,,,,,bearish,neutral,bullish,46.15,,,,,,,,,,,,,,,,,,,
11526,2026-06-30T01:00:00+00:00,WAIT_MTF_CONTEXT,,,67.0,,,,,,bearish,neutral,bullish,46.15,,,,,,,,,,,,,,,,,,,
11527,2026-06-30T01:05:00+00:00,WAIT_MTF_CONTEXT,,,66.0,,,,,,bearish,neutral,bullish,46.15,,,,,,,,,,,,,,,,,,,
11527,2026-06-30T01:05:00+00:00,WAIT_MTF_CONTEXT,,,67.0,,,,,,bearish,neutral,bullish,46.15,,,,,,,,,,,,,,,,,,,
11528,2026-06-30T01:10:00+00:00,WAIT_MTF_CONTEXT,,,66.0,,,,,,bearish,neutral,bullish,46.15,,,,,,,,,,,,,,,,,,,
11528,2026-06-30T01:10:00+00:00,WAIT_MTF_CONTEXT,,,67.0,,,,,,bearish,neutral,bullish,46.15,,,,,,,,,,,,,,,,,,,
11529,2026-06-30T01:15:00+00:00,WAIT_MTF_CONTEXT,,,66.0,,,,,,bearish,neutral,bullish,46.15,,,,,,,,,,,,,,,,,,,
11529,2026-06-30T01:15:00+00:00,WAIT_MTF_CONTEXT,,,67.0,,,,,,bearish,neutral,bullish,46.15,,,,,,,,,,,,,,,,,,,
11530,2026-06-30T01:20:00+00:00,WAIT_MTF_CONTEXT,,,66.0,,,,,,bearish,neutral,bullish,46.15,,,,,,,,,,,,,,,,,,,
11530,2026-06-30T01:20:00+00:00,WAIT_MTF_CONTEXT,,,67.0,,,,,,bearish,neutral,bullish,46.15,,,,,,,,,,,,,,,,,,,
11531,2026-06-30T01:25:00+00:00,WAIT_MTF_CONTEXT,,,66.0,,,,,,bearish,neutral,bullish,46.15,,,,,,,,,,,,,,,,,,,
11531,2026-06-30T01:25:00+00:00,WAIT_MTF_CONTEXT,,,67.0,,,,,,bearish,neutral,bullish,46.15,,,,,,,,,,,,,,,,,,,
11532,2026-06-30T01:30:00+00:00,WAIT_MTF_CONTEXT,,,66.0,,,,,,bearish,neutral,bullish,46.15,,,,,,,,,,,,,,,,,,,
11532,2026-06-30T01:30:00+00:00,WAIT_MTF_CONTEXT,,,67.0,,,,,,bearish,neutral,bullish,46.15,,,,,,,,,,,,,,,,,,,
11533,2026-06-30T01:35:00+00:00,WAIT_MTF_CONTEXT,,,66.0,,,,,,bearish,neutral,bullish,46.15,,,,,,,,,,,,,,,,,,,
11533,2026-06-30T01:35:00+00:00,WAIT_MTF_CONTEXT,,,67.0,,,,,,bearish,neutral,bullish,46.15,,,,,,,,,,,,,,,,,,,
11534,2026-06-30T01:40:00+00:00,OB_EXPIRED,,,66.0,,,,,,,,,,101.0,,,,,,,,,,,,,,,,,,
11534,2026-06-30T01:40:00+00:00,WAIT_MTF_CONTEXT,,,67.0,,,,,,bearish,neutral,bullish,46.15,,,,,,,,,,,,,,,,,,,
11535,2026-06-30T01:45:00+00:00,WAIT_MTF_CONTEXT,,,67.0,,,,,,bearish,neutral,bullish,46.15,,,,,,,,,,,,,,,,,,,
11536,2026-06-30T01:50:00+00:00,WAIT_MTF_CONTEXT,,,67.0,,,,,,bearish,neutral,bullish,46.15,,,,,,,,,,,,,,,,,,,
11537,2026-06-30T01:55:00+00:00,WAIT_MTF_CONTEXT,,,67.0,,,,,,bearish,neutral,bullish,46.15,,,,,,,,,,,,,,,,,,,
11538,2026-06-30T02:00:00+00:00,WAIT_MTF_CONTEXT,,,67.0,,,,,,bearish,neutral,neutral,46.15,,,,,,,,,,,,,,,,,,,
11539,2026-06-30T02:05:00+00:00,WAIT_MTF_CONTEXT,,,67.0,,,,,,bearish,neutral,neutral,46.15,,,,,,,,,,,,,,,,,,,
11540,2026-06-30T02:10:00+00:00,WAIT_MTF_CONTEXT,,,67.0,,,,,,bearish,neutral,neutral,46.15,,,,,,,,,,,,,,,,,,,
11541,2026-06-30T02:15:00+00:00,WAIT_MTF_CONTEXT,,,67.0,,,,,,bearish,neutral,neutral,46.15,,,,,,,,,,,,,,,,,,,
11542,2026-06-30T02:20:00+00:00,WAIT_MTF_CONTEXT,,,67.0,,,,,,bearish,neutral,neutral,46.15,,,,,,,,,,,,,,,,,,,
11543,2026-06-30T02:25:00+00:00,WAIT_MTF_CONTEXT,,,67.0,,,,,,bearish,neutral,neutral,46.15,,,,,,,,,,,,,,,,,,,
11544,2026-06-30T02:30:00+00:00,WAIT_MTF_CONTEXT,,,67.0,,,,,,bearish,neutral,neutral,46.15,,,,,,,,,,,,,,,,,,,
11545,2026-06-30T02:35:00+00:00,WAIT_MTF_CONTEXT,,,67.0,,,,,,bearish,neutral,neutral,46.15,,,,,,,,,,,,,,,,,,,
11546,2026-06-30T02:40:00+00:00,WAIT_MTF_CONTEXT,,,67.0,,,,,,bearish,neutral,neutral,46.15,,,,,,,,,,,,,,,,,,,
11547,2026-06-30T02:45:00+00:00,WAIT_MTF_CONTEXT,,,67.0,,,,,,bearish,neutral,neutral,46.15,,,,,,,,,,,,,,,,,,,
11548,2026-06-30T02:50:00+00:00,WAIT_MTF_CONTEXT,,,67.0,,,,,,bearish,neutral,neutral,46.15,,,,,,,,,,,,,,,,,,,
11549,2026-06-30T02:55:00+00:00,WAIT_MTF_CONTEXT,,,67.0,,,,,,bearish,neutral,neutral,46.15,,,,,,,,,,,,,,,,,,,
11550,2026-06-30T03:00:00+00:00,WAIT_MTF_CONTEXT,,,67.0,,,,,,bearish,neutral,neutral,46.15,,,,,,,,,,,,,,,,,,,
11551,2026-06-30T03:05:00+00:00,WAIT_MTF_CONTEXT,,,67.0,,,,,,bearish,neutral,neutral,46.15,,,,,,,,,,,,,,,,,,,
11552,2026-06-30T03:10:00+00:00,WAIT_MTF_CONTEXT,,,67.0,,,,,,bearish,neutral,neutral,46.15,,,,,,,,,,,,,,,,,,,
11553,2026-06-30T03:15:00+00:00,WAIT_MTF_CONTEXT,,,67.0,,,,,,bearish,neutral,neutral,46.15,,,,,,,,,,,,,,,,,,,
11554,2026-06-30T03:20:00+00:00,WAIT_MTF_CONTEXT,,,67.0,,,,,,bearish,neutral,neutral,46.15,,,,,,,,,,,,,,,,,,,
11555,2026-06-30T03:25:00+00:00,WAIT_MTF_CONTEXT,,,67.0,,,,,,bearish,neutral,neutral,46.15,,,,,,,,,,,,,,,,,,,
11556,2026-06-30T03:30:00+00:00,WAIT_MTF_CONTEXT,,,67.0,,,,,,bearish,neutral,neutral,46.15,,,,,,,,,,,,,,,,,,,
11557,2026-06-30T03:35:00+00:00,WAIT_MTF_CONTEXT,,,67.0,,,,,,bearish,neutral,neutral,46.15,,,,,,,,,,,,,,,,,,,
11558,2026-06-30T03:40:00+00:00,WAIT_MTF_CONTEXT,,,67.0,,,,,,bearish,neutral,neutral,46.15,,,,,,,,,,,,,,,,,,,
11559,2026-06-30T03:45:00+00:00,WAIT_MTF_CONTEXT,,,67.0,,,,,,bearish,neutral,neutral,46.15,,,,,,,,,,,,,,,,,,,
11560,2026-06-30T03:50:00+00:00,WAIT_MTF_CONTEXT,,,67.0,,,,,,bearish,neutral,neutral,46.15,,,,,,,,,,,,,,,,,,,
11561,2026-06-30T03:55:00+00:00,WAIT_MTF_CONTEXT,,,67.0,,,,,,bearish,neutral,neutral,46.15,,,,,,,,,,,,,,,,,,,
11562,2026-06-30T04:00:00+00:00,WAIT_MTF_CONTEXT,,,67.0,,,,,,bearish,neutral,neutral,46.15,,,,,,,,,,,,,,,,,,,
11563,2026-06-30T04:05:00+00:00,WAIT_MTF_CONTEXT,,,67.0,,,,,,bearish,neutral,neutral,46.15,,,,,,,,,,,,,,,,,,,
11564,2026-06-30T04:10:00+00:00,WAIT_MTF_CONTEXT,,,67.0,,,,,,bearish,neutral,neutral,46.15,,,,,,,,,,,,,,,,,,,
11565,2026-06-30T04:15:00+00:00,SWEEP,bearish,3975.088,,,,,,,,,,,,,,,,,,,,,,,,,,,,,
11565,2026-06-30T04:15:00+00:00,WAIT_MTF_CONTEXT,,,67.0,,,,,,bearish,neutral,neutral,46.15,,,,,,,,,,,,,,,,,,,
11566,2026-06-30T04:20:00+00:00,WAIT_MTF_CONTEXT,,,67.0,,,,,,bearish,neutral,neutral,46.15,,,,,,,,,,,,,,,,,,,
11567,2026-06-30T04:25:00+00:00,WAIT_MTF_CONTEXT,,,67.0,,,,,,bearish,neutral,neutral,46.15,,,,,,,,,,,,,,,,,,,
11568,2026-06-30T04:30:00+00:00,WAIT_MTF_CONTEXT,,,67.0,,,,,,bearish,neutral,neutral,46.15,,,,,,,,,,,,,,,,,,,
11569,2026-06-30T04:35:00+00:00,SWEEP,bearish,3996.595,,,,,,,,,,,,,,,,,,,,,,,,,,,,,
11569,2026-06-30T04:35:00+00:00,WAIT_MTF_CONTEXT,,,67.0,,,,,,bearish,neutral,neutral,46.15,,,,,,,,,,,,,,,,,,,
11570,2026-06-30T04:40:00+00:00,WAIT_MTF_CONTEXT,,,67.0,,,,,,bearish,neutral,neutral,46.15,,,,,,,,,,,,,,,,,,,
11571,2026-06-30T04:45:00+00:00,WAIT_MTF_CONTEXT,,,67.0,,,,,,bearish,neutral,neutral,46.15,,,,,,,,,,,,,,,,,,,
11572,2026-06-30T04:50:00+00:00,WAIT_MTF_CONTEXT,,,67.0,,,,,,bearish,neutral,neutral,46.15,,,,,,,,,,,,,,,,,,,
11573,2026-06-30T04:55:00+00:00,WAIT_MTF_CONTEXT,,,67.0,,,,,,bearish,neutral,neutral,46.15,,,,,,,,,,,,,,,,,,,
11592,2026-06-30T06:30:00+00:00,OB_CROSSED_AFTER_TOUCH,,,67.0,,,,,100.0,,,,,,,,,,,,,,,,,,,,,,,
11593,2026-06-30T06:35:00+00:00,SWEEP,bearish,4031.406,,,,,,,,,,,,,,,,,,,,,,,,,,,,,
11593,2026-06-30T06:35:00+00:00,OB_CROSSED_AFTER_TOUCH,,,67.0,,,,,100.0,,,,,,,,,,,,,,,,,,,,,,,
11594,2026-06-30T06:40:00+00:00,OB_CROSSED_AFTER_TOUCH,,,67.0,,,,,100.0,,,,,,,,,,,,,,,,,,,,,,,
11595,2026-06-30T06:45:00+00:00,OB_CROSSED_AFTER_TOUCH,,,67.0,,,,,100.0,,,,,,,,,,,,,,,,,,,,,,,
11596,2026-06-30T06:50:00+00:00,OB_CROSSED_AFTER_TOUCH,,,67.0,,,,,100.0,,,,,,,,,,,,,,,,,,,,,,,
11597,2026-06-30T06:55:00+00:00,OB_CROSSED_AFTER_TOUCH,,,67.0,,,,,100.0,,,,,,,,,,,,,,,,,,,,,,,
11598,2026-06-30T07:00:00+00:00,OB_CROSSED_AFTER_TOUCH,,,67.0,,,,,100.0,,,,,,,,,,,,,,,,,,,,,,,
11599,2026-06-30T07:05:00+00:00,OB_CROSSED_AFTER_TOUCH,,,67.0,,,,,100.0,,,,,,,,,,,,,,,,,,,,,,,
11600,2026-06-30T07:10:00+00:00,OB_CROSSED_AFTER_TOUCH,,,67.0,,,,,100.0,,,,,,,,,,,,,,,,,,,,,,,
11601,2026-06-30T07:15:00+00:00,OB_CROSSED_AFTER_TOUCH,,,67.0,,,,,100.0,,,,,,,,,,,,,,,,,,,,,,,
11602,2026-06-30T07:20:00+00:00,OB_CROSSED_AFTER_TOUCH,,,67.0,,,,,100.0,,,,,,,,,,,,,,,,,,,,,,,
11603,2026-06-30T07:25:00+00:00,SWEEP,bearish,4034.28,,,,,,,,,,,,,,,,,,,,,,,,,,,,,
11603,2026-06-30T07:25:00+00:00,OB_CROSSED_AFTER_TOUCH,,,67.0,,,,,100.0,,,,,,,,,,,,,,,,,,,,,,,
11604,2026-06-30T07:30:00+00:00,OB_CROSSED_AFTER_TOUCH,,,67.0,,,,,100.0,,,,,,,,,,,,,,,,,,,,,,,
11605,2026-06-30T07:35:00+00:00,OB_CROSSED_AFTER_TOUCH,,,67.0,,,,,100.0,,,,,,,,,,,,,,,,,,,,,,,
11606,2026-06-30T07:40:00+00:00,OB_CROSSED_AFTER_TOUCH,,,67.0,,,,,100.0,,,,,,,,,,,,,,,,,,,,,,,
11607,2026-06-30T07:45:00+00:00,OB_CROSSED_AFTER_TOUCH,,,67.0,,,,,100.0,,,,,,,,,,,,,,,,,,,,,,,
11608,2026-06-30T07:50:00+00:00,OB_CROSSED_AFTER_TOUCH,,,67.0,,,,,100.0,,,,,,,,,,,,,,,,,,,,,,,
11609,2026-06-30T07:55:00+00:00,OB_CROSSED_AFTER_TOUCH,,,67.0,,,,,100.0,,,,,,,,,,,,,,,,,,,,,,,
11610,2026-06-30T08:00:00+00:00,OB_CROSSED_AFTER_TOUCH,,,67.0,,,,,100.0,,,,,,,,,,,,,,,,,,,,,,,
11611,2026-06-30T08:05:00+00:00,SWEEP,bearish,4036.445,,,,,,,,,,,,,,,,,,,,,,,,,,,,,
11611,2026-06-30T08:05:00+00:00,OB_CROSSED_AFTER_TOUCH,,,67.0,,,,,100.0,,,,,,,,,,,,,,,,,,,,,,,
11612,2026-06-30T08:10:00+00:00,OB_EXPIRED,,,67.0,,,,,,,,,,101.0,,,,,,,,,,,,,,,,,,
11613,2026-06-30T08:15:00+00:00,SWEEP,bullish,4021.52,,,,,,,,,,,,,,,,,,,,,,,,,,,,,
11614,2026-06-30T08:20:00+00:00,SWEEP,bullish,4020.508,,,,,,,,,,,,,,,,,,,,,,,,,,,,,
11615,2026-06-30T08:25:00+00:00,OB_FORMED,bearish,,68.0,4020.741,4026.299,85.82,"{'body': 18.36, 'fvg': 21.42, 'sweep': 19.56, 'break': 1.68, 'ob_size': 14.8, 'adjacency': 10}",,,,,,,,,,,,,,,,,,,,,,,,
11620,2026-06-30T08:50:00+00:00,SWEEP,bullish,4015.462,,,,,,,,,,,,,,,,,,,,,,,,,,,,,
11623,2026-06-30T09:05:00+00:00,OB_TOUCH,,,68.0,,,,,0.0,,,,,,,,,,,,,,,,,,,,,,,
11628,2026-06-30T09:30:00+00:00,SWEEP,bullish,4013.489,,,,,,,,,,,,,,,,,,,,,,,,,,,,,
11629,2026-06-30T09:35:00+00:00,SWEEP,bullish,4012.812,,,,,,,,,,,,,,,,,,,,,,,,,,,,,
11635,2026-06-30T10:05:00+00:00,REVERSAL_INSIDE_OB,,,68.0,,,,,63.92587261604693,,,,,,,,,,,,,,,,,,,,,,,
11635,2026-06-30T10:05:00+00:00,WAIT_MICRO_BOS,,,68.0,,,,,,,,,,,normal_reversal_inside_ob,,,,,,,,,,,,,,,,,
11637,2026-06-30T10:15:00+00:00,SWEEP,bearish,4026.618,,,,,,,,,,,,,,,,,,,,,,,,,,,,,
11637,2026-06-30T10:15:00+00:00,REVERSAL_INSIDE_OB,,,68.0,,,,,60.291471752431036,,,,,,,,,,,,,,,,,,,,,,,
11637,2026-06-30T10:15:00+00:00,WAIT_MICRO_BOS,,,68.0,,,,,,,,,,,normal_reversal_inside_ob,,,,,,,,,,,,,,,,,
11639,2026-06-30T10:25:00+00:00,OB_CROSSED_AFTER_TOUCH,,,68.0,,,,,100.0,,,,,,,,,,,,,,,,,,,,,,,
11640,2026-06-30T10:30:00+00:00,OB_CROSSED_AFTER_TOUCH,,,68.0,,,,,100.0,,,,,,,,,,,,,,,,,,,,,,,
11641,2026-06-30T10:35:00+00:00,SWEEP,bearish,4028.846,,,,,,,,,,,,,,,,,,,,,,,,,,,,,
11641,2026-06-30T10:35:00+00:00,OB_CROSSED_AFTER_TOUCH,,,68.0,,,,,100.0,,,,,,,,,,,,,,,,,,,,,,,
11642,2026-06-30T10:40:00+00:00,SWEEP,bearish,4028.996,,,,,,,,,,,,,,,,,,,,,,,,,,,,,
11642,2026-06-30T10:40:00+00:00,OB_CROSSED_AFTER_TOUCH,,,68.0,,,,,100.0,,,,,,,,,,,,,,,,,,,,,,,
11643,2026-06-30T10:45:00+00:00,OB_CROSSED_AFTER_TOUCH,,,68.0,,,,,100.0,,,,,,,,,,,,,,,,,,,,,,,
11644,2026-06-30T10:50:00+00:00,OB_CROSSED_AFTER_TOUCH,,,68.0,,,,,100.0,,,,,,,,,,,,,,,,,,,,,,,
11645,2026-06-30T10:55:00+00:00,SWEEP,bearish,4029.93,,,,,,,,,,,,,,,,,,,,,,,,,,,,,
11645,2026-06-30T10:55:00+00:00,OB_CROSSED_AFTER_TOUCH,,,68.0,,,,,100.0,,,,,,,,,,,,,,,,,,,,,,,
11646,2026-06-30T11:00:00+00:00,OB_CROSSED_AFTER_TOUCH,,,68.0,,,,,100.0,,,,,,,,,,,,,,,,,,,,,,,
11647,2026-06-30T11:05:00+00:00,SWEEP,bearish,4031.315,,,,,,,,,,,,,,,,,,,,,,,,,,,,,
11647,2026-06-30T11:05:00+00:00,OB_CROSSED_AFTER_TOUCH,,,68.0,,,,,100.0,,,,,,,,,,,,,,,,,,,,,,,
11648,2026-06-30T11:10:00+00:00,OB_CROSSED_AFTER_TOUCH,,,68.0,,,,,100.0,,,,,,,,,,,,,,,,,,,,,,,
11649,2026-06-30T11:15:00+00:00,SWEEP,bearish,4033.597,,,,,,,,,,,,,,,,,,,,,,,,,,,,,
11649,2026-06-30T11:15:00+00:00,OB_CROSSED_AFTER_TOUCH,,,68.0,,,,,100.0,,,,,,,,,,,,,,,,,,,,,,,
11650,2026-06-30T11:20:00+00:00,OB_CROSSED_AFTER_TOUCH,,,68.0,,,,,100.0,,,,,,,,,,,,,,,,,,,,,,,
11651,2026-06-30T11:25:00+00:00,OB_CROSSED_AFTER_TOUCH,,,68.0,,,,,100.0,,,,,,,,,,,,,,,,,,,,,,,
11652,2026-06-30T11:30:00+00:00,OB_CROSSED_AFTER_TOUCH,,,68.0,,,,,100.0,,,,,,,,,,,,,,,,,,,,,,,
11653,2026-06-30T11:35:00+00:00,OB_CROSSED_AFTER_TOUCH,,,68.0,,,,,100.0,,,,,,,,,,,,,,,,,,,,,,,
11654,2026-06-30T11:40:00+00:00,OB_CROSSED_AFTER_TOUCH,,,68.0,,,,,100.0,,,,,,,,,,,,,,,,,,,,,,,
11655,2026-06-30T11:45:00+00:00,SWEEP,bearish,4035.258,,,,,,,,,,,,,,,,,,,,,,,,,,,,,
11655,2026-06-30T11:45:00+00:00,OB_CROSSED_AFTER_TOUCH,,,68.0,,,,,100.0,,,,,,,,,,,,,,,,,,,,,,,
11656,2026-06-30T11:50:00+00:00,OB_CROSSED_AFTER_TOUCH,,,68.0,,,,,100.0,,,,,,,,,,,,,,,,,,,,,,,
11657,2026-06-30T11:55:00+00:00,OB_CROSSED_AFTER_TOUCH,,,68.0,,,,,100.0,,,,,,,,,,,,,,,,,,,,,,,
11658,2026-06-30T12:00:00+00:00,OB_CROSSED_AFTER_TOUCH,,,68.0,,,,,100.0,,,,,,,,,,,,,,,,,,,,,,,
11659,2026-06-30T12:05:00+00:00,OB_CROSSED_AFTER_TOUCH,,,68.0,,,,,100.0,,,,,,,,,,,,,,,,,,,,,,,
11660,2026-06-30T12:10:00+00:00,OB_CROSSED_AFTER_TOUCH,,,68.0,,,,,100.0,,,,,,,,,,,,,,,,,,,,,,,
11661,2026-06-30T12:15:00+00:00,SWEEP,bullish,4025.428,,,,,,,,,,,,,,,,,,,,,,,,,,,,,
11661,2026-06-30T12:15:00+00:00,OB_CROSSED_AFTER_TOUCH,,,68.0,,,,,100.0,,,,,,,,,,,,,,,,,,,,,,,
11662,2026-06-30T12:20:00+00:00,WAIT_MTF_CONTEXT,,,68.0,,,,,,bearish,neutral,bullish,46.15,,,,,,,,,,,,,,,,,,,
11663,2026-06-30T12:25:00+00:00,WAIT_MTF_CONTEXT,,,68.0,,,,,,bearish,neutral,bullish,46.15,,,,,,,,,,,,,,,,,,,
11664,2026-06-30T12:30:00+00:00,WAIT_MTF_CONTEXT,,,68.0,,,,,,bearish,neutral,bullish,46.15,,,,,,,,,,,,,,,,,,,
11665,2026-06-30T12:35:00+00:00,SWEEP,bullish,4014.708,,,,,,,,,,,,,,,,,,,,,,,,,,,,,
11665,2026-06-30T12:35:00+00:00,WAIT_MTF_CONTEXT,,,68.0,,,,,,bearish,neutral,bullish,46.15,,,,,,,,,,,,,,,,,,,
11666,2026-06-30T12:40:00+00:00,WAIT_MTF_CONTEXT,,,68.0,,,,,,bearish,neutral,bullish,46.15,,,,,,,,,,,,,,,,,,,
11667,2026-06-30T12:45:00+00:00,WAIT_MTF_CONTEXT,,,68.0,,,,,,bearish,neutral,neutral,46.15,,,,,,,,,,,,,,,,,,,
11668,2026-06-30T12:50:00+00:00,SWEEP,bullish,4012.673,,,,,,,,,,,,,,,,,,,,,,,,,,,,,
11668,2026-06-30T12:50:00+00:00,WAIT_MTF_CONTEXT,,,68.0,,,,,,bearish,neutral,neutral,46.15,,,,,,,,,,,,,,,,,,,
11669,2026-06-30T12:55:00+00:00,WAIT_MTF_CONTEXT,,,68.0,,,,,,bearish,neutral,neutral,46.15,,,,,,,,,,,,,,,,,,,
11670,2026-06-30T13:00:00+00:00,WAIT_MTF_CONTEXT,,,68.0,,,,,,bearish,neutral,neutral,46.15,,,,,,,,,,,,,,,,,,,
11671,2026-06-30T13:05:00+00:00,WAIT_MTF_CONTEXT,,,68.0,,,,,,bearish,neutral,neutral,46.15,,,,,,,,,,,,,,,,,,,
11672,2026-06-30T13:10:00+00:00,WAIT_MTF_CONTEXT,,,68.0,,,,,,bearish,neutral,neutral,46.15,,,,,,,,,,,,,,,,,,,
11673,2026-06-30T13:15:00+00:00,OB_CROSSED_AFTER_TOUCH,,,68.0,,,,,100.0,,,,,,,,,,,,,,,,,,,,,,,
11674,2026-06-30T13:20:00+00:00,WAIT_MTF_CONTEXT,,,68.0,,,,,,bearish,neutral,neutral,46.15,,,,,,,,,,,,,,,,,,,
11675,2026-06-30T13:25:00+00:00,WAIT_MTF_CONTEXT,,,68.0,,,,,,bearish,neutral,neutral,46.15,,,,,,,,,,,,,,,,,,,
11676,2026-06-30T13:30:00+00:00,WAIT_MTF_CONTEXT,,,68.0,,,,,,bearish,neutral,neutral,46.15,,,,,,,,,,,,,,,,,,,
11677,2026-06-30T13:35:00+00:00,WAIT_MTF_CONTEXT,,,68.0,,,,,,bearish,neutral,neutral,46.15,,,,,,,,,,,,,,,,,,,
11678,2026-06-30T13:40:00+00:00,WAIT_MTF_CONTEXT,,,68.0,,,,,,bearish,neutral,neutral,46.15,,,,,,,,,,,,,,,,,,,
11679,2026-06-30T13:45:00+00:00,REVERSAL_AFTER_OB_CROSS,,,68.0,,,,,53.11263044260938,,,,,,,,,,,,,,,,,,,,,,,
11679,2026-06-30T13:45:00+00:00,WAIT_REENTRY_DEPTH,,,68.0,,,,,53.11263044260938,,,,,,,70.0,,,,,,,,,,,,,,,,
11680,2026-06-30T13:50:00+00:00,OB_CROSSED_AFTER_TOUCH,,,68.0,,,,,100.0,,,,,,,,,,,,,,,,,,,,,,,
11681,2026-06-30T13:55:00+00:00,OB_CROSSED_AFTER_TOUCH,,,68.0,,,,,100.0,,,,,,,,,,,,,,,,,,,,,,,
11682,2026-06-30T14:00:00+00:00,OB_CROSSED_AFTER_TOUCH,,,68.0,,,,,100.0,,,,,,,,,,,,,,,,,,,,,,,
11683,2026-06-30T14:05:00+00:00,OB_CROSSED_AFTER_TOUCH,,,68.0,,,,,100.0,,,,,,,,,,,,,,,,,,,,,,,
11684,2026-06-30T14:10:00+00:00,SWEEP,bearish,4045.112,,,,,,,,,,,,,,,,,,,,,,,,,,,,,
11684,2026-06-30T14:10:00+00:00,OB_CROSSED_AFTER_TOUCH,,,68.0,,,,,100.0,,,,,,,,,,,,,,,,,,,,,,,
11685,2026-06-30T14:15:00+00:00,OB_CROSSED_AFTER_TOUCH,,,68.0,,,,,100.0,,,,,,,,,,,,,,,,,,,,,,,
11686,2026-06-30T14:20:00+00:00,OB_CROSSED_AFTER_TOUCH,,,68.0,,,,,100.0,,,,,,,,,,,,,,,,,,,,,,,
11687,2026-06-30T14:25:00+00:00,OB_CROSSED_AFTER_TOUCH,,,68.0,,,,,100.0,,,,,,,,,,,,,,,,,,,,,,,
11688,2026-06-30T14:30:00+00:00,OB_CROSSED_AFTER_TOUCH,,,68.0,,,,,100.0,,,,,,,,,,,,,,,,,,,,,,,
11689,2026-06-30T14:35:00+00:00,OB_CROSSED_AFTER_TOUCH,,,68.0,,,,,100.0,,,,,,,,,,,,,,,,,,,,,,,
11690,2026-06-30T14:40:00+00:00,OB_CROSSED_AFTER_TOUCH,,,68.0,,,,,100.0,,,,,,,,,,,,,,,,,,,,,,,
11691,2026-06-30T14:45:00+00:00,OB_CROSSED_AFTER_TOUCH,,,68.0,,,,,100.0,,,,,,,,,,,,,,,,,,,,,,,
11692,2026-06-30T14:50:00+00:00,OB_CROSSED_AFTER_TOUCH,,,68.0,,,,,100.0,,,,,,,,,,,,,,,,,,,,,,,
11693,2026-06-30T14:55:00+00:00,OB_CROSSED_AFTER_TOUCH,,,68.0,,,,,100.0,,,,,,,,,,,,,,,,,,,,,,,
11694,2026-06-30T15:00:00+00:00,OB_CROSSED_AFTER_TOUCH,,,68.0,,,,,100.0,,,,,,,,,,,,,,,,,,,,,,,
11695,2026-06-30T15:05:00+00:00,OB_CROSSED_AFTER_TOUCH,,,68.0,,,,,100.0,,,,,,,,,,,,,,,,,,,,,,,
11696,2026-06-30T15:10:00+00:00,OB_CROSSED_AFTER_TOUCH,,,68.0,,,,,100.0,,,,,,,,,,,,,,,,,,,,,,,
11697,2026-06-30T15:15:00+00:00,OB_CROSSED_AFTER_TOUCH,,,68.0,,,,,100.0,,,,,,,,,,,,,,,,,,,,,,,
11698,2026-06-30T15:20:00+00:00,OB_CROSSED_AFTER_TOUCH,,,68.0,,,,,100.0,,,,,,,,,,,,,,,,,,,,,,,
11699,2026-06-30T15:25:00+00:00,OB_CROSSED_AFTER_TOUCH,,,68.0,,,,,100.0,,,,,,,,,,,,,,,,,,,,,,,
11700,2026-06-30T15:30:00+00:00,OB_CROSSED_AFTER_TOUCH,,,68.0,,,,,100.0,,,,,,,,,,,,,,,,,,,,,,,
11701,2026-06-30T15:35:00+00:00,OB_CROSSED_AFTER_TOUCH,,,68.0,,,,,100.0,,,,,,,,,,,,,,,,,,,,,,,
11702,2026-06-30T15:40:00+00:00,OB_CROSSED_AFTER_TOUCH,,,68.0,,,,,100.0,,,,,,,,,,,,,,,,,,,,,,,
11703,2026-06-30T15:45:00+00:00,OB_CROSSED_AFTER_TOUCH,,,68.0,,,,,100.0,,,,,,,,,,,,,,,,,,,,,,,
11704,2026-06-30T15:50:00+00:00,OB_CROSSED_AFTER_TOUCH,,,68.0,,,,,100.0,,,,,,,,,,,,,,,,,,,,,,,
11705,2026-06-30T15:55:00+00:00,OB_CROSSED_AFTER_TOUCH,,,68.0,,,,,100.0,,,,,,,,,,,,,,,,,,,,,,,
11706,2026-06-30T16:00:00+00:00,OB_CROSSED_AFTER_TOUCH,,,68.0,,,,,100.0,,,,,,,,,,,,,,,,,,,,,,,
11707,2026-06-30T16:05:00+00:00,OB_CROSSED_AFTER_TOUCH,,,68.0,,,,,100.0,,,,,,,,,,,,,,,,,,,,,,,
11708,2026-06-30T16:10:00+00:00,OB_CROSSED_AFTER_TOUCH,,,68.0,,,,,100.0,,,,,,,,,,,,,,,,,,,,,,,
11709,2026-06-30T16:15:00+00:00,OB_CROSSED_AFTER_TOUCH,,,68.0,,,,,100.0,,,,,,,,,,,,,,,,,,,,,,,
11710,2026-06-30T16:20:00+00:00,OB_CROSSED_AFTER_TOUCH,,,68.0,,,,,100.0,,,,,,,,,,,,,,,,,,,,,,,
11711,2026-06-30T16:25:00+00:00,OB_CROSSED_AFTER_TOUCH,,,68.0,,,,,100.0,,,,,,,,,,,,,,,,,,,,,,,
11712,2026-06-30T16:30:00+00:00,OB_CROSSED_AFTER_TOUCH,,,68.0,,,,,100.0,,,,,,,,,,,,,,,,,,,,,,,
11713,2026-06-30T16:35:00+00:00,OB_CROSSED_AFTER_TOUCH,,,68.0,,,,,100.0,,,,,,,,,,,,,,,,,,,,,,,
11714,2026-06-30T16:40:00+00:00,OB_CROSSED_AFTER_TOUCH,,,68.0,,,,,100.0,,,,,,,,,,,,,,,,,,,,,,,
11715,2026-06-30T16:45:00+00:00,OB_CROSSED_AFTER_TOUCH,,,68.0,,,,,100.0,,,,,,,,,,,,,,,,,,,,,,,
11716,2026-06-30T16:50:00+00:00,OB_EXPIRED,,,68.0,,,,,,,,,,101.0,,,,,,,,,,,,,,,,,,
11720,2026-06-30T17:10:00+00:00,SWEEP,bullish,4021.071,,,,,,,,,,,,,,,,,,,,,,,,,,,,,
11748,2026-06-30T19:30:00+00:00,SWEEP,bullish,4021.127,,,,,,,,,,,,,,,,,,,,,,,,,,,,,
11749,2026-06-30T19:35:00+00:00,SWEEP,bullish,4020.731,,,,,,,,,,,,,,,,,,,,,,,,,,,,,
11753,2026-06-30T19:55:00+00:00,SWEEP,bullish,4015.743,,,,,,,,,,,,,,,,,,,,,,,,,,,,,
11754,2026-06-30T20:00:00+00:00,SWEEP,bullish,4014.641,,,,,,,,,,,,,,,,,,,,,,,,,,,,,
11763,2026-06-30T20:45:00+00:00,SWEEP,bullish,4010.123,,,,,,,,,,,,,,,,,,,,,,,,,,,,,
11764,2026-06-30T20:50:00+00:00,SWEEP,bullish,4010.038,,,,,,,,,,,,,,,,,,,,,,,,,,,,,
11779,2026-06-30T23:05:00+00:00,SWEEP,bearish,4017.977,,,,,,,,,,,,,,,,,,,,,,,,,,,,,
11788,2026-06-30T23:50:00+00:00,SWEEP,bullish,4006.437,,,,,,,,,,,,,,,,,,,,,,,,,,,,,
11794,2026-07-01T00:20:00+00:00,SWEEP,bullish,4001.611,,,,,,,,,,,,,,,,,,,,,,,,,,,,,
11795,2026-07-01T00:25:00+00:00,SWEEP,bullish,4001.483,,,,,,,,,,,,,,,,,,,,,,,,,,,,,
11796,2026-07-01T00:30:00+00:00,SWEEP,bullish,4001.225,,,,,,,,,,,,,,,,,,,,,,,,,,,,,
11804,2026-07-01T01:10:00+00:00,SWEEP,bullish,3982.915,,,,,,,,,,,,,,,,,,,,,,,,,,,,,
11805,2026-07-01T01:15:00+00:00,SWEEP,bullish,3978.827,,,,,,,,,,,,,,,,,,,,,,,,,,,,,
11809,2026-07-01T01:35:00+00:00,SWEEP,bullish,3975.644,,,,,,,,,,,,,,,,,,,,,,,,,,,,,
11810,2026-07-01T01:40:00+00:00,SWEEP,bullish,3975.57,,,,,,,,,,,,,,,,,,,,,,,,,,,,,
11811,2026-07-01T01:45:00+00:00,SWEEP,bullish,3974.81,,,,,,,,,,,,,,,,,,,,,,,,,,,,,
11812,2026-07-01T01:50:00+00:00,SWEEP,bullish,3974.283,,,,,,,,,,,,,,,,,,,,,,,,,,,,,
11829,2026-07-01T03:15:00+00:00,SWEEP,bearish,3986.117,,,,,,,,,,,,,,,,,,,,,,,,,,,,,
11840,2026-07-01T04:10:00+00:00,SWEEP,bullish,3974.995,,,,,,,,,,,,,,,,,,,,,,,,,,,,,
11845,2026-07-01T04:35:00+00:00,SWEEP,bullish,3974.061,,,,,,,,,,,,,,,,,,,,,,,,,,,,,
11846,2026-07-01T04:40:00+00:00,SWEEP,bullish,3973.713,,,,,,,,,,,,,,,,,,,,,,,,,,,,,
11850,2026-07-01T05:00:00+00:00,SWEEP,bullish,3972.251,,,,,,,,,,,,,,,,,,,,,,,,,,,,,
11864,2026-07-01T06:10:00+00:00,SWEEP,bullish,3964.315,,,,,,,,,,,,,,,,,,,,,,,,,,,,,
11865,2026-07-01T06:15:00+00:00,SWEEP,bullish,3963.424,,,,,,,,,,,,,,,,,,,,,,,,,,,,,
11875,2026-07-01T07:05:00+00:00,SWEEP,bullish,3963.095,,,,,,,,,,,,,,,,,,,,,,,,,,,,,
11877,2026-07-01T07:15:00+00:00,SWEEP,bullish,3960.115,,,,,,,,,,,,,,,,,,,,,,,,,,,,,
11884,2026-07-01T07:50:00+00:00,SWEEP,bearish,3973.875,,,,,,,,,,,,,,,,,,,,,,,,,,,,,
11890,2026-07-01T08:20:00+00:00,SWEEP,bearish,3982.93,,,,,,,,,,,,,,,,,,,,,,,,,,,,,
11909,2026-07-01T09:55:00+00:00,SWEEP,bearish,3985.743,,,,,,,,,,,,,,,,,,,,,,,,,,,,,
11917,2026-07-01T10:35:00+00:00,SWEEP,bearish,3992.119,,,,,,,,,,,,,,,,,,,,,,,,,,,,,
11926,2026-07-01T11:20:00+00:00,SWEEP,bearish,4024.983,,,,,,,,,,,,,,,,,,,,,,,,,,,,,
11928,2026-07-01T11:30:00+00:00,SWEEP,bearish,4028.409,,,,,,,,,,,,,,,,,,,,,,,,,,,,,
11932,2026-07-01T11:50:00+00:00,SWEEP,bearish,4034.921,,,,,,,,,,,,,,,,,,,,,,,,,,,,,
11946,2026-07-01T13:00:00+00:00,SWEEP,bullish,4019.025,,,,,,,,,,,,,,,,,,,,,,,,,,,,,
11947,2026-07-01T13:05:00+00:00,SWEEP,bullish,4017.178,,,,,,,,,,,,,,,,,,,,,,,,,,,,,
11951,2026-07-01T13:25:00+00:00,SWEEP,bearish,4046.822,,,,,,,,,,,,,,,,,,,,,,,,,,,,,
11955,2026-07-01T13:45:00+00:00,SWEEP,bearish,4100.298,,,,,,,,,,,,,,,,,,,,,,,,,,,,,
11965,2026-07-01T14:35:00+00:00,SWEEP,bearish,4111.299,,,,,,,,,,,,,,,,,,,,,,,,,,,,,
11977,2026-07-01T15:35:00+00:00,SWEEP,bullish,4077.756,,,,,,,,,,,,,,,,,,,,,,,,,,,,,
11992,2026-07-01T16:50:00+00:00,SWEEP,bullish,4072.696,,,,,,,,,,,,,,,,,,,,,,,,,,,,,
11993,2026-07-01T16:55:00+00:00,SWEEP,bullish,4070.766,,,,,,,,,,,,,,,,,,,,,,,,,,,,,
11994,2026-07-01T17:00:00+00:00,SWEEP,bullish,4070.35,,,,,,,,,,,,,,,,,,,,,,,,,,,,,
11996,2026-07-01T17:10:00+00:00,SWEEP,bullish,4068.132,,,,,,,,,,,,,,,,,,,,,,,,,,,,,
12005,2026-07-01T17:55:00+00:00,SWEEP,bullish,4067.696,,,,,,,,,,,,,,,,,,,,,,,,,,,,,
12008,2026-07-01T18:10:00+00:00,SWEEP,bullish,4067.265,,,,,,,,,,,,,,,,,,,,,,,,,,,,,
12010,2026-07-01T18:20:00+00:00,SWEEP,bullish,4064.844,,,,,,,,,,,,,,,,,,,,,,,,,,,,,
12024,2026-07-01T19:30:00+00:00,SWEEP,bullish,4056.471,,,,,,,,,,,,,,,,,,,,,,,,,,,,,
12025,2026-07-01T19:35:00+00:00,SWEEP,bullish,4055.74,,,,,,,,,,,,,,,,,,,,,,,,,,,,,
12031,2026-07-01T20:05:00+00:00,SWEEP,bullish,4028.891,,,,,,,,,,,,,,,,,,,,,,,,,,,,,
12041,2026-07-01T20:55:00+00:00,OB_FORMED,bullish,,69.0,4030.192,4032.875,71.34,"{'body': 17.16, 'fvg': 10.76, 'sweep': 17.75, 'break': 0.67, 'ob_size': 15.0, 'adjacency': 10}",,,,,,,,,,,,,,,,,,,,,,,,
12052,2026-07-01T22:50:00+00:00,SWEEP,bearish,4043.88,,,,,,,,,,,,,,,,,,,,,,,,,,,,,
12063,2026-07-01T23:45:00+00:00,SWEEP,bullish,4033.774,,,,,,,,,,,,,,,,,,,,,,,,,,,,,
12066,2026-07-02T00:00:00+00:00,OB_TOUCH,,,69.0,,,,,0.9690644800536712,,,,,,,,,,,,,,,,,,,,,,,
12066,2026-07-02T00:00:00+00:00,WAIT_MTF_CONTEXT,,,69.0,,,,,,bearish,neutral,bearish,69.23,,,,,,,,,,,,,,,,,,,
12067,2026-07-02T00:05:00+00:00,WAIT_MTF_CONTEXT,,,69.0,,,,,,bearish,neutral,bearish,69.23,,,,,,,,,,,,,,,,,,,
12068,2026-07-02T00:10:00+00:00,SWEEP,bearish,4045.279,,,,,,,,,,,,,,,,,,,,,,,,,,,,,
12068,2026-07-02T00:10:00+00:00,WAIT_MTF_CONTEXT,,,69.0,,,,,,bearish,neutral,bearish,69.23,,,,,,,,,,,,,,,,,,,
12069,2026-07-02T00:15:00+00:00,WAIT_MTF_CONTEXT,,,69.0,,,,,,bearish,neutral,bearish,69.23,,,,,,,,,,,,,,,,,,,
12070,2026-07-02T00:20:00+00:00,WAIT_MTF_CONTEXT,,,69.0,,,,,,bearish,neutral,bearish,69.23,,,,,,,,,,,,,,,,,,,
12071,2026-07-02T00:25:00+00:00,SWEEP,bearish,4046.735,,,,,,,,,,,,,,,,,,,,,,,,,,,,,
12071,2026-07-02T00:25:00+00:00,WAIT_MTF_CONTEXT,,,69.0,,,,,,bearish,neutral,bearish,69.23,,,,,,,,,,,,,,,,,,,
12072,2026-07-02T00:30:00+00:00,WAIT_MTF_CONTEXT,,,69.0,,,,,,bearish,neutral,bearish,69.23,,,,,,,,,,,,,,,,,,,
12073,2026-07-02T00:35:00+00:00,WAIT_MTF_CONTEXT,,,69.0,,,,,,bearish,neutral,bearish,69.23,,,,,,,,,,,,,,,,,,,
12074,2026-07-02T00:40:00+00:00,WAIT_MTF_CONTEXT,,,69.0,,,,,,bearish,neutral,bearish,69.23,,,,,,,,,,,,,,,,,,,
12075,2026-07-02T00:45:00+00:00,WAIT_MTF_CONTEXT,,,69.0,,,,,,bearish,neutral,bearish,69.23,,,,,,,,,,,,,,,,,,,
12076,2026-07-02T00:50:00+00:00,WAIT_MTF_CONTEXT,,,69.0,,,,,,bearish,neutral,bearish,69.23,,,,,,,,,,,,,,,,,,,
12077,2026-07-02T00:55:00+00:00,WAIT_MTF_CONTEXT,,,69.0,,,,,,bearish,neutral,bearish,69.23,,,,,,,,,,,,,,,,,,,
12110,2026-07-02T03:40:00+00:00,SWEEP,bearish,4067.122,,,,,,,,,,,,,,,,,,,,,,,,,,,,,
12113,2026-07-02T03:55:00+00:00,SWEEP,bearish,4072.782,,,,,,,,,,,,,,,,,,,,,,,,,,,,,
12126,2026-07-02T05:00:00+00:00,SWEEP,bullish,4058.544,,,,,,,,,,,,,,,,,,,,,,,,,,,,,
12127,2026-07-02T05:05:00+00:00,SWEEP,bullish,4057.712,,,,,,,,,,,,,,,,,,,,,,,,,,,,,
12132,2026-07-02T05:30:00+00:00,SWEEP,bullish,4054.431,,,,,,,,,,,,,,,,,,,,,,,,,,,,,
12142,2026-07-02T06:20:00+00:00,OB_EXPIRED,,,69.0,,,,,,,,,,101.0,,,,,,,,,,,,,,,,,,
12166,2026-07-02T08:20:00+00:00,SWEEP,bearish,4076.473,,,,,,,,,,,,,,,,,,,,,,,,,,,,,
12171,2026-07-02T08:45:00+00:00,SWEEP,bearish,4077.945,,,,,,,,,,,,,,,,,,,,,,,,,,,,,
12173,2026-07-02T08:55:00+00:00,SWEEP,bearish,4079.906,,,,,,,,,,,,,,,,,,,,,,,,,,,,,
12188,2026-07-02T10:10:00+00:00,SWEEP,bullish,4062.81,,,,,,,,,,,,,,,,,,,,,,,,,,,,,
12189,2026-07-02T10:15:00+00:00,SWEEP,bullish,4062.454,,,,,,,,,,,,,,,,,,,,,,,,,,,,,
12196,2026-07-02T10:50:00+00:00,SWEEP,bullish,4061.62,,,,,,,,,,,,,,,,,,,,,,,,,,,,,
12207,2026-07-02T11:45:00+00:00,SWEEP,bearish,4071.703,,,,,,,,,,,,,,,,,,,,,,,,,,,,,
12211,2026-07-02T12:05:00+00:00,SWEEP,bearish,4072.321,,,,,,,,,,,,,,,,,,,,,,,,,,,,,
12218,2026-07-02T12:40:00+00:00,SWEEP,bearish,4138.871,,,,,,,,,,,,,,,,,,,,,,,,,,,,,
12232,2026-07-02T13:50:00+00:00,SWEEP,bearish,4143.02,,,,,,,,,,,,,,,,,,,,,,,,,,,,,
12265,2026-07-02T16:35:00+00:00,SWEEP,bullish,4101.897,,,,,,,,,,,,,,,,,,,,,,,,,,,,,
12284,2026-07-02T18:10:00+00:00,SWEEP,bearish,4123.093,,,,,,,,,,,,,,,,,,,,,,,,,,,,,
12310,2026-07-02T20:20:00+00:00,SWEEP,bearish,4124.8,,,,,,,,,,,,,,,,,,,,,,,,,,,,,
12320,2026-07-02T22:10:00+00:00,SWEEP,bearish,4128.103,,,,,,,,,,,,,,,,,,,,,,,,,,,,,
12336,2026-07-02T23:30:00+00:00,SWEEP,bearish,4130.504,,,,,,,,,,,,,,,,,,,,,,,,,,,,,
12338,2026-07-02T23:40:00+00:00,SWEEP,bullish,4121.719,,,,,,,,,,,,,,,,,,,,,,,,,,,,,
12347,2026-07-03T00:25:00+00:00,SWEEP,bearish,4140.93,,,,,,,,,,,,,,,,,,,,,,,,,,,,,
12353,2026-07-03T00:55:00+00:00,SWEEP,bearish,4148.656,,,,,,,,,,,,,,,,,,,,,,,,,,,,,
12356,2026-07-03T01:10:00+00:00,SWEEP,bearish,4176.123,,,,,,,,,,,,,,,,,,,,,,,,,,,,,
12361,2026-07-03T01:35:00+00:00,SWEEP,bearish,4194.523,,,,,,,,,,,,,,,,,,,,,,,,,,,,,
12387,2026-07-03T03:45:00+00:00,SWEEP,bullish,4176.353,,,,,,,,,,,,,,,,,,,,,,,,,,,,,
12388,2026-07-03T03:50:00+00:00,SWEEP,bullish,4176.309,,,,,,,,,,,,,,,,,,,,,,,,,,,,,
12406,2026-07-03T05:20:00+00:00,SWEEP,bullish,4173.095,,,,,,,,,,,,,,,,,,,,,,,,,,,,,
12415,2026-07-03T06:05:00+00:00,SWEEP,bullish,4164.703,,,,,,,,,,,,,,,,,,,,,,,,,,,,,
12417,2026-07-03T06:15:00+00:00,SWEEP,bullish,4162.178,,,,,,,,,,,,,,,,,,,,,,,,,,,,,
12435,2026-07-03T07:45:00+00:00,SWEEP,bearish,4181.256,,,,,,,,,,,,,,,,,,,,,,,,,,,,,
12436,2026-07-03T07:50:00+00:00,SWEEP,bearish,4181.315,,,,,,,,,,,,,,,,,,,,,,,,,,,,,
12439,2026-07-03T08:05:00+00:00,SWEEP,bearish,4184.765,,,,,,,,,,,,,,,,,,,,,,,,,,,,,
12444,2026-07-03T08:30:00+00:00,SWEEP,bearish,4185.793,,,,,,,,,,,,,,,,,,,,,,,,,,,,,
12457,2026-07-03T09:35:00+00:00,SWEEP,bullish,4168.889,,,,,,,,,,,,,,,,,,,,,,,,,,,,,
12477,2026-07-03T11:15:00+00:00,SWEEP,bearish,4183.793,,,,,,,,,,,,,,,,,,,,,,,,,,,,,
12478,2026-07-03T11:20:00+00:00,SWEEP,bearish,4185.026,,,,,,,,,,,,,,,,,,,,,,,,,,,,,
12483,2026-07-03T11:45:00+00:00,SWEEP,bearish,4186.003,,,,,,,,,,,,,,,,,,,,,,,,,,,,,
12487,2026-07-03T12:05:00+00:00,OB_FORMED,bearish,,70.0,4178.46,4183.398,63.28,"{'body': 20.7, 'fvg': 1.09, 'sweep': 22.31, 'break': 0.62, 'ob_size': 8.57, 'adjacency': 10}",,,,,,,,,,,,,,,,,,,,,,,,
12490,2026-07-03T12:20:00+00:00,SWEEP,bullish,4174.438,,,,,,,,,,,,,,,,,,,,,,,,,,,,,
12491,2026-07-03T12:25:00+00:00,SWEEP,bullish,4173.12,,,,,,,,,,,,,,,,,,,,,,,,,,,,,
12498,2026-07-03T13:00:00+00:00,OB_TOUCH,,,70.0,,,,,0.0,,,,,,,,,,,,,,,,,,,,,,,
12498,2026-07-03T13:00:00+00:00,WAIT_MTF_CONTEXT,,,70.0,,,,,,bearish,neutral,neutral,46.15,,,,,,,,,,,,,,,,,,,
12499,2026-07-03T13:05:00+00:00,WAIT_MTF_CONTEXT,,,70.0,,,,,,bearish,neutral,neutral,46.15,,,,,,,,,,,,,,,,,,,
12500,2026-07-03T13:10:00+00:00,SWEEP,bullish,4166.358,,,,,,,,,,,,,,,,,,,,,,,,,,,,,
12500,2026-07-03T13:10:00+00:00,WAIT_MTF_CONTEXT,,,70.0,,,,,,bearish,neutral,neutral,46.15,,,,,,,,,,,,,,,,,,,
12501,2026-07-03T13:15:00+00:00,WAIT_MTF_CONTEXT,,,70.0,,,,,,bearish,neutral,neutral,46.15,,,,,,,,,,,,,,,,,,,
12502,2026-07-03T13:20:00+00:00,WAIT_MTF_CONTEXT,,,70.0,,,,,,bearish,neutral,neutral,46.15,,,,,,,,,,,,,,,,,,,
12503,2026-07-03T13:25:00+00:00,WAIT_MTF_CONTEXT,,,70.0,,,,,,bearish,neutral,neutral,46.15,,,,,,,,,,,,,,,,,,,
12504,2026-07-03T13:30:00+00:00,WAIT_MTF_CONTEXT,,,70.0,,,,,,bearish,neutral,neutral,46.15,,,,,,,,,,,,,,,,,,,
12505,2026-07-03T13:35:00+00:00,WAIT_MTF_CONTEXT,,,70.0,,,,,,bearish,neutral,neutral,46.15,,,,,,,,,,,,,,,,,,,
12506,2026-07-03T13:40:00+00:00,WAIT_MTF_CONTEXT,,,70.0,,,,,,bearish,neutral,neutral,46.15,,,,,,,,,,,,,,,,,,,
12507,2026-07-03T13:45:00+00:00,SWEEP,bullish,4164.389,,,,,,,,,,,,,,,,,,,,,,,,,,,,,
12507,2026-07-03T13:45:00+00:00,WAIT_MTF_CONTEXT,,,70.0,,,,,,bearish,neutral,neutral,46.15,,,,,,,,,,,,,,,,,,,
12508,2026-07-03T13:50:00+00:00,WAIT_MTF_CONTEXT,,,70.0,,,,,,bearish,neutral,neutral,46.15,,,,,,,,,,,,,,,,,,,
12509,2026-07-03T13:55:00+00:00,WAIT_MTF_CONTEXT,,,70.0,,,,,,bearish,neutral,neutral,46.15,,,,,,,,,,,,,,,,,,,
12510,2026-07-03T14:00:00+00:00,SWEEP,bullish,4163.389,,,,,,,,,,,,,,,,,,,,,,,,,,,,,
12510,2026-07-03T14:00:00+00:00,WAIT_MTF_CONTEXT,,,70.0,,,,,,bearish,neutral,neutral,46.15,,,,,,,,,,,,,,,,,,,
12511,2026-07-03T14:05:00+00:00,WAIT_MTF_CONTEXT,,,70.0,,,,,,bearish,neutral,neutral,46.15,,,,,,,,,,,,,,,,,,,
12512,2026-07-03T14:10:00+00:00,WAIT_MTF_CONTEXT,,,70.0,,,,,,bearish,neutral,neutral,46.15,,,,,,,,,,,,,,,,,,,
12513,2026-07-03T14:15:00+00:00,WAIT_MTF_CONTEXT,,,70.0,,,,,,bearish,neutral,neutral,46.15,,,,,,,,,,,,,,,,,,,
12514,2026-07-03T14:20:00+00:00,WAIT_MTF_CONTEXT,,,70.0,,,,,,bearish,neutral,neutral,46.15,,,,,,,,,,,,,,,,,,,
12515,2026-07-03T14:25:00+00:00,WAIT_MTF_CONTEXT,,,70.0,,,,,,bearish,neutral,neutral,46.15,,,,,,,,,,,,,,,,,,,
12516,2026-07-03T14:30:00+00:00,WAIT_MTF_CONTEXT,,,70.0,,,,,,bearish,neutral,neutral,46.15,,,,,,,,,,,,,,,,,,,
12517,2026-07-03T14:35:00+00:00,WAIT_MTF_CONTEXT,,,70.0,,,,,,bearish,neutral,neutral,46.15,,,,,,,,,,,,,,,,,,,
12518,2026-07-03T14:40:00+00:00,WAIT_MTF_CONTEXT,,,70.0,,,,,,bearish,neutral,neutral,46.15,,,,,,,,,,,,,,,,,,,
12519,2026-07-03T14:45:00+00:00,WAIT_MTF_CONTEXT,,,70.0,,,,,,bearish,neutral,neutral,46.15,,,,,,,,,,,,,,,,,,,
12520,2026-07-03T14:50:00+00:00,WAIT_MTF_CONTEXT,,,70.0,,,,,,bearish,neutral,neutral,46.15,,,,,,,,,,,,,,,,,,,
12521,2026-07-03T14:55:00+00:00,WAIT_MTF_CONTEXT,,,70.0,,,,,,bearish,neutral,neutral,46.15,,,,,,,,,,,,,,,,,,,
12522,2026-07-03T15:00:00+00:00,SWEEP,bearish,4172.165,,,,,,,,,,,,,,,,,,,,,,,,,,,,,
12524,2026-07-03T15:10:00+00:00,SWEEP,bearish,4173.179,,,,,,,,,,,,,,,,,,,,,,,,,,,,,
12525,2026-07-03T15:15:00+00:00,SWEEP,bearish,4174.197,,,,,,,,,,,,,,,,,,,,,,,,,,,,,
12537,2026-07-03T16:15:00+00:00,SWEEP,bullish,4163.008,,,,,,,,,,,,,,,,,,,,,,,,,,,,,
12545,2026-07-03T16:55:00+00:00,SWEEP,bearish,4175.915,,,,,,,,,,,,,,,,,,,,,,,,,,,,,
12547,2026-07-05T22:05:00+00:00,SWEEP,bearish,4180.966,,,,,,,,,,,,,,,,,,,,,,,,,,,,,
12547,2026-07-05T22:05:00+00:00,REVERSAL_INSIDE_OB,,,70.0,,,,,31.692993114612545,,,,,,,,,,,,,,,,,,,,,,,
12547,2026-07-05T22:05:00+00:00,WAIT_MICRO_BOS,,,70.0,,,,,,,,,,,normal_reversal_inside_ob,,,,,,,,,,,,,,,,,
12549,2026-07-05T22:15:00+00:00,WAIT_MTF_CONTEXT,,,70.0,,,,,,bearish,neutral,neutral,46.15,,,,,,,,,,,,,,,,,,,
12550,2026-07-05T22:20:00+00:00,WAIT_MTF_CONTEXT,,,70.0,,,,,,bearish,neutral,neutral,46.15,,,,,,,,,,,,,,,,,,,
12551,2026-07-05T22:25:00+00:00,OB_CROSSED_AFTER_TOUCH,,,70.0,,,,,100.0,,,,,,,,,,,,,,,,,,,,,,,
12552,2026-07-05T22:30:00+00:00,OB_CROSSED_AFTER_TOUCH,,,70.0,,,,,100.0,,,,,,,,,,,,,,,,,,,,,,,
12553,2026-07-05T22:35:00+00:00,OB_CROSSED_AFTER_TOUCH,,,70.0,,,,,100.0,,,,,,,,,,,,,,,,,,,,,,,
12554,2026-07-05T22:40:00+00:00,OB_CROSSED_AFTER_TOUCH,,,70.0,,,,,100.0,,,,,,,,,,,,,,,,,,,,,,,
12555,2026-07-05T22:45:00+00:00,OB_CROSSED_AFTER_TOUCH,,,70.0,,,,,100.0,,,,,,,,,,,,,,,,,,,,,,,
12556,2026-07-05T22:50:00+00:00,OB_CROSSED_AFTER_TOUCH,,,70.0,,,,,100.0,,,,,,,,,,,,,,,,,,,,,,,
12557,2026-07-05T22:55:00+00:00,OB_CROSSED_AFTER_TOUCH,,,70.0,,,,,100.0,,,,,,,,,,,,,,,,,,,,,,,
12558,2026-07-05T23:00:00+00:00,OB_CROSSED_AFTER_TOUCH,,,70.0,,,,,100.0,,,,,,,,,,,,,,,,,,,,,,,
12559,2026-07-05T23:05:00+00:00,OB_CROSSED_AFTER_TOUCH,,,70.0,,,,,100.0,,,,,,,,,,,,,,,,,,,,,,,
12560,2026-07-05T23:10:00+00:00,OB_CROSSED_AFTER_TOUCH,,,70.0,,,,,100.0,,,,,,,,,,,,,,,,,,,,,,,
12561,2026-07-05T23:15:00+00:00,OB_CROSSED_AFTER_TOUCH,,,70.0,,,,,100.0,,,,,,,,,,,,,,,,,,,,,,,
12562,2026-07-05T23:20:00+00:00,OB_CROSSED_AFTER_TOUCH,,,70.0,,,,,100.0,,,,,,,,,,,,,,,,,,,,,,,
12563,2026-07-05T23:25:00+00:00,OB_CROSSED_AFTER_TOUCH,,,70.0,,,,,100.0,,,,,,,,,,,,,,,,,,,,,,,
12564,2026-07-05T23:30:00+00:00,OB_CROSSED_AFTER_TOUCH,,,70.0,,,,,100.0,,,,,,,,,,,,,,,,,,,,,,,
12565,2026-07-05T23:35:00+00:00,OB_CROSSED_AFTER_TOUCH,,,70.0,,,,,100.0,,,,,,,,,,,,,,,,,,,,,,,
12566,2026-07-05T23:40:00+00:00,OB_CROSSED_AFTER_TOUCH,,,70.0,,,,,100.0,,,,,,,,,,,,,,,,,,,,,,,
12567,2026-07-05T23:45:00+00:00,SWEEP,bullish,4177.289,,,,,,,,,,,,,,,,,,,,,,,,,,,,,
12567,2026-07-05T23:45:00+00:00,REVERSAL_AFTER_OB_CROSS,,,70.0,,,,,67.11219117051918,,,,,,,,,,,,,,,,,,,,,,,
12567,2026-07-05T23:45:00+00:00,WAIT_REENTRY_DEPTH,,,70.0,,,,,67.11219117051918,,,,,,,70.0,,,,,,,,,,,,,,,,
12568,2026-07-05T23:50:00+00:00,ENTRY,bearish,,70.0,,,,,,bearish,bearish,neutral,76.92,,crossed_ob_reentry,,3.0,4182.763,4203.809214285714,4140.670571428572,2.0,63.28,BEARISH,87.14054272984598,12563.0,4202.273,retracement_swing,4174.438,False,,,
12589,2026-07-06T01:35:00+00:00,SWEEP,bearish,4197.717,,,,,,,,,,,,,,,,,,,,,,,,,,,,,
12590,2026-07-06T01:40:00+00:00,SWEEP,bearish,4200.503,,,,,,,,,,,,,,,,,,,,,,,,,,,,,
12591,2026-07-06T01:45:00+00:00,SWEEP,bearish,4200.609,,,,,,,,,,,,,,,,,,,,,,,,,,,,,
12601,2026-07-06T02:35:00+00:00,SWEEP,bullish,4172.338,,,,,,,,,,,,,,,,,,,,,,,,,,,,,
12606,2026-07-06T03:00:00+00:00,SWEEP,bullish,4168.464,,,,,,,,,,,,,,,,,,,,,,,,,,,,,
12607,2026-07-06T03:05:00+00:00,SWEEP,bullish,4166.218,,,,,,,,,,,,,,,,,,,,,,,,,,,,,
12608,2026-07-06T03:10:00+00:00,SWEEP,bullish,4166.06,,,,,,,,,,,,,,,,,,,,,,,,,,,,,
12609,2026-07-06T03:15:00+00:00,SWEEP,bullish,4165.437,,,,,,,,,,,,,,,,,,,,,,,,,,,,,
12611,2026-07-06T03:25:00+00:00,SWEEP,bullish,4162.791,,,,,,,,,,,,,,,,,,,,,,,,,,,,,
12614,2026-07-06T03:40:00+00:00,SWEEP,bullish,4162.504,,,,,,,,,,,,,,,,,,,,,,,,,,,,,
12616,2026-07-06T03:50:00+00:00,SWEEP,bullish,4161.609,,,,,,,,,,,,,,,,,,,,,,,,,,,,,
12622,2026-07-06T04:20:00+00:00,SWEEP,bullish,4160.941,,,,,,,,,,,,,,,,,,,,,,,,,,,,,
12632,2026-07-06T05:10:00+00:00,SWEEP,bullish,4151.932,,,,,,,,,,,,,,,,,,,,,,,,,,,,,
12633,2026-07-06T05:15:00+00:00,SWEEP,bullish,4151.095,,,,,,,,,,,,,,,,,,,,,,,,,,,,,
12634,2026-07-06T05:20:00+00:00,SWEEP,bullish,4150.99,,,,,,,,,,,,,,,,,,,,,,,,,,,,,
12636,2026-07-06T05:30:00+00:00,SWEEP,bullish,4150.438,,,,,,,,,,,,,,,,,,,,,,,,,,,,,
12681,2026-07-06T09:15:00+00:00,SWEEP,bullish,4147.019,,,,,,,,,,,,,,,,,,,,,,,,,,,,,
12684,2026-07-06T09:30:00+00:00,TRADE_EXIT,,,,,,,,,,,,,,,,3.0,,,,,,,,,,,,,WIN,2.0,TP
12697,2026-07-06T10:35:00+00:00,SWEEP,bearish,4154.414,,,,,,,,,,,,,,,,,,,,,,,,,,,,,
12698,2026-07-06T10:40:00+00:00,SWEEP,bearish,4155.02,,,,,,,,,,,,,,,,,,,,,,,,,,,,,
12700,2026-07-06T10:50:00+00:00,SWEEP,bearish,4155.649,,,,,,,,,,,,,,,,,,,,,,,,,,,,,
12702,2026-07-06T11:00:00+00:00,SWEEP,bearish,4155.905,,,,,,,,,,,,,,,,,,,,,,,,,,,,,
12707,2026-07-06T11:25:00+00:00,SWEEP,bearish,4158.538,,,,,,,,,,,,,,,,,,,,,,,,,,,,,
12714,2026-07-06T12:00:00+00:00,OB_FORMED,bearish,,71.0,4153.885,4158.535,89.94,"{'body': 17.15, 'fvg': 13.64, 'sweep': 23.97, 'break': 13.87, 'ob_size': 11.32, 'adjacency': 10}",,,,,,,,,,,,,,,,,,,,,,,,
12756,2026-07-06T15:30:00+00:00,SWEEP,bearish,4151.136,,,,,,,,,,,,,,,,,,,,,,,,,,,,,
12772,2026-07-06T16:50:00+00:00,OB_TOUCH,,,71.0,,,,,0.0,,,,,,,,,,,,,,,,,,,,,,,
12772,2026-07-06T16:50:00+00:00,WAIT_MTF_CONTEXT,,,71.0,,,,,,bearish,neutral,neutral,46.15,,,,,,,,,,,,,,,,,,,
12773,2026-07-06T16:55:00+00:00,SWEEP,bearish,4155.767,,,,,,,,,,,,,,,,,,,,,,,,,,,,,
12773,2026-07-06T16:55:00+00:00,WAIT_MTF_CONTEXT,,,71.0,,,,,,bearish,neutral,neutral,46.15,,,,,,,,,,,,,,,,,,,
12774,2026-07-06T17:00:00+00:00,WAIT_MTF_CONTEXT,,,71.0,,,,,,bearish,neutral,neutral,46.15,,,,,,,,,,,,,,,,,,,
12775,2026-07-06T17:05:00+00:00,SWEEP,bearish,4156.332,,,,,,,,,,,,,,,,,,,,,,,,,,,,,
12775,2026-07-06T17:05:00+00:00,WAIT_MTF_CONTEXT,,,71.0,,,,,,bearish,neutral,neutral,46.15,,,,,,,,,,,,,,,,,,,
12776,2026-07-06T17:10:00+00:00,WAIT_MTF_CONTEXT,,,71.0,,,,,,bearish,neutral,neutral,46.15,,,,,,,,,,,,,,,,,,,
12777,2026-07-06T17:15:00+00:00,WAIT_MTF_CONTEXT,,,71.0,,,,,,bearish,neutral,neutral,46.15,,,,,,,,,,,,,,,,,,,
12778,2026-07-06T17:20:00+00:00,WAIT_MTF_CONTEXT,,,71.0,,,,,,bearish,neutral,neutral,46.15,,,,,,,,,,,,,,,,,,,
12779,2026-07-06T17:25:00+00:00,SWEEP,bearish,4158.726,,,,,,,,,,,,,,,,,,,,,,,,,,,,,
12779,2026-07-06T17:25:00+00:00,WAIT_MTF_CONTEXT,,,71.0,,,,,,bearish,neutral,neutral,46.15,,,,,,,,,,,,,,,,,,,
12780,2026-07-06T17:30:00+00:00,WAIT_MTF_CONTEXT,,,71.0,,,,,,bearish,neutral,neutral,46.15,,,,,,,,,,,,,,,,,,,
12781,2026-07-06T17:35:00+00:00,WAIT_MTF_CONTEXT,,,71.0,,,,,,bearish,neutral,neutral,46.15,,,,,,,,,,,,,,,,,,,
12782,2026-07-06T17:40:00+00:00,WAIT_MTF_CONTEXT,,,71.0,,,,,,bearish,neutral,neutral,46.15,,,,,,,,,,,,,,,,,,,
12783,2026-07-06T17:45:00+00:00,SWEEP,bearish,4159.633,,,,,,,,,,,,,,,,,,,,,,,,,,,,,
12783,2026-07-06T17:45:00+00:00,OB_CROSSED_AFTER_TOUCH,,,71.0,,,,,100.0,,,,,,,,,,,,,,,,,,,,,,,
12784,2026-07-06T17:50:00+00:00,SWEEP,bearish,4160.01,,,,,,,,,,,,,,,,,,,,,,,,,,,,,
12784,2026-07-06T17:50:00+00:00,OB_CROSSED_AFTER_TOUCH,,,71.0,,,,,100.0,,,,,,,,,,,,,,,,,,,,,,,
12785,2026-07-06T17:55:00+00:00,SWEEP,bearish,4161.274,,,,,,,,,,,,,,,,,,,,,,,,,,,,,
12785,2026-07-06T17:55:00+00:00,OB_CROSSED_AFTER_TOUCH,,,71.0,,,,,100.0,,,,,,,,,,,,,,,,,,,,,,,
12786,2026-07-06T18:00:00+00:00,SWEEP,bearish,4161.626,,,,,,,,,,,,,,,,,,,,,,,,,,,,,
12786,2026-07-06T18:00:00+00:00,WAIT_MTF_CONTEXT,,,71.0,,,,,,bearish,neutral,neutral,46.15,,,,,,,,,,,,,,,,,,,
12787,2026-07-06T18:05:00+00:00,WAIT_MTF_CONTEXT,,,71.0,,,,,,bearish,neutral,neutral,46.15,,,,,,,,,,,,,,,,,,,
12788,2026-07-06T18:10:00+00:00,WAIT_MTF_CONTEXT,,,71.0,,,,,,bearish,neutral,neutral,46.15,,,,,,,,,,,,,,,,,,,
12789,2026-07-06T18:15:00+00:00,OB_CROSSED_AFTER_TOUCH,,,71.0,,,,,100.0,,,,,,,,,,,,,,,,,,,,,,,
12790,2026-07-06T18:20:00+00:00,SWEEP,bearish,4161.984,,,,,,,,,,,,,,,,,,,,,,,,,,,,,
12790,2026-07-06T18:20:00+00:00,OB_CROSSED_AFTER_TOUCH,,,71.0,,,,,100.0,,,,,,,,,,,,,,,,,,,,,,,
12791,2026-07-06T18:25:00+00:00,SWEEP,bearish,4162.02,,,,,,,,,,,,,,,,,,,,,,,,,,,,,
12791,2026-07-06T18:25:00+00:00,OB_CROSSED_AFTER_TOUCH,,,71.0,,,,,100.0,,,,,,,,,,,,,,,,,,,,,,,
12792,2026-07-06T18:30:00+00:00,OB_CROSSED_AFTER_TOUCH,,,71.0,,,,,100.0,,,,,,,,,,,,,,,,,,,,,,,
12793,2026-07-06T18:35:00+00:00,OB_CROSSED_AFTER_TOUCH,,,71.0,,,,,100.0,,,,,,,,,,,,,,,,,,,,,,,
12794,2026-07-06T18:40:00+00:00,OB_CROSSED_AFTER_TOUCH,,,71.0,,,,,100.0,,,,,,,,,,,,,,,,,,,,,,,
12795,2026-07-06T18:45:00+00:00,OB_CROSSED_AFTER_TOUCH,,,71.0,,,,,100.0,,,,,,,,,,,,,,,,,,,,,,,
12796,2026-07-06T18:50:00+00:00,OB_CROSSED_AFTER_TOUCH,,,71.0,,,,,100.0,,,,,,,,,,,,,,,,,,,,,,,
12797,2026-07-06T18:55:00+00:00,OB_CROSSED_AFTER_TOUCH,,,71.0,,,,,100.0,,,,,,,,,,,,,,,,,,,,,,,
12798,2026-07-06T19:00:00+00:00,OB_CROSSED_AFTER_TOUCH,,,71.0,,,,,100.0,,,,,,,,,,,,,,,,,,,,,,,
12799,2026-07-06T19:05:00+00:00,OB_CROSSED_AFTER_TOUCH,,,71.0,,,,,100.0,,,,,,,,,,,,,,,,,,,,,,,
12800,2026-07-06T19:10:00+00:00,OB_CROSSED_AFTER_TOUCH,,,71.0,,,,,100.0,,,,,,,,,,,,,,,,,,,,,,,
12801,2026-07-06T19:15:00+00:00,OB_CROSSED_AFTER_TOUCH,,,71.0,,,,,100.0,,,,,,,,,,,,,,,,,,,,,,,
12802,2026-07-06T19:20:00+00:00,OB_CROSSED_AFTER_TOUCH,,,71.0,,,,,100.0,,,,,,,,,,,,,,,,,,,,,,,
12803,2026-07-06T19:25:00+00:00,OB_CROSSED_AFTER_TOUCH,,,71.0,,,,,100.0,,,,,,,,,,,,,,,,,,,,,,,
12804,2026-07-06T19:30:00+00:00,OB_CROSSED_AFTER_TOUCH,,,71.0,,,,,100.0,,,,,,,,,,,,,,,,,,,,,,,
12805,2026-07-06T19:35:00+00:00,OB_CROSSED_AFTER_TOUCH,,,71.0,,,,,100.0,,,,,,,,,,,,,,,,,,,,,,,
12806,2026-07-06T19:40:00+00:00,OB_CROSSED_AFTER_TOUCH,,,71.0,,,,,100.0,,,,,,,,,,,,,,,,,,,,,,,
12807,2026-07-06T19:45:00+00:00,OB_CROSSED_AFTER_TOUCH,,,71.0,,,,,100.0,,,,,,,,,,,,,,,,,,,,,,,
12808,2026-07-06T19:50:00+00:00,OB_CROSSED_AFTER_TOUCH,,,71.0,,,,,100.0,,,,,,,,,,,,,,,,,,,,,,,
12809,2026-07-06T19:55:00+00:00,OB_CROSSED_AFTER_TOUCH,,,71.0,,,,,100.0,,,,,,,,,,,,,,,,,,,,,,,
12810,2026-07-06T20:00:00+00:00,OB_CROSSED_AFTER_TOUCH,,,71.0,,,,,100.0,,,,,,,,,,,,,,,,,,,,,,,
12811,2026-07-06T20:05:00+00:00,OB_CROSSED_AFTER_TOUCH,,,71.0,,,,,100.0,,,,,,,,,,,,,,,,,,,,,,,
12812,2026-07-06T20:10:00+00:00,OB_CROSSED_AFTER_TOUCH,,,71.0,,,,,100.0,,,,,,,,,,,,,,,,,,,,,,,
12813,2026-07-06T20:15:00+00:00,OB_CROSSED_AFTER_TOUCH,,,71.0,,,,,100.0,,,,,,,,,,,,,,,,,,,,,,,
12814,2026-07-06T20:20:00+00:00,OB_CROSSED_AFTER_TOUCH,,,71.0,,,,,100.0,,,,,,,,,,,,,,,,,,,,,,,
12815,2026-07-06T20:25:00+00:00,OB_EXPIRED,,,71.0,,,,,,,,,,101.0,,,,,,,,,,,,,,,,,,
12822,2026-07-06T22:00:00+00:00,SWEEP,bearish,4165.198,,,,,,,,,,,,,,,,,,,,,,,,,,,,,
12829,2026-07-06T22:35:00+00:00,SWEEP,bearish,4168.477,,,,,,,,,,,,,,,,,,,,,,,,,,,,,
12839,2026-07-06T23:25:00+00:00,SWEEP,bullish,4162.866,,,,,,,,,,,,,,,,,,,,,,,,,,,,,
12840,2026-07-06T23:30:00+00:00,SWEEP,bullish,4162.809,,,,,,,,,,,,,,,,,,,,,,,,,,,,,
12848,2026-07-07T00:10:00+00:00,SWEEP,bullish,4154.583,,,,,,,,,,,,,,,,,,,,,,,,,,,,,
12849,2026-07-07T00:15:00+00:00,SWEEP,bullish,4152.586,,,,,,,,,,,,,,,,,,,,,,,,,,,,,
12855,2026-07-07T00:45:00+00:00,SWEEP,bullish,4148.209,,,,,,,,,,,,,,,,,,,,,,,,,,,,,
12858,2026-07-07T01:00:00+00:00,SWEEP,bullish,4145.088,,,,,,,,,,,,,,,,,,,,,,,,,,,,,
12859,2026-07-07T01:05:00+00:00,SWEEP,bullish,4140.583,,,,,,,,,,,,,,,,,,,,,,,,,,,,,
12860,2026-07-07T01:10:00+00:00,SWEEP,bullish,4139.023,,,,,,,,,,,,,,,,,,,,,,,,,,,,,
12863,2026-07-07T01:25:00+00:00,SWEEP,bullish,4131.978,,,,,,,,,,,,,,,,,,,,,,,,,,,,,
12887,2026-07-07T03:25:00+00:00,SWEEP,bullish,4131.242,,,,,,,,,,,,,,,,,,,,,,,,,,,,,
12890,2026-07-07T03:40:00+00:00,SWEEP,bullish,4129.12,,,,,,,,,,,,,,,,,,,,,,,,,,,,,
12906,2026-07-07T05:00:00+00:00,SWEEP,bullish,4124.351,,,,,,,,,,,,,,,,,,,,,,,,,,,,,
12909,2026-07-07T05:15:00+00:00,SWEEP,bullish,4121.954,,,,,,,,,,,,,,,,,,,,,,,,,,,,,
12910,2026-07-07T05:20:00+00:00,SWEEP,bullish,4121.397,,,,,,,,,,,,,,,,,,,,,,,,,,,,,
12912,2026-07-07T05:30:00+00:00,SWEEP,bullish,4120.803,,,,,,,,,,,,,,,,,,,,,,,,,,,,,
12913,2026-07-07T05:35:00+00:00,SWEEP,bullish,4120.033,,,,,,,,,,,,,,,,,,,,,,,,,,,,,
12914,2026-07-07T05:40:00+00:00,SWEEP,bullish,4119.378,,,,,,,,,,,,,,,,,,,,,,,,,,,,,
12927,2026-07-07T06:45:00+00:00,SWEEP,bearish,4132.452,,,,,,,,,,,,,,,,,,,,,,,,,,,,,
12939,2026-07-07T07:45:00+00:00,SWEEP,bearish,4133.083,,,,,,,,,,,,,,,,,,,,,,,,,,,,,
12970,2026-07-07T10:20:00+00:00,SWEEP,bearish,4137.014,,,,,,,,,,,,,,,,,,,,,,,,,,,,,
12971,2026-07-07T10:25:00+00:00,SWEEP,bearish,4137.331,,,,,,,,,,,,,,,,,,,,,,,,,,,,,
12983,2026-07-07T11:25:00+00:00,SWEEP,bearish,4144.303,,,,,,,,,,,,,,,,,,,,,,,,,,,,,
12985,2026-07-07T11:35:00+00:00,SWEEP,bearish,4145.365,,,,,,,,,,,,,,,,,,,,,,,,,,,,,
12988,2026-07-07T11:50:00+00:00,SWEEP,bearish,4151.804,,,,,,,,,,,,,,,,,,,,,,,,,,,,,
12993,2026-07-07T12:15:00+00:00,SWEEP,bearish,4174.715,,,,,,,,,,,,,,,,,,,,,,,,,,,,,
13002,2026-07-07T13:00:00+00:00,SWEEP,bearish,4175.153,,,,,,,,,,,,,,,,,,,,,,,,,,,,,
13009,2026-07-07T13:35:00+00:00,SWEEP,bearish,4178.296,,,,,,,,,,,,,,,,,,,,,,,,,,,,,
13010,2026-07-07T13:40:00+00:00,SWEEP,bearish,4179.822,,,,,,,,,,,,,,,,,,,,,,,,,,,,,
13015,2026-07-07T14:05:00+00:00,SWEEP,bullish,4153.034,,,,,,,,,,,,,,,,,,,,,,,,,,,,,
13016,2026-07-07T14:10:00+00:00,SWEEP,bullish,4151.864,,,,,,,,,,,,,,,,,,,,,,,,,,,,,
13022,2026-07-07T14:40:00+00:00,SWEEP,bullish,4146.893,,,,,,,,,,,,,,,,,,,,,,,,,,,,,
13029,2026-07-07T15:15:00+00:00,SWEEP,bullish,4143.49,,,,,,,,,,,,,,,,,,,,,,,,,,,,,
13037,2026-07-07T15:55:00+00:00,SWEEP,bullish,4137.477,,,,,,,,,,,,,,,,,,,,,,,,,,,,,
13056,2026-07-07T17:30:00+00:00,SWEEP,bearish,4147.32,,,,,,,,,,,,,,,,,,,,,,,,,,,,,
13065,2026-07-07T18:15:00+00:00,SWEEP,bullish,4140.334,,,,,,,,,,,,,,,,,,,,,,,,,,,,,
13119,2026-07-07T23:45:00+00:00,SWEEP,bullish,4095.81,,,,,,,,,,,,,,,,,,,,,,,,,,,,,
13127,2026-07-08T00:25:00+00:00,SWEEP,bearish,4107.929,,,,,,,,,,,,,,,,,,,,,,,,,,,,,
13159,2026-07-08T03:05:00+00:00,SWEEP,bearish,4129.37,,,,,,,,,,,,,,,,,,,,,,,,,,,,,
13160,2026-07-08T03:10:00+00:00,SWEEP,bearish,4129.935,,,,,,,,,,,,,,,,,,,,,,,,,,,,,
13164,2026-07-08T03:30:00+00:00,SWEEP,bearish,4130.939,,,,,,,,,,,,,,,,,,,,,,,,,,,,,
13183,2026-07-08T05:05:00+00:00,SWEEP,bearish,4131.153,,,,,,,,,,,,,,,,,,,,,,,,,,,,,
13207,2026-07-08T07:05:00+00:00,SWEEP,bullish,4120.353,,,,,,,,,,,,,,,,,,,,,,,,,,,,,
13208,2026-07-08T07:10:00+00:00,SWEEP,bullish,4117.98,,,,,,,,,,,,,,,,,,,,,,,,,,,,,
13209,2026-07-08T07:15:00+00:00,SWEEP,bullish,4116.21,,,,,,,,,,,,,,,,,,,,,,,,,,,,,
13210,2026-07-08T07:20:00+00:00,SWEEP,bullish,4114.77,,,,,,,,,,,,,,,,,,,,,,,,,,,,,
13224,2026-07-08T08:30:00+00:00,SWEEP,bullish,4080.596,,,,,,,,,,,,,,,,,,,,,,,,,,,,,
13230,2026-07-08T09:00:00+00:00,SWEEP,bullish,4052.037,,,,,,,,,,,,,,,,,,,,,,,,,,,,,
13231,2026-07-08T09:05:00+00:00,SWEEP,bullish,4050.445,,,,,,,,,,,,,,,,,,,,,,,,,,,,,
13243,2026-07-08T10:05:00+00:00,SWEEP,bullish,4041.354,,,,,,,,,,,,,,,,,,,,,,,,,,,,,
13263,2026-07-08T11:45:00+00:00,SWEEP,bearish,4065.74,,,,,,,,,,,,,,,,,,,,,,,,,,,,,
13268,2026-07-08T12:10:00+00:00,SWEEP,bearish,4072.577,,,,,,,,,,,,,,,,,,,,,,,,,,,,,
13290,2026-07-08T14:00:00+00:00,SWEEP,bullish,4065.113,,,,,,,,,,,,,,,,,,,,,,,,,,,,,
13291,2026-07-08T14:05:00+00:00,SWEEP,bullish,4063.571,,,,,,,,,,,,,,,,,,,,,,,,,,,,,
13299,2026-07-08T14:45:00+00:00,SWEEP,bullish,4035.201,,,,,,,,,,,,,,,,,,,,,,,,,,,,,
13304,2026-07-08T15:10:00+00:00,SWEEP,bullish,4033.72,,,,,,,,,,,,,,,,,,,,,,,,,,,,,
13307,2026-07-08T15:25:00+00:00,SWEEP,bullish,4026.284,,,,,,,,,,,,,,,,,,,,,,,,,,,,,
13320,2026-07-08T16:30:00+00:00,SWEEP,bearish,4046.507,,,,,,,,,,,,,,,,,,,,,,,,,,,,,
13328,2026-07-08T17:10:00+00:00,SWEEP,bearish,4069.291,,,,,,,,,,,,,,,,,,,,,,,,,,,,,
13330,2026-07-08T17:20:00+00:00,SWEEP,bearish,4070.511,,,,,,,,,,,,,,,,,,,,,,,,,,,,,
13332,2026-07-08T17:30:00+00:00,SWEEP,bearish,4073.921,,,,,,,,,,,,,,,,,,,,,,,,,,,,,
13366,2026-07-08T20:20:00+00:00,SWEEP,bullish,4074.555,,,,,,,,,,,,,,,,,,,,,,,,,,,,,
13369,2026-07-08T20:35:00+00:00,SWEEP,bullish,4073.137,,,,,,,,,,,,,,,,,,,,,,,,,,,,,
13399,2026-07-09T00:05:00+00:00,SWEEP,bearish,4081.167,,,,,,,,,,,,,,,,,,,,,,,,,,,,,
13401,2026-07-09T00:15:00+00:00,SWEEP,bearish,4087.564,,,,,,,,,,,,,,,,,,,,,,,,,,,,,
13416,2026-07-09T01:30:00+00:00,SWEEP,bullish,4065.28,,,,,,,,,,,,,,,,,,,,,,,,,,,,,
13427,2026-07-09T02:25:00+00:00,SWEEP,bearish,4081.215,,,,,,,,,,,,,,,,,,,,,,,,,,,,,
13434,2026-07-09T03:00:00+00:00,OB_FORMED,bearish,,72.0,4064.341,4067.525,83.51,"{'body': 16.55, 'fvg': 12.65, 'sweep': 21.63, 'break': 7.68, 'ob_size': 15.0, 'adjacency': 10}",,,,,,,,,,,,,,,,,,,,,,,,
13437,2026-07-09T03:15:00+00:00,SWEEP,bullish,4055.154,,,,,,,,,,,,,,,,,,,,,,,,,,,,,
13446,2026-07-09T04:00:00+00:00,OB_TOUCH,,,72.0,,,,,0.0,,,,,,,,,,,,,,,,,,,,,,,
13457,2026-07-09T04:55:00+00:00,SWEEP,bearish,4064.65,,,,,,,,,,,,,,,,,,,,,,,,,,,,,
13459,2026-07-09T05:05:00+00:00,OB_CROSSED_AFTER_TOUCH,,,72.0,,,,,100.0,,,,,,,,,,,,,,,,,,,,,,,
13460,2026-07-09T05:10:00+00:00,OB_CROSSED_AFTER_TOUCH,,,72.0,,,,,100.0,,,,,,,,,,,,,,,,,,,,,,,
13461,2026-07-09T05:15:00+00:00,OB_CROSSED_AFTER_TOUCH,,,72.0,,,,,100.0,,,,,,,,,,,,,,,,,,,,,,,
13462,2026-07-09T05:20:00+00:00,OB_CROSSED_AFTER_TOUCH,,,72.0,,,,,100.0,,,,,,,,,,,,,,,,,,,,,,,
13463,2026-07-09T05:25:00+00:00,OB_CROSSED_AFTER_TOUCH,,,72.0,,,,,100.0,,,,,,,,,,,,,,,,,,,,,,,
13464,2026-07-09T05:30:00+00:00,OB_CROSSED_AFTER_TOUCH,,,72.0,,,,,100.0,,,,,,,,,,,,,,,,,,,,,,,
13465,2026-07-09T05:35:00+00:00,SWEEP,bearish,4076.047,,,,,,,,,,,,,,,,,,,,,,,,,,,,,
13465,2026-07-09T05:35:00+00:00,OB_CROSSED_AFTER_TOUCH,,,72.0,,,,,100.0,,,,,,,,,,,,,,,,,,,,,,,
13466,2026-07-09T05:40:00+00:00,OB_CROSSED_AFTER_TOUCH,,,72.0,,,,,100.0,,,,,,,,,,,,,,,,,,,,,,,
13467,2026-07-09T05:45:00+00:00,OB_CROSSED_AFTER_TOUCH,,,72.0,,,,,100.0,,,,,,,,,,,,,,,,,,,,,,,
13468,2026-07-09T05:50:00+00:00,OB_CROSSED_AFTER_TOUCH,,,72.0,,,,,100.0,,,,,,,,,,,,,,,,,,,,,,,
13469,2026-07-09T05:55:00+00:00,SWEEP,bearish,4082.735,,,,,,,,,,,,,,,,,,,,,,,,,,,,,
13469,2026-07-09T05:55:00+00:00,OB_CROSSED_AFTER_TOUCH,,,72.0,,,,,100.0,,,,,,,,,,,,,,,,,,,,,,,
13470,2026-07-09T06:00:00+00:00,OB_CROSSED_AFTER_TOUCH,,,72.0,,,,,100.0,,,,,,,,,,,,,,,,,,,,,,,
13471,2026-07-09T06:05:00+00:00,OB_CROSSED_AFTER_TOUCH,,,72.0,,,,,100.0,,,,,,,,,,,,,,,,,,,,,,,
13472,2026-07-09T06:10:00+00:00,OB_CROSSED_AFTER_TOUCH,,,72.0,,,,,100.0,,,,,,,,,,,,,,,,,,,,,,,
13473,2026-07-09T06:15:00+00:00,OB_CROSSED_AFTER_TOUCH,,,72.0,,,,,100.0,,,,,,,,,,,,,,,,,,,,,,,
13474,2026-07-09T06:20:00+00:00,SWEEP,bearish,4099.906,,,,,,,,,,,,,,,,,,,,,,,,,,,,,
13474,2026-07-09T06:20:00+00:00,OB_CROSSED_AFTER_TOUCH,,,72.0,,,,,100.0,,,,,,,,,,,,,,,,,,,,,,,
13475,2026-07-09T06:25:00+00:00,OB_CROSSED_AFTER_TOUCH,,,72.0,,,,,100.0,,,,,,,,,,,,,,,,,,,,,,,
13476,2026-07-09T06:30:00+00:00,OB_CROSSED_AFTER_TOUCH,,,72.0,,,,,100.0,,,,,,,,,,,,,,,,,,,,,,,
13477,2026-07-09T06:35:00+00:00,OB_CROSSED_AFTER_TOUCH,,,72.0,,,,,100.0,,,,,,,,,,,,,,,,,,,,,,,
13478,2026-07-09T06:40:00+00:00,OB_CROSSED_AFTER_TOUCH,,,72.0,,,,,100.0,,,,,,,,,,,,,,,,,,,,,,,
13479,2026-07-09T06:45:00+00:00,OB_CROSSED_AFTER_TOUCH,,,72.0,,,,,100.0,,,,,,,,,,,,,,,,,,,,,,,
13480,2026-07-09T06:50:00+00:00,OB_CROSSED_AFTER_TOUCH,,,72.0,,,,,100.0,,,,,,,,,,,,,,,,,,,,,,,
13481,2026-07-09T06:55:00+00:00,OB_CROSSED_AFTER_TOUCH,,,72.0,,,,,100.0,,,,,,,,,,,,,,,,,,,,,,,
13482,2026-07-09T07:00:00+00:00,SWEEP,bearish,4108.205,,,,,,,,,,,,,,,,,,,,,,,,,,,,,
13482,2026-07-09T07:00:00+00:00,OB_CROSSED_AFTER_TOUCH,,,72.0,,,,,100.0,,,,,,,,,,,,,,,,,,,,,,,
13483,2026-07-09T07:05:00+00:00,OB_CROSSED_AFTER_TOUCH,,,72.0,,,,,100.0,,,,,,,,,,,,,,,,,,,,,,,
13484,2026-07-09T07:10:00+00:00,OB_CROSSED_AFTER_TOUCH,,,72.0,,,,,100.0,,,,,,,,,,,,,,,,,,,,,,,
13485,2026-07-09T07:15:00+00:00,OB_CROSSED_AFTER_TOUCH,,,72.0,,,,,100.0,,,,,,,,,,,,,,,,,,,,,,,
13486,2026-07-09T07:20:00+00:00,OB_CROSSED_AFTER_TOUCH,,,72.0,,,,,100.0,,,,,,,,,,,,,,,,,,,,,,,
13487,2026-07-09T07:25:00+00:00,OB_CROSSED_AFTER_TOUCH,,,72.0,,,,,100.0,,,,,,,,,,,,,,,,,,,,,,,
13488,2026-07-09T07:30:00+00:00,OB_CROSSED_AFTER_TOUCH,,,72.0,,,,,100.0,,,,,,,,,,,,,,,,,,,,,,,
13489,2026-07-09T07:35:00+00:00,OB_CROSSED_AFTER_TOUCH,,,72.0,,,,,100.0,,,,,,,,,,,,,,,,,,,,,,,
13490,2026-07-09T07:40:00+00:00,SWEEP,bearish,4110.432,,,,,,,,,,,,,,,,,,,,,,,,,,,,,
13490,2026-07-09T07:40:00+00:00,OB_CROSSED_AFTER_TOUCH,,,72.0,,,,,100.0,,,,,,,,,,,,,,,,,,,,,,,
13491,2026-07-09T07:45:00+00:00,SWEEP,bearish,4111.026,,,,,,,,,,,,,,,,,,,,,,,,,,,,,
13491,2026-07-09T07:45:00+00:00,OB_CROSSED_AFTER_TOUCH,,,72.0,,,,,100.0,,,,,,,,,,,,,,,,,,,,,,,
13492,2026-07-09T07:50:00+00:00,SWEEP,bearish,4111.073,,,,,,,,,,,,,,,,,,,,,,,,,,,,,
13492,2026-07-09T07:50:00+00:00,OB_CROSSED_AFTER_TOUCH,,,72.0,,,,,100.0,,,,,,,,,,,,,,,,,,,,,,,
13493,2026-07-09T07:55:00+00:00,OB_CROSSED_AFTER_TOUCH,,,72.0,,,,,100.0,,,,,,,,,,,,,,,,,,,,,,,
13494,2026-07-09T08:00:00+00:00,OB_CROSSED_AFTER_TOUCH,,,72.0,,,,,100.0,,,,,,,,,,,,,,,,,,,,,,,
13495,2026-07-09T08:05:00+00:00,OB_CROSSED_AFTER_TOUCH,,,72.0,,,,,100.0,,,,,,,,,,,,,,,,,,,,,,,
13496,2026-07-09T08:10:00+00:00,OB_CROSSED_AFTER_TOUCH,,,72.0,,,,,100.0,,,,,,,,,,,,,,,,,,,,,,,
13497,2026-07-09T08:15:00+00:00,SWEEP,bearish,4111.262,,,,,,,,,,,,,,,,,,,,,,,,,,,,,
13497,2026-07-09T08:15:00+00:00,OB_CROSSED_AFTER_TOUCH,,,72.0,,,,,100.0,,,,,,,,,,,,,,,,,,,,,,,
13498,2026-07-09T08:20:00+00:00,OB_CROSSED_AFTER_TOUCH,,,72.0,,,,,100.0,,,,,,,,,,,,,,,,,,,,,,,
13499,2026-07-09T08:25:00+00:00,OB_CROSSED_AFTER_TOUCH,,,72.0,,,,,100.0,,,,,,,,,,,,,,,,,,,,,,,
13500,2026-07-09T08:30:00+00:00,OB_CROSSED_AFTER_TOUCH,,,72.0,,,,,100.0,,,,,,,,,,,,,,,,,,,,,,,
13501,2026-07-09T08:35:00+00:00,OB_CROSSED_AFTER_TOUCH,,,72.0,,,,,100.0,,,,,,,,,,,,,,,,,,,,,,,
13502,2026-07-09T08:40:00+00:00,OB_CROSSED_AFTER_TOUCH,,,72.0,,,,,100.0,,,,,,,,,,,,,,,,,,,,,,,
13503,2026-07-09T08:45:00+00:00,OB_CROSSED_AFTER_TOUCH,,,72.0,,,,,100.0,,,,,,,,,,,,,,,,,,,,,,,
13504,2026-07-09T08:50:00+00:00,OB_CROSSED_AFTER_TOUCH,,,72.0,,,,,100.0,,,,,,,,,,,,,,,,,,,,,,,
13505,2026-07-09T08:55:00+00:00,OB_CROSSED_AFTER_TOUCH,,,72.0,,,,,100.0,,,,,,,,,,,,,,,,,,,,,,,
13506,2026-07-09T09:00:00+00:00,OB_CROSSED_AFTER_TOUCH,,,72.0,,,,,100.0,,,,,,,,,,,,,,,,,,,,,,,
13507,2026-07-09T09:05:00+00:00,OB_CROSSED_AFTER_TOUCH,,,72.0,,,,,100.0,,,,,,,,,,,,,,,,,,,,,,,
13508,2026-07-09T09:10:00+00:00,OB_CROSSED_AFTER_TOUCH,,,72.0,,,,,100.0,,,,,,,,,,,,,,,,,,,,,,,
13509,2026-07-09T09:15:00+00:00,OB_CROSSED_AFTER_TOUCH,,,72.0,,,,,100.0,,,,,,,,,,,,,,,,,,,,,,,
13510,2026-07-09T09:20:00+00:00,OB_CROSSED_AFTER_TOUCH,,,72.0,,,,,100.0,,,,,,,,,,,,,,,,,,,,,,,
13511,2026-07-09T09:25:00+00:00,OB_CROSSED_AFTER_TOUCH,,,72.0,,,,,100.0,,,,,,,,,,,,,,,,,,,,,,,
13512,2026-07-09T09:30:00+00:00,OB_CROSSED_AFTER_TOUCH,,,72.0,,,,,100.0,,,,,,,,,,,,,,,,,,,,,,,
13513,2026-07-09T09:35:00+00:00,OB_CROSSED_AFTER_TOUCH,,,72.0,,,,,100.0,,,,,,,,,,,,,,,,,,,,,,,
13514,2026-07-09T09:40:00+00:00,OB_CROSSED_AFTER_TOUCH,,,72.0,,,,,100.0,,,,,,,,,,,,,,,,,,,,,,,
13515,2026-07-09T09:45:00+00:00,SWEEP,bullish,4103.138,,,,,,,,,,,,,,,,,,,,,,,,,,,,,
13515,2026-07-09T09:45:00+00:00,OB_CROSSED_AFTER_TOUCH,,,72.0,,,,,100.0,,,,,,,,,,,,,,,,,,,,,,,
13516,2026-07-09T09:50:00+00:00,OB_CROSSED_AFTER_TOUCH,,,72.0,,,,,100.0,,,,,,,,,,,,,,,,,,,,,,,
13517,2026-07-09T09:55:00+00:00,OB_CROSSED_AFTER_TOUCH,,,72.0,,,,,100.0,,,,,,,,,,,,,,,,,,,,,,,
13518,2026-07-09T10:00:00+00:00,OB_CROSSED_AFTER_TOUCH,,,72.0,,,,,100.0,,,,,,,,,,,,,,,,,,,,,,,
13519,2026-07-09T10:05:00+00:00,OB_CROSSED_AFTER_TOUCH,,,72.0,,,,,100.0,,,,,,,,,,,,,,,,,,,,,,,
13520,2026-07-09T10:10:00+00:00,OB_CROSSED_AFTER_TOUCH,,,72.0,,,,,100.0,,,,,,,,,,,,,,,,,,,,,,,
13521,2026-07-09T10:15:00+00:00,OB_CROSSED_AFTER_TOUCH,,,72.0,,,,,100.0,,,,,,,,,,,,,,,,,,,,,,,
13522,2026-07-09T10:20:00+00:00,OB_CROSSED_AFTER_TOUCH,,,72.0,,,,,100.0,,,,,,,,,,,,,,,,,,,,,,,
13523,2026-07-09T10:25:00+00:00,OB_CROSSED_AFTER_TOUCH,,,72.0,,,,,100.0,,,,,,,,,,,,,,,,,,,,,,,
13524,2026-07-09T10:30:00+00:00,SWEEP,bullish,4103.083,,,,,,,,,,,,,,,,,,,,,,,,,,,,,
13524,2026-07-09T10:30:00+00:00,OB_CROSSED_AFTER_TOUCH,,,72.0,,,,,100.0,,,,,,,,,,,,,,,,,,,,,,,
13525,2026-07-09T10:35:00+00:00,OB_CROSSED_AFTER_TOUCH,,,72.0,,,,,100.0,,,,,,,,,,,,,,,,,,,,,,,
13526,2026-07-09T10:40:00+00:00,OB_CROSSED_AFTER_TOUCH,,,72.0,,,,,100.0,,,,,,,,,,,,,,,,,,,,,,,
13527,2026-07-09T10:45:00+00:00,OB_CROSSED_AFTER_TOUCH,,,72.0,,,,,100.0,,,,,,,,,,,,,,,,,,,,,,,
13528,2026-07-09T10:50:00+00:00,OB_CROSSED_AFTER_TOUCH,,,72.0,,,,,100.0,,,,,,,,,,,,,,,,,,,,,,,
13529,2026-07-09T10:55:00+00:00,SWEEP,bullish,4094.502,,,,,,,,,,,,,,,,,,,,,,,,,,,,,
13529,2026-07-09T10:55:00+00:00,OB_CROSSED_AFTER_TOUCH,,,72.0,,,,,100.0,,,,,,,,,,,,,,,,,,,,,,,
13530,2026-07-09T11:00:00+00:00,OB_CROSSED_AFTER_TOUCH,,,72.0,,,,,100.0,,,,,,,,,,,,,,,,,,,,,,,
13531,2026-07-09T11:05:00+00:00,OB_CROSSED_AFTER_TOUCH,,,72.0,,,,,100.0,,,,,,,,,,,,,,,,,,,,,,,
13532,2026-07-09T11:10:00+00:00,OB_CROSSED_AFTER_TOUCH,,,72.0,,,,,100.0,,,,,,,,,,,,,,,,,,,,,,,
13533,2026-07-09T11:15:00+00:00,OB_CROSSED_AFTER_TOUCH,,,72.0,,,,,100.0,,,,,,,,,,,,,,,,,,,,,,,
13534,2026-07-09T11:20:00+00:00,OB_CROSSED_AFTER_TOUCH,,,72.0,,,,,100.0,,,,,,,,,,,,,,,,,,,,,,,
13535,2026-07-09T11:25:00+00:00,OB_EXPIRED,,,72.0,,,,,,,,,,101.0,,,,,,,,,,,,,,,,,,
13541,2026-07-09T11:55:00+00:00,SWEEP,bearish,4109.537,,,,,,,,,,,,,,,,,,,,,,,,,,,,,
13550,2026-07-09T12:40:00+00:00,SWEEP,bearish,4121.743,,,,,,,,,,,,,,,,,,,,,,,,,,,,,
13557,2026-07-09T13:15:00+00:00,SWEEP,bearish,4122.707,,,,,,,,,,,,,,,,,,,,,,,,,,,,,
13559,2026-07-09T13:25:00+00:00,SWEEP,bearish,4127.144,,,,,,,,,,,,,,,,,,,,,,,,,,,,,
13560,2026-07-09T13:30:00+00:00,SWEEP,bearish,4127.396,,,,,,,,,,,,,,,,,,,,,,,,,,,,,
13562,2026-07-09T13:40:00+00:00,SWEEP,bearish,4129.381,,,,,,,,,,,,,,,,,,,,,,,,,,,,,
13567,2026-07-09T14:05:00+00:00,SWEEP,bearish,4135.05,,,,,,,,,,,,,,,,,,,,,,,,,,,,,
13593,2026-07-09T16:15:00+00:00,SWEEP,bearish,4132.773,,,,,,,,,,,,,,,,,,,,,,,,,,,,,
13604,2026-07-09T17:10:00+00:00,SWEEP,bullish,4125.656,,,,,,,,,,,,,,,,,,,,,,,,,,,,,
13605,2026-07-09T17:15:00+00:00,SWEEP,bullish,4125.6,,,,,,,,,,,,,,,,,,,,,,,,,,,,,
13610,2026-07-09T17:40:00+00:00,OB_FORMED,bullish,,73.0,4131.552,4133.949,63.87,"{'body': 13.44, 'fvg': 4.33, 'sweep': 15.81, 'break': 5.29, 'ob_size': 15.0, 'adjacency': 10}",,,,,,,,,,,,,,,,,,,,,,,,
13614,2026-07-09T18:00:00+00:00,OB_TOUCH,,,73.0,,,,,100.0,,,,,,,,,,,,,,,,,,,,,,,
13614,2026-07-09T18:00:00+00:00,OB_CROSSED_AFTER_TOUCH,,,73.0,,,,,100.0,,,,,,,,,,,,,,,,,,,,,,,
13615,2026-07-09T18:05:00+00:00,OB_CROSSED_AFTER_TOUCH,,,73.0,,,,,100.0,,,,,,,,,,,,,,,,,,,,,,,
13616,2026-07-09T18:10:00+00:00,OB_CROSSED_AFTER_TOUCH,,,73.0,,,,,100.0,,,,,,,,,,,,,,,,,,,,,,,
13617,2026-07-09T18:15:00+00:00,OB_CROSSED_AFTER_TOUCH,,,73.0,,,,,100.0,,,,,,,,,,,,,,,,,,,,,,,
13618,2026-07-09T18:20:00+00:00,SWEEP,bullish,4124.833,,,,,,,,,,,,,,,,,,,,,,,,,,,,,
13618,2026-07-09T18:20:00+00:00,OB_CROSSED_AFTER_TOUCH,,,73.0,,,,,100.0,,,,,,,,,,,,,,,,,,,,,,,
13619,2026-07-09T18:25:00+00:00,OB_CROSSED_AFTER_TOUCH,,,73.0,,,,,100.0,,,,,,,,,,,,,,,,,,,,,,,
13620,2026-07-09T18:30:00+00:00,SWEEP,bullish,4122.869,,,,,,,,,,,,,,,,,,,,,,,,,,,,,
13620,2026-07-09T18:30:00+00:00,OB_CROSSED_AFTER_TOUCH,,,73.0,,,,,100.0,,,,,,,,,,,,,,,,,,,,,,,
13621,2026-07-09T18:35:00+00:00,SWEEP,bullish,4122.54,,,,,,,,,,,,,,,,,,,,,,,,,,,,,
13621,2026-07-09T18:35:00+00:00,OB_CROSSED_AFTER_TOUCH,,,73.0,,,,,100.0,,,,,,,,,,,,,,,,,,,,,,,
13622,2026-07-09T18:40:00+00:00,OB_CROSSED_AFTER_TOUCH,,,73.0,,,,,100.0,,,,,,,,,,,,,,,,,,,,,,,
13623,2026-07-09T18:45:00+00:00,OB_CROSSED_AFTER_TOUCH,,,73.0,,,,,100.0,,,,,,,,,,,,,,,,,,,,,,,
13624,2026-07-09T18:50:00+00:00,OB_CROSSED_AFTER_TOUCH,,,73.0,,,,,100.0,,,,,,,,,,,,,,,,,,,,,,,
13625,2026-07-09T18:55:00+00:00,OB_CROSSED_AFTER_TOUCH,,,73.0,,,,,100.0,,,,,,,,,,,,,,,,,,,,,,,
13626,2026-07-09T19:00:00+00:00,OB_CROSSED_AFTER_TOUCH,,,73.0,,,,,100.0,,,,,,,,,,,,,,,,,,,,,,,
13627,2026-07-09T19:05:00+00:00,OB_CROSSED_AFTER_TOUCH,,,73.0,,,,,100.0,,,,,,,,,,,,,,,,,,,,,,,
13628,2026-07-09T19:10:00+00:00,OB_CROSSED_AFTER_TOUCH,,,73.0,,,,,100.0,,,,,,,,,,,,,,,,,,,,,,,
13629,2026-07-09T19:15:00+00:00,OB_CROSSED_AFTER_TOUCH,,,73.0,,,,,100.0,,,,,,,,,,,,,,,,,,,,,,,
13630,2026-07-09T19:20:00+00:00,OB_CROSSED_AFTER_TOUCH,,,73.0,,,,,100.0,,,,,,,,,,,,,,,,,,,,,,,
13631,2026-07-09T19:25:00+00:00,OB_CROSSED_AFTER_TOUCH,,,73.0,,,,,100.0,,,,,,,,,,,,,,,,,,,,,,,
13632,2026-07-09T19:30:00+00:00,SWEEP,bullish,4120.606,,,,,,,,,,,,,,,,,,,,,,,,,,,,,
13632,2026-07-09T19:30:00+00:00,OB_CROSSED_AFTER_TOUCH,,,73.0,,,,,100.0,,,,,,,,,,,,,,,,,,,,,,,
13633,2026-07-09T19:35:00+00:00,OB_CROSSED_AFTER_TOUCH,,,73.0,,,,,100.0,,,,,,,,,,,,,,,,,,,,,,,
13634,2026-07-09T19:40:00+00:00,SWEEP,bullish,4119.525,,,,,,,,,,,,,,,,,,,,,,,,,,,,,
13634,2026-07-09T19:40:00+00:00,OB_CROSSED_AFTER_TOUCH,,,73.0,,,,,100.0,,,,,,,,,,,,,,,,,,,,,,,
13635,2026-07-09T19:45:00+00:00,OB_CROSSED_AFTER_TOUCH,,,73.0,,,,,100.0,,,,,,,,,,,,,,,,,,,,,,,
13636,2026-07-09T19:50:00+00:00,OB_CROSSED_AFTER_TOUCH,,,73.0,,,,,100.0,,,,,,,,,,,,,,,,,,,,,,,
13637,2026-07-09T19:55:00+00:00,OB_CROSSED_AFTER_TOUCH,,,73.0,,,,,100.0,,,,,,,,,,,,,,,,,,,,,,,
13638,2026-07-09T20:00:00+00:00,OB_CROSSED_AFTER_TOUCH,,,73.0,,,,,100.0,,,,,,,,,,,,,,,,,,,,,,,
13639,2026-07-09T20:05:00+00:00,OB_CROSSED_AFTER_TOUCH,,,73.0,,,,,100.0,,,,,,,,,,,,,,,,,,,,,,,
13640,2026-07-09T20:10:00+00:00,OB_CROSSED_AFTER_TOUCH,,,73.0,,,,,100.0,,,,,,,,,,,,,,,,,,,,,,,
13641,2026-07-09T20:15:00+00:00,OB_CROSSED_AFTER_TOUCH,,,73.0,,,,,100.0,,,,,,,,,,,,,,,,,,,,,,,
13642,2026-07-09T20:20:00+00:00,OB_CROSSED_AFTER_TOUCH,,,73.0,,,,,100.0,,,,,,,,,,,,,,,,,,,,,,,
13643,2026-07-09T20:25:00+00:00,OB_CROSSED_AFTER_TOUCH,,,73.0,,,,,100.0,,,,,,,,,,,,,,,,,,,,,,,
13644,2026-07-09T20:30:00+00:00,OB_CROSSED_AFTER_TOUCH,,,73.0,,,,,100.0,,,,,,,,,,,,,,,,,,,,,,,
13645,2026-07-09T20:35:00+00:00,OB_CROSSED_AFTER_TOUCH,,,73.0,,,,,100.0,,,,,,,,,,,,,,,,,,,,,,,
13646,2026-07-09T20:40:00+00:00,OB_CROSSED_AFTER_TOUCH,,,73.0,,,,,100.0,,,,,,,,,,,,,,,,,,,,,,,
13647,2026-07-09T20:45:00+00:00,OB_CROSSED_AFTER_TOUCH,,,73.0,,,,,100.0,,,,,,,,,,,,,,,,,,,,,,,
13648,2026-07-09T20:50:00+00:00,OB_CROSSED_AFTER_TOUCH,,,73.0,,,,,100.0,,,,,,,,,,,,,,,,,,,,,,,
13649,2026-07-09T20:55:00+00:00,OB_CROSSED_AFTER_TOUCH,,,73.0,,,,,100.0,,,,,,,,,,,,,,,,,,,,,,,
13650,2026-07-09T22:00:00+00:00,SWEEP,bearish,4125.5,,,,,,,,,,,,,,,,,,,,,,,,,,,,,
13650,2026-07-09T22:00:00+00:00,OB_CROSSED_AFTER_TOUCH,,,73.0,,,,,100.0,,,,,,,,,,,,,,,,,,,,,,,
13651,2026-07-09T22:05:00+00:00,SWEEP,bearish,4126.216,,,,,,,,,,,,,,,,,,,,,,,,,,,,,
13651,2026-07-09T22:05:00+00:00,OB_CROSSED_AFTER_TOUCH,,,73.0,,,,,100.0,,,,,,,,,,,,,,,,,,,,,,,
13652,2026-07-09T22:10:00+00:00,OB_CROSSED_AFTER_TOUCH,,,73.0,,,,,100.0,,,,,,,,,,,,,,,,,,,,,,,
13653,2026-07-09T22:15:00+00:00,OB_CROSSED_AFTER_TOUCH,,,73.0,,,,,100.0,,,,,,,,,,,,,,,,,,,,,,,
13654,2026-07-09T22:20:00+00:00,OB_CROSSED_AFTER_TOUCH,,,73.0,,,,,100.0,,,,,,,,,,,,,,,,,,,,,,,
13655,2026-07-09T22:25:00+00:00,OB_CROSSED_AFTER_TOUCH,,,73.0,,,,,100.0,,,,,,,,,,,,,,,,,,,,,,,
13656,2026-07-09T22:30:00+00:00,OB_CROSSED_AFTER_TOUCH,,,73.0,,,,,100.0,,,,,,,,,,,,,,,,,,,,,,,
13657,2026-07-09T22:35:00+00:00,OB_CROSSED_AFTER_TOUCH,,,73.0,,,,,100.0,,,,,,,,,,,,,,,,,,,,,,,
13658,2026-07-09T22:40:00+00:00,OB_CROSSED_AFTER_TOUCH,,,73.0,,,,,100.0,,,,,,,,,,,,,,,,,,,,,,,
13659,2026-07-09T22:45:00+00:00,OB_CROSSED_AFTER_TOUCH,,,73.0,,,,,100.0,,,,,,,,,,,,,,,,,,,,,,,
13660,2026-07-09T22:50:00+00:00,OB_CROSSED_AFTER_TOUCH,,,73.0,,,,,100.0,,,,,,,,,,,,,,,,,,,,,,,
13661,2026-07-09T22:55:00+00:00,OB_CROSSED_AFTER_TOUCH,,,73.0,,,,,100.0,,,,,,,,,,,,,,,,,,,,,,,
13662,2026-07-09T23:00:00+00:00,OB_CROSSED_AFTER_TOUCH,,,73.0,,,,,100.0,,,,,,,,,,,,,,,,,,,,,,,
13663,2026-07-09T23:05:00+00:00,OB_CROSSED_AFTER_TOUCH,,,73.0,,,,,100.0,,,,,,,,,,,,,,,,,,,,,,,
13664,2026-07-09T23:10:00+00:00,OB_CROSSED_AFTER_TOUCH,,,73.0,,,,,100.0,,,,,,,,,,,,,,,,,,,,,,,
13665,2026-07-09T23:15:00+00:00,OB_CROSSED_AFTER_TOUCH,,,73.0,,,,,100.0,,,,,,,,,,,,,,,,,,,,,,,
13666,2026-07-09T23:20:00+00:00,OB_CROSSED_AFTER_TOUCH,,,73.0,,,,,100.0,,,,,,,,,,,,,,,,,,,,,,,
13667,2026-07-09T23:25:00+00:00,OB_CROSSED_AFTER_TOUCH,,,73.0,,,,,100.0,,,,,,,,,,,,,,,,,,,,,,,
13668,2026-07-09T23:30:00+00:00,SWEEP,bullish,4121.259,,,,,,,,,,,,,,,,,,,,,,,,,,,,,
13668,2026-07-09T23:30:00+00:00,OB_CROSSED_AFTER_TOUCH,,,73.0,,,,,100.0,,,,,,,,,,,,,,,,,,,,,,,
13669,2026-07-09T23:35:00+00:00,OB_CROSSED_AFTER_TOUCH,,,73.0,,,,,100.0,,,,,,,,,,,,,,,,,,,,,,,
13670,2026-07-09T23:40:00+00:00,OB_CROSSED_AFTER_TOUCH,,,73.0,,,,,100.0,,,,,,,,,,,,,,,,,,,,,,,
13671,2026-07-09T23:45:00+00:00,OB_CROSSED_AFTER_TOUCH,,,73.0,,,,,100.0,,,,,,,,,,,,,,,,,,,,,,,
13672,2026-07-09T23:50:00+00:00,OB_CROSSED_AFTER_TOUCH,,,73.0,,,,,100.0,,,,,,,,,,,,,,,,,,,,,,,
13673,2026-07-09T23:55:00+00:00,OB_CROSSED_AFTER_TOUCH,,,73.0,,,,,100.0,,,,,,,,,,,,,,,,,,,,,,,
13674,2026-07-10T00:00:00+00:00,SWEEP,bullish,4120.909,,,,,,,,,,,,,,,,,,,,,,,,,,,,,
13674,2026-07-10T00:00:00+00:00,OB_CROSSED_AFTER_TOUCH,,,73.0,,,,,100.0,,,,,,,,,,,,,,,,,,,,,,,
13675,2026-07-10T00:05:00+00:00,OB_CROSSED_AFTER_TOUCH,,,73.0,,,,,100.0,,,,,,,,,,,,,,,,,,,,,,,
13676,2026-07-10T00:10:00+00:00,OB_CROSSED_AFTER_TOUCH,,,73.0,,,,,100.0,,,,,,,,,,,,,,,,,,,,,,,
13677,2026-07-10T00:15:00+00:00,OB_CROSSED_AFTER_TOUCH,,,73.0,,,,,100.0,,,,,,,,,,,,,,,,,,,,,,,
13678,2026-07-10T00:20:00+00:00,OB_CROSSED_AFTER_TOUCH,,,73.0,,,,,100.0,,,,,,,,,,,,,,,,,,,,,,,
13679,2026-07-10T00:25:00+00:00,SWEEP,bullish,4118.986,,,,,,,,,,,,,,,,,,,,,,,,,,,,,
13679,2026-07-10T00:25:00+00:00,OB_CROSSED_AFTER_TOUCH,,,73.0,,,,,100.0,,,,,,,,,,,,,,,,,,,,,,,
13680,2026-07-10T00:30:00+00:00,OB_CROSSED_AFTER_TOUCH,,,73.0,,,,,100.0,,,,,,,,,,,,,,,,,,,,,,,
13681,2026-07-10T00:35:00+00:00,OB_CROSSED_AFTER_TOUCH,,,73.0,,,,,100.0,,,,,,,,,,,,,,,,,,,,,,,
13682,2026-07-10T00:40:00+00:00,OB_CROSSED_AFTER_TOUCH,,,73.0,,,,,100.0,,,,,,,,,,,,,,,,,,,,,,,
13683,2026-07-10T00:45:00+00:00,SWEEP,bearish,4125.773,,,,,,,,,,,,,,,,,,,,,,,,,,,,,
13683,2026-07-10T00:45:00+00:00,OB_CROSSED_AFTER_TOUCH,,,73.0,,,,,100.0,,,,,,,,,,,,,,,,,,,,,,,
13684,2026-07-10T00:50:00+00:00,SWEEP,bearish,4125.969,,,,,,,,,,,,,,,,,,,,,,,,,,,,,
13684,2026-07-10T00:50:00+00:00,OB_CROSSED_AFTER_TOUCH,,,73.0,,,,,100.0,,,,,,,,,,,,,,,,,,,,,,,
13685,2026-07-10T00:55:00+00:00,SWEEP,bearish,4127.381,,,,,,,,,,,,,,,,,,,,,,,,,,,,,
13685,2026-07-10T00:55:00+00:00,OB_CROSSED_AFTER_TOUCH,,,73.0,,,,,100.0,,,,,,,,,,,,,,,,,,,,,,,
13686,2026-07-10T01:00:00+00:00,SWEEP,bearish,4128.327,,,,,,,,,,,,,,,,,,,,,,,,,,,,,
13686,2026-07-10T01:00:00+00:00,OB_CROSSED_AFTER_TOUCH,,,73.0,,,,,100.0,,,,,,,,,,,,,,,,,,,,,,,
13687,2026-07-10T01:05:00+00:00,OB_CROSSED_AFTER_TOUCH,,,73.0,,,,,100.0,,,,,,,,,,,,,,,,,,,,,,,
13688,2026-07-10T01:10:00+00:00,OB_CROSSED_AFTER_TOUCH,,,73.0,,,,,100.0,,,,,,,,,,,,,,,,,,,,,,,
13689,2026-07-10T01:15:00+00:00,OB_CROSSED_AFTER_TOUCH,,,73.0,,,,,100.0,,,,,,,,,,,,,,,,,,,,,,,
13690,2026-07-10T01:20:00+00:00,OB_CROSSED_AFTER_TOUCH,,,73.0,,,,,100.0,,,,,,,,,,,,,,,,,,,,,,,
13691,2026-07-10T01:25:00+00:00,OB_CROSSED_AFTER_TOUCH,,,73.0,,,,,100.0,,,,,,,,,,,,,,,,,,,,,,,
13692,2026-07-10T01:30:00+00:00,OB_CROSSED_AFTER_TOUCH,,,73.0,,,,,100.0,,,,,,,,,,,,,,,,,,,,,,,
13693,2026-07-10T01:35:00+00:00,OB_CROSSED_AFTER_TOUCH,,,73.0,,,,,100.0,,,,,,,,,,,,,,,,,,,,,,,
13694,2026-07-10T01:40:00+00:00,OB_CROSSED_AFTER_TOUCH,,,73.0,,,,,100.0,,,,,,,,,,,,,,,,,,,,,,,
13695,2026-07-10T01:45:00+00:00,SWEEP,bullish,4108.807,,,,,,,,,,,,,,,,,,,,,,,,,,,,,
13695,2026-07-10T01:45:00+00:00,OB_CROSSED_AFTER_TOUCH,,,73.0,,,,,100.0,,,,,,,,,,,,,,,,,,,,,,,
13696,2026-07-10T01:50:00+00:00,OB_CROSSED_AFTER_TOUCH,,,73.0,,,,,100.0,,,,,,,,,,,,,,,,,,,,,,,
13697,2026-07-10T01:55:00+00:00,OB_CROSSED_AFTER_TOUCH,,,73.0,,,,,100.0,,,,,,,,,,,,,,,,,,,,,,,
13698,2026-07-10T02:00:00+00:00,OB_CROSSED_AFTER_TOUCH,,,73.0,,,,,100.0,,,,,,,,,,,,,,,,,,,,,,,
13699,2026-07-10T02:05:00+00:00,OB_CROSSED_AFTER_TOUCH,,,73.0,,,,,100.0,,,,,,,,,,,,,,,,,,,,,,,
13700,2026-07-10T02:10:00+00:00,OB_CROSSED_AFTER_TOUCH,,,73.0,,,,,100.0,,,,,,,,,,,,,,,,,,,,,,,
13701,2026-07-10T02:15:00+00:00,OB_CROSSED_AFTER_TOUCH,,,73.0,,,,,100.0,,,,,,,,,,,,,,,,,,,,,,,
13702,2026-07-10T02:20:00+00:00,OB_CROSSED_AFTER_TOUCH,,,73.0,,,,,100.0,,,,,,,,,,,,,,,,,,,,,,,
13703,2026-07-10T02:25:00+00:00,OB_CROSSED_AFTER_TOUCH,,,73.0,,,,,100.0,,,,,,,,,,,,,,,,,,,,,,,
13704,2026-07-10T02:30:00+00:00,OB_CROSSED_AFTER_TOUCH,,,73.0,,,,,100.0,,,,,,,,,,,,,,,,,,,,,,,
13705,2026-07-10T02:35:00+00:00,OB_CROSSED_AFTER_TOUCH,,,73.0,,,,,100.0,,,,,,,,,,,,,,,,,,,,,,,
13706,2026-07-10T02:40:00+00:00,OB_CROSSED_AFTER_TOUCH,,,73.0,,,,,100.0,,,,,,,,,,,,,,,,,,,,,,,
13707,2026-07-10T02:45:00+00:00,OB_CROSSED_AFTER_TOUCH,,,73.0,,,,,100.0,,,,,,,,,,,,,,,,,,,,,,,
13708,2026-07-10T02:50:00+00:00,SWEEP,bearish,4128.978,,,,,,,,,,,,,,,,,,,,,,,,,,,,,
13708,2026-07-10T02:50:00+00:00,OB_CROSSED_AFTER_TOUCH,,,73.0,,,,,100.0,,,,,,,,,,,,,,,,,,,,,,,
13709,2026-07-10T02:55:00+00:00,OB_CROSSED_AFTER_TOUCH,,,73.0,,,,,100.0,,,,,,,,,,,,,,,,,,,,,,,
13710,2026-07-10T03:00:00+00:00,OB_CROSSED_AFTER_TOUCH,,,73.0,,,,,100.0,,,,,,,,,,,,,,,,,,,,,,,
13711,2026-07-10T03:05:00+00:00,SWEEP,bearish,4132.037,,,,,,,,,,,,,,,,,,,,,,,,,,,,,
13711,2026-07-10T03:05:00+00:00,OB_EXPIRED,,,73.0,,,,,,,,,,101.0,,,,,,,,,,,,,,,,,,
13720,2026-07-10T03:50:00+00:00,SWEEP,bullish,4120.466,,,,,,,,,,,,,,,,,,,,,,,,,,,,,
13722,2026-07-10T04:00:00+00:00,SWEEP,bullish,4119.285,,,,,,,,,,,,,,,,,,,,,,,,,,,,,
13724,2026-07-10T04:10:00+00:00,SWEEP,bullish,4117.606,,,,,,,,,,,,,,,,,,,,,,,,,,,,,
13740,2026-07-10T05:30:00+00:00,SWEEP,bullish,4112.133,,,,,,,,,,,,,,,,,,,,,,,,,,,,,
13742,2026-07-10T05:40:00+00:00,SWEEP,bullish,4109.164,,,,,,,,,,,,,,,,,,,,,,,,,,,,,
13743,2026-07-10T05:45:00+00:00,SWEEP,bullish,4108.885,,,,,,,,,,,,,,,,,,,,,,,,,,,,,
13770,2026-07-10T08:00:00+00:00,SWEEP,bullish,4104.291,,,,,,,,,,,,,,,,,,,,,,,,,,,,,
13775,2026-07-10T08:25:00+00:00,SWEEP,bullish,4103.99,,,,,,,,,,,,,,,,,,,,,,,,,,,,,
13777,2026-07-10T08:35:00+00:00,SWEEP,bullish,4101.83,,,,,,,,,,,,,,,,,,,,,,,,,,,,,
13782,2026-07-10T09:00:00+00:00,SWEEP,bullish,4094.772,,,,,,,,,,,,,,,,,,,,,,,,,,,,,
13846,2026-07-10T14:20:00+00:00,SWEEP,bearish,4106.797,,,,,,,,,,,,,,,,,,,,,,,,,,,,,
13847,2026-07-10T14:25:00+00:00,SWEEP,bearish,4107.813,,,,,,,,,,,,,,,,,,,,,,,,,,,,,
13848,2026-07-10T14:30:00+00:00,SWEEP,bullish,4085.614,,,,,,,,,,,,,,,,,,,,,,,,,,,,,
13864,2026-07-10T15:50:00+00:00,SWEEP,bearish,4110.765,,,,,,,,,,,,,,,,,,,,,,,,,,,,,
13866,2026-07-10T16:00:00+00:00,SWEEP,bearish,4113.503,,,,,,,,,,,,,,,,,,,,,,,,,,,,,
13872,2026-07-10T16:30:00+00:00,SWEEP,bearish,4114.977,,,,,,,,,,,,,,,,,,,,,,,,,,,,,
13890,2026-07-10T18:00:00+00:00,SWEEP,bullish,4100.288,,,,,,,,,,,,,,,,,,,,,,,,,,,,,
13897,2026-07-10T18:35:00+00:00,SWEEP,bullish,4099.905,,,,,,,,,,,,,,,,,,,,,,,,,,,,,
13899,2026-07-10T18:45:00+00:00,SWEEP,bullish,4098.412,,,,,,,,,,,,,,,,,,,,,,,,,,,,,
13902,2026-07-10T19:00:00+00:00,SWEEP,bullish,4097.927,,,,,,,,,,,,,,,,,,,,,,,,,,,,,
13912,2026-07-10T19:50:00+00:00,SWEEP,bearish,4105.708,,,,,,,,,,,,,,,,,,,,,,,,,,,,,
13925,2026-07-10T20:55:00+00:00,SWEEP,bearish,4120.243,,,,,,,,,,,,,,,,,,,,,,,,,,,,,
13927,2026-07-12T22:05:00+00:00,SWEEP,bullish,4086.529,,,,,,,,,,,,,,,,,,,,,,,,,,,,,
13931,2026-07-12T22:25:00+00:00,SWEEP,bullish,4080.997,,,,,,,,,,,,,,,,,,,,,,,,,,,,,
13935,2026-07-12T22:45:00+00:00,SWEEP,bullish,4077.751,,,,,,,,,,,,,,,,,,,,,,,,,,,,,
13931,2026-07-12T22:25:00+00:00,OB_FORMED,bearish,,74.0,4080.449,4085.554,69.88,"{'body': 17.95, 'fvg': 5.4, 'sweep': 22.1, 'break': 6.2, 'ob_size': 8.23, 'adjacency': 10}",,,,,,,,,,,,,,,,,,,,,,,,
13936,2026-07-12T22:50:00+00:00,OB_TOUCH,,,74.0,,,,,0.0,,,,,,,,,,,,,,,,,,,,,,,
13938,2026-07-12T23:00:00+00:00,SWEEP,bullish,4069.823,,,,,,,,,,,,,,,,,,,,,,,,,,,,,
13950,2026-07-13T00:00:00+00:00,REVERSAL_INSIDE_OB,,,74.0,,,,,67.91380999020737,,,,,,,,,,,,,,,,,,,,,,,
13950,2026-07-13T00:00:00+00:00,WAIT_MICRO_BOS,,,74.0,,,,,,,,,,,normal_reversal_inside_ob,,,,,,,,,,,,,,,,,
13951,2026-07-13T00:05:00+00:00,OB_CROSSED_AFTER_TOUCH,,,74.0,,,,,100.0,,,,,,,,,,,,,,,,,,,,,,,
13952,2026-07-13T00:10:00+00:00,SWEEP,bearish,4090.579,,,,,,,,,,,,,,,,,,,,,,,,,,,,,
13952,2026-07-13T00:10:00+00:00,OB_CROSSED_AFTER_TOUCH,,,74.0,,,,,100.0,,,,,,,,,,,,,,,,,,,,,,,
13953,2026-07-13T00:15:00+00:00,REVERSAL_AFTER_OB_CROSS,,,74.0,,,,,33.65328109696065,,,,,,,,,,,,,,,,,,,,,,,
13953,2026-07-13T00:15:00+00:00,WAIT_REENTRY_DEPTH,,,74.0,,,,,33.65328109696065,,,,,,,70.0,,,,,,,,,,,,,,,,
13954,2026-07-13T00:20:00+00:00,WAIT_REENTRY_DEPTH,,,74.0,,,,,40.11753183153315,,,,,,,70.0,,,,,,,,,,,,,,,,
13955,2026-07-13T00:25:00+00:00,WAIT_REENTRY_DEPTH,,,74.0,,,,,0.0,,,,,,,70.0,,,,,,,,,,,,,,,,
13956,2026-07-13T00:30:00+00:00,WAIT_REENTRY_DEPTH,,,74.0,,,,,0.0,,,,,,,70.0,,,,,,,,,,,,,,,,
13957,2026-07-13T00:35:00+00:00,WAIT_REENTRY_DEPTH,,,74.0,,,,,0.0,,,,,,,70.0,,,,,,,,,,,,,,,,
13958,2026-07-13T00:40:00+00:00,WAIT_REENTRY_DEPTH,,,74.0,,,,,0.0,,,,,,,70.0,,,,,,,,,,,,,,,,
13959,2026-07-13T00:45:00+00:00,WAIT_REENTRY_DEPTH,,,74.0,,,,,0.0,,,,,,,70.0,,,,,,,,,,,,,,,,
13960,2026-07-13T00:50:00+00:00,WAIT_REENTRY_DEPTH,,,74.0,,,,,0.0,,,,,,,70.0,,,,,,,,,,,,,,,,
13961,2026-07-13T00:55:00+00:00,WAIT_REENTRY_DEPTH,,,74.0,,,,,0.0,,,,,,,70.0,,,,,,,,,,,,,,,,
13962,2026-07-13T01:00:00+00:00,WAIT_REENTRY_DEPTH,,,74.0,,,,,0.0,,,,,,,70.0,,,,,,,,,,,,,,,,
13963,2026-07-13T01:05:00+00:00,WAIT_REENTRY_DEPTH,,,74.0,,,,,0.0,,,,,,,70.0,,,,,,,,,,,,,,,,
13964,2026-07-13T01:10:00+00:00,WAIT_REENTRY_DEPTH,,,74.0,,,,,0.0,,,,,,,70.0,,,,,,,,,,,,,,,,
13965,2026-07-13T01:15:00+00:00,WAIT_REENTRY_DEPTH,,,74.0,,,,,0.0,,,,,,,70.0,,,,,,,,,,,,,,,,
13966,2026-07-13T01:20:00+00:00,WAIT_REENTRY_DEPTH,,,74.0,,,,,0.0,,,,,,,70.0,,,,,,,,,,,,,,,,
13967,2026-07-13T01:25:00+00:00,WAIT_REENTRY_DEPTH,,,74.0,,,,,0.0,,,,,,,70.0,,,,,,,,,,,,,,,,
13968,2026-07-13T01:30:00+00:00,WAIT_MICRO_BOS,,,74.0,,,,,,,,,,,crossed_ob_reentry,,,,,,,,,,,,,,,,,
13969,2026-07-13T01:35:00+00:00,OB_CROSSED_AFTER_TOUCH,,,74.0,,,,,100.0,,,,,,,,,,,,,,,,,,,,,,,
13970,2026-07-13T01:40:00+00:00,REVERSAL_AFTER_OB_CROSS,,,74.0,,,,,79.29480901076906,,,,,,,,,,,,,,,,,,,,,,,
13970,2026-07-13T01:40:00+00:00,WAIT_MICRO_BOS,,,74.0,,,,,,,,,,,crossed_ob_reentry,,,,,,,,,,,,,,,,,
13971,2026-07-13T01:45:00+00:00,OB_CROSSED_AFTER_TOUCH,,,74.0,,,,,100.0,,,,,,,,,,,,,,,,,,,,,,,
13972,2026-07-13T01:50:00+00:00,WAIT_REENTRY_DEPTH,,,74.0,,,,,0.0,,,,,,,70.0,,,,,,,,,,,,,,,,
13973,2026-07-13T01:55:00+00:00,WAIT_REENTRY_DEPTH,,,74.0,,,,,0.0,,,,,,,70.0,,,,,,,,,,,,,,,,
13974,2026-07-13T02:00:00+00:00,WAIT_REENTRY_DEPTH,,,74.0,,,,,0.0,,,,,,,70.0,,,,,,,,,,,,,,,,
13975,2026-07-13T02:05:00+00:00,WAIT_REENTRY_DEPTH,,,74.0,,,,,0.0,,,,,,,70.0,,,,,,,,,,,,,,,,
13976,2026-07-13T02:10:00+00:00,WAIT_REENTRY_DEPTH,,,74.0,,,,,0.0,,,,,,,70.0,,,,,,,,,,,,,,,,
13977,2026-07-13T02:15:00+00:00,WAIT_REENTRY_DEPTH,,,74.0,,,,,0.0,,,,,,,70.0,,,,,,,,,,,,,,,,
13978,2026-07-13T02:20:00+00:00,WAIT_REENTRY_DEPTH,,,74.0,,,,,0.0,,,,,,,70.0,,,,,,,,,,,,,,,,
13979,2026-07-13T02:25:00+00:00,WAIT_REENTRY_DEPTH,,,74.0,,,,,0.0,,,,,,,70.0,,,,,,,,,,,,,,,,
13980,2026-07-13T02:30:00+00:00,SWEEP,bullish,4065.239,,,,,,,,,,,,,,,,,,,,,,,,,,,,,
13980,2026-07-13T02:30:00+00:00,WAIT_REENTRY_DEPTH,,,74.0,,,,,0.0,,,,,,,70.0,,,,,,,,,,,,,,,,
13981,2026-07-13T02:35:00+00:00,WAIT_REENTRY_DEPTH,,,74.0,,,,,0.0,,,,,,,70.0,,,,,,,,,,,,,,,,
13982,2026-07-13T02:40:00+00:00,WAIT_REENTRY_DEPTH,,,74.0,,,,,0.0,,,,,,,70.0,,,,,,,,,,,,,,,,
13983,2026-07-13T02:45:00+00:00,WAIT_REENTRY_DEPTH,,,74.0,,,,,0.0,,,,,,,70.0,,,,,,,,,,,,,,,,
13984,2026-07-13T02:50:00+00:00,WAIT_REENTRY_DEPTH,,,74.0,,,,,0.0,,,,,,,70.0,,,,,,,,,,,,,,,,
13985,2026-07-13T02:55:00+00:00,WAIT_REENTRY_DEPTH,,,74.0,,,,,0.0,,,,,,,70.0,,,,,,,,,,,,,,,,
13986,2026-07-13T03:00:00+00:00,WAIT_REENTRY_DEPTH,,,74.0,,,,,0.0,,,,,,,70.0,,,,,,,,,,,,,,,,
13987,2026-07-13T03:05:00+00:00,WAIT_REENTRY_DEPTH,,,74.0,,,,,0.0,,,,,,,70.0,,,,,,,,,,,,,,,,
13988,2026-07-13T03:10:00+00:00,WAIT_REENTRY_DEPTH,,,74.0,,,,,0.0,,,,,,,70.0,,,,,,,,,,,,,,,,
13989,2026-07-13T03:15:00+00:00,WAIT_REENTRY_DEPTH,,,74.0,,,,,0.0,,,,,,,70.0,,,,,,,,,,,,,,,,
13990,2026-07-13T03:20:00+00:00,WAIT_REENTRY_DEPTH,,,74.0,,,,,0.0,,,,,,,70.0,,,,,,,,,,,,,,,,
13991,2026-07-13T03:25:00+00:00,WAIT_REENTRY_DEPTH,,,74.0,,,,,0.0,,,,,,,70.0,,,,,,,,,,,,,,,,
13992,2026-07-13T03:30:00+00:00,WAIT_REENTRY_DEPTH,,,74.0,,,,,0.0,,,,,,,70.0,,,,,,,,,,,,,,,,
13993,2026-07-13T03:35:00+00:00,WAIT_REENTRY_DEPTH,,,74.0,,,,,0.0,,,,,,,70.0,,,,,,,,,,,,,,,,
13994,2026-07-13T03:40:00+00:00,WAIT_REENTRY_DEPTH,,,74.0,,,,,0.0,,,,,,,70.0,,,,,,,,,,,,,,,,
13995,2026-07-13T03:45:00+00:00,WAIT_REENTRY_DEPTH,,,74.0,,,,,0.0,,,,,,,70.0,,,,,,,,,,,,,,,,
13996,2026-07-13T03:50:00+00:00,WAIT_REENTRY_DEPTH,,,74.0,,,,,0.0,,,,,,,70.0,,,,,,,,,,,,,,,,
13997,2026-07-13T03:55:00+00:00,WAIT_REENTRY_DEPTH,,,74.0,,,,,0.0,,,,,,,70.0,,,,,,,,,,,,,,,,
13998,2026-07-13T04:00:00+00:00,WAIT_REENTRY_DEPTH,,,74.0,,,,,0.0,,,,,,,70.0,,,,,,,,,,,,,,,,
13999,2026-07-13T04:05:00+00:00,WAIT_REENTRY_DEPTH,,,74.0,,,,,0.0,,,,,,,70.0,,,,,,,,,,,,,,,,
14000,2026-07-13T04:10:00+00:00,SWEEP,bullish,4052.979,,,,,,,,,,,,,,,,,,,,,,,,,,,,,
14000,2026-07-13T04:10:00+00:00,WAIT_REENTRY_DEPTH,,,74.0,,,,,0.0,,,,,,,70.0,,,,,,,,,,,,,,,,
14001,2026-07-13T04:15:00+00:00,SWEEP,bullish,4052.116,,,,,,,,,,,,,,,,,,,,,,,,,,,,,
14001,2026-07-13T04:15:00+00:00,WAIT_REENTRY_DEPTH,,,74.0,,,,,0.0,,,,,,,70.0,,,,,,,,,,,,,,,,
14002,2026-07-13T04:20:00+00:00,WAIT_REENTRY_DEPTH,,,74.0,,,,,0.0,,,,,,,70.0,,,,,,,,,,,,,,,,
14003,2026-07-13T04:25:00+00:00,WAIT_REENTRY_DEPTH,,,74.0,,,,,0.0,,,,,,,70.0,,,,,,,,,,,,,,,,
14004,2026-07-13T04:30:00+00:00,WAIT_REENTRY_DEPTH,,,74.0,,,,,0.0,,,,,,,70.0,,,,,,,,,,,,,,,,
14005,2026-07-13T04:35:00+00:00,WAIT_REENTRY_DEPTH,,,74.0,,,,,0.0,,,,,,,70.0,,,,,,,,,,,,,,,,
14006,2026-07-13T04:40:00+00:00,WAIT_REENTRY_DEPTH,,,74.0,,,,,0.0,,,,,,,70.0,,,,,,,,,,,,,,,,
14007,2026-07-13T04:45:00+00:00,WAIT_REENTRY_DEPTH,,,74.0,,,,,0.0,,,,,,,70.0,,,,,,,,,,,,,,,,
14008,2026-07-13T04:50:00+00:00,WAIT_REENTRY_DEPTH,,,74.0,,,,,0.0,,,,,,,70.0,,,,,,,,,,,,,,,,
14009,2026-07-13T04:55:00+00:00,WAIT_REENTRY_DEPTH,,,74.0,,,,,0.0,,,,,,,70.0,,,,,,,,,,,,,,,,
14010,2026-07-13T05:00:00+00:00,WAIT_REENTRY_DEPTH,,,74.0,,,,,0.0,,,,,,,70.0,,,,,,,,,,,,,,,,
14011,2026-07-13T05:05:00+00:00,WAIT_REENTRY_DEPTH,,,74.0,,,,,0.0,,,,,,,70.0,,,,,,,,,,,,,,,,
14012,2026-07-13T05:10:00+00:00,SWEEP,bearish,4071.222,,,,,,,,,,,,,,,,,,,,,,,,,,,,,
14012,2026-07-13T05:10:00+00:00,WAIT_REENTRY_DEPTH,,,74.0,,,,,0.0,,,,,,,70.0,,,,,,,,,,,,,,,,
14013,2026-07-13T05:15:00+00:00,WAIT_REENTRY_DEPTH,,,74.0,,,,,0.0,,,,,,,70.0,,,,,,,,,,,,,,,,
14014,2026-07-13T05:20:00+00:00,WAIT_REENTRY_DEPTH,,,74.0,,,,,0.0,,,,,,,70.0,,,,,,,,,,,,,,,,
14015,2026-07-13T05:25:00+00:00,WAIT_REENTRY_DEPTH,,,74.0,,,,,0.0,,,,,,,70.0,,,,,,,,,,,,,,,,
14016,2026-07-13T05:30:00+00:00,WAIT_REENTRY_DEPTH,,,74.0,,,,,0.0,,,,,,,70.0,,,,,,,,,,,,,,,,
14017,2026-07-13T05:35:00+00:00,WAIT_REENTRY_DEPTH,,,74.0,,,,,0.0,,,,,,,70.0,,,,,,,,,,,,,,,,
14018,2026-07-13T05:40:00+00:00,WAIT_REENTRY_DEPTH,,,74.0,,,,,0.0,,,,,,,70.0,,,,,,,,,,,,,,,,
14019,2026-07-13T05:45:00+00:00,WAIT_REENTRY_DEPTH,,,74.0,,,,,0.0,,,,,,,70.0,,,,,,,,,,,,,,,,
14020,2026-07-13T05:50:00+00:00,WAIT_REENTRY_DEPTH,,,74.0,,,,,0.0,,,,,,,70.0,,,,,,,,,,,,,,,,
14021,2026-07-13T05:55:00+00:00,WAIT_REENTRY_DEPTH,,,74.0,,,,,0.0,,,,,,,70.0,,,,,,,,,,,,,,,,
14022,2026-07-13T06:00:00+00:00,WAIT_REENTRY_DEPTH,,,74.0,,,,,0.0,,,,,,,70.0,,,,,,,,,,,,,,,,
14023,2026-07-13T06:05:00+00:00,SWEEP,bullish,4048.46,,,,,,,,,,,,,,,,,,,,,,,,,,,,,
14023,2026-07-13T06:05:00+00:00,WAIT_REENTRY_DEPTH,,,74.0,,,,,0.0,,,,,,,70.0,,,,,,,,,,,,,,,,
14024,2026-07-13T06:10:00+00:00,WAIT_REENTRY_DEPTH,,,74.0,,,,,0.0,,,,,,,70.0,,,,,,,,,,,,,,,,
14025,2026-07-13T06:15:00+00:00,WAIT_REENTRY_DEPTH,,,74.0,,,,,0.0,,,,,,,70.0,,,,,,,,,,,,,,,,
14026,2026-07-13T06:20:00+00:00,WAIT_REENTRY_DEPTH,,,74.0,,,,,0.0,,,,,,,70.0,,,,,,,,,,,,,,,,
14027,2026-07-13T06:25:00+00:00,WAIT_REENTRY_DEPTH,,,74.0,,,,,0.0,,,,,,,70.0,,,,,,,,,,,,,,,,
14028,2026-07-13T06:30:00+00:00,WAIT_REENTRY_DEPTH,,,74.0,,,,,0.0,,,,,,,70.0,,,,,,,,,,,,,,,,
14029,2026-07-13T06:35:00+00:00,WAIT_REENTRY_DEPTH,,,74.0,,,,,0.0,,,,,,,70.0,,,,,,,,,,,,,,,,
14030,2026-07-13T06:40:00+00:00,WAIT_REENTRY_DEPTH,,,74.0,,,,,0.0,,,,,,,70.0,,,,,,,,,,,,,,,,
14031,2026-07-13T06:45:00+00:00,WAIT_REENTRY_DEPTH,,,74.0,,,,,0.0,,,,,,,70.0,,,,,,,,,,,,,,,,
14032,2026-07-13T06:50:00+00:00,OB_EXPIRED,,,74.0,,,,,,,,,,101.0,,,,,,,,,,,,,,,,,,
14046,2026-07-13T08:00:00+00:00,SWEEP,bearish,4065.116,,,,,,,,,,,,,,,,,,,,,,,,,,,,,
14049,2026-07-13T08:15:00+00:00,SWEEP,bearish,4075.107,,,,,,,,,,,,,,,,,,,,,,,,,,,,,
14070,2026-07-13T10:00:00+00:00,SWEEP,bullish,4068.169,,,,,,,,,,,,,,,,,,,,,,,,,,,,,
14073,2026-07-13T10:15:00+00:00,SWEEP,bullish,4066.572,,,,,,,,,,,,,,,,,,,,,,,,,,,,,
14114,2026-07-13T13:40:00+00:00,SWEEP,bullish,4053.438,,,,,,,,,,,,,,,,,,,,,,,,,,,,,
14116,2026-07-13T13:50:00+00:00,SWEEP,bullish,4049.649,,,,,,,,,,,,,,,,,,,,,,,,,,,,,
14117,2026-07-13T13:55:00+00:00,SWEEP,bullish,4042.377,,,,,,,,,,,,,,,,,,,,,,,,,,,,,
14122,2026-07-13T14:20:00+00:00,SWEEP,bullish,4007.168,,,,,,,,,,,,,,,,,,,,,,,,,,,,,
14126,2026-07-13T14:40:00+00:00,SWEEP,bullish,4002.61,,,,,,,,,,,,,,,,,,,,,,,,,,,,,
14147,2026-07-13T16:25:00+00:00,SWEEP,bullish,4001.955,,,,,,,,,,,,,,,,,,,,,,,,,,,,,
14149,2026-07-13T16:35:00+00:00,SWEEP,bullish,3991.88,,,,,,,,,,,,,,,,,,,,,,,,,,,,,
14153,2026-07-13T16:55:00+00:00,SWEEP,bullish,3990.677,,,,,,,,,,,,,,,,,,,,,,,,,,,,,
14175,2026-07-13T18:45:00+00:00,SWEEP,bearish,4002.003,,,,,,,,,,,,,,,,,,,,,,,,,,,,,
14191,2026-07-13T20:05:00+00:00,SWEEP,bearish,4005.196,,,,,,,,,,,,,,,,,,,,,,,,,,,,,
14218,2026-07-13T23:20:00+00:00,SWEEP,bullish,3998.006,,,,,,,,,,,,,,,,,,,,,,,,,,,,,
14219,2026-07-13T23:25:00+00:00,SWEEP,bullish,3997.406,,,,,,,,,,,,,,,,,,,,,,,,,,,,,
14221,2026-07-13T23:35:00+00:00,SWEEP,bullish,3993.79,,,,,,,,,,,,,,,,,,,,,,,,,,,,,
14223,2026-07-13T23:45:00+00:00,SWEEP,bullish,3993.757,,,,,,,,,,,,,,,,,,,,,,,,,,,,,
14227,2026-07-14T00:05:00+00:00,SWEEP,bullish,3992.724,,,,,,,,,,,,,,,,,,,,,,,,,,,,,
14233,2026-07-14T00:35:00+00:00,SWEEP,bearish,4006.542,,,,,,,,,,,,,,,,,,,,,,,,,,,,,
14251,2026-07-14T02:05:00+00:00,SWEEP,bearish,4012.089,,,,,,,,,,,,,,,,,,,,,,,,,,,,,
14253,2026-07-14T02:15:00+00:00,SWEEP,bearish,4017.896,,,,,,,,,,,,,,,,,,,,,,,,,,,,,
14281,2026-07-14T04:35:00+00:00,SWEEP,bearish,4022.938,,,,,,,,,,,,,,,,,,,,,,,,,,,,,
14288,2026-07-14T05:10:00+00:00,SWEEP,bearish,4023.528,,,,,,,,,,,,,,,,,,,,,,,,,,,,,
14293,2026-07-14T05:35:00+00:00,SWEEP,bearish,4030.178,,,,,,,,,,,,,,,,,,,,,,,,,,,,,
14321,2026-07-14T07:55:00+00:00,SWEEP,bullish,4020.623,,,,,,,,,,,,,,,,,,,,,,,,,,,,,
14334,2026-07-14T09:00:00+00:00,SWEEP,bullish,4014.426,,,,,,,,,,,,,,,,,,,,,,,,,,,,,
14340,2026-07-14T09:30:00+00:00,SWEEP,bullish,4013.7,,,,,,,,,,,,,,,,,,,,,,,,,,,,,
14341,2026-07-14T09:35:00+00:00,SWEEP,bullish,4013.663,,,,,,,,,,,,,,,,,,,,,,,,,,,,,
14360,2026-07-14T11:10:00+00:00,SWEEP,bearish,4023.801,,,,,,,,,,,,,,,,,,,,,,,,,,,,,
14363,2026-07-14T11:25:00+00:00,SWEEP,bearish,4028.21,,,,,,,,,,,,,,,,,,,,,,,,,,,,,
14364,2026-07-14T11:30:00+00:00,SWEEP,bearish,4028.391,,,,,,,,,,,,,,,,,,,,,,,,,,,,,
14365,2026-07-14T11:35:00+00:00,SWEEP,bearish,4029.098,,,,,,,,,,,,,,,,,,,,,,,,,,,,,
14367,2026-07-14T11:45:00+00:00,SWEEP,bearish,4030.437,,,,,,,,,,,,,,,,,,,,,,,,,,,,,
14370,2026-07-14T12:00:00+00:00,SWEEP,bearish,4031.987,,,,,,,,,,,,,,,,,,,,,,,,,,,,,
14400,2026-07-14T14:30:00+00:00,SWEEP,bearish,4088.647,,,,,,,,,,,,,,,,,,,,,,,,,,,,,
14406,2026-07-14T15:00:00+00:00,SWEEP,bearish,4090.494,,,,,,,,,,,,,,,,,,,,,,,,,,,,,
14414,2026-07-14T15:40:00+00:00,SWEEP,bullish,4070.476,,,,,,,,,,,,,,,,,,,,,,,,,,,,,
14416,2026-07-14T15:50:00+00:00,SWEEP,bullish,4066.784,,,,,,,,,,,,,,,,,,,,,,,,,,,,,
14417,2026-07-14T15:55:00+00:00,SWEEP,bullish,4065.965,,,,,,,,,,,,,,,,,,,,,,,,,,,,,
14431,2026-07-14T17:05:00+00:00,SWEEP,bullish,4057.604,,,,,,,,,,,,,,,,,,,,,,,,,,,,,
14433,2026-07-14T17:15:00+00:00,SWEEP,bullish,4055.237,,,,,,,,,,,,,,,,,,,,,,,,,,,,,
14486,2026-07-14T22:40:00+00:00,SWEEP,bullish,4048.851,,,,,,,,,,,,,,,,,,,,,,,,,,,,,
14487,2026-07-14T22:45:00+00:00,SWEEP,bullish,4048.738,,,,,,,,,,,,,,,,,,,,,,,,,,,,,
14490,2026-07-14T23:00:00+00:00,SWEEP,bullish,4048.601,,,,,,,,,,,,,,,,,,,,,,,,,,,,,
14491,2026-07-14T23:05:00+00:00,SWEEP,bullish,4048.347,,,,,,,,,,,,,,,,,,,,,,,,,,,,,
14493,2026-07-14T23:15:00+00:00,SWEEP,bullish,4046.879,,,,,,,,,,,,,,,,,,,,,,,,,,,,,
14497,2026-07-14T23:35:00+00:00,SWEEP,bearish,4055.035,,,,,,,,,,,,,,,,,,,,,,,,,,,,,
14502,2026-07-15T00:00:00+00:00,SWEEP,bearish,4056.202,,,,,,,,,,,,,,,,,,,,,,,,,,,,,
14506,2026-07-15T00:20:00+00:00,SWEEP,bearish,4056.241,,,,,,,,,,,,,,,,,,,,,,,,,,,,,
14508,2026-07-15T00:30:00+00:00,SWEEP,bearish,4058.215,,,,,,,,,,,,,,,,,,,,,,,,,,,,,
14514,2026-07-15T01:00:00+00:00,SWEEP,bearish,4060.548,,,,,,,,,,,,,,,,,,,,,,,,,,,,,
14525,2026-07-15T01:55:00+00:00,SWEEP,bullish,4036.479,,,,,,,,,,,,,,,,,,,,,,,,,,,,,
14526,2026-07-15T02:00:00+00:00,SWEEP,bullish,4035.579,,,,,,,,,,,,,,,,,,,,,,,,,,,,,
14530,2026-07-15T02:20:00+00:00,SWEEP,bullish,4029.444,,,,,,,,,,,,,,,,,,,,,,,,,,,,,
14544,2026-07-15T03:30:00+00:00,SWEEP,bullish,4029.142,,,,,,,,,,,,,,,,,,,,,,,,,,,,,
14562,2026-07-15T05:00:00+00:00,SWEEP,bearish,4035.766,,,,,,,,,,,,,,,,,,,,,,,,,,,,,
14568,2026-07-15T05:30:00+00:00,SWEEP,bullish,4024.58,,,,,,,,,,,,,,,,,,,,,,,,,,,,,
14570,2026-07-15T05:40:00+00:00,SWEEP,bearish,4036.166,,,,,,,,,,,,,,,,,,,,,,,,,,,,,
14578,2026-07-15T06:20:00+00:00,SWEEP,bullish,4022.09,,,,,,,,,,,,,,,,,,,,,,,,,,,,,
14591,2026-07-15T07:25:00+00:00,SWEEP,bullish,4021.066,,,,,,,,,,,,,,,,,,,,,,,,,,,,,
14593,2026-07-15T07:35:00+00:00,SWEEP,bullish,4019.996,,,,,,,,,,,,,,,,,,,,,,,,,,,,,
14594,2026-07-15T07:40:00+00:00,SWEEP,bullish,4019.722,,,,,,,,,,,,,,,,,,,,,,,,,,,,,
14624,2026-07-15T10:10:00+00:00,SWEEP,bearish,4034.401,,,,,,,,,,,,,,,,,,,,,,,,,,,,,
14644,2026-07-15T11:50:00+00:00,SWEEP,bearish,4039.446,,,,,,,,,,,,,,,,,,,,,,,,,,,,,
14656,2026-07-15T12:50:00+00:00,SWEEP,bearish,4066.222,,,,,,,,,,,,,,,,,,,,,,,,,,,,,
14659,2026-07-15T13:05:00+00:00,SWEEP,bearish,4072.801,,,,,,,,,,,,,,,,,,,,,,,,,,,,,
14679,2026-07-15T14:45:00+00:00,SWEEP,bullish,4054.113,,,,,,,,,,,,,,,,,,,,,,,,,,,,,
14686,2026-07-15T15:20:00+00:00,SWEEP,bullish,4042.966,,,,,,,,,,,,,,,,,,,,,,,,,,,,,
14702,2026-07-15T16:40:00+00:00,SWEEP,bullish,4027.119,,,,,,,,,,,,,,,,,,,,,,,,,,,,,
14719,2026-07-15T18:05:00+00:00,SWEEP,bearish,4068.875,,,,,,,,,,,,,,,,,,,,,,,,,,,,,
14724,2026-07-15T18:30:00+00:00,SWEEP,bearish,4075.624,,,,,,,,,,,,,,,,,,,,,,,,,,,,,
14732,2026-07-15T19:10:00+00:00,OB_FORMED,bearish,,75.0,4059.059,4062.648,78.66,"{'body': 17.03, 'fvg': 12.85, 'sweep': 23.06, 'break': 0.72, 'ob_size': 15.0, 'adjacency': 10}",,,,,,,,,,,,,,,,,,,,,,,,
14737,2026-07-15T19:35:00+00:00,SWEEP,bullish,4048.73,,,,,,,,,,,,,,,,,,,,,,,,,,,,,
14745,2026-07-15T20:15:00+00:00,OB_TOUCH,,,75.0,,,,,6.018389523541321,,,,,,,,,,,,,,,,,,,,,,,
14745,2026-07-15T20:15:00+00:00,WAIT_MTF_CONTEXT,,,75.0,,,,,,neutral,bullish,bullish,53.85,,,,,,,,,,,,,,,,,,,
14746,2026-07-15T20:20:00+00:00,WAIT_MTF_CONTEXT,,,75.0,,,,,,neutral,bullish,bullish,53.85,,,,,,,,,,,,,,,,,,,
14747,2026-07-15T20:25:00+00:00,WAIT_MTF_CONTEXT,,,75.0,,,,,,neutral,bullish,bullish,53.85,,,,,,,,,,,,,,,,,,,
14748,2026-07-15T20:30:00+00:00,WAIT_MTF_CONTEXT,,,75.0,,,,,,neutral,bullish,bullish,53.85,,,,,,,,,,,,,,,,,,,
14749,2026-07-15T20:35:00+00:00,OB_CROSSED_AFTER_TOUCH,,,75.0,,,,,100.0,,,,,,,,,,,,,,,,,,,,,,,
14750,2026-07-15T20:40:00+00:00,WAIT_MTF_CONTEXT,,,75.0,,,,,,neutral,bullish,bullish,53.85,,,,,,,,,,,,,,,,,,,
14751,2026-07-15T20:45:00+00:00,WAIT_MTF_CONTEXT,,,75.0,,,,,,neutral,bullish,bullish,53.85,,,,,,,,,,,,,,,,,,,
14752,2026-07-15T20:50:00+00:00,WAIT_MTF_CONTEXT,,,75.0,,,,,,neutral,bullish,bullish,53.85,,,,,,,,,,,,,,,,,,,
14753,2026-07-15T20:55:00+00:00,WAIT_MTF_CONTEXT,,,75.0,,,,,,neutral,bullish,bullish,53.85,,,,,,,,,,,,,,,,,,,
14754,2026-07-15T22:00:00+00:00,SWEEP,bearish,4063.286,,,,,,,,,,,,,,,,,,,,,,,,,,,,,
14754,2026-07-15T22:00:00+00:00,WAIT_MTF_CONTEXT,,,75.0,,,,,,neutral,bullish,bullish,53.85,,,,,,,,,,,,,,,,,,,
14755,2026-07-15T22:05:00+00:00,OB_CROSSED_AFTER_TOUCH,,,75.0,,,,,100.0,,,,,,,,,,,,,,,,,,,,,,,
14756,2026-07-15T22:10:00+00:00,OB_CROSSED_AFTER_TOUCH,,,75.0,,,,,100.0,,,,,,,,,,,,,,,,,,,,,,,
14757,2026-07-15T22:15:00+00:00,OB_CROSSED_AFTER_TOUCH,,,75.0,,,,,100.0,,,,,,,,,,,,,,,,,,,,,,,
14758,2026-07-15T22:20:00+00:00,WAIT_MTF_CONTEXT,,,75.0,,,,,,neutral,bullish,bullish,53.85,,,,,,,,,,,,,,,,,,,
14759,2026-07-15T22:25:00+00:00,WAIT_MTF_CONTEXT,,,75.0,,,,,,neutral,bullish,bullish,53.85,,,,,,,,,,,,,,,,,,,
14760,2026-07-15T22:30:00+00:00,WAIT_MTF_CONTEXT,,,75.0,,,,,,neutral,bullish,bullish,53.85,,,,,,,,,,,,,,,,,,,
14761,2026-07-15T22:35:00+00:00,WAIT_MTF_CONTEXT,,,75.0,,,,,,neutral,bullish,bullish,53.85,,,,,,,,,,,,,,,,,,,
14762,2026-07-15T22:40:00+00:00,WAIT_MTF_CONTEXT,,,75.0,,,,,,neutral,bullish,bullish,53.85,,,,,,,,,,,,,,,,,,,
14763,2026-07-15T22:45:00+00:00,WAIT_MTF_CONTEXT,,,75.0,,,,,,neutral,bullish,bullish,53.85,,,,,,,,,,,,,,,,,,,
14764,2026-07-15T22:50:00+00:00,WAIT_MTF_CONTEXT,,,75.0,,,,,,neutral,bullish,bullish,53.85,,,,,,,,,,,,,,,,,,,
14765,2026-07-15T22:55:00+00:00,WAIT_MTF_CONTEXT,,,75.0,,,,,,neutral,bullish,bullish,53.85,,,,,,,,,,,,,,,,,,,
14766,2026-07-15T23:00:00+00:00,WAIT_MTF_CONTEXT,,,75.0,,,,,,neutral,bullish,neutral,30.77,,,,,,,,,,,,,,,,,,,
14767,2026-07-15T23:05:00+00:00,WAIT_MTF_CONTEXT,,,75.0,,,,,,neutral,bullish,neutral,30.77,,,,,,,,,,,,,,,,,,,
14768,2026-07-15T23:10:00+00:00,WAIT_MTF_CONTEXT,,,75.0,,,,,,neutral,bullish,neutral,30.77,,,,,,,,,,,,,,,,,,,
14769,2026-07-15T23:15:00+00:00,SWEEP,bullish,4058.115,,,,,,,,,,,,,,,,,,,,,,,,,,,,,
14769,2026-07-15T23:15:00+00:00,WAIT_MTF_CONTEXT,,,75.0,,,,,,neutral,bullish,neutral,30.77,,,,,,,,,,,,,,,,,,,
14770,2026-07-15T23:20:00+00:00,WAIT_MTF_CONTEXT,,,75.0,,,,,,neutral,bullish,neutral,30.77,,,,,,,,,,,,,,,,,,,
14771,2026-07-15T23:25:00+00:00,SWEEP,bullish,4057.016,,,,,,,,,,,,,,,,,,,,,,,,,,,,,
14771,2026-07-15T23:25:00+00:00,WAIT_MTF_CONTEXT,,,75.0,,,,,,neutral,bullish,neutral,30.77,,,,,,,,,,,,,,,,,,,
14772,2026-07-15T23:30:00+00:00,SWEEP,bullish,4056.901,,,,,,,,,,,,,,,,,,,,,,,,,,,,,
14772,2026-07-15T23:30:00+00:00,WAIT_MTF_CONTEXT,,,75.0,,,,,,neutral,bullish,neutral,30.77,,,,,,,,,,,,,,,,,,,
14773,2026-07-15T23:35:00+00:00,WAIT_MTF_CONTEXT,,,75.0,,,,,,neutral,bullish,neutral,30.77,,,,,,,,,,,,,,,,,,,
14774,2026-07-15T23:40:00+00:00,SWEEP,bullish,4056.019,,,,,,,,,,,,,,,,,,,,,,,,,,,,,
14774,2026-07-15T23:40:00+00:00,WAIT_MTF_CONTEXT,,,75.0,,,,,,neutral,bullish,neutral,30.77,,,,,,,,,,,,,,,,,,,
14775,2026-07-15T23:45:00+00:00,WAIT_MTF_CONTEXT,,,75.0,,,,,,neutral,bullish,neutral,30.77,,,,,,,,,,,,,,,,,,,
14776,2026-07-15T23:50:00+00:00,WAIT_MTF_CONTEXT,,,75.0,,,,,,neutral,bullish,neutral,30.77,,,,,,,,,,,,,,,,,,,
14777,2026-07-15T23:55:00+00:00,WAIT_MTF_CONTEXT,,,75.0,,,,,,neutral,bullish,neutral,30.77,,,,,,,,,,,,,,,,,,,
14778,2026-07-16T00:00:00+00:00,WAIT_MTF_CONTEXT,,,75.0,,,,,,neutral,bullish,neutral,30.77,,,,,,,,,,,,,,,,,,,
14779,2026-07-16T00:05:00+00:00,WAIT_MTF_CONTEXT,,,75.0,,,,,,neutral,bullish,neutral,30.77,,,,,,,,,,,,,,,,,,,
14780,2026-07-16T00:10:00+00:00,WAIT_MTF_CONTEXT,,,75.0,,,,,,neutral,bullish,neutral,30.77,,,,,,,,,,,,,,,,,,,
14781,2026-07-16T00:15:00+00:00,WAIT_MTF_CONTEXT,,,75.0,,,,,,neutral,bullish,neutral,30.77,,,,,,,,,,,,,,,,,,,
14782,2026-07-16T00:20:00+00:00,WAIT_MTF_CONTEXT,,,75.0,,,,,,neutral,bullish,neutral,30.77,,,,,,,,,,,,,,,,,,,
14783,2026-07-16T00:25:00+00:00,WAIT_MTF_CONTEXT,,,75.0,,,,,,neutral,bullish,neutral,30.77,,,,,,,,,,,,,,,,,,,
14784,2026-07-16T00:30:00+00:00,WAIT_MTF_CONTEXT,,,75.0,,,,,,neutral,bullish,neutral,30.77,,,,,,,,,,,,,,,,,,,
14785,2026-07-16T00:35:00+00:00,WAIT_MTF_CONTEXT,,,75.0,,,,,,neutral,bullish,neutral,30.77,,,,,,,,,,,,,,,,,,,
14786,2026-07-16T00:40:00+00:00,SWEEP,bullish,4054.697,,,,,,,,,,,,,,,,,,,,,,,,,,,,,
14786,2026-07-16T00:40:00+00:00,WAIT_MTF_CONTEXT,,,75.0,,,,,,neutral,bullish,neutral,30.77,,,,,,,,,,,,,,,,,,,
14787,2026-07-16T00:45:00+00:00,WAIT_MTF_CONTEXT,,,75.0,,,,,,neutral,bullish,neutral,30.77,,,,,,,,,,,,,,,,,,,
14788,2026-07-16T00:50:00+00:00,WAIT_MTF_CONTEXT,,,75.0,,,,,,neutral,bullish,neutral,30.77,,,,,,,,,,,,,,,,,,,
14789,2026-07-16T00:55:00+00:00,WAIT_MTF_CONTEXT,,,75.0,,,,,,neutral,bullish,neutral,30.77,,,,,,,,,,,,,,,,,,,
14790,2026-07-16T01:00:00+00:00,SWEEP,bullish,4043.75,,,,,,,,,,,,,,,,,,,,,,,,,,,,,
14790,2026-07-16T01:00:00+00:00,WAIT_MTF_CONTEXT,,,75.0,,,,,,neutral,bullish,neutral,30.77,,,,,,,,,,,,,,,,,,,
14791,2026-07-16T01:05:00+00:00,WAIT_MTF_CONTEXT,,,75.0,,,,,,neutral,bullish,neutral,30.77,,,,,,,,,,,,,,,,,,,
14792,2026-07-16T01:10:00+00:00,WAIT_MTF_CONTEXT,,,75.0,,,,,,neutral,bullish,neutral,30.77,,,,,,,,,,,,,,,,,,,
14793,2026-07-16T01:15:00+00:00,SWEEP,bullish,4040.892,,,,,,,,,,,,,,,,,,,,,,,,,,,,,
14793,2026-07-16T01:15:00+00:00,WAIT_MTF_CONTEXT,,,75.0,,,,,,neutral,bullish,neutral,30.77,,,,,,,,,,,,,,,,,,,
14794,2026-07-16T01:20:00+00:00,WAIT_MTF_CONTEXT,,,75.0,,,,,,neutral,bullish,neutral,30.77,,,,,,,,,,,,,,,,,,,
14795,2026-07-16T01:25:00+00:00,SWEEP,bullish,4035.569,,,,,,,,,,,,,,,,,,,,,,,,,,,,,
14795,2026-07-16T01:25:00+00:00,WAIT_MTF_CONTEXT,,,75.0,,,,,,neutral,bullish,neutral,30.77,,,,,,,,,,,,,,,,,,,
14796,2026-07-16T01:30:00+00:00,WAIT_MTF_CONTEXT,,,75.0,,,,,,neutral,bullish,neutral,30.77,,,,,,,,,,,,,,,,,,,
14797,2026-07-16T01:35:00+00:00,WAIT_MTF_CONTEXT,,,75.0,,,,,,neutral,bullish,neutral,30.77,,,,,,,,,,,,,,,,,,,
14798,2026-07-16T01:40:00+00:00,WAIT_MTF_CONTEXT,,,75.0,,,,,,neutral,bullish,neutral,30.77,,,,,,,,,,,,,,,,,,,
14799,2026-07-16T01:45:00+00:00,WAIT_MTF_CONTEXT,,,75.0,,,,,,neutral,bullish,neutral,30.77,,,,,,,,,,,,,,,,,,,
14800,2026-07-16T01:50:00+00:00,WAIT_MTF_CONTEXT,,,75.0,,,,,,neutral,bullish,neutral,30.77,,,,,,,,,,,,,,,,,,,
14801,2026-07-16T01:55:00+00:00,WAIT_MTF_CONTEXT,,,75.0,,,,,,neutral,bullish,neutral,30.77,,,,,,,,,,,,,,,,,,,
14802,2026-07-16T02:00:00+00:00,WAIT_MTF_CONTEXT,,,75.0,,,,,,neutral,bullish,neutral,30.77,,,,,,,,,,,,,,,,,,,
14803,2026-07-16T02:05:00+00:00,WAIT_MTF_CONTEXT,,,75.0,,,,,,neutral,bullish,neutral,30.77,,,,,,,,,,,,,,,,,,,
14804,2026-07-16T02:10:00+00:00,SWEEP,bullish,4032.55,,,,,,,,,,,,,,,,,,,,,,,,,,,,,
14804,2026-07-16T02:10:00+00:00,WAIT_MTF_CONTEXT,,,75.0,,,,,,neutral,bullish,neutral,30.77,,,,,,,,,,,,,,,,,,,
14805,2026-07-16T02:15:00+00:00,SWEEP,bullish,4031.158,,,,,,,,,,,,,,,,,,,,,,,,,,,,,
14805,2026-07-16T02:15:00+00:00,WAIT_MTF_CONTEXT,,,75.0,,,,,,neutral,bullish,neutral,30.77,,,,,,,,,,,,,,,,,,,
14806,2026-07-16T02:20:00+00:00,WAIT_MTF_CONTEXT,,,75.0,,,,,,neutral,bullish,neutral,30.77,,,,,,,,,,,,,,,,,,,
14807,2026-07-16T02:25:00+00:00,WAIT_MTF_CONTEXT,,,75.0,,,,,,neutral,bullish,neutral,30.77,,,,,,,,,,,,,,,,,,,
14808,2026-07-16T02:30:00+00:00,WAIT_MTF_CONTEXT,,,75.0,,,,,,neutral,bullish,neutral,30.77,,,,,,,,,,,,,,,,,,,
14809,2026-07-16T02:35:00+00:00,WAIT_MTF_CONTEXT,,,75.0,,,,,,neutral,bullish,neutral,30.77,,,,,,,,,,,,,,,,,,,
14810,2026-07-16T02:40:00+00:00,SWEEP,bullish,4025.862,,,,,,,,,,,,,,,,,,,,,,,,,,,,,
14810,2026-07-16T02:40:00+00:00,WAIT_MTF_CONTEXT,,,75.0,,,,,,neutral,bullish,neutral,30.77,,,,,,,,,,,,,,,,,,,
14811,2026-07-16T02:45:00+00:00,WAIT_MTF_CONTEXT,,,75.0,,,,,,neutral,bullish,neutral,30.77,,,,,,,,,,,,,,,,,,,
14812,2026-07-16T02:50:00+00:00,WAIT_MTF_CONTEXT,,,75.0,,,,,,neutral,bullish,neutral,30.77,,,,,,,,,,,,,,,,,,,
14813,2026-07-16T02:55:00+00:00,WAIT_MTF_CONTEXT,,,75.0,,,,,,neutral,bullish,neutral,30.77,,,,,,,,,,,,,,,,,,,
14814,2026-07-16T03:00:00+00:00,WAIT_MTF_CONTEXT,,,75.0,,,,,,neutral,bullish,neutral,30.77,,,,,,,,,,,,,,,,,,,
14815,2026-07-16T03:05:00+00:00,WAIT_MTF_CONTEXT,,,75.0,,,,,,neutral,bullish,neutral,30.77,,,,,,,,,,,,,,,,,,,
14816,2026-07-16T03:10:00+00:00,WAIT_MTF_CONTEXT,,,75.0,,,,,,neutral,bullish,neutral,30.77,,,,,,,,,,,,,,,,,,,
14817,2026-07-16T03:15:00+00:00,WAIT_MTF_CONTEXT,,,75.0,,,,,,neutral,bullish,neutral,30.77,,,,,,,,,,,,,,,,,,,
14818,2026-07-16T03:20:00+00:00,WAIT_MTF_CONTEXT,,,75.0,,,,,,neutral,bullish,neutral,30.77,,,,,,,,,,,,,,,,,,,
14819,2026-07-16T03:25:00+00:00,WAIT_MTF_CONTEXT,,,75.0,,,,,,neutral,bullish,neutral,30.77,,,,,,,,,,,,,,,,,,,
14818,2026-07-16T03:20:00+00:00,OB_FORMED,bullish,,76.0,4027.581,4030.776,79.85,"{'body': 19.64, 'fvg': 9.1, 'sweep': 24.33, 'break': 1.77, 'ob_size': 15.0, 'adjacency': 10}",,,,,,,,,,,,,,,,,,,,,,,,
14824,2026-07-16T03:50:00+00:00,SWEEP,bearish,4036.356,,,,,,,,,,,,,,,,,,,,,,,,,,,,,
14825,2026-07-16T03:55:00+00:00,SWEEP,bearish,4036.516,,,,,,,,,,,,,,,,,,,,,,,,,,,,,
14828,2026-07-16T04:10:00+00:00,SWEEP,bearish,4036.85,,,,,,,,,,,,,,,,,,,,,,,,,,,,,
14833,2026-07-16T04:35:00+00:00,OB_EXPIRED,,,75.0,,,,,,,,,,101.0,,,,,,,,,,,,,,,,,,
14839,2026-07-16T05:05:00+00:00,OB_TOUCH,,,76.0,,,,,0.0,,,,,,,,,,,,,,,,,,,,,,,
14839,2026-07-16T05:05:00+00:00,WAIT_MTF_CONTEXT,,,76.0,,,,,,neutral,bullish,bearish,30.77,,,,,,,,,,,,,,,,,,,
14840,2026-07-16T05:10:00+00:00,SWEEP,bullish,4030.506,,,,,,,,,,,,,,,,,,,,,,,,,,,,,
14840,2026-07-16T05:10:00+00:00,WAIT_MTF_CONTEXT,,,76.0,,,,,,neutral,bullish,bearish,30.77,,,,,,,,,,,,,,,,,,,
14841,2026-07-16T05:15:00+00:00,SWEEP,bullish,4029.327,,,,,,,,,,,,,,,,,,,,,,,,,,,,,
14841,2026-07-16T05:15:00+00:00,WAIT_MTF_CONTEXT,,,76.0,,,,,,neutral,bullish,bearish,30.77,,,,,,,,,,,,,,,,,,,
14842,2026-07-16T05:20:00+00:00,OB_CROSSED_AFTER_TOUCH,,,76.0,,,,,100.0,,,,,,,,,,,,,,,,,,,,,,,
14843,2026-07-16T05:25:00+00:00,SWEEP,bullish,4026.94,,,,,,,,,,,,,,,,,,,,,,,,,,,,,
14843,2026-07-16T05:25:00+00:00,WAIT_MTF_CONTEXT,,,76.0,,,,,,neutral,bullish,bearish,30.77,,,,,,,,,,,,,,,,,,,
14844,2026-07-16T05:30:00+00:00,SWEEP,bullish,4026.751,,,,,,,,,,,,,,,,,,,,,,,,,,,,,
14844,2026-07-16T05:30:00+00:00,WAIT_MTF_CONTEXT,,,76.0,,,,,,neutral,bullish,bearish,30.77,,,,,,,,,,,,,,,,,,,
14845,2026-07-16T05:35:00+00:00,WAIT_MTF_CONTEXT,,,76.0,,,,,,neutral,bullish,bearish,30.77,,,,,,,,,,,,,,,,,,,
14846,2026-07-16T05:40:00+00:00,WAIT_MTF_CONTEXT,,,76.0,,,,,,neutral,bullish,bearish,30.77,,,,,,,,,,,,,,,,,,,
14847,2026-07-16T05:45:00+00:00,WAIT_MTF_CONTEXT,,,76.0,,,,,,neutral,bullish,bearish,30.77,,,,,,,,,,,,,,,,,,,
14848,2026-07-16T05:50:00+00:00,OB_CROSSED_AFTER_TOUCH,,,76.0,,,,,100.0,,,,,,,,,,,,,,,,,,,,,,,
14849,2026-07-16T05:55:00+00:00,OB_CROSSED_AFTER_TOUCH,,,76.0,,,,,100.0,,,,,,,,,,,,,,,,,,,,,,,
14850,2026-07-16T06:00:00+00:00,WAIT_MTF_CONTEXT,,,76.0,,,,,,neutral,neutral,bearish,23.08,,,,,,,,,,,,,,,,,,,
14851,2026-07-16T06:05:00+00:00,SWEEP,bearish,4035.382,,,,,,,,,,,,,,,,,,,,,,,,,,,,,
14851,2026-07-16T06:05:00+00:00,WAIT_MTF_CONTEXT,,,76.0,,,,,,neutral,neutral,bearish,23.08,,,,,,,,,,,,,,,,,,,
14852,2026-07-16T06:10:00+00:00,WAIT_MTF_CONTEXT,,,76.0,,,,,,neutral,neutral,bearish,23.08,,,,,,,,,,,,,,,,,,,
14853,2026-07-16T06:15:00+00:00,WAIT_MTF_CONTEXT,,,76.0,,,,,,neutral,neutral,bearish,23.08,,,,,,,,,,,,,,,,,,,
14854,2026-07-16T06:20:00+00:00,WAIT_MTF_CONTEXT,,,76.0,,,,,,neutral,neutral,bearish,23.08,,,,,,,,,,,,,,,,,,,
14855,2026-07-16T06:25:00+00:00,WAIT_MTF_CONTEXT,,,76.0,,,,,,neutral,neutral,bearish,23.08,,,,,,,,,,,,,,,,,,,
14856,2026-07-16T06:30:00+00:00,OB_CROSSED_AFTER_TOUCH,,,76.0,,,,,100.0,,,,,,,,,,,,,,,,,,,,,,,
14857,2026-07-16T06:35:00+00:00,SWEEP,bullish,4025.142,,,,,,,,,,,,,,,,,,,,,,,,,,,,,
14857,2026-07-16T06:35:00+00:00,OB_CROSSED_AFTER_TOUCH,,,76.0,,,,,100.0,,,,,,,,,,,,,,,,,,,,,,,
14858,2026-07-16T06:40:00+00:00,OB_CROSSED_AFTER_TOUCH,,,76.0,,,,,100.0,,,,,,,,,,,,,,,,,,,,,,,
14859,2026-07-16T06:45:00+00:00,WAIT_MTF_CONTEXT,,,76.0,,,,,,neutral,neutral,neutral,0.0,,,,,,,,,,,,,,,,,,,
14860,2026-07-16T06:50:00+00:00,WAIT_MTF_CONTEXT,,,76.0,,,,,,neutral,neutral,neutral,0.0,,,,,,,,,,,,,,,,,,,
14861,2026-07-16T06:55:00+00:00,WAIT_MTF_CONTEXT,,,76.0,,,,,,neutral,neutral,neutral,0.0,,,,,,,,,,,,,,,,,,,
14862,2026-07-16T07:00:00+00:00,WAIT_MTF_CONTEXT,,,76.0,,,,,,neutral,neutral,neutral,0.0,,,,,,,,,,,,,,,,,,,
14863,2026-07-16T07:05:00+00:00,WAIT_MTF_CONTEXT,,,76.0,,,,,,neutral,neutral,neutral,0.0,,,,,,,,,,,,,,,,,,,
14864,2026-07-16T07:10:00+00:00,OB_CROSSED_AFTER_TOUCH,,,76.0,,,,,100.0,,,,,,,,,,,,,,,,,,,,,,,
14865,2026-07-16T07:15:00+00:00,OB_CROSSED_AFTER_TOUCH,,,76.0,,,,,100.0,,,,,,,,,,,,,,,,,,,,,,,
14866,2026-07-16T07:20:00+00:00,OB_CROSSED_AFTER_TOUCH,,,76.0,,,,,100.0,,,,,,,,,,,,,,,,,,,,,,,
14867,2026-07-16T07:25:00+00:00,OB_CROSSED_AFTER_TOUCH,,,76.0,,,,,100.0,,,,,,,,,,,,,,,,,,,,,,,
14868,2026-07-16T07:30:00+00:00,OB_CROSSED_AFTER_TOUCH,,,76.0,,,,,100.0,,,,,,,,,,,,,,,,,,,,,,,
14869,2026-07-16T07:35:00+00:00,OB_CROSSED_AFTER_TOUCH,,,76.0,,,,,100.0,,,,,,,,,,,,,,,,,,,,,,,
14870,2026-07-16T07:40:00+00:00,OB_CROSSED_AFTER_TOUCH,,,76.0,,,,,100.0,,,,,,,,,,,,,,,,,,,,,,,
14871,2026-07-16T07:45:00+00:00,WAIT_MTF_CONTEXT,,,76.0,,,,,,neutral,neutral,bearish,23.08,,,,,,,,,,,,,,,,,,,
14872,2026-07-16T07:50:00+00:00,WAIT_MTF_CONTEXT,,,76.0,,,,,,neutral,neutral,bearish,23.08,,,,,,,,,,,,,,,,,,,
14873,2026-07-16T07:55:00+00:00,WAIT_MTF_CONTEXT,,,76.0,,,,,,neutral,neutral,bearish,23.08,,,,,,,,,,,,,,,,,,,
14874,2026-07-16T08:00:00+00:00,SWEEP,bearish,4032.129,,,,,,,,,,,,,,,,,,,,,,,,,,,,,
14874,2026-07-16T08:00:00+00:00,WAIT_MTF_CONTEXT,,,76.0,,,,,,neutral,neutral,bearish,23.08,,,,,,,,,,,,,,,,,,,
14875,2026-07-16T08:05:00+00:00,WAIT_MTF_CONTEXT,,,76.0,,,,,,neutral,neutral,bearish,23.08,,,,,,,,,,,,,,,,,,,
14876,2026-07-16T08:10:00+00:00,OB_CROSSED_AFTER_TOUCH,,,76.0,,,,,100.0,,,,,,,,,,,,,,,,,,,,,,,
14877,2026-07-16T08:15:00+00:00,WAIT_MTF_CONTEXT,,,76.0,,,,,,neutral,neutral,bearish,23.08,,,,,,,,,,,,,,,,,,,
14878,2026-07-16T08:20:00+00:00,WAIT_MTF_CONTEXT,,,76.0,,,,,,neutral,neutral,bearish,23.08,,,,,,,,,,,,,,,,,,,
14879,2026-07-16T08:25:00+00:00,WAIT_MTF_CONTEXT,,,76.0,,,,,,neutral,neutral,bearish,23.08,,,,,,,,,,,,,,,,,,,
14880,2026-07-16T08:30:00+00:00,SWEEP,bearish,4034.283,,,,,,,,,,,,,,,,,,,,,,,,,,,,,
14880,2026-07-16T08:30:00+00:00,WAIT_MTF_CONTEXT,,,76.0,,,,,,neutral,neutral,neutral,0.0,,,,,,,,,,,,,,,,,,,
14881,2026-07-16T08:35:00+00:00,SWEEP,bearish,4035.179,,,,,,,,,,,,,,,,,,,,,,,,,,,,,
14881,2026-07-16T08:35:00+00:00,WAIT_MTF_CONTEXT,,,76.0,,,,,,neutral,neutral,neutral,0.0,,,,,,,,,,,,,,,,,,,
14882,2026-07-16T08:40:00+00:00,WAIT_MTF_CONTEXT,,,76.0,,,,,,neutral,neutral,neutral,0.0,,,,,,,,,,,,,,,,,,,
14883,2026-07-16T08:45:00+00:00,SWEEP,bearish,4035.716,,,,,,,,,,,,,,,,,,,,,,,,,,,,,
14883,2026-07-16T08:45:00+00:00,WAIT_MTF_CONTEXT,,,76.0,,,,,,neutral,neutral,neutral,0.0,,,,,,,,,,,,,,,,,,,
14884,2026-07-16T08:50:00+00:00,WAIT_MTF_CONTEXT,,,76.0,,,,,,neutral,neutral,neutral,0.0,,,,,,,,,,,,,,,,,,,
14885,2026-07-16T08:55:00+00:00,WAIT_MTF_CONTEXT,,,76.0,,,,,,neutral,neutral,neutral,0.0,,,,,,,,,,,,,,,,,,,
14886,2026-07-16T09:00:00+00:00,SWEEP,bearish,4036.656,,,,,,,,,,,,,,,,,,,,,,,,,,,,,
14886,2026-07-16T09:00:00+00:00,WAIT_MTF_CONTEXT,,,76.0,,,,,,neutral,neutral,neutral,0.0,,,,,,,,,,,,,,,,,,,
14887,2026-07-16T09:05:00+00:00,WAIT_MTF_CONTEXT,,,76.0,,,,,,neutral,neutral,neutral,0.0,,,,,,,,,,,,,,,,,,,
14888,2026-07-16T09:10:00+00:00,SWEEP,bearish,4037.211,,,,,,,,,,,,,,,,,,,,,,,,,,,,,
14888,2026-07-16T09:10:00+00:00,WAIT_MTF_CONTEXT,,,76.0,,,,,,neutral,neutral,neutral,0.0,,,,,,,,,,,,,,,,,,,
14889,2026-07-16T09:15:00+00:00,SWEEP,bearish,4037.555,,,,,,,,,,,,,,,,,,,,,,,,,,,,,
14889,2026-07-16T09:15:00+00:00,WAIT_MTF_CONTEXT,,,76.0,,,,,,neutral,neutral,neutral,0.0,,,,,,,,,,,,,,,,,,,
14890,2026-07-16T09:20:00+00:00,WAIT_MTF_CONTEXT,,,76.0,,,,,,neutral,neutral,neutral,0.0,,,,,,,,,,,,,,,,,,,
14891,2026-07-16T09:25:00+00:00,WAIT_MTF_CONTEXT,,,76.0,,,,,,neutral,neutral,neutral,0.0,,,,,,,,,,,,,,,,,,,
14892,2026-07-16T09:30:00+00:00,WAIT_MTF_CONTEXT,,,76.0,,,,,,neutral,neutral,neutral,0.0,,,,,,,,,,,,,,,,,,,
14893,2026-07-16T09:35:00+00:00,WAIT_MTF_CONTEXT,,,76.0,,,,,,neutral,neutral,neutral,0.0,,,,,,,,,,,,,,,,,,,
14894,2026-07-16T09:40:00+00:00,WAIT_MTF_CONTEXT,,,76.0,,,,,,neutral,neutral,neutral,0.0,,,,,,,,,,,,,,,,,,,
14895,2026-07-16T09:45:00+00:00,WAIT_MTF_CONTEXT,,,76.0,,,,,,neutral,neutral,neutral,0.0,,,,,,,,,,,,,,,,,,,
14896,2026-07-16T09:50:00+00:00,WAIT_MTF_CONTEXT,,,76.0,,,,,,neutral,neutral,neutral,0.0,,,,,,,,,,,,,,,,,,,
14897,2026-07-16T09:55:00+00:00,WAIT_MTF_CONTEXT,,,76.0,,,,,,neutral,neutral,neutral,0.0,,,,,,,,,,,,,,,,,,,
14898,2026-07-16T10:00:00+00:00,WAIT_MTF_CONTEXT,,,76.0,,,,,,neutral,neutral,neutral,0.0,,,,,,,,,,,,,,,,,,,
14899,2026-07-16T10:05:00+00:00,WAIT_MTF_CONTEXT,,,76.0,,,,,,neutral,neutral,neutral,0.0,,,,,,,,,,,,,,,,,,,
14900,2026-07-16T10:10:00+00:00,SWEEP,bullish,4029.654,,,,,,,,,,,,,,,,,,,,,,,,,,,,,
14900,2026-07-16T10:10:00+00:00,WAIT_MTF_CONTEXT,,,76.0,,,,,,neutral,neutral,neutral,0.0,,,,,,,,,,,,,,,,,,,
14909,2026-07-16T10:55:00+00:00,SWEEP,bullish,4029.482,,,,,,,,,,,,,,,,,,,,,,,,,,,,,
14910,2026-07-16T11:00:00+00:00,SWEEP,bullish,4028.591,,,,,,,,,,,,,,,,,,,,,,,,,,,,,
14911,2026-07-16T11:05:00+00:00,REVERSAL_AFTER_OB_CROSS,,,76.0,,,,,37.74647887323274,,,,,,,,,,,,,,,,,,,,,,,
14911,2026-07-16T11:05:00+00:00,WAIT_REENTRY_DEPTH,,,76.0,,,,,37.74647887323274,,,,,,,70.0,,,,,,,,,,,,,,,,
14912,2026-07-16T11:10:00+00:00,SWEEP,bullish,4027.609,,,,,,,,,,,,,,,,,,,,,,,,,,,,,
14912,2026-07-16T11:10:00+00:00,WAIT_MICRO_BOS,,,76.0,,,,,,,,,,,crossed_ob_reentry,,,,,,,,,,,,,,,,,
14913,2026-07-16T11:15:00+00:00,SWEEP,bullish,4026.339,,,,,,,,,,,,,,,,,,,,,,,,,,,,,
14913,2026-07-16T11:15:00+00:00,OB_CROSSED_AFTER_TOUCH,,,76.0,,,,,100.0,,,,,,,,,,,,,,,,,,,,,,,
14914,2026-07-16T11:20:00+00:00,OB_CROSSED_AFTER_TOUCH,,,76.0,,,,,100.0,,,,,,,,,,,,,,,,,,,,,,,
14915,2026-07-16T11:25:00+00:00,OB_CROSSED_AFTER_TOUCH,,,76.0,,,,,100.0,,,,,,,,,,,,,,,,,,,,,,,
14916,2026-07-16T11:30:00+00:00,REVERSAL_AFTER_OB_CROSS,,,76.0,,,,,33.05164319249253,,,,,,,,,,,,,,,,,,,,,,,
14916,2026-07-16T11:30:00+00:00,WAIT_REENTRY_DEPTH,,,76.0,,,,,33.05164319249253,,,,,,,70.0,,,,,,,,,,,,,,,,
14917,2026-07-16T11:35:00+00:00,REVERSAL_AFTER_OB_CROSS,,,76.0,,,,,1.2832550860631091,,,,,,,,,,,,,,,,,,,,,,,
14917,2026-07-16T11:35:00+00:00,WAIT_REENTRY_DEPTH,,,76.0,,,,,1.2832550860631091,,,,,,,70.0,,,,,,,,,,,,,,,,
14918,2026-07-16T11:40:00+00:00,WAIT_REENTRY_DEPTH,,,76.0,,,,,0.0,,,,,,,70.0,,,,,,,,,,,,,,,,
14919,2026-07-16T11:45:00+00:00,SWEEP,bearish,4035.941,,,,,,,,,,,,,,,,,,,,,,,,,,,,,
14919,2026-07-16T11:45:00+00:00,OB_EXPIRED,,,76.0,,,,,,,,,,101.0,,,,,,,,,,,,,,,,,,
14922,2026-07-16T12:00:00+00:00,SWEEP,bearish,4042.447,,,,,,,,,,,,,,,,,,,,,,,,,,,,,
14923,2026-07-16T12:05:00+00:00,SWEEP,bearish,4043.391,,,,,,,,,,,,,,,,,,,,,,,,,,,,,
14925,2026-07-16T12:15:00+00:00,SWEEP,bullish,4021.084,,,,,,,,,,,,,,,,,,,,,,,,,,,,,
14935,2026-07-16T13:05:00+00:00,SWEEP,bullish,3975.196,,,,,,,,,,,,,,,,,,,,,,,,,,,,,
14974,2026-07-16T16:20:00+00:00,SWEEP,bullish,3985.384,,,,,,,,,,,,,,,,,,,,,,,,,,,,,
14989,2026-07-16T17:35:00+00:00,SWEEP,bullish,3982.216,,,,,,,,,,,,,,,,,,,,,,,,,,,,,
14990,2026-07-16T17:40:00+00:00,SWEEP,bullish,3981.189,,,,,,,,,,,,,,,,,,,,,,,,,,,,,
15013,2026-07-16T19:35:00+00:00,SWEEP,bullish,3974.602,,,,,,,,,,,,,,,,,,,,,,,,,,,,,
15045,2026-07-16T23:15:00+00:00,SWEEP,bearish,3980.502,,,,,,,,,,,,,,,,,,,,,,,,,,,,,
15047,2026-07-16T23:25:00+00:00,SWEEP,bearish,3980.552,,,,,,,,,,,,,,,,,,,,,,,,,,,,,
15049,2026-07-16T23:35:00+00:00,SWEEP,bearish,3980.75,,,,,,,,,,,,,,,,,,,,,,,,,,,,,
15054,2026-07-17T00:00:00+00:00,SWEEP,bearish,3986.41,,,,,,,,,,,,,,,,,,,,,,,,,,,,,
15055,2026-07-17T00:05:00+00:00,SWEEP,bearish,3987.034,,,,,,,,,,,,,,,,,,,,,,,,,,,,,
15066,2026-07-17T01:00:00+00:00,SWEEP,bearish,3992.135,,,,,,,,,,,,,,,,,,,,,,,,,,,,,
15067,2026-07-17T01:05:00+00:00,SWEEP,bearish,3992.334,,,,,,,,,,,,,,,,,,,,,,,,,,,,,
15069,2026-07-17T01:15:00+00:00,SWEEP,bearish,3995.225,,,,,,,,,,,,,,,,,,,,,,,,,,,,,
15072,2026-07-17T01:30:00+00:00,OB_FORMED,bearish,,77.0,3988.655,3993.03,79.58,"{'body': 18.13, 'fvg': 16.37, 'sweep': 16.53, 'break': 3.89, 'ob_size': 14.67, 'adjacency': 10}",,,,,,,,,,,,,,,,,,,,,,,,
15077,2026-07-17T01:55:00+00:00,SWEEP,bullish,3979.285,,,,,,,,,,,,,,,,,,,,,,,,,,,,,
15090,2026-07-17T03:00:00+00:00,OB_TOUCH,,,77.0,,,,,2.5142857142782304,,,,,,,,,,,,,,,,,,,,,,,
15090,2026-07-17T03:00:00+00:00,WAIT_MTF_CONTEXT,,,77.0,,,,,,neutral,bearish,bullish,30.77,,,,,,,,,,,,,,,,,,,
15091,2026-07-17T03:05:00+00:00,WAIT_MTF_CONTEXT,,,77.0,,,,,,neutral,bearish,bullish,30.77,,,,,,,,,,,,,,,,,,,
15092,2026-07-17T03:10:00+00:00,WAIT_MTF_CONTEXT,,,77.0,,,,,,neutral,bearish,bullish,30.77,,,,,,,,,,,,,,,,,,,
15093,2026-07-17T03:15:00+00:00,OB_CROSSED_AFTER_TOUCH,,,77.0,,,,,100.0,,,,,,,,,,,,,,,,,,,,,,,
15094,2026-07-17T03:20:00+00:00,OB_CROSSED_AFTER_TOUCH,,,77.0,,,,,100.0,,,,,,,,,,,,,,,,,,,,,,,
15095,2026-07-17T03:25:00+00:00,OB_CROSSED_AFTER_TOUCH,,,77.0,,,,,100.0,,,,,,,,,,,,,,,,,,,,,,,
15096,2026-07-17T03:30:00+00:00,OB_CROSSED_AFTER_TOUCH,,,77.0,,,,,100.0,,,,,,,,,,,,,,,,,,,,,,,
15097,2026-07-17T03:35:00+00:00,OB_CROSSED_AFTER_TOUCH,,,77.0,,,,,100.0,,,,,,,,,,,,,,,,,,,,,,,
15098,2026-07-17T03:40:00+00:00,OB_CROSSED_AFTER_TOUCH,,,77.0,,,,,100.0,,,,,,,,,,,,,,,,,,,,,,,
15099,2026-07-17T03:45:00+00:00,OB_CROSSED_AFTER_TOUCH,,,77.0,,,,,100.0,,,,,,,,,,,,,,,,,,,,,,,
15100,2026-07-17T03:50:00+00:00,OB_CROSSED_AFTER_TOUCH,,,77.0,,,,,100.0,,,,,,,,,,,,,,,,,,,,,,,
15101,2026-07-17T03:55:00+00:00,REVERSAL_AFTER_OB_CROSS,,,77.0,,,,,58.99428571427832,,,,,,,,,,,,,,,,,,,,,,,
15101,2026-07-17T03:55:00+00:00,WAIT_REENTRY_DEPTH,,,77.0,,,,,58.99428571427832,,,,,,,70.0,,,,,,,,,,,,,,,,
15102,2026-07-17T04:00:00+00:00,REVERSAL_AFTER_OB_CROSS,,,77.0,,,,,22.674285714279645,,,,,,,,,,,,,,,,,,,,,,,
15102,2026-07-17T04:00:00+00:00,WAIT_REENTRY_DEPTH,,,77.0,,,,,22.674285714279645,,,,,,,70.0,,,,,,,,,,,,,,,,
15103,2026-07-17T04:05:00+00:00,WAIT_REENTRY_DEPTH,,,77.0,,,,,0.0,,,,,,,70.0,,,,,,,,,,,,,,,,
15104,2026-07-17T04:10:00+00:00,WAIT_REENTRY_DEPTH,,,77.0,,,,,4.205714285708382,,,,,,,70.0,,,,,,,,,,,,,,,,
15105,2026-07-17T04:15:00+00:00,WAIT_REENTRY_DEPTH,,,77.0,,,,,0.0,,,,,,,70.0,,,,,,,,,,,,,,,,
15106,2026-07-17T04:20:00+00:00,WAIT_REENTRY_DEPTH,,,77.0,,,,,0.0,,,,,,,70.0,,,,,,,,,,,,,,,,
15107,2026-07-17T04:25:00+00:00,WAIT_REENTRY_DEPTH,,,77.0,,,,,0.0,,,,,,,70.0,,,,,,,,,,,,,,,,
15108,2026-07-17T04:30:00+00:00,WAIT_REENTRY_DEPTH,,,77.0,,,,,0.0,,,,,,,70.0,,,,,,,,,,,,,,,,
15109,2026-07-17T04:35:00+00:00,WAIT_REENTRY_DEPTH,,,77.0,,,,,0.0,,,,,,,70.0,,,,,,,,,,,,,,,,
15110,2026-07-17T04:40:00+00:00,WAIT_REENTRY_DEPTH,,,77.0,,,,,0.0,,,,,,,70.0,,,,,,,,,,,,,,,,
15111,2026-07-17T04:45:00+00:00,WAIT_REENTRY_DEPTH,,,77.0,,,,,0.0,,,,,,,70.0,,,,,,,,,,,,,,,,
15112,2026-07-17T04:50:00+00:00,WAIT_REENTRY_DEPTH,,,77.0,,,,,0.0,,,,,,,70.0,,,,,,,,,,,,,,,,
15113,2026-07-17T04:55:00+00:00,WAIT_REENTRY_DEPTH,,,77.0,,,,,0.0,,,,,,,70.0,,,,,,,,,,,,,,,,
15114,2026-07-17T05:00:00+00:00,SWEEP,bullish,3979.954,,,,,,,,,,,,,,,,,,,,,,,,,,,,,
15114,2026-07-17T05:00:00+00:00,WAIT_REENTRY_DEPTH,,,77.0,,,,,0.0,,,,,,,70.0,,,,,,,,,,,,,,,,
15115,2026-07-17T05:05:00+00:00,WAIT_REENTRY_DEPTH,,,77.0,,,,,0.0,,,,,,,70.0,,,,,,,,,,,,,,,,
15116,2026-07-17T05:10:00+00:00,WAIT_REENTRY_DEPTH,,,77.0,,,,,0.0,,,,,,,70.0,,,,,,,,,,,,,,,,
15117,2026-07-17T05:15:00+00:00,WAIT_REENTRY_DEPTH,,,77.0,,,,,0.0,,,,,,,70.0,,,,,,,,,,,,,,,,
15118,2026-07-17T05:20:00+00:00,SWEEP,bullish,3975.749,,,,,,,,,,,,,,,,,,,,,,,,,,,,,
15118,2026-07-17T05:20:00+00:00,WAIT_REENTRY_DEPTH,,,77.0,,,,,0.0,,,,,,,70.0,,,,,,,,,,,,,,,,
15119,2026-07-17T05:25:00+00:00,WAIT_REENTRY_DEPTH,,,77.0,,,,,0.0,,,,,,,70.0,,,,,,,,,,,,,,,,
15120,2026-07-17T05:30:00+00:00,WAIT_REENTRY_DEPTH,,,77.0,,,,,0.0,,,,,,,70.0,,,,,,,,,,,,,,,,
15121,2026-07-17T05:35:00+00:00,WAIT_REENTRY_DEPTH,,,77.0,,,,,0.0,,,,,,,70.0,,,,,,,,,,,,,,,,
15122,2026-07-17T05:40:00+00:00,WAIT_REENTRY_DEPTH,,,77.0,,,,,0.0,,,,,,,70.0,,,,,,,,,,,,,,,,
15123,2026-07-17T05:45:00+00:00,WAIT_REENTRY_DEPTH,,,77.0,,,,,0.0,,,,,,,70.0,,,,,,,,,,,,,,,,
15124,2026-07-17T05:50:00+00:00,SWEEP,bearish,3990.561,,,,,,,,,,,,,,,,,,,,,,,,,,,,,
15124,2026-07-17T05:50:00+00:00,WAIT_REENTRY_DEPTH,,,77.0,,,,,26.948571428563028,,,,,,,70.0,,,,,,,,,,,,,,,,
15125,2026-07-17T05:55:00+00:00,WAIT_REENTRY_DEPTH,,,77.0,,,,,0.0,,,,,,,70.0,,,,,,,,,,,,,,,,
15126,2026-07-17T06:00:00+00:00,WAIT_MTF_CONTEXT,,,77.0,,,,,,neutral,neutral,neutral,0.0,,,,,,,,,,,,,,,,,,,
15127,2026-07-17T06:05:00+00:00,SWEEP,bearish,3992.306,,,,,,,,,,,,,,,,,,,,,,,,,,,,,
15127,2026-07-17T06:05:00+00:00,WAIT_MTF_CONTEXT,,,77.0,,,,,,neutral,neutral,neutral,0.0,,,,,,,,,,,,,,,,,,,
15128,2026-07-17T06:10:00+00:00,OB_CROSSED_AFTER_TOUCH,,,77.0,,,,,100.0,,,,,,,,,,,,,,,,,,,,,,,
15127,2026-07-17T06:05:00+00:00,OB_FORMED,bullish,,78.0,3988.088,3993.048,89.7,"{'body': 19.84, 'fvg': 11.77, 'sweep': 19.95, 'break': 13.97, 'ob_size': 14.17, 'adjacency': 10}",,,,,,,,,,,,,,,,,,,,,,,,
15129,2026-07-17T06:15:00+00:00,OB_CROSSED_AFTER_TOUCH,,,77.0,,,,,100.0,,,,,,,,,,,,,,,,,,,,,,,
15130,2026-07-17T06:20:00+00:00,OB_CROSSED_AFTER_TOUCH,,,77.0,,,,,100.0,,,,,,,,,,,,,,,,,,,,,,,
15131,2026-07-17T06:25:00+00:00,OB_CROSSED_AFTER_TOUCH,,,77.0,,,,,100.0,,,,,,,,,,,,,,,,,,,,,,,
15132,2026-07-17T06:30:00+00:00,SWEEP,bearish,4006.136,,,,,,,,,,,,,,,,,,,,,,,,,,,,,
15132,2026-07-17T06:30:00+00:00,OB_CROSSED_AFTER_TOUCH,,,77.0,,,,,100.0,,,,,,,,,,,,,,,,,,,,,,,
15133,2026-07-17T06:35:00+00:00,OB_CROSSED_AFTER_TOUCH,,,77.0,,,,,100.0,,,,,,,,,,,,,,,,,,,,,,,
15134,2026-07-17T06:40:00+00:00,OB_CROSSED_AFTER_TOUCH,,,77.0,,,,,100.0,,,,,,,,,,,,,,,,,,,,,,,
15135,2026-07-17T06:45:00+00:00,OB_CROSSED_AFTER_TOUCH,,,77.0,,,,,100.0,,,,,,,,,,,,,,,,,,,,,,,
15136,2026-07-17T06:50:00+00:00,OB_CROSSED_AFTER_TOUCH,,,77.0,,,,,100.0,,,,,,,,,,,,,,,,,,,,,,,
15137,2026-07-17T06:55:00+00:00,OB_CROSSED_AFTER_TOUCH,,,77.0,,,,,100.0,,,,,,,,,,,,,,,,,,,,,,,
15138,2026-07-17T07:00:00+00:00,OB_CROSSED_AFTER_TOUCH,,,77.0,,,,,100.0,,,,,,,,,,,,,,,,,,,,,,,
15139,2026-07-17T07:05:00+00:00,OB_CROSSED_AFTER_TOUCH,,,77.0,,,,,100.0,,,,,,,,,,,,,,,,,,,,,,,
15140,2026-07-17T07:10:00+00:00,OB_CROSSED_AFTER_TOUCH,,,77.0,,,,,100.0,,,,,,,,,,,,,,,,,,,,,,,
15141,2026-07-17T07:15:00+00:00,OB_CROSSED_AFTER_TOUCH,,,77.0,,,,,100.0,,,,,,,,,,,,,,,,,,,,,,,
15142,2026-07-17T07:20:00+00:00,OB_CROSSED_AFTER_TOUCH,,,77.0,,,,,100.0,,,,,,,,,,,,,,,,,,,,,,,
15143,2026-07-17T07:25:00+00:00,OB_CROSSED_AFTER_TOUCH,,,77.0,,,,,100.0,,,,,,,,,,,,,,,,,,,,,,,
15144,2026-07-17T07:30:00+00:00,OB_CROSSED_AFTER_TOUCH,,,77.0,,,,,100.0,,,,,,,,,,,,,,,,,,,,,,,
15145,2026-07-17T07:35:00+00:00,OB_CROSSED_AFTER_TOUCH,,,77.0,,,,,100.0,,,,,,,,,,,,,,,,,,,,,,,
15146,2026-07-17T07:40:00+00:00,OB_CROSSED_AFTER_TOUCH,,,77.0,,,,,100.0,,,,,,,,,,,,,,,,,,,,,,,
15147,2026-07-17T07:45:00+00:00,OB_CROSSED_AFTER_TOUCH,,,77.0,,,,,100.0,,,,,,,,,,,,,,,,,,,,,,,
15148,2026-07-17T07:50:00+00:00,OB_CROSSED_AFTER_TOUCH,,,77.0,,,,,100.0,,,,,,,,,,,,,,,,,,,,,,,
15149,2026-07-17T07:55:00+00:00,WAIT_MTF_CONTEXT,,,77.0,,,,,,neutral,neutral,neutral,0.0,,,,,,,,,,,,,,,,,,,
15149,2026-07-17T07:55:00+00:00,OB_TOUCH,,,78.0,,,,,4.9395161290304745,,,,,,,,,,,,,,,,,,,,,,,
15149,2026-07-17T07:55:00+00:00,WAIT_MTF_CONTEXT,,,78.0,,,,,,neutral,neutral,neutral,0.0,,,,,,,,,,,,,,,,,,,
15150,2026-07-17T08:00:00+00:00,SWEEP,bullish,3992.604,,,,,,,,,,,,,,,,,,,,,,,,,,,,,
15150,2026-07-17T08:00:00+00:00,OB_CROSSED_AFTER_TOUCH,,,77.0,,,,,100.0,,,,,,,,,,,,,,,,,,,,,,,
15150,2026-07-17T08:00:00+00:00,WAIT_MTF_CONTEXT,,,78.0,,,,,,neutral,neutral,neutral,0.0,,,,,,,,,,,,,,,,,,,
15151,2026-07-17T08:05:00+00:00,OB_CROSSED_AFTER_TOUCH,,,77.0,,,,,100.0,,,,,,,,,,,,,,,,,,,,,,,
15151,2026-07-17T08:05:00+00:00,WAIT_MTF_CONTEXT,,,78.0,,,,,,neutral,neutral,neutral,0.0,,,,,,,,,,,,,,,,,,,
15152,2026-07-17T08:10:00+00:00,SWEEP,bullish,3992.248,,,,,,,,,,,,,,,,,,,,,,,,,,,,,
15152,2026-07-17T08:10:00+00:00,WAIT_MTF_CONTEXT,,,77.0,,,,,,neutral,neutral,neutral,0.0,,,,,,,,,,,,,,,,,,,
15152,2026-07-17T08:10:00+00:00,WAIT_MTF_CONTEXT,,,78.0,,,,,,neutral,neutral,neutral,0.0,,,,,,,,,,,,,,,,,,,
15153,2026-07-17T08:15:00+00:00,WAIT_MTF_CONTEXT,,,77.0,,,,,,neutral,neutral,neutral,0.0,,,,,,,,,,,,,,,,,,,
15153,2026-07-17T08:15:00+00:00,WAIT_MTF_CONTEXT,,,78.0,,,,,,neutral,neutral,neutral,0.0,,,,,,,,,,,,,,,,,,,
15154,2026-07-17T08:20:00+00:00,WAIT_MTF_CONTEXT,,,77.0,,,,,,neutral,neutral,neutral,0.0,,,,,,,,,,,,,,,,,,,
15154,2026-07-17T08:20:00+00:00,WAIT_MTF_CONTEXT,,,78.0,,,,,,neutral,neutral,neutral,0.0,,,,,,,,,,,,,,,,,,,
15155,2026-07-17T08:25:00+00:00,SWEEP,bullish,3989.216,,,,,,,,,,,,,,,,,,,,,,,,,,,,,
15155,2026-07-17T08:25:00+00:00,WAIT_MTF_CONTEXT,,,77.0,,,,,,neutral,neutral,neutral,0.0,,,,,,,,,,,,,,,,,,,
15155,2026-07-17T08:25:00+00:00,WAIT_MTF_CONTEXT,,,78.0,,,,,,neutral,neutral,neutral,0.0,,,,,,,,,,,,,,,,,,,
15156,2026-07-17T08:30:00+00:00,WAIT_MTF_CONTEXT,,,77.0,,,,,,neutral,neutral,neutral,0.0,,,,,,,,,,,,,,,,,,,
15156,2026-07-17T08:30:00+00:00,WAIT_MTF_CONTEXT,,,78.0,,,,,,neutral,neutral,neutral,0.0,,,,,,,,,,,,,,,,,,,
15157,2026-07-17T08:35:00+00:00,SWEEP,bullish,3988.036,,,,,,,,,,,,,,,,,,,,,,,,,,,,,
15157,2026-07-17T08:35:00+00:00,WAIT_MTF_CONTEXT,,,77.0,,,,,,neutral,neutral,neutral,0.0,,,,,,,,,,,,,,,,,,,
15157,2026-07-17T08:35:00+00:00,WAIT_MTF_CONTEXT,,,78.0,,,,,,neutral,neutral,neutral,0.0,,,,,,,,,,,,,,,,,,,
15158,2026-07-17T08:40:00+00:00,OB_CROSSED_AFTER_TOUCH,,,77.0,,,,,100.0,,,,,,,,,,,,,,,,,,,,,,,
15158,2026-07-17T08:40:00+00:00,WAIT_MTF_CONTEXT,,,78.0,,,,,,neutral,neutral,neutral,0.0,,,,,,,,,,,,,,,,,,,
15159,2026-07-17T08:45:00+00:00,OB_CROSSED_AFTER_TOUCH,,,77.0,,,,,100.0,,,,,,,,,,,,,,,,,,,,,,,
15159,2026-07-17T08:45:00+00:00,WAIT_MTF_CONTEXT,,,78.0,,,,,,neutral,neutral,neutral,0.0,,,,,,,,,,,,,,,,,,,
15160,2026-07-17T08:50:00+00:00,OB_CROSSED_AFTER_TOUCH,,,77.0,,,,,100.0,,,,,,,,,,,,,,,,,,,,,,,
15160,2026-07-17T08:50:00+00:00,WAIT_MTF_CONTEXT,,,78.0,,,,,,neutral,neutral,neutral,0.0,,,,,,,,,,,,,,,,,,,
15161,2026-07-17T08:55:00+00:00,OB_CROSSED_AFTER_TOUCH,,,77.0,,,,,100.0,,,,,,,,,,,,,,,,,,,,,,,
15161,2026-07-17T08:55:00+00:00,WAIT_MTF_CONTEXT,,,78.0,,,,,,neutral,neutral,neutral,0.0,,,,,,,,,,,,,,,,,,,
15162,2026-07-17T09:00:00+00:00,OB_CROSSED_AFTER_TOUCH,,,77.0,,,,,100.0,,,,,,,,,,,,,,,,,,,,,,,
15162,2026-07-17T09:00:00+00:00,WAIT_MTF_CONTEXT,,,78.0,,,,,,neutral,neutral,neutral,0.0,,,,,,,,,,,,,,,,,,,
15163,2026-07-17T09:05:00+00:00,OB_CROSSED_AFTER_TOUCH,,,77.0,,,,,100.0,,,,,,,,,,,,,,,,,,,,,,,
15163,2026-07-17T09:05:00+00:00,WAIT_MTF_CONTEXT,,,78.0,,,,,,neutral,neutral,neutral,0.0,,,,,,,,,,,,,,,,,,,
15164,2026-07-17T09:10:00+00:00,OB_CROSSED_AFTER_TOUCH,,,77.0,,,,,100.0,,,,,,,,,,,,,,,,,,,,,,,
15164,2026-07-17T09:10:00+00:00,WAIT_MTF_CONTEXT,,,78.0,,,,,,neutral,neutral,neutral,0.0,,,,,,,,,,,,,,,,,,,
15165,2026-07-17T09:15:00+00:00,OB_CROSSED_AFTER_TOUCH,,,77.0,,,,,100.0,,,,,,,,,,,,,,,,,,,,,,,
15165,2026-07-17T09:15:00+00:00,WAIT_MTF_CONTEXT,,,78.0,,,,,,neutral,neutral,neutral,0.0,,,,,,,,,,,,,,,,,,,
15166,2026-07-17T09:20:00+00:00,OB_CROSSED_AFTER_TOUCH,,,77.0,,,,,100.0,,,,,,,,,,,,,,,,,,,,,,,
15166,2026-07-17T09:20:00+00:00,WAIT_MTF_CONTEXT,,,78.0,,,,,,neutral,neutral,neutral,0.0,,,,,,,,,,,,,,,,,,,
15167,2026-07-17T09:25:00+00:00,SWEEP,bearish,4002.407,,,,,,,,,,,,,,,,,,,,,,,,,,,,,
15167,2026-07-17T09:25:00+00:00,OB_CROSSED_AFTER_TOUCH,,,77.0,,,,,100.0,,,,,,,,,,,,,,,,,,,,,,,
15167,2026-07-17T09:25:00+00:00,WAIT_MTF_CONTEXT,,,78.0,,,,,,neutral,neutral,neutral,0.0,,,,,,,,,,,,,,,,,,,
15168,2026-07-17T09:30:00+00:00,OB_CROSSED_AFTER_TOUCH,,,77.0,,,,,100.0,,,,,,,,,,,,,,,,,,,,,,,
15168,2026-07-17T09:30:00+00:00,WAIT_MTF_CONTEXT,,,78.0,,,,,,neutral,neutral,neutral,0.0,,,,,,,,,,,,,,,,,,,
15169,2026-07-17T09:35:00+00:00,OB_CROSSED_AFTER_TOUCH,,,77.0,,,,,100.0,,,,,,,,,,,,,,,,,,,,,,,
15169,2026-07-17T09:35:00+00:00,WAIT_MTF_CONTEXT,,,78.0,,,,,,neutral,neutral,neutral,0.0,,,,,,,,,,,,,,,,,,,
15170,2026-07-17T09:40:00+00:00,OB_CROSSED_AFTER_TOUCH,,,77.0,,,,,100.0,,,,,,,,,,,,,,,,,,,,,,,
15170,2026-07-17T09:40:00+00:00,WAIT_MTF_CONTEXT,,,78.0,,,,,,neutral,neutral,neutral,0.0,,,,,,,,,,,,,,,,,,,
15171,2026-07-17T09:45:00+00:00,OB_CROSSED_AFTER_TOUCH,,,77.0,,,,,100.0,,,,,,,,,,,,,,,,,,,,,,,
15171,2026-07-17T09:45:00+00:00,WAIT_MTF_CONTEXT,,,78.0,,,,,,neutral,neutral,neutral,0.0,,,,,,,,,,,,,,,,,,,
15172,2026-07-17T09:50:00+00:00,OB_CROSSED_AFTER_TOUCH,,,77.0,,,,,100.0,,,,,,,,,,,,,,,,,,,,,,,
15172,2026-07-17T09:50:00+00:00,WAIT_MTF_CONTEXT,,,78.0,,,,,,neutral,neutral,neutral,0.0,,,,,,,,,,,,,,,,,,,
15173,2026-07-17T09:55:00+00:00,OB_EXPIRED,,,77.0,,,,,,,,,,101.0,,,,,,,,,,,,,,,,,,
15173,2026-07-17T09:55:00+00:00,WAIT_MTF_CONTEXT,,,78.0,,,,,,neutral,neutral,neutral,0.0,,,,,,,,,,,,,,,,,,,
15174,2026-07-17T10:00:00+00:00,WAIT_MTF_CONTEXT,,,78.0,,,,,,neutral,neutral,neutral,0.0,,,,,,,,,,,,,,,,,,,
15175,2026-07-17T10:05:00+00:00,WAIT_MTF_CONTEXT,,,78.0,,,,,,neutral,neutral,neutral,0.0,,,,,,,,,,,,,,,,,,,
15176,2026-07-17T10:10:00+00:00,WAIT_MTF_CONTEXT,,,78.0,,,,,,neutral,neutral,neutral,0.0,,,,,,,,,,,,,,,,,,,
15186,2026-07-17T11:00:00+00:00,REVERSAL_INSIDE_OB,,,78.0,,,,,13.870967741929539,,,,,,,,,,,,,,,,,,,,,,,
15186,2026-07-17T11:00:00+00:00,WAIT_MICRO_BOS,,,78.0,,,,,,,,,,,normal_reversal_inside_ob,,,,,,,,,,,,,,,,,
15187,2026-07-17T11:05:00+00:00,SWEEP,bullish,3990.294,,,,,,,,,,,,,,,,,,,,,,,,,,,,,
15188,2026-07-17T11:10:00+00:00,REVERSAL_INSIDE_OB,,,78.0,,,,,25.04032258064192,,,,,,,,,,,,,,,,,,,,,,,
15188,2026-07-17T11:10:00+00:00,WAIT_MICRO_BOS,,,78.0,,,,,,,,,,,normal_reversal_inside_ob,,,,,,,,,,,,,,,,,
15189,2026-07-17T11:15:00+00:00,SWEEP,bullish,3990.132,,,,,,,,,,,,,,,,,,,,,,,,,,,,,
15199,2026-07-17T12:05:00+00:00,SWEEP,bullish,3989.766,,,,,,,,,,,,,,,,,,,,,,,,,,,,,
15199,2026-07-17T12:05:00+00:00,REVERSAL_INSIDE_OB,,,78.0,,,,,42.70161290322816,,,,,,,,,,,,,,,,,,,,,,,
15199,2026-07-17T12:05:00+00:00,WAIT_MICRO_BOS,,,78.0,,,,,,,,,,,normal_reversal_inside_ob,,,,,,,,,,,,,,,,,
15201,2026-07-17T12:15:00+00:00,REVERSAL_INSIDE_OB,,,78.0,,,,,29.657258064509534,,,,,,,,,,,,,,,,,,,,,,,
15201,2026-07-17T12:15:00+00:00,WAIT_MICRO_BOS,,,78.0,,,,,,,,,,,normal_reversal_inside_ob,,,,,,,,,,,,,,,,,
15202,2026-07-17T12:20:00+00:00,OB_CROSSED_AFTER_TOUCH,,,78.0,,,,,100.0,,,,,,,,,,,,,,,,,,,,,,,
15203,2026-07-17T12:25:00+00:00,OB_CROSSED_AFTER_TOUCH,,,78.0,,,,,100.0,,,,,,,,,,,,,,,,,,,,,,,
15204,2026-07-17T12:30:00+00:00,OB_CROSSED_AFTER_TOUCH,,,78.0,,,,,100.0,,,,,,,,,,,,,,,,,,,,,,,
15205,2026-07-17T12:35:00+00:00,OB_CROSSED_AFTER_TOUCH,,,78.0,,,,,100.0,,,,,,,,,,,,,,,,,,,,,,,
15206,2026-07-17T12:40:00+00:00,OB_CROSSED_AFTER_TOUCH,,,78.0,,,,,100.0,,,,,,,,,,,,,,,,,,,,,,,
15207,2026-07-17T12:45:00+00:00,SWEEP,bullish,3965.34,,,,,,,,,,,,,,,,,,,,,,,,,,,,,
15207,2026-07-17T12:45:00+00:00,OB_CROSSED_AFTER_TOUCH,,,78.0,,,,,100.0,,,,,,,,,,,,,,,,,,,,,,,
15208,2026-07-17T12:50:00+00:00,SWEEP,bullish,3965.181,,,,,,,,,,,,,,,,,,,,,,,,,,,,,
15208,2026-07-17T12:50:00+00:00,OB_CROSSED_AFTER_TOUCH,,,78.0,,,,,100.0,,,,,,,,,,,,,,,,,,,,,,,
15209,2026-07-17T12:55:00+00:00,OB_CROSSED_AFTER_TOUCH,,,78.0,,,,,100.0,,,,,,,,,,,,,,,,,,,,,,,
15210,2026-07-17T13:00:00+00:00,SWEEP,bullish,3963.871,,,,,,,,,,,,,,,,,,,,,,,,,,,,,
15210,2026-07-17T13:00:00+00:00,OB_CROSSED_AFTER_TOUCH,,,78.0,,,,,100.0,,,,,,,,,,,,,,,,,,,,,,,
15211,2026-07-17T13:05:00+00:00,OB_CROSSED_AFTER_TOUCH,,,78.0,,,,,100.0,,,,,,,,,,,,,,,,,,,,,,,
15212,2026-07-17T13:10:00+00:00,OB_CROSSED_AFTER_TOUCH,,,78.0,,,,,100.0,,,,,,,,,,,,,,,,,,,,,,,
15213,2026-07-17T13:15:00+00:00,OB_CROSSED_AFTER_TOUCH,,,78.0,,,,,100.0,,,,,,,,,,,,,,,,,,,,,,,
15214,2026-07-17T13:20:00+00:00,OB_CROSSED_AFTER_TOUCH,,,78.0,,,,,100.0,,,,,,,,,,,,,,,,,,,,,,,
15215,2026-07-17T13:25:00+00:00,OB_CROSSED_AFTER_TOUCH,,,78.0,,,,,100.0,,,,,,,,,,,,,,,,,,,,,,,
15216,2026-07-17T13:30:00+00:00,OB_CROSSED_AFTER_TOUCH,,,78.0,,,,,100.0,,,,,,,,,,,,,,,,,,,,,,,
15217,2026-07-17T13:35:00+00:00,SWEEP,bearish,3998.687,,,,,,,,,,,,,,,,,,,,,,,,,,,,,
15217,2026-07-17T13:35:00+00:00,WAIT_MTF_CONTEXT,,,78.0,,,,,,neutral,neutral,neutral,0.0,,,,,,,,,,,,,,,,,,,
15216,2026-07-17T13:30:00+00:00,OB_FORMED,bullish,,79.0,3963.558,3972.314,87.9,"{'body': 16.23, 'fvg': 7.74, 'sweep': 13.18, 'break': 29.49, 'ob_size': 11.25, 'adjacency': 10}",,,,,,,,,,,,,,,,,,,,,,,,
15218,2026-07-17T13:40:00+00:00,OB_CROSSED_AFTER_TOUCH,,,78.0,,,,,100.0,,,,,,,,,,,,,,,,,,,,,,,
15219,2026-07-17T13:45:00+00:00,WAIT_MTF_CONTEXT,,,78.0,,,,,,neutral,neutral,neutral,0.0,,,,,,,,,,,,,,,,,,,
15220,2026-07-17T13:50:00+00:00,WAIT_MTF_CONTEXT,,,78.0,,,,,,neutral,neutral,neutral,0.0,,,,,,,,,,,,,,,,,,,
15221,2026-07-17T13:55:00+00:00,WAIT_MTF_CONTEXT,,,78.0,,,,,,neutral,neutral,neutral,0.0,,,,,,,,,,,,,,,,,,,
15222,2026-07-17T14:00:00+00:00,WAIT_MTF_CONTEXT,,,78.0,,,,,,neutral,neutral,bearish,23.08,,,,,,,,,,,,,,,,,,,
15223,2026-07-17T14:05:00+00:00,WAIT_MTF_CONTEXT,,,78.0,,,,,,neutral,neutral,bearish,23.08,,,,,,,,,,,,,,,,,,,
15224,2026-07-17T14:10:00+00:00,WAIT_MTF_CONTEXT,,,78.0,,,,,,neutral,neutral,bearish,23.08,,,,,,,,,,,,,,,,,,,
15225,2026-07-17T14:15:00+00:00,WAIT_MTF_CONTEXT,,,78.0,,,,,,neutral,neutral,bearish,23.08,,,,,,,,,,,,,,,,,,,
15226,2026-07-17T14:20:00+00:00,SWEEP,bearish,4003.715,,,,,,,,,,,,,,,,,,,,,,,,,,,,,
15226,2026-07-17T14:20:00+00:00,WAIT_MTF_CONTEXT,,,78.0,,,,,,neutral,neutral,bearish,23.08,,,,,,,,,,,,,,,,,,,
15227,2026-07-17T14:25:00+00:00,WAIT_MTF_CONTEXT,,,78.0,,,,,,neutral,neutral,bearish,23.08,,,,,,,,,,,,,,,,,,,
15228,2026-07-17T14:30:00+00:00,OB_EXPIRED,,,78.0,,,,,,,,,,101.0,,,,,,,,,,,,,,,,,,
15235,2026-07-17T15:05:00+00:00,SWEEP,bearish,4013.792,,,,,,,,,,,,,,,,,,,,,,,,,,,,,
15240,2026-07-17T15:30:00+00:00,SWEEP,bearish,4014.044,,,,,,,,,,,,,,,,,,,,,,,,,,,,,
15241,2026-07-17T15:35:00+00:00,SWEEP,bearish,4016.3,,,,,,,,,,,,,,,,,,,,,,,,,,,,,
15243,2026-07-17T15:45:00+00:00,SWEEP,bearish,4016.378,,,,,,,,,,,,,,,,,,,,,,,,,,,,,
15249,2026-07-17T16:15:00+00:00,SWEEP,bearish,4021.235,,,,,,,,,,,,,,,,,,,,,,,,,,,,,
15265,2026-07-17T17:35:00+00:00,SWEEP,bullish,4010.693,,,,,,,,,,,,,,,,,,,,,,,,,,,,,
15266,2026-07-17T17:40:00+00:00,SWEEP,bullish,4010.023,,,,,,,,,,,,,,,,,,,,,,,,,,,,,
15270,2026-07-17T18:00:00+00:00,SWEEP,bullish,4008.277,,,,,,,,,,,,,,,,,,,,,,,,,,,,,
15278,2026-07-17T18:40:00+00:00,SWEEP,bullish,4007.543,,,,,,,,,,,,,,,,,,,,,,,,,,,,,
15279,2026-07-17T18:45:00+00:00,SWEEP,bullish,4006.984,,,,,,,,,,,,,,,,,,,,,,,,,,,,,
15284,2026-07-17T19:10:00+00:00,SWEEP,bullish,4004.781,,,,,,,,,,,,,,,,,,,,,,,,,,,,,
15293,2026-07-17T19:55:00+00:00,SWEEP,bearish,4016.18,,,,,,,,,,,,,,,,,,,,,,,,,,,,,
15303,2026-07-17T20:45:00+00:00,SWEEP,bearish,4016.573,,,,,,,,,,,,,,,,,,,,,,,,,,,,,
15304,2026-07-17T20:50:00+00:00,SWEEP,bearish,4017.332,,,,,,,,,,,,,,,,,,,,,,,,,,,,,
15305,2026-07-17T20:55:00+00:00,SWEEP,bearish,4018.472,,,,,,,,,,,,,,,,,,,,,,,,,,,,,
15311,2026-07-19T22:25:00+00:00,SWEEP,bullish,3994.739,,,,,,,,,,,,,,,,,,,,,,,,,,,,,
15312,2026-07-19T22:30:00+00:00,SWEEP,bullish,3994.735,,,,,,,,,,,,,,,,,,,,,,,,,,,,,
15317,2026-07-19T22:55:00+00:00,OB_EXPIRED,,,79.0,,,,,,,,,,101.0,,,,,,,,,,,,,,,,,,
15318,2026-07-19T23:00:00+00:00,SWEEP,bullish,3993.278,,,,,,,,,,,,,,,,,,,,,,,,,,,,,
15322,2026-07-19T23:20:00+00:00,SWEEP,bullish,3990.637,,,,,,,,,,,,,,,,,,,,,,,,,,,,,
15326,2026-07-19T23:40:00+00:00,SWEEP,bullish,3990.303,,,,,,,,,,,,,,,,,,,,,,,,,,,,,
15327,2026-07-19T23:45:00+00:00,SWEEP,bullish,3989.809,,,,,,,,,,,,,,,,,,,,,,,,,,,,,
15337,2026-07-20T00:35:00+00:00,SWEEP,bearish,4005.755,,,,,,,,,,,,,,,,,,,,,,,,,,,,,
15344,2026-07-20T01:10:00+00:00,SWEEP,bearish,4016.989,,,,,,,,,,,,,,,,,,,,,,,,,,,,,
15389,2026-07-20T04:55:00+00:00,SWEEP,bullish,4018.789,,,,,,,,,,,,,,,,,,,,,,,,,,,,,
15394,2026-07-20T05:20:00+00:00,SWEEP,bullish,4011.757,,,,,,,,,,,,,,,,,,,,,,,,,,,,,
15397,2026-07-20T05:35:00+00:00,SWEEP,bullish,4009.784,,,,,,,,,,,,,,,,,,,,,,,,,,,,,
15400,2026-07-20T05:50:00+00:00,SWEEP,bullish,4005.498,,,,,,,,,,,,,,,,,,,,,,,,,,,,,
15408,2026-07-20T06:30:00+00:00,SWEEP,bullish,4003.729,,,,,,,,,,,,,,,,,,,,,,,,,,,,,
15414,2026-07-20T07:00:00+00:00,SWEEP,bullish,4002.859,,,,,,,,,,,,,,,,,,,,,,,,,,,,,
15419,2026-07-20T07:25:00+00:00,OB_FORMED,bullish,,80.0,4003.273,4008.365,94.51,"{'body': 19.71, 'fvg': 18.62, 'sweep': 23.36, 'break': 12.55, 'ob_size': 10.26, 'adjacency': 10}",,,,,,,,,,,,,,,,,,,,,,,,
15423,2026-07-20T07:45:00+00:00,SWEEP,bearish,4021.101,,,,,,,,,,,,,,,,,,,,,,,,,,,,,
15429,2026-07-20T08:15:00+00:00,SWEEP,bearish,4025.532,,,,,,,,,,,,,,,,,,,,,,,,,,,,,
15444,2026-07-20T09:30:00+00:00,SWEEP,bullish,4015.021,,,,,,,,,,,,,,,,,,,,,,,,,,,,,
15456,2026-07-20T10:30:00+00:00,SWEEP,bearish,4023.361,,,,,,,,,,,,,,,,,,,,,,,,,,,,,
15462,2026-07-20T11:00:00+00:00,SWEEP,bearish,4025.791,,,,,,,,,,,,,,,,,,,,,,,,,,,,,
15476,2026-07-20T12:10:00+00:00,SWEEP,bullish,4012.162,,,,,,,,,,,,,,,,,,,,,,,,,,,,,
15477,2026-07-20T12:15:00+00:00,SWEEP,bullish,4011.323,,,,,,,,,,,,,,,,,,,,,,,,,,,,,
15478,2026-07-20T12:20:00+00:00,OB_TOUCH,,,80.0,,,,,6.304006284366362,,,,,,,,,,,,,,,,,,,,,,,
15482,2026-07-20T12:40:00+00:00,SWEEP,bullish,4006.698,,,,,,,,,,,,,,,,,,,,,,,,,,,,,
15499,2026-07-20T14:05:00+00:00,OB_CROSSED_AFTER_TOUCH,,,80.0,,,,,100.0,,,,,,,,,,,,,,,,,,,,,,,
15500,2026-07-20T14:10:00+00:00,OB_CROSSED_AFTER_TOUCH,,,80.0,,,,,100.0,,,,,,,,,,,,,,,,,,,,,,,
15501,2026-07-20T14:15:00+00:00,OB_CROSSED_AFTER_TOUCH,,,80.0,,,,,100.0,,,,,,,,,,,,,,,,,,,,,,,
15502,2026-07-20T14:20:00+00:00,OB_CROSSED_AFTER_TOUCH,,,80.0,,,,,100.0,,,,,,,,,,,,,,,,,,,,,,,
15503,2026-07-20T14:25:00+00:00,REVERSAL_AFTER_OB_CROSS,,,80.0,,,,,32.050274941078584,,,,,,,,,,,,,,,,,,,,,,,
15503,2026-07-20T14:25:00+00:00,WAIT_REENTRY_DEPTH,,,80.0,,,,,32.050274941078584,,,,,,,70.0,,,,,,,,,,,,,,,,
15504,2026-07-20T14:30:00+00:00,WAIT_MTF_CONTEXT,,,80.0,,,,,,neutral,bullish,bearish,30.77,,,,,,,,,,,,,,,,,,,
15505,2026-07-20T14:35:00+00:00,WAIT_MTF_CONTEXT,,,80.0,,,,,,neutral,bullish,bearish,30.77,,,,,,,,,,,,,,,,,,,
15506,2026-07-20T14:40:00+00:00,WAIT_MTF_CONTEXT,,,80.0,,,,,,neutral,bullish,bearish,30.77,,,,,,,,,,,,,,,,,,,
15507,2026-07-20T14:45:00+00:00,WAIT_MTF_CONTEXT,,,80.0,,,,,,neutral,bullish,bearish,30.77,,,,,,,,,,,,,,,,,,,
15508,2026-07-20T14:50:00+00:00,WAIT_MTF_CONTEXT,,,80.0,,,,,,neutral,bullish,bearish,30.77,,,,,,,,,,,,,,,,,,,
15509,2026-07-20T14:55:00+00:00,WAIT_MTF_CONTEXT,,,80.0,,,,,,neutral,bullish,bearish,30.77,,,,,,,,,,,,,,,,,,,
15510,2026-07-20T15:00:00+00:00,WAIT_MTF_CONTEXT,,,80.0,,,,,,neutral,bullish,bearish,30.77,,,,,,,,,,,,,,,,,,,
15511,2026-07-20T15:05:00+00:00,WAIT_MTF_CONTEXT,,,80.0,,,,,,neutral,bullish,bearish,30.77,,,,,,,,,,,,,,,,,,,
15512,2026-07-20T15:10:00+00:00,WAIT_MTF_CONTEXT,,,80.0,,,,,,neutral,bullish,bearish,30.77,,,,,,,,,,,,,,,,,,,
15513,2026-07-20T15:15:00+00:00,WAIT_MTF_CONTEXT,,,80.0,,,,,,neutral,bullish,bearish,30.77,,,,,,,,,,,,,,,,,,,
15514,2026-07-20T15:20:00+00:00,WAIT_MTF_CONTEXT,,,80.0,,,,,,neutral,bullish,bearish,30.77,,,,,,,,,,,,,,,,,,,
15515,2026-07-20T15:25:00+00:00,WAIT_MTF_CONTEXT,,,80.0,,,,,,neutral,bullish,bearish,30.77,,,,,,,,,,,,,,,,,,,
15516,2026-07-20T15:30:00+00:00,WAIT_MTF_CONTEXT,,,80.0,,,,,,neutral,bullish,bearish,30.77,,,,,,,,,,,,,,,,,,,
15517,2026-07-20T15:35:00+00:00,WAIT_MTF_CONTEXT,,,80.0,,,,,,neutral,bullish,bearish,30.77,,,,,,,,,,,,,,,,,,,
15518,2026-07-20T15:40:00+00:00,WAIT_MTF_CONTEXT,,,80.0,,,,,,neutral,bullish,bearish,30.77,,,,,,,,,,,,,,,,,,,
15519,2026-07-20T15:45:00+00:00,WAIT_MTF_CONTEXT,,,80.0,,,,,,neutral,bullish,bearish,30.77,,,,,,,,,,,,,,,,,,,
15520,2026-07-20T15:50:00+00:00,OB_EXPIRED,,,80.0,,,,,,,,,,101.0,,,,,,,,,,,,,,,,,,
15530,2026-07-20T16:40:00+00:00,SWEEP,bullish,4004.317,,,,,,,,,,,,,,,,,,,,,,,,,,,,,
15586,2026-07-20T22:20:00+00:00,SWEEP,bullish,4005.308,,,,,,,,,,,,,,,,,,,,,,,,,,,,,
15587,2026-07-20T22:25:00+00:00,SWEEP,bearish,4010.108,,,,,,,,,,,,,,,,,,,,,,,,,,,,,
15593,2026-07-20T22:55:00+00:00,SWEEP,bullish,3999.904,,,,,,,,,,,,,,,,,,,,,,,,,,,,,
15611,2026-07-21T00:25:00+00:00,SWEEP,bearish,4017.655,,,,,,,,,,,,,,,,,,,,,,,,,,,,,
15616,2026-07-21T00:50:00+00:00,SWEEP,bearish,4025.001,,,,,,,,,,,,,,,,,,,,,,,,,,,,,
15620,2026-07-21T01:10:00+00:00,SWEEP,bearish,4029.138,,,,,,,,,,,,,,,,,,,,,,,,,,,,,
15655,2026-07-21T04:05:00+00:00,SWEEP,bearish,4051.545,,,,,,,,,,,,,,,,,,,,,,,,,,,,,
15669,2026-07-21T05:15:00+00:00,SWEEP,bearish,4052.05,,,,,,,,,,,,,,,,,,,,,,,,,,,,,
15675,2026-07-21T05:45:00+00:00,SWEEP,bearish,4066.621,,,,,,,,,,,,,,,,,,,,,,,,,,,,,
15681,2026-07-21T06:15:00+00:00,SWEEP,bearish,4072.498,,,,,,,,,,,,,,,,,,,,,,,,,,,,,
15684,2026-07-21T06:30:00+00:00,SWEEP,bearish,4074.557,,,,,,,,,,,,,,,,,,,,,,,,,,,,,
15685,2026-07-21T06:35:00+00:00,SWEEP,bearish,4074.656,,,,,,,,,,,,,,,,,,,,,,,,,,,,,
15703,2026-07-21T08:05:00+00:00,SWEEP,bullish,4066.186,,,,,,,,,,,,,,,,,,,,,,,,,,,,,
15709,2026-07-21T08:35:00+00:00,SWEEP,bullish,4061.752,,,,,,,,,,,,,,,,,,,,,,,,,,,,,
15712,2026-07-21T08:50:00+00:00,SWEEP,bullish,4059.303,,,,,,,,,,,,,,,,,,,,,,,,,,,,,
15733,2026-07-21T10:35:00+00:00,SWEEP,bearish,4069.858,,,,,,,,,,,,,,,,,,,,,,,,,,,,,
15739,2026-07-21T11:05:00+00:00,SWEEP,bullish,4056.296,,,,,,,,,,,,,,,,,,,,,,,,,,,,,
15747,2026-07-21T11:45:00+00:00,SWEEP,bullish,4055.33,,,,,,,,,,,,,,,,,,,,,,,,,,,,,
15753,2026-07-21T12:15:00+00:00,OB_FORMED,bullish,,81.0,4055.537,4060.268,76.09,"{'body': 16.7, 'fvg': 1.73, 'sweep': 25.0, 'break': 11.67, 'ob_size': 11.0, 'adjacency': 10}",,,,,,,,,,,,,,,,,,,,,,,,
15756,2026-07-21T12:30:00+00:00,OB_TOUCH,,,81.0,,,,,16.867469879522126,,,,,,,,,,,,,,,,,,,,,,,
15757,2026-07-21T12:35:00+00:00,SWEEP,bullish,4054.285,,,,,,,,,,,,,,,,,,,,,,,,,,,,,
15757,2026-07-21T12:35:00+00:00,OB_CROSSED_AFTER_TOUCH,,,81.0,,,,,100.0,,,,,,,,,,,,,,,,,,,,,,,
15758,2026-07-21T12:40:00+00:00,SWEEP,bullish,4053.651,,,,,,,,,,,,,,,,,,,,,,,,,,,,,
15758,2026-07-21T12:40:00+00:00,OB_CROSSED_AFTER_TOUCH,,,81.0,,,,,100.0,,,,,,,,,,,,,,,,,,,,,,,
15759,2026-07-21T12:45:00+00:00,REVERSAL_AFTER_OB_CROSS,,,81.0,,,,,7.6093849080556,,,,,,,,,,,,,,,,,,,,,,,
15759,2026-07-21T12:45:00+00:00,WAIT_REENTRY_DEPTH,,,81.0,,,,,7.6093849080556,,,,,,,70.0,,,,,,,,,,,,,,,,
15760,2026-07-21T12:50:00+00:00,WAIT_MICRO_BOS,,,81.0,,,,,,,,,,,crossed_ob_reentry,,,,,,,,,,,,,,,,,
15761,2026-07-21T12:55:00+00:00,OB_CROSSED_AFTER_TOUCH,,,81.0,,,,,100.0,,,,,,,,,,,,,,,,,,,,,,,
15762,2026-07-21T13:00:00+00:00,REVERSAL_AFTER_OB_CROSS,,,81.0,,,,,69.92179243288602,,,,,,,,,,,,,,,,,,,,,,,
15762,2026-07-21T13:00:00+00:00,WAIT_REENTRY_DEPTH,,,81.0,,,,,69.92179243288602,,,,,,,70.0,,,,,,,,,,,,,,,,
15763,2026-07-21T13:05:00+00:00,REVERSAL_AFTER_OB_CROSS,,,81.0,,,,,54.787571337983024,,,,,,,,,,,,,,,,,,,,,,,
15763,2026-07-21T13:05:00+00:00,WAIT_REENTRY_DEPTH,,,81.0,,,,,54.787571337983024,,,,,,,70.0,,,,,,,,,,,,,,,,
15764,2026-07-21T13:10:00+00:00,REVERSAL_AFTER_OB_CROSS,,,81.0,,,,,11.794546607481855,,,,,,,,,,,,,,,,,,,,,,,
15764,2026-07-21T13:10:00+00:00,WAIT_REENTRY_DEPTH,,,81.0,,,,,11.794546607481855,,,,,,,70.0,,,,,,,,,,,,,,,,
15765,2026-07-21T13:15:00+00:00,WAIT_MICRO_BOS,,,81.0,,,,,,,,,,,crossed_ob_reentry,,,,,,,,,,,,,,,,,
15766,2026-07-21T13:20:00+00:00,OB_CROSSED_AFTER_TOUCH,,,81.0,,,,,100.0,,,,,,,,,,,,,,,,,,,,,,,
15767,2026-07-21T13:25:00+00:00,SWEEP,bullish,4050.962,,,,,,,,,,,,,,,,,,,,,,,,,,,,,
15767,2026-07-21T13:25:00+00:00,OB_CROSSED_AFTER_TOUCH,,,81.0,,,,,100.0,,,,,,,,,,,,,,,,,,,,,,,
15768,2026-07-21T13:30:00+00:00,SWEEP,bullish,4050.354,,,,,,,,,,,,,,,,,,,,,,,,,,,,,
15768,2026-07-21T13:30:00+00:00,REVERSAL_AFTER_OB_CROSS,,,81.0,,,,,94.75797928556256,,,,,,,,,,,,,,,,,,,,,,,
15768,2026-07-21T13:30:00+00:00,WAIT_MICRO_BOS,,,81.0,,,,,,,,,,,crossed_ob_reentry,,,,,,,,,,,,,,,,,
15769,2026-07-21T13:35:00+00:00,OB_CROSSED_AFTER_TOUCH,,,81.0,,,,,100.0,,,,,,,,,,,,,,,,,,,,,,,
15770,2026-07-21T13:40:00+00:00,OB_CROSSED_AFTER_TOUCH,,,81.0,,,,,100.0,,,,,,,,,,,,,,,,,,,,,,,
15771,2026-07-21T13:45:00+00:00,SWEEP,bullish,4044.549,,,,,,,,,,,,,,,,,,,,,,,,,,,,,
15771,2026-07-21T13:45:00+00:00,OB_CROSSED_AFTER_TOUCH,,,81.0,,,,,100.0,,,,,,,,,,,,,,,,,,,,,,,
15772,2026-07-21T13:50:00+00:00,OB_CROSSED_AFTER_TOUCH,,,81.0,,,,,100.0,,,,,,,,,,,,,,,,,,,,,,,
15773,2026-07-21T13:55:00+00:00,OB_CROSSED_AFTER_TOUCH,,,81.0,,,,,100.0,,,,,,,,,,,,,,,,,,,,,,,
15774,2026-07-21T14:00:00+00:00,REVERSAL_AFTER_OB_CROSS,,,81.0,,,,,82.37159162967134,,,,,,,,,,,,,,,,,,,,,,,
15774,2026-07-21T14:00:00+00:00,WAIT_MICRO_BOS,,,81.0,,,,,,,,,,,crossed_ob_reentry,,,,,,,,,,,,,,,,,
15775,2026-07-21T14:05:00+00:00,OB_CROSSED_AFTER_TOUCH,,,81.0,,,,,100.0,,,,,,,,,,,,,,,,,,,,,,,
15776,2026-07-21T14:10:00+00:00,WAIT_REENTRY_DEPTH,,,81.0,,,,,0.0,,,,,,,70.0,,,,,,,,,,,,,,,,
15777,2026-07-21T14:15:00+00:00,SWEEP,bearish,4066.016,,,,,,,,,,,,,,,,,,,,,,,,,,,,,
15775,2026-07-21T14:05:00+00:00,OB_FORMED,bullish,,82.0,4054.534,4059.292,78.74,"{'body': 21.29, 'fvg': 4.89, 'sweep': 15.81, 'break': 11.75, 'ob_size': 15.0, 'adjacency': 10}",,,,,,,,,,,,,,,,,,,,,,,,
15777,2026-07-21T14:15:00+00:00,WAIT_REENTRY_DEPTH,,,81.0,,,,,0.0,,,,,,,70.0,,,,,,,,,,,,,,,,
15778,2026-07-21T14:20:00+00:00,WAIT_REENTRY_DEPTH,,,81.0,,,,,0.0,,,,,,,70.0,,,,,,,,,,,,,,,,
15779,2026-07-21T14:25:00+00:00,WAIT_REENTRY_DEPTH,,,81.0,,,,,0.0,,,,,,,70.0,,,,,,,,,,,,,,,,
15780,2026-07-21T14:30:00+00:00,SWEEP,bearish,4069.473,,,,,,,,,,,,,,,,,,,,,,,,,,,,,
15777,2026-07-21T14:15:00+00:00,OB_FORMED,bullish,,83.0,4061.115,4067.668,79.98,"{'body': 18.92, 'fvg': 9.27, 'sweep': 25.0, 'break': 2.75, 'ob_size': 14.04, 'adjacency': 10}",,,,,,,,,,,,,,,,,,,,,,,,
15780,2026-07-21T14:30:00+00:00,WAIT_REENTRY_DEPTH,,,81.0,,,,,0.0,,,,,,,70.0,,,,,,,,,,,,,,,,
15780,2026-07-21T14:30:00+00:00,OB_TOUCH,,,83.0,,,,,13.3679230886641,,,,,,,,,,,,,,,,,,,,,,,
15781,2026-07-21T14:35:00+00:00,WAIT_REENTRY_DEPTH,,,81.0,,,,,0.0,,,,,,,70.0,,,,,,,,,,,,,,,,
15782,2026-07-21T14:40:00+00:00,WAIT_REENTRY_DEPTH,,,81.0,,,,,0.0,,,,,,,70.0,,,,,,,,,,,,,,,,
15782,2026-07-21T14:40:00+00:00,REVERSAL_INSIDE_OB,,,83.0,,,,,5.066381809862927,,,,,,,,,,,,,,,,,,,,,,,
15782,2026-07-21T14:40:00+00:00,ENTRY,bullish,,83.0,,,,,,neutral,bullish,neutral,30.77,,normal_reversal_inside_ob,,4.0,4067.336,4042.865035714286,4116.277928571428,2.0,79.98,BULLISH,5.066381809862927,15771.0,4044.496,retracement_swing,4061.741,False,,,
15783,2026-07-21T14:45:00+00:00,WAIT_MTF_CONTEXT,,,81.0,,,,,,neutral,bullish,bearish,30.77,,,,,,,,,,,,,,,,,,,
15784,2026-07-21T14:50:00+00:00,WAIT_MTF_CONTEXT,,,81.0,,,,,,neutral,bullish,bearish,30.77,,,,,,,,,,,,,,,,,,,
15785,2026-07-21T14:55:00+00:00,WAIT_MTF_CONTEXT,,,81.0,,,,,,neutral,bullish,bearish,30.77,,,,,,,,,,,,,,,,,,,
15786,2026-07-21T15:00:00+00:00,WAIT_MTF_CONTEXT,,,81.0,,,,,,neutral,bullish,bearish,30.77,,,,,,,,,,,,,,,,,,,
15787,2026-07-21T15:05:00+00:00,WAIT_MTF_CONTEXT,,,81.0,,,,,,neutral,bullish,bearish,30.77,,,,,,,,,,,,,,,,,,,
15788,2026-07-21T15:10:00+00:00,WAIT_MTF_CONTEXT,,,81.0,,,,,,neutral,bullish,bearish,30.77,,,,,,,,,,,,,,,,,,,
15789,2026-07-21T15:15:00+00:00,WAIT_MTF_CONTEXT,,,81.0,,,,,,neutral,bullish,bearish,30.77,,,,,,,,,,,,,,,,,,,
15790,2026-07-21T15:20:00+00:00,SWEEP,bearish,4078.655,,,,,,,,,,,,,,,,,,,,,,,,,,,,,
15790,2026-07-21T15:20:00+00:00,WAIT_MTF_CONTEXT,,,81.0,,,,,,neutral,bullish,bearish,30.77,,,,,,,,,,,,,,,,,,,
15791,2026-07-21T15:25:00+00:00,WAIT_MTF_CONTEXT,,,81.0,,,,,,neutral,bullish,bearish,30.77,,,,,,,,,,,,,,,,,,,
15792,2026-07-21T15:30:00+00:00,WAIT_MTF_CONTEXT,,,81.0,,,,,,neutral,bullish,bearish,30.77,,,,,,,,,,,,,,,,,,,
15793,2026-07-21T15:35:00+00:00,SWEEP,bearish,4082.964,,,,,,,,,,,,,,,,,,,,,,,,,,,,,
15793,2026-07-21T15:35:00+00:00,WAIT_MTF_CONTEXT,,,81.0,,,,,,neutral,bullish,bearish,30.77,,,,,,,,,,,,,,,,,,,
15794,2026-07-21T15:40:00+00:00,WAIT_MTF_CONTEXT,,,81.0,,,,,,neutral,bullish,bearish,30.77,,,,,,,,,,,,,,,,,,,
15795,2026-07-21T15:45:00+00:00,WAIT_MTF_CONTEXT,,,81.0,,,,,,neutral,bullish,bearish,30.77,,,,,,,,,,,,,,,,,,,
15796,2026-07-21T15:50:00+00:00,WAIT_MTF_CONTEXT,,,81.0,,,,,,neutral,bullish,bearish,30.77,,,,,,,,,,,,,,,,,,,
15797,2026-07-21T15:55:00+00:00,WAIT_MTF_CONTEXT,,,81.0,,,,,,neutral,bullish,bearish,30.77,,,,,,,,,,,,,,,,,,,
15798,2026-07-21T16:00:00+00:00,WAIT_MTF_CONTEXT,,,81.0,,,,,,neutral,bullish,bearish,30.77,,,,,,,,,,,,,,,,,,,
15799,2026-07-21T16:05:00+00:00,WAIT_MTF_CONTEXT,,,81.0,,,,,,neutral,bullish,bearish,30.77,,,,,,,,,,,,,,,,,,,
15800,2026-07-21T16:10:00+00:00,WAIT_MTF_CONTEXT,,,81.0,,,,,,neutral,bullish,bearish,30.77,,,,,,,,,,,,,,,,,,,
15801,2026-07-21T16:15:00+00:00,WAIT_MTF_CONTEXT,,,81.0,,,,,,neutral,bullish,bearish,30.77,,,,,,,,,,,,,,,,,,,
15802,2026-07-21T16:20:00+00:00,WAIT_MTF_CONTEXT,,,81.0,,,,,,neutral,bullish,bearish,30.77,,,,,,,,,,,,,,,,,,,
15803,2026-07-21T16:25:00+00:00,WAIT_MTF_CONTEXT,,,81.0,,,,,,neutral,bullish,bearish,30.77,,,,,,,,,,,,,,,,,,,
15804,2026-07-21T16:30:00+00:00,WAIT_REENTRY_DEPTH,,,81.0,,,,,0.0,,,,,,,70.0,,,,,,,,,,,,,,,,
15805,2026-07-21T16:35:00+00:00,WAIT_REENTRY_DEPTH,,,81.0,,,,,0.0,,,,,,,70.0,,,,,,,,,,,,,,,,
15806,2026-07-21T16:40:00+00:00,WAIT_REENTRY_DEPTH,,,81.0,,,,,0.0,,,,,,,70.0,,,,,,,,,,,,,,,,
15807,2026-07-21T16:45:00+00:00,WAIT_REENTRY_DEPTH,,,81.0,,,,,0.0,,,,,,,70.0,,,,,,,,,,,,,,,,
15808,2026-07-21T16:50:00+00:00,WAIT_REENTRY_DEPTH,,,81.0,,,,,0.0,,,,,,,70.0,,,,,,,,,,,,,,,,
15809,2026-07-21T16:55:00+00:00,WAIT_REENTRY_DEPTH,,,81.0,,,,,0.0,,,,,,,70.0,,,,,,,,,,,,,,,,
15810,2026-07-21T17:00:00+00:00,SWEEP,bullish,4069.969,,,,,,,,,,,,,,,,,,,,,,,,,,,,,
15810,2026-07-21T17:00:00+00:00,WAIT_REENTRY_DEPTH,,,81.0,,,,,0.0,,,,,,,70.0,,,,,,,,,,,,,,,,
15811,2026-07-21T17:05:00+00:00,WAIT_REENTRY_DEPTH,,,81.0,,,,,0.0,,,,,,,70.0,,,,,,,,,,,,,,,,
15812,2026-07-21T17:10:00+00:00,WAIT_REENTRY_DEPTH,,,81.0,,,,,0.0,,,,,,,70.0,,,,,,,,,,,,,,,,
15813,2026-07-21T17:15:00+00:00,WAIT_REENTRY_DEPTH,,,81.0,,,,,0.0,,,,,,,70.0,,,,,,,,,,,,,,,,
15814,2026-07-21T17:20:00+00:00,WAIT_REENTRY_DEPTH,,,81.0,,,,,0.0,,,,,,,70.0,,,,,,,,,,,,,,,,
15815,2026-07-21T17:25:00+00:00,WAIT_REENTRY_DEPTH,,,81.0,,,,,0.0,,,,,,,70.0,,,,,,,,,,,,,,,,
15816,2026-07-21T17:30:00+00:00,WAIT_REENTRY_DEPTH,,,81.0,,,,,0.0,,,,,,,70.0,,,,,,,,,,,,,,,,
15817,2026-07-21T17:35:00+00:00,SWEEP,bullish,4068.956,,,,,,,,,,,,,,,,,,,,,,,,,,,,,
15817,2026-07-21T17:35:00+00:00,WAIT_REENTRY_DEPTH,,,81.0,,,,,0.0,,,,,,,70.0,,,,,,,,,,,,,,,,
15818,2026-07-21T17:40:00+00:00,WAIT_REENTRY_DEPTH,,,81.0,,,,,0.0,,,,,,,70.0,,,,,,,,,,,,,,,,
15819,2026-07-21T17:45:00+00:00,WAIT_REENTRY_DEPTH,,,81.0,,,,,0.0,,,,,,,70.0,,,,,,,,,,,,,,,,
15820,2026-07-21T17:50:00+00:00,WAIT_REENTRY_DEPTH,,,81.0,,,,,0.0,,,,,,,70.0,,,,,,,,,,,,,,,,
15821,2026-07-21T17:55:00+00:00,SWEEP,bullish,4066.721,,,,,,,,,,,,,,,,,,,,,,,,,,,,,
15821,2026-07-21T17:55:00+00:00,WAIT_REENTRY_DEPTH,,,81.0,,,,,0.0,,,,,,,70.0,,,,,,,,,,,,,,,,
15822,2026-07-21T18:00:00+00:00,WAIT_REENTRY_DEPTH,,,81.0,,,,,0.0,,,,,,,70.0,,,,,,,,,,,,,,,,
15823,2026-07-21T18:05:00+00:00,WAIT_REENTRY_DEPTH,,,81.0,,,,,0.0,,,,,,,70.0,,,,,,,,,,,,,,,,
15824,2026-07-21T18:10:00+00:00,WAIT_REENTRY_DEPTH,,,81.0,,,,,0.0,,,,,,,70.0,,,,,,,,,,,,,,,,
15825,2026-07-21T18:15:00+00:00,WAIT_REENTRY_DEPTH,,,81.0,,,,,0.0,,,,,,,70.0,,,,,,,,,,,,,,,,
15826,2026-07-21T18:20:00+00:00,WAIT_REENTRY_DEPTH,,,81.0,,,,,0.0,,,,,,,70.0,,,,,,,,,,,,,,,,
15827,2026-07-21T18:25:00+00:00,WAIT_REENTRY_DEPTH,,,81.0,,,,,0.0,,,,,,,70.0,,,,,,,,,,,,,,,,
15828,2026-07-21T18:30:00+00:00,WAIT_REENTRY_DEPTH,,,81.0,,,,,0.0,,,,,,,70.0,,,,,,,,,,,,,,,,
15829,2026-07-21T18:35:00+00:00,WAIT_REENTRY_DEPTH,,,81.0,,,,,0.0,,,,,,,70.0,,,,,,,,,,,,,,,,
15830,2026-07-21T18:40:00+00:00,WAIT_REENTRY_DEPTH,,,81.0,,,,,0.0,,,,,,,70.0,,,,,,,,,,,,,,,,
15831,2026-07-21T18:45:00+00:00,WAIT_REENTRY_DEPTH,,,81.0,,,,,0.0,,,,,,,70.0,,,,,,,,,,,,,,,,
15832,2026-07-21T18:50:00+00:00,WAIT_REENTRY_DEPTH,,,81.0,,,,,0.0,,,,,,,70.0,,,,,,,,,,,,,,,,
15833,2026-07-21T18:55:00+00:00,WAIT_REENTRY_DEPTH,,,81.0,,,,,0.0,,,,,,,70.0,,,,,,,,,,,,,,,,
15834,2026-07-21T19:00:00+00:00,WAIT_REENTRY_DEPTH,,,81.0,,,,,0.0,,,,,,,70.0,,,,,,,,,,,,,,,,
15835,2026-07-21T19:05:00+00:00,WAIT_REENTRY_DEPTH,,,81.0,,,,,0.0,,,,,,,70.0,,,,,,,,,,,,,,,,
15836,2026-07-21T19:10:00+00:00,WAIT_REENTRY_DEPTH,,,81.0,,,,,0.0,,,,,,,70.0,,,,,,,,,,,,,,,,
15837,2026-07-21T19:15:00+00:00,WAIT_REENTRY_DEPTH,,,81.0,,,,,0.0,,,,,,,70.0,,,,,,,,,,,,,,,,
15838,2026-07-21T19:20:00+00:00,WAIT_REENTRY_DEPTH,,,81.0,,,,,0.0,,,,,,,70.0,,,,,,,,,,,,,,,,
15839,2026-07-21T19:25:00+00:00,WAIT_REENTRY_DEPTH,,,81.0,,,,,0.0,,,,,,,70.0,,,,,,,,,,,,,,,,
15840,2026-07-21T19:30:00+00:00,WAIT_REENTRY_DEPTH,,,81.0,,,,,0.0,,,,,,,70.0,,,,,,,,,,,,,,,,
15841,2026-07-21T19:35:00+00:00,WAIT_REENTRY_DEPTH,,,81.0,,,,,0.0,,,,,,,70.0,,,,,,,,,,,,,,,,
15842,2026-07-21T19:40:00+00:00,WAIT_REENTRY_DEPTH,,,81.0,,,,,0.0,,,,,,,70.0,,,,,,,,,,,,,,,,
15843,2026-07-21T19:45:00+00:00,WAIT_REENTRY_DEPTH,,,81.0,,,,,0.0,,,,,,,70.0,,,,,,,,,,,,,,,,
15844,2026-07-21T19:50:00+00:00,WAIT_REENTRY_DEPTH,,,81.0,,,,,0.0,,,,,,,70.0,,,,,,,,,,,,,,,,
15845,2026-07-21T19:55:00+00:00,WAIT_REENTRY_DEPTH,,,81.0,,,,,0.0,,,,,,,70.0,,,,,,,,,,,,,,,,
15846,2026-07-21T20:00:00+00:00,WAIT_REENTRY_DEPTH,,,81.0,,,,,0.0,,,,,,,70.0,,,,,,,,,,,,,,,,
15847,2026-07-21T20:05:00+00:00,WAIT_REENTRY_DEPTH,,,81.0,,,,,0.0,,,,,,,70.0,,,,,,,,,,,,,,,,
15848,2026-07-21T20:10:00+00:00,WAIT_REENTRY_DEPTH,,,81.0,,,,,0.0,,,,,,,70.0,,,,,,,,,,,,,,,,
15849,2026-07-21T20:15:00+00:00,WAIT_REENTRY_DEPTH,,,81.0,,,,,0.0,,,,,,,70.0,,,,,,,,,,,,,,,,
15850,2026-07-21T20:20:00+00:00,WAIT_REENTRY_DEPTH,,,81.0,,,,,0.0,,,,,,,70.0,,,,,,,,,,,,,,,,
15851,2026-07-21T20:25:00+00:00,WAIT_REENTRY_DEPTH,,,81.0,,,,,0.0,,,,,,,70.0,,,,,,,,,,,,,,,,
15852,2026-07-21T20:30:00+00:00,WAIT_REENTRY_DEPTH,,,81.0,,,,,0.0,,,,,,,70.0,,,,,,,,,,,,,,,,
15853,2026-07-21T20:35:00+00:00,WAIT_REENTRY_DEPTH,,,81.0,,,,,0.0,,,,,,,70.0,,,,,,,,,,,,,,,,
15854,2026-07-21T20:40:00+00:00,OB_EXPIRED,,,81.0,,,,,,,,,,101.0,,,,,,,,,,,,,,,,,,
15857,2026-07-21T20:55:00+00:00,SWEEP,bullish,4077.495,,,,,,,,,,,,,,,,,,,,,,,,,,,,,
15876,2026-07-21T23:30:00+00:00,OB_EXPIRED,,,82.0,,,,,,,,,,101.0,,,,,,,,,,,,,,,,,,
15882,2026-07-22T00:00:00+00:00,SWEEP,bullish,4078.314,,,,,,,,,,,,,,,,,,,,,,,,,,,,,
15888,2026-07-22T00:30:00+00:00,SWEEP,bearish,4098.781,,,,,,,,,,,,,,,,,,,,,,,,,,,,,
15895,2026-07-22T01:05:00+00:00,TRADE_EXIT,,,,,,,,,,,,,,,,4.0,,,,,,,,,,,,,WIN,2.0,TP
15897,2026-07-22T01:15:00+00:00,SWEEP,bearish,4121.507,,,,,,,,,,,,,,,,,,,,,,,,,,,,,
15902,2026-07-22T01:40:00+00:00,SWEEP,bearish,4121.913,,,,,,,,,,,,,,,,,,,,,,,,,,,,,
15903,2026-07-22T01:45:00+00:00,SWEEP,bearish,4122.856,,,,,,,,,,,,,,,,,,,,,,,,,,,,,
15909,2026-07-22T02:15:00+00:00,SWEEP,bearish,4123.696,,,,,,,,,,,,,,,,,,,,,,,,,,,,,
15910,2026-07-22T02:20:00+00:00,SWEEP,bearish,4125.162,,,,,,,,,,,,,,,,,,,,,,,,,,,,,
15911,2026-07-22T02:25:00+00:00,SWEEP,bearish,4125.473,,,,,,,,,,,,,,,,,,,,,,,,,,,,,
15915,2026-07-22T02:45:00+00:00,SWEEP,bearish,4130.469,,,,,,,,,,,,,,,,,,,,,,,,,,,,,
15917,2026-07-22T02:55:00+00:00,SWEEP,bearish,4130.626,,,,,,,,,,,,,,,,,,,,,,,,,,,,,
15922,2026-07-22T03:20:00+00:00,SWEEP,bearish,4140.706,,,,,,,,,,,,,,,,,,,,,,,,,,,,,
15936,2026-07-22T04:30:00+00:00,SWEEP,bullish,4126.127,,,,,,,,,,,,,,,,,,,,,,,,,,,,,
15937,2026-07-22T04:35:00+00:00,SWEEP,bullish,4124.913,,,,,,,,,,,,,,,,,,,,,,,,,,,,,
15948,2026-07-22T05:30:00+00:00,SWEEP,bullish,4123.083,,,,,,,,,,,,,,,,,,,,,,,,,,,,,
15965,2026-07-22T06:55:00+00:00,SWEEP,bullish,4113.854,,,,,,,,,,,,,,,,,,,,,,,,,,,,,
15974,2026-07-22T07:40:00+00:00,SWEEP,bullish,4111.749,,,,,,,,,,,,,,,,,,,,,,,,,,,,,
15976,2026-07-22T07:50:00+00:00,SWEEP,bullish,4109.621,,,,,,,,,,,,,,,,,,,,,,,,,,,,,
15977,2026-07-22T07:55:00+00:00,SWEEP,bullish,4109.593,,,,,,,,,,,,,,,,,,,,,,,,,,,,,
15994,2026-07-22T09:20:00+00:00,SWEEP,bearish,4122.297,,,,,,,,,,,,,,,,,,,,,,,,,,,,,
16017,2026-07-22T11:15:00+00:00,SWEEP,bearish,4121.668,,,,,,,,,,,,,,,,,,,,,,,,,,,,,
16022,2026-07-22T11:40:00+00:00,SWEEP,bullish,4114.797,,,,,,,,,,,,,,,,,,,,,,,,,,,,,
16027,2026-07-22T12:05:00+00:00,SWEEP,bearish,4126.586,,,,,,,,,,,,,,,,,,,,,,,,,,,,,
16028,2026-07-22T12:10:00+00:00,SWEEP,bearish,4127.014,,,,,,,,,,,,,,,,,,,,,,,,,,,,,
16029,2026-07-22T12:15:00+00:00,SWEEP,bearish,4127.511,,,,,,,,,,,,,,,,,,,,,,,,,,,,,
16029,2026-07-22T12:15:00+00:00,OB_FORMED,bullish,,84.0,4124.834,4127.819,70.06,"{'body': 15.75, 'fvg': 3.72, 'sweep': 20.6, 'break': 5.0, 'ob_size': 15.0, 'adjacency': 10}",,,,,,,,,,,,,,,,,,,,,,,,
16032,2026-07-22T12:30:00+00:00,SWEEP,bearish,4133.222,,,,,,,,,,,,,,,,,,,,,,,,,,,,,
16032,2026-07-22T12:30:00+00:00,OB_TOUCH,,,84.0,,,,,6.030150753777418,,,,,,,,,,,,,,,,,,,,,,,
16034,2026-07-22T12:40:00+00:00,REVERSAL_INSIDE_OB,,,84.0,,,,,19.16247906197671,,,,,,,,,,,,,,,,,,,,,,,
16034,2026-07-22T12:40:00+00:00,ENTRY,bullish,,84.0,,,,,,bearish,bullish,bearish,69.23,,normal_reversal_inside_ob,,5.0,4127.247,4111.463071428571,4158.814857142858,2.0,70.06,BEARISH,19.16247906197671,16022.0,4112.545,retracement_swing,4123.122,False,,,
16034,2026-07-22T12:40:00+00:00,OB_FORMED,bearish,,85.0,4125.299,4128.306,86.23,"{'body': 21.15, 'fvg': 18.64, 'sweep': 19.73, 'break': 1.71, 'ob_size': 15.0, 'adjacency': 10}",,,,,,,,,,,,,,,,,,,,,,,,
16037,2026-07-22T12:55:00+00:00,SWEEP,bullish,4112.545,,,,,,,,,,,,,,,,,,,,,,,,,,,,,
16037,2026-07-22T12:55:00+00:00,TRADE_EXIT,,,,,,,,,,,,,,,,5.0,,,,,,,,,,,,,LOSS,-1.0,SL
16040,2026-07-22T13:10:00+00:00,OB_TOUCH,,,85.0,,,,,11.406717658792552,,,,,,,,,,,,,,,,,,,,,,,
16041,2026-07-22T13:15:00+00:00,OB_CROSSED_AFTER_TOUCH,,,85.0,,,,,100.0,,,,,,,,,,,,,,,,,,,,,,,
16042,2026-07-22T13:20:00+00:00,OB_CROSSED_AFTER_TOUCH,,,85.0,,,,,100.0,,,,,,,,,,,,,,,,,,,,,,,
16043,2026-07-22T13:25:00+00:00,SWEEP,bearish,4134.476,,,,,,,,,,,,,,,,,,,,,,,,,,,,,
16043,2026-07-22T13:25:00+00:00,OB_CROSSED_AFTER_TOUCH,,,85.0,,,,,100.0,,,,,,,,,,,,,,,,,,,,,,,
16044,2026-07-22T13:30:00+00:00,OB_CROSSED_AFTER_TOUCH,,,85.0,,,,,100.0,,,,,,,,,,,,,,,,,,,,,,,
16043,2026-07-22T13:25:00+00:00,OB_FORMED,bullish,,86.0,4131.093,4135.15,83.03,"{'body': 14.94, 'fvg': 6.7, 'sweep': 20.36, 'break': 16.03, 'ob_size': 15.0, 'adjacency': 10}",,,,,,,,,,,,,,,,,,,,,,,,
16045,2026-07-22T13:35:00+00:00,OB_CROSSED_AFTER_TOUCH,,,85.0,,,,,100.0,,,,,,,,,,,,,,,,,,,,,,,
16046,2026-07-22T13:40:00+00:00,OB_CROSSED_AFTER_TOUCH,,,85.0,,,,,100.0,,,,,,,,,,,,,,,,,,,,,,,
16047,2026-07-22T13:45:00+00:00,SWEEP,bearish,4147.197,,,,,,,,,,,,,,,,,,,,,,,,,,,,,
16047,2026-07-22T13:45:00+00:00,OB_CROSSED_AFTER_TOUCH,,,85.0,,,,,100.0,,,,,,,,,,,,,,,,,,,,,,,
16048,2026-07-22T13:50:00+00:00,OB_CROSSED_AFTER_TOUCH,,,85.0,,,,,100.0,,,,,,,,,,,,,,,,,,,,,,,
16049,2026-07-22T13:55:00+00:00,OB_CROSSED_AFTER_TOUCH,,,85.0,,,,,100.0,,,,,,,,,,,,,,,,,,,,,,,
16050,2026-07-22T14:00:00+00:00,OB_CROSSED_AFTER_TOUCH,,,85.0,,,,,100.0,,,,,,,,,,,,,,,,,,,,,,,
16051,2026-07-22T14:05:00+00:00,OB_CROSSED_AFTER_TOUCH,,,85.0,,,,,100.0,,,,,,,,,,,,,,,,,,,,,,,
16052,2026-07-22T14:10:00+00:00,OB_CROSSED_AFTER_TOUCH,,,85.0,,,,,100.0,,,,,,,,,,,,,,,,,,,,,,,
16053,2026-07-22T14:15:00+00:00,OB_CROSSED_AFTER_TOUCH,,,85.0,,,,,100.0,,,,,,,,,,,,,,,,,,,,,,,
16054,2026-07-22T14:20:00+00:00,OB_CROSSED_AFTER_TOUCH,,,85.0,,,,,100.0,,,,,,,,,,,,,,,,,,,,,,,
16055,2026-07-22T14:25:00+00:00,OB_CROSSED_AFTER_TOUCH,,,85.0,,,,,100.0,,,,,,,,,,,,,,,,,,,,,,,
16056,2026-07-22T14:30:00+00:00,OB_CROSSED_AFTER_TOUCH,,,85.0,,,,,100.0,,,,,,,,,,,,,,,,,,,,,,,
16057,2026-07-22T14:35:00+00:00,OB_CROSSED_AFTER_TOUCH,,,85.0,,,,,100.0,,,,,,,,,,,,,,,,,,,,,,,
16058,2026-07-22T14:40:00+00:00,OB_CROSSED_AFTER_TOUCH,,,85.0,,,,,100.0,,,,,,,,,,,,,,,,,,,,,,,
16059,2026-07-22T14:45:00+00:00,OB_CROSSED_AFTER_TOUCH,,,85.0,,,,,100.0,,,,,,,,,,,,,,,,,,,,,,,
16060,2026-07-22T14:50:00+00:00,OB_CROSSED_AFTER_TOUCH,,,85.0,,,,,100.0,,,,,,,,,,,,,,,,,,,,,,,
16061,2026-07-22T14:55:00+00:00,OB_CROSSED_AFTER_TOUCH,,,85.0,,,,,100.0,,,,,,,,,,,,,,,,,,,,,,,
16062,2026-07-22T15:00:00+00:00,OB_CROSSED_AFTER_TOUCH,,,85.0,,,,,100.0,,,,,,,,,,,,,,,,,,,,,,,
16063,2026-07-22T15:05:00+00:00,OB_CROSSED_AFTER_TOUCH,,,85.0,,,,,100.0,,,,,,,,,,,,,,,,,,,,,,,
16064,2026-07-22T15:10:00+00:00,OB_CROSSED_AFTER_TOUCH,,,85.0,,,,,100.0,,,,,,,,,,,,,,,,,,,,,,,
16065,2026-07-22T15:15:00+00:00,OB_CROSSED_AFTER_TOUCH,,,85.0,,,,,100.0,,,,,,,,,,,,,,,,,,,,,,,
16066,2026-07-22T15:20:00+00:00,OB_CROSSED_AFTER_TOUCH,,,85.0,,,,,100.0,,,,,,,,,,,,,,,,,,,,,,,
16067,2026-07-22T15:25:00+00:00,OB_CROSSED_AFTER_TOUCH,,,85.0,,,,,100.0,,,,,,,,,,,,,,,,,,,,,,,
16068,2026-07-22T15:30:00+00:00,OB_CROSSED_AFTER_TOUCH,,,85.0,,,,,100.0,,,,,,,,,,,,,,,,,,,,,,,
16069,2026-07-22T15:35:00+00:00,OB_CROSSED_AFTER_TOUCH,,,85.0,,,,,100.0,,,,,,,,,,,,,,,,,,,,,,,
16070,2026-07-22T15:40:00+00:00,OB_CROSSED_AFTER_TOUCH,,,85.0,,,,,100.0,,,,,,,,,,,,,,,,,,,,,,,
16071,2026-07-22T15:45:00+00:00,OB_CROSSED_AFTER_TOUCH,,,85.0,,,,,100.0,,,,,,,,,,,,,,,,,,,,,,,
16072,2026-07-22T15:50:00+00:00,SWEEP,bearish,4165.322,,,,,,,,,,,,,,,,,,,,,,,,,,,,,
16072,2026-07-22T15:50:00+00:00,OB_CROSSED_AFTER_TOUCH,,,85.0,,,,,100.0,,,,,,,,,,,,,,,,,,,,,,,
16073,2026-07-22T15:55:00+00:00,OB_CROSSED_AFTER_TOUCH,,,85.0,,,,,100.0,,,,,,,,,,,,,,,,,,,,,,,
16074,2026-07-22T16:00:00+00:00,OB_CROSSED_AFTER_TOUCH,,,85.0,,,,,100.0,,,,,,,,,,,,,,,,,,,,,,,
16075,2026-07-22T16:05:00+00:00,OB_CROSSED_AFTER_TOUCH,,,85.0,,,,,100.0,,,,,,,,,,,,,,,,,,,,,,,
16076,2026-07-22T16:10:00+00:00,OB_CROSSED_AFTER_TOUCH,,,85.0,,,,,100.0,,,,,,,,,,,,,,,,,,,,,,,
16077,2026-07-22T16:15:00+00:00,OB_CROSSED_AFTER_TOUCH,,,85.0,,,,,100.0,,,,,,,,,,,,,,,,,,,,,,,
16078,2026-07-22T16:20:00+00:00,OB_CROSSED_AFTER_TOUCH,,,85.0,,,,,100.0,,,,,,,,,,,,,,,,,,,,,,,
16079,2026-07-22T16:25:00+00:00,OB_CROSSED_AFTER_TOUCH,,,85.0,,,,,100.0,,,,,,,,,,,,,,,,,,,,,,,
16077,2026-07-22T16:15:00+00:00,OB_FORMED,bearish,,87.0,4151.017,4155.444,74.81,"{'body': 14.91, 'fvg': 8.52, 'sweep': 23.09, 'break': 4.39, 'ob_size': 13.91, 'adjacency': 10}",,,,,,,,,,,,,,,,,,,,,,,,
16080,2026-07-22T16:30:00+00:00,OB_CROSSED_AFTER_TOUCH,,,85.0,,,,,100.0,,,,,,,,,,,,,,,,,,,,,,,
16081,2026-07-22T16:35:00+00:00,OB_CROSSED_AFTER_TOUCH,,,85.0,,,,,100.0,,,,,,,,,,,,,,,,,,,,,,,
16082,2026-07-22T16:40:00+00:00,OB_CROSSED_AFTER_TOUCH,,,85.0,,,,,100.0,,,,,,,,,,,,,,,,,,,,,,,
16082,2026-07-22T16:40:00+00:00,OB_TOUCH,,,87.0,,,,,0.0,,,,,,,,,,,,,,,,,,,,,,,
16082,2026-07-22T16:40:00+00:00,WAIT_MTF_CONTEXT,,,87.0,,,,,,bearish,neutral,bullish,46.15,,,,,,,,,,,,,,,,,,,
16083,2026-07-22T16:45:00+00:00,OB_CROSSED_AFTER_TOUCH,,,85.0,,,,,100.0,,,,,,,,,,,,,,,,,,,,,,,
16083,2026-07-22T16:45:00+00:00,WAIT_MTF_CONTEXT,,,87.0,,,,,,bearish,neutral,bullish,46.15,,,,,,,,,,,,,,,,,,,
16084,2026-07-22T16:50:00+00:00,OB_CROSSED_AFTER_TOUCH,,,85.0,,,,,100.0,,,,,,,,,,,,,,,,,,,,,,,
16084,2026-07-22T16:50:00+00:00,WAIT_MTF_CONTEXT,,,87.0,,,,,,bearish,neutral,bullish,46.15,,,,,,,,,,,,,,,,,,,
16085,2026-07-22T16:55:00+00:00,OB_CROSSED_AFTER_TOUCH,,,85.0,,,,,100.0,,,,,,,,,,,,,,,,,,,,,,,
16085,2026-07-22T16:55:00+00:00,WAIT_MTF_CONTEXT,,,87.0,,,,,,bearish,neutral,bullish,46.15,,,,,,,,,,,,,,,,,,,
16086,2026-07-22T17:00:00+00:00,SWEEP,bullish,4144.469,,,,,,,,,,,,,,,,,,,,,,,,,,,,,
16086,2026-07-22T17:00:00+00:00,OB_CROSSED_AFTER_TOUCH,,,85.0,,,,,100.0,,,,,,,,,,,,,,,,,,,,,,,
16086,2026-07-22T17:00:00+00:00,WAIT_MTF_CONTEXT,,,87.0,,,,,,bearish,neutral,bullish,46.15,,,,,,,,,,,,,,,,,,,
16087,2026-07-22T17:05:00+00:00,SWEEP,bullish,4144.401,,,,,,,,,,,,,,,,,,,,,,,,,,,,,
16087,2026-07-22T17:05:00+00:00,OB_CROSSED_AFTER_TOUCH,,,85.0,,,,,100.0,,,,,,,,,,,,,,,,,,,,,,,
16087,2026-07-22T17:05:00+00:00,WAIT_MTF_CONTEXT,,,87.0,,,,,,bearish,neutral,bullish,46.15,,,,,,,,,,,,,,,,,,,
16088,2026-07-22T17:10:00+00:00,OB_CROSSED_AFTER_TOUCH,,,85.0,,,,,100.0,,,,,,,,,,,,,,,,,,,,,,,
16088,2026-07-22T17:10:00+00:00,WAIT_MTF_CONTEXT,,,87.0,,,,,,bearish,neutral,bullish,46.15,,,,,,,,,,,,,,,,,,,
16089,2026-07-22T17:15:00+00:00,OB_CROSSED_AFTER_TOUCH,,,85.0,,,,,100.0,,,,,,,,,,,,,,,,,,,,,,,
16089,2026-07-22T17:15:00+00:00,WAIT_MTF_CONTEXT,,,87.0,,,,,,bearish,neutral,bullish,46.15,,,,,,,,,,,,,,,,,,,
16090,2026-07-22T17:20:00+00:00,SWEEP,bullish,4142.638,,,,,,,,,,,,,,,,,,,,,,,,,,,,,
16090,2026-07-22T17:20:00+00:00,OB_CROSSED_AFTER_TOUCH,,,85.0,,,,,100.0,,,,,,,,,,,,,,,,,,,,,,,
16090,2026-07-22T17:20:00+00:00,WAIT_MTF_CONTEXT,,,87.0,,,,,,bearish,neutral,bullish,46.15,,,,,,,,,,,,,,,,,,,
16091,2026-07-22T17:25:00+00:00,OB_CROSSED_AFTER_TOUCH,,,85.0,,,,,100.0,,,,,,,,,,,,,,,,,,,,,,,
16091,2026-07-22T17:25:00+00:00,WAIT_MTF_CONTEXT,,,87.0,,,,,,bearish,neutral,bullish,46.15,,,,,,,,,,,,,,,,,,,
16092,2026-07-22T17:30:00+00:00,OB_CROSSED_AFTER_TOUCH,,,85.0,,,,,100.0,,,,,,,,,,,,,,,,,,,,,,,
16092,2026-07-22T17:30:00+00:00,WAIT_MTF_CONTEXT,,,87.0,,,,,,bearish,neutral,bullish,46.15,,,,,,,,,,,,,,,,,,,
16093,2026-07-22T17:35:00+00:00,OB_CROSSED_AFTER_TOUCH,,,85.0,,,,,100.0,,,,,,,,,,,,,,,,,,,,,,,
16093,2026-07-22T17:35:00+00:00,WAIT_MTF_CONTEXT,,,87.0,,,,,,bearish,neutral,bullish,46.15,,,,,,,,,,,,,,,,,,,
16094,2026-07-22T17:40:00+00:00,SWEEP,bullish,4138.887,,,,,,,,,,,,,,,,,,,,,,,,,,,,,
16094,2026-07-22T17:40:00+00:00,OB_CROSSED_AFTER_TOUCH,,,85.0,,,,,100.0,,,,,,,,,,,,,,,,,,,,,,,
16094,2026-07-22T17:40:00+00:00,WAIT_MTF_CONTEXT,,,87.0,,,,,,bearish,neutral,bullish,46.15,,,,,,,,,,,,,,,,,,,
16095,2026-07-22T17:45:00+00:00,OB_CROSSED_AFTER_TOUCH,,,85.0,,,,,100.0,,,,,,,,,,,,,,,,,,,,,,,
16095,2026-07-22T17:45:00+00:00,WAIT_MTF_CONTEXT,,,87.0,,,,,,bearish,neutral,bullish,46.15,,,,,,,,,,,,,,,,,,,
16096,2026-07-22T17:50:00+00:00,OB_CROSSED_AFTER_TOUCH,,,85.0,,,,,100.0,,,,,,,,,,,,,,,,,,,,,,,
16096,2026-07-22T17:50:00+00:00,WAIT_MTF_CONTEXT,,,87.0,,,,,,bearish,neutral,bullish,46.15,,,,,,,,,,,,,,,,,,,
16097,2026-07-22T17:55:00+00:00,OB_CROSSED_AFTER_TOUCH,,,85.0,,,,,100.0,,,,,,,,,,,,,,,,,,,,,,,
16097,2026-07-22T17:55:00+00:00,WAIT_MTF_CONTEXT,,,87.0,,,,,,bearish,neutral,bullish,46.15,,,,,,,,,,,,,,,,,,,
16098,2026-07-22T18:00:00+00:00,OB_CROSSED_AFTER_TOUCH,,,85.0,,,,,100.0,,,,,,,,,,,,,,,,,,,,,,,
16098,2026-07-22T18:00:00+00:00,WAIT_MTF_CONTEXT,,,87.0,,,,,,bearish,neutral,bullish,46.15,,,,,,,,,,,,,,,,,,,
16099,2026-07-22T18:05:00+00:00,OB_CROSSED_AFTER_TOUCH,,,85.0,,,,,100.0,,,,,,,,,,,,,,,,,,,,,,,
16099,2026-07-22T18:05:00+00:00,WAIT_MTF_CONTEXT,,,87.0,,,,,,bearish,neutral,bullish,46.15,,,,,,,,,,,,,,,,,,,
16100,2026-07-22T18:10:00+00:00,OB_CROSSED_AFTER_TOUCH,,,85.0,,,,,100.0,,,,,,,,,,,,,,,,,,,,,,,
16100,2026-07-22T18:10:00+00:00,WAIT_MTF_CONTEXT,,,87.0,,,,,,bearish,neutral,bullish,46.15,,,,,,,,,,,,,,,,,,,
16101,2026-07-22T18:15:00+00:00,OB_CROSSED_AFTER_TOUCH,,,85.0,,,,,100.0,,,,,,,,,,,,,,,,,,,,,,,
16101,2026-07-22T18:15:00+00:00,WAIT_MTF_CONTEXT,,,87.0,,,,,,bearish,neutral,bullish,46.15,,,,,,,,,,,,,,,,,,,
16102,2026-07-22T18:20:00+00:00,SWEEP,bullish,4136.607,,,,,,,,,,,,,,,,,,,,,,,,,,,,,
16102,2026-07-22T18:20:00+00:00,OB_CROSSED_AFTER_TOUCH,,,85.0,,,,,100.0,,,,,,,,,,,,,,,,,,,,,,,
16102,2026-07-22T18:20:00+00:00,OB_TOUCH,,,86.0,,,,,0.0,,,,,,,,,,,,,,,,,,,,,,,
16102,2026-07-22T18:20:00+00:00,WAIT_MTF_CONTEXT,,,87.0,,,,,,bearish,neutral,bullish,46.15,,,,,,,,,,,,,,,,,,,
16103,2026-07-22T18:25:00+00:00,SWEEP,bullish,4135.026,,,,,,,,,,,,,,,,,,,,,,,,,,,,,
16103,2026-07-22T18:25:00+00:00,OB_CROSSED_AFTER_TOUCH,,,85.0,,,,,100.0,,,,,,,,,,,,,,,,,,,,,,,
16103,2026-07-22T18:25:00+00:00,WAIT_MTF_CONTEXT,,,87.0,,,,,,bearish,neutral,bullish,46.15,,,,,,,,,,,,,,,,,,,
16104,2026-07-22T18:30:00+00:00,OB_CROSSED_AFTER_TOUCH,,,85.0,,,,,100.0,,,,,,,,,,,,,,,,,,,,,,,
16104,2026-07-22T18:30:00+00:00,WAIT_MTF_CONTEXT,,,87.0,,,,,,bearish,neutral,bullish,46.15,,,,,,,,,,,,,,,,,,,
16105,2026-07-22T18:35:00+00:00,OB_CROSSED_AFTER_TOUCH,,,85.0,,,,,100.0,,,,,,,,,,,,,,,,,,,,,,,
16105,2026-07-22T18:35:00+00:00,WAIT_MTF_CONTEXT,,,87.0,,,,,,bearish,neutral,bullish,46.15,,,,,,,,,,,,,,,,,,,
16106,2026-07-22T18:40:00+00:00,OB_CROSSED_AFTER_TOUCH,,,85.0,,,,,100.0,,,,,,,,,,,,,,,,,,,,,,,
16106,2026-07-22T18:40:00+00:00,WAIT_MTF_CONTEXT,,,87.0,,,,,,bearish,neutral,bullish,46.15,,,,,,,,,,,,,,,,,,,
16107,2026-07-22T18:45:00+00:00,OB_CROSSED_AFTER_TOUCH,,,85.0,,,,,100.0,,,,,,,,,,,,,,,,,,,,,,,
16107,2026-07-22T18:45:00+00:00,WAIT_MTF_CONTEXT,,,87.0,,,,,,bearish,neutral,bullish,46.15,,,,,,,,,,,,,,,,,,,
16108,2026-07-22T18:50:00+00:00,OB_CROSSED_AFTER_TOUCH,,,85.0,,,,,100.0,,,,,,,,,,,,,,,,,,,,,,,
16108,2026-07-22T18:50:00+00:00,WAIT_MTF_CONTEXT,,,87.0,,,,,,bearish,neutral,bullish,46.15,,,,,,,,,,,,,,,,,,,
16109,2026-07-22T18:55:00+00:00,OB_CROSSED_AFTER_TOUCH,,,85.0,,,,,100.0,,,,,,,,,,,,,,,,,,,,,,,
16109,2026-07-22T18:55:00+00:00,WAIT_MTF_CONTEXT,,,87.0,,,,,,bearish,neutral,bullish,46.15,,,,,,,,,,,,,,,,,,,
16110,2026-07-22T19:00:00+00:00,OB_CROSSED_AFTER_TOUCH,,,85.0,,,,,100.0,,,,,,,,,,,,,,,,,,,,,,,
16110,2026-07-22T19:00:00+00:00,WAIT_MTF_CONTEXT,,,87.0,,,,,,bearish,neutral,bullish,46.15,,,,,,,,,,,,,,,,,,,
16111,2026-07-22T19:05:00+00:00,OB_CROSSED_AFTER_TOUCH,,,85.0,,,,,100.0,,,,,,,,,,,,,,,,,,,,,,,
16111,2026-07-22T19:05:00+00:00,WAIT_MTF_CONTEXT,,,87.0,,,,,,bearish,neutral,bullish,46.15,,,,,,,,,,,,,,,,,,,
16112,2026-07-22T19:10:00+00:00,OB_CROSSED_AFTER_TOUCH,,,85.0,,,,,100.0,,,,,,,,,,,,,,,,,,,,,,,
16112,2026-07-22T19:10:00+00:00,WAIT_MTF_CONTEXT,,,87.0,,,,,,bearish,neutral,bullish,46.15,,,,,,,,,,,,,,,,,,,
16113,2026-07-22T19:15:00+00:00,OB_CROSSED_AFTER_TOUCH,,,85.0,,,,,100.0,,,,,,,,,,,,,,,,,,,,,,,
16113,2026-07-22T19:15:00+00:00,REVERSAL_INSIDE_OB,,,86.0,,,,,18.461917673153444,,,,,,,,,,,,,,,,,,,,,,,
16113,2026-07-22T19:15:00+00:00,WAIT_MICRO_BOS,,,86.0,,,,,,,,,,,normal_reversal_inside_ob,,,,,,,,,,,,,,,,,
16113,2026-07-22T19:15:00+00:00,WAIT_MTF_CONTEXT,,,87.0,,,,,,bearish,neutral,bullish,46.15,,,,,,,,,,,,,,,,,,,
16114,2026-07-22T19:20:00+00:00,SWEEP,bullish,4131.808,,,,,,,,,,,,,,,,,,,,,,,,,,,,,
16114,2026-07-22T19:20:00+00:00,OB_CROSSED_AFTER_TOUCH,,,85.0,,,,,100.0,,,,,,,,,,,,,,,,,,,,,,,
16114,2026-07-22T19:20:00+00:00,WAIT_MTF_CONTEXT,,,87.0,,,,,,bearish,neutral,bullish,46.15,,,,,,,,,,,,,,,,,,,
16115,2026-07-22T19:25:00+00:00,OB_CROSSED_AFTER_TOUCH,,,85.0,,,,,100.0,,,,,,,,,,,,,,,,,,,,,,,
16115,2026-07-22T19:25:00+00:00,REVERSAL_INSIDE_OB,,,86.0,,,,,19.54646290361613,,,,,,,,,,,,,,,,,,,,,,,
16115,2026-07-22T19:25:00+00:00,WAIT_MICRO_BOS,,,86.0,,,,,,,,,,,normal_reversal_inside_ob,,,,,,,,,,,,,,,,,
16115,2026-07-22T19:25:00+00:00,WAIT_MTF_CONTEXT,,,87.0,,,,,,bearish,neutral,bullish,46.15,,,,,,,,,,,,,,,,,,,
16116,2026-07-22T19:30:00+00:00,OB_CROSSED_AFTER_TOUCH,,,85.0,,,,,100.0,,,,,,,,,,,,,,,,,,,,,,,
16116,2026-07-22T19:30:00+00:00,WAIT_MTF_CONTEXT,,,87.0,,,,,,bearish,neutral,bullish,46.15,,,,,,,,,,,,,,,,,,,
16117,2026-07-22T19:35:00+00:00,OB_CROSSED_AFTER_TOUCH,,,85.0,,,,,100.0,,,,,,,,,,,,,,,,,,,,,,,
16117,2026-07-22T19:35:00+00:00,WAIT_MTF_CONTEXT,,,87.0,,,,,,bearish,neutral,bullish,46.15,,,,,,,,,,,,,,,,,,,
16118,2026-07-22T19:40:00+00:00,OB_CROSSED_AFTER_TOUCH,,,85.0,,,,,100.0,,,,,,,,,,,,,,,,,,,,,,,
16118,2026-07-22T19:40:00+00:00,WAIT_MTF_CONTEXT,,,87.0,,,,,,bearish,neutral,bullish,46.15,,,,,,,,,,,,,,,,,,,
16119,2026-07-22T19:45:00+00:00,OB_CROSSED_AFTER_TOUCH,,,85.0,,,,,100.0,,,,,,,,,,,,,,,,,,,,,,,
16119,2026-07-22T19:45:00+00:00,REVERSAL_INSIDE_OB,,,86.0,,,,,6.063593788493908,,,,,,,,,,,,,,,,,,,,,,,
16119,2026-07-22T19:45:00+00:00,WAIT_MICRO_BOS,,,86.0,,,,,,,,,,,normal_reversal_inside_ob,,,,,,,,,,,,,,,,,
16119,2026-07-22T19:45:00+00:00,WAIT_MTF_CONTEXT,,,87.0,,,,,,bearish,neutral,bullish,46.15,,,,,,,,,,,,,,,,,,,
16120,2026-07-22T19:50:00+00:00,OB_CROSSED_AFTER_TOUCH,,,85.0,,,,,100.0,,,,,,,,,,,,,,,,,,,,,,,
16120,2026-07-22T19:50:00+00:00,OB_CROSSED_AFTER_TOUCH,,,86.0,,,,,100.0,,,,,,,,,,,,,,,,,,,,,,,
16120,2026-07-22T19:50:00+00:00,WAIT_MTF_CONTEXT,,,87.0,,,,,,bearish,neutral,bullish,46.15,,,,,,,,,,,,,,,,,,,
16121,2026-07-22T19:55:00+00:00,OB_CROSSED_AFTER_TOUCH,,,85.0,,,,,100.0,,,,,,,,,,,,,,,,,,,,,,,
16121,2026-07-22T19:55:00+00:00,REVERSAL_AFTER_OB_CROSS,,,86.0,,,,,85.4079368991722,,,,,,,,,,,,,,,,,,,,,,,
16121,2026-07-22T19:55:00+00:00,WAIT_MICRO_BOS,,,86.0,,,,,,,,,,,crossed_ob_reentry,,,,,,,,,,,,,,,,,
16121,2026-07-22T19:55:00+00:00,WAIT_MTF_CONTEXT,,,87.0,,,,,,bearish,neutral,bullish,46.15,,,,,,,,,,,,,,,,,,,
16122,2026-07-22T20:00:00+00:00,OB_CROSSED_AFTER_TOUCH,,,85.0,,,,,100.0,,,,,,,,,,,,,,,,,,,,,,,
16122,2026-07-22T20:00:00+00:00,OB_CROSSED_AFTER_TOUCH,,,86.0,,,,,100.0,,,,,,,,,,,,,,,,,,,,,,,
16122,2026-07-22T20:00:00+00:00,WAIT_MTF_CONTEXT,,,87.0,,,,,,bearish,neutral,bullish,46.15,,,,,,,,,,,,,,,,,,,
16123,2026-07-22T20:05:00+00:00,OB_CROSSED_AFTER_TOUCH,,,85.0,,,,,100.0,,,,,,,,,,,,,,,,,,,,,,,
16123,2026-07-22T20:05:00+00:00,REVERSAL_AFTER_OB_CROSS,,,86.0,,,,,46.438254868131935,,,,,,,,,,,,,,,,,,,,,,,
16123,2026-07-22T20:05:00+00:00,WAIT_REENTRY_DEPTH,,,86.0,,,,,46.438254868131935,,,,,,,70.0,,,,,,,,,,,,,,,,
16123,2026-07-22T20:05:00+00:00,WAIT_MTF_CONTEXT,,,87.0,,,,,,bearish,neutral,bullish,46.15,,,,,,,,,,,,,,,,,,,
16124,2026-07-22T20:10:00+00:00,OB_CROSSED_AFTER_TOUCH,,,85.0,,,,,100.0,,,,,,,,,,,,,,,,,,,,,,,
16124,2026-07-22T20:10:00+00:00,REVERSAL_AFTER_OB_CROSS,,,86.0,,,,,19.620409169322368,,,,,,,,,,,,,,,,,,,,,,,
16124,2026-07-22T20:10:00+00:00,WAIT_REENTRY_DEPTH,,,86.0,,,,,19.620409169322368,,,,,,,70.0,,,,,,,,,,,,,,,,
16124,2026-07-22T20:10:00+00:00,WAIT_MTF_CONTEXT,,,87.0,,,,,,bearish,neutral,bullish,46.15,,,,,,,,,,,,,,,,,,,
16125,2026-07-22T20:15:00+00:00,OB_CROSSED_AFTER_TOUCH,,,85.0,,,,,100.0,,,,,,,,,,,,,,,,,,,,,,,
16125,2026-07-22T20:15:00+00:00,WAIT_REENTRY_DEPTH,,,86.0,,,,,0.0,,,,,,,70.0,,,,,,,,,,,,,,,,
16125,2026-07-22T20:15:00+00:00,WAIT_MTF_CONTEXT,,,87.0,,,,,,bearish,neutral,bullish,46.15,,,,,,,,,,,,,,,,,,,
16126,2026-07-22T20:20:00+00:00,OB_CROSSED_AFTER_TOUCH,,,85.0,,,,,100.0,,,,,,,,,,,,,,,,,,,,,,,
16126,2026-07-22T20:20:00+00:00,WAIT_REENTRY_DEPTH,,,86.0,,,,,0.0,,,,,,,70.0,,,,,,,,,,,,,,,,
16126,2026-07-22T20:20:00+00:00,WAIT_MTF_CONTEXT,,,87.0,,,,,,bearish,neutral,bullish,46.15,,,,,,,,,,,,,,,,,,,
16127,2026-07-22T20:25:00+00:00,OB_CROSSED_AFTER_TOUCH,,,85.0,,,,,100.0,,,,,,,,,,,,,,,,,,,,,,,
16127,2026-07-22T20:25:00+00:00,WAIT_REENTRY_DEPTH,,,86.0,,,,,0.0,,,,,,,70.0,,,,,,,,,,,,,,,,
16127,2026-07-22T20:25:00+00:00,WAIT_MTF_CONTEXT,,,87.0,,,,,,bearish,neutral,bullish,46.15,,,,,,,,,,,,,,,,,,,
16128,2026-07-22T20:30:00+00:00,OB_CROSSED_AFTER_TOUCH,,,85.0,,,,,100.0,,,,,,,,,,,,,,,,,,,,,,,
16128,2026-07-22T20:30:00+00:00,WAIT_REENTRY_DEPTH,,,86.0,,,,,0.0,,,,,,,70.0,,,,,,,,,,,,,,,,
16128,2026-07-22T20:30:00+00:00,WAIT_MTF_CONTEXT,,,87.0,,,,,,bearish,neutral,bullish,46.15,,,,,,,,,,,,,,,,,,,
16129,2026-07-22T20:35:00+00:00,OB_CROSSED_AFTER_TOUCH,,,85.0,,,,,100.0,,,,,,,,,,,,,,,,,,,,,,,
16129,2026-07-22T20:35:00+00:00,WAIT_REENTRY_DEPTH,,,86.0,,,,,10.327828444660854,,,,,,,70.0,,,,,,,,,,,,,,,,
16129,2026-07-22T20:35:00+00:00,WAIT_MTF_CONTEXT,,,87.0,,,,,,bearish,neutral,bullish,46.15,,,,,,,,,,,,,,,,,,,
16130,2026-07-22T20:40:00+00:00,OB_CROSSED_AFTER_TOUCH,,,85.0,,,,,100.0,,,,,,,,,,,,,,,,,,,,,,,
16130,2026-07-22T20:40:00+00:00,OB_CROSSED_AFTER_TOUCH,,,86.0,,,,,100.0,,,,,,,,,,,,,,,,,,,,,,,
16130,2026-07-22T20:40:00+00:00,WAIT_MTF_CONTEXT,,,87.0,,,,,,bearish,neutral,bullish,46.15,,,,,,,,,,,,,,,,,,,
16131,2026-07-22T20:45:00+00:00,SWEEP,bullish,4128.937,,,,,,,,,,,,,,,,,,,,,,,,,,,,,
16131,2026-07-22T20:45:00+00:00,OB_CROSSED_AFTER_TOUCH,,,85.0,,,,,100.0,,,,,,,,,,,,,,,,,,,,,,,
16131,2026-07-22T20:45:00+00:00,OB_CROSSED_AFTER_TOUCH,,,86.0,,,,,100.0,,,,,,,,,,,,,,,,,,,,,,,
16131,2026-07-22T20:45:00+00:00,WAIT_MTF_CONTEXT,,,87.0,,,,,,bearish,neutral,neutral,46.15,,,,,,,,,,,,,,,,,,,
16132,2026-07-22T20:50:00+00:00,OB_CROSSED_AFTER_TOUCH,,,85.0,,,,,100.0,,,,,,,,,,,,,,,,,,,,,,,
16132,2026-07-22T20:50:00+00:00,OB_CROSSED_AFTER_TOUCH,,,86.0,,,,,100.0,,,,,,,,,,,,,,,,,,,,,,,
16132,2026-07-22T20:50:00+00:00,WAIT_MTF_CONTEXT,,,87.0,,,,,,bearish,neutral,neutral,46.15,,,,,,,,,,,,,,,,,,,
16133,2026-07-22T20:55:00+00:00,OB_CROSSED_AFTER_TOUCH,,,85.0,,,,,100.0,,,,,,,,,,,,,,,,,,,,,,,
16133,2026-07-22T20:55:00+00:00,OB_CROSSED_AFTER_TOUCH,,,86.0,,,,,100.0,,,,,,,,,,,,,,,,,,,,,,,
16133,2026-07-22T20:55:00+00:00,WAIT_MTF_CONTEXT,,,87.0,,,,,,bearish,neutral,neutral,46.15,,,,,,,,,,,,,,,,,,,
16134,2026-07-22T22:00:00+00:00,WAIT_MTF_CONTEXT,,,85.0,,,,,,bearish,neutral,neutral,46.15,,,,,,,,,,,,,,,,,,,
16134,2026-07-22T22:00:00+00:00,OB_CROSSED_AFTER_TOUCH,,,86.0,,,,,100.0,,,,,,,,,,,,,,,,,,,,,,,
16134,2026-07-22T22:00:00+00:00,WAIT_MTF_CONTEXT,,,87.0,,,,,,bearish,neutral,neutral,46.15,,,,,,,,,,,,,,,,,,,
16135,2026-07-22T22:05:00+00:00,OB_EXPIRED,,,85.0,,,,,,,,,,101.0,,,,,,,,,,,,,,,,,,
16135,2026-07-22T22:05:00+00:00,OB_CROSSED_AFTER_TOUCH,,,86.0,,,,,100.0,,,,,,,,,,,,,,,,,,,,,,,
16135,2026-07-22T22:05:00+00:00,WAIT_MTF_CONTEXT,,,87.0,,,,,,bearish,neutral,neutral,46.15,,,,,,,,,,,,,,,,,,,
16136,2026-07-22T22:10:00+00:00,OB_CROSSED_AFTER_TOUCH,,,86.0,,,,,100.0,,,,,,,,,,,,,,,,,,,,,,,
16136,2026-07-22T22:10:00+00:00,WAIT_MTF_CONTEXT,,,87.0,,,,,,bearish,neutral,neutral,46.15,,,,,,,,,,,,,,,,,,,
16137,2026-07-22T22:15:00+00:00,OB_CROSSED_AFTER_TOUCH,,,86.0,,,,,100.0,,,,,,,,,,,,,,,,,,,,,,,
16138,2026-07-22T22:20:00+00:00,OB_CROSSED_AFTER_TOUCH,,,86.0,,,,,100.0,,,,,,,,,,,,,,,,,,,,,,,
16139,2026-07-22T22:25:00+00:00,OB_CROSSED_AFTER_TOUCH,,,86.0,,,,,100.0,,,,,,,,,,,,,,,,,,,,,,,
16140,2026-07-22T22:30:00+00:00,OB_CROSSED_AFTER_TOUCH,,,86.0,,,,,100.0,,,,,,,,,,,,,,,,,,,,,,,
16141,2026-07-22T22:35:00+00:00,OB_CROSSED_AFTER_TOUCH,,,86.0,,,,,100.0,,,,,,,,,,,,,,,,,,,,,,,
16142,2026-07-22T22:40:00+00:00,OB_CROSSED_AFTER_TOUCH,,,86.0,,,,,100.0,,,,,,,,,,,,,,,,,,,,,,,
16143,2026-07-22T22:45:00+00:00,OB_CROSSED_AFTER_TOUCH,,,86.0,,,,,100.0,,,,,,,,,,,,,,,,,,,,,,,
16144,2026-07-22T22:50:00+00:00,OB_EXPIRED,,,86.0,,,,,,,,,,101.0,,,,,,,,,,,,,,,,,,
16155,2026-07-22T23:45:00+00:00,SWEEP,bearish,4129.89,,,,,,,,,,,,,,,,,,,,,,,,,,,,,
16156,2026-07-22T23:50:00+00:00,SWEEP,bearish,4131.645,,,,,,,,,,,,,,,,,,,,,,,,,,,,,
16158,2026-07-23T00:00:00+00:00,SWEEP,bearish,4134.193,,,,,,,,,,,,,,,,,,,,,,,,,,,,,
16158,2026-07-23T00:00:00+00:00,WAIT_MTF_CONTEXT,,,87.0,,,,,,bearish,neutral,neutral,46.15,,,,,,,,,,,,,,,,,,,
16159,2026-07-23T00:05:00+00:00,WAIT_MTF_CONTEXT,,,87.0,,,,,,bearish,neutral,neutral,46.15,,,,,,,,,,,,,,,,,,,
16160,2026-07-23T00:10:00+00:00,WAIT_MTF_CONTEXT,,,87.0,,,,,,bearish,neutral,neutral,46.15,,,,,,,,,,,,,,,,,,,
16161,2026-07-23T00:15:00+00:00,WAIT_MTF_CONTEXT,,,87.0,,,,,,bearish,neutral,neutral,46.15,,,,,,,,,,,,,,,,,,,
16162,2026-07-23T00:20:00+00:00,WAIT_MTF_CONTEXT,,,87.0,,,,,,bearish,neutral,neutral,46.15,,,,,,,,,,,,,,,,,,,
16163,2026-07-23T00:25:00+00:00,SWEEP,bearish,4134.48,,,,,,,,,,,,,,,,,,,,,,,,,,,,,
16163,2026-07-23T00:25:00+00:00,WAIT_MTF_CONTEXT,,,87.0,,,,,,bearish,neutral,neutral,46.15,,,,,,,,,,,,,,,,,,,
16164,2026-07-23T00:30:00+00:00,WAIT_MTF_CONTEXT,,,87.0,,,,,,bearish,neutral,neutral,46.15,,,,,,,,,,,,,,,,,,,
16165,2026-07-23T00:35:00+00:00,WAIT_MTF_CONTEXT,,,87.0,,,,,,bearish,neutral,neutral,46.15,,,,,,,,,,,,,,,,,,,
16166,2026-07-23T00:40:00+00:00,WAIT_MTF_CONTEXT,,,87.0,,,,,,bearish,neutral,neutral,46.15,,,,,,,,,,,,,,,,,,,
16167,2026-07-23T00:45:00+00:00,WAIT_MTF_CONTEXT,,,87.0,,,,,,bearish,neutral,neutral,46.15,,,,,,,,,,,,,,,,,,,
16168,2026-07-23T00:50:00+00:00,WAIT_MTF_CONTEXT,,,87.0,,,,,,bearish,neutral,neutral,46.15,,,,,,,,,,,,,,,,,,,
16169,2026-07-23T00:55:00+00:00,WAIT_MTF_CONTEXT,,,87.0,,,,,,bearish,neutral,neutral,46.15,,,,,,,,,,,,,,,,,,,
16170,2026-07-23T01:00:00+00:00,SWEEP,bearish,4134.739,,,,,,,,,,,,,,,,,,,,,,,,,,,,,
16170,2026-07-23T01:00:00+00:00,WAIT_MTF_CONTEXT,,,87.0,,,,,,bearish,neutral,neutral,46.15,,,,,,,,,,,,,,,,,,,
16171,2026-07-23T01:05:00+00:00,WAIT_MTF_CONTEXT,,,87.0,,,,,,bearish,neutral,neutral,46.15,,,,,,,,,,,,,,,,,,,
16172,2026-07-23T01:10:00+00:00,WAIT_MTF_CONTEXT,,,87.0,,,,,,bearish,neutral,neutral,46.15,,,,,,,,,,,,,,,,,,,
16173,2026-07-23T01:15:00+00:00,WAIT_MTF_CONTEXT,,,87.0,,,,,,bearish,neutral,neutral,46.15,,,,,,,,,,,,,,,,,,,
16174,2026-07-23T01:20:00+00:00,SWEEP,bearish,4139.063,,,,,,,,,,,,,,,,,,,,,,,,,,,,,
16174,2026-07-23T01:20:00+00:00,WAIT_MTF_CONTEXT,,,87.0,,,,,,bearish,neutral,neutral,46.15,,,,,,,,,,,,,,,,,,,
16175,2026-07-23T01:25:00+00:00,SWEEP,bearish,4140.122,,,,,,,,,,,,,,,,,,,,,,,,,,,,,
16175,2026-07-23T01:25:00+00:00,WAIT_MTF_CONTEXT,,,87.0,,,,,,bearish,neutral,neutral,46.15,,,,,,,,,,,,,,,,,,,
16176,2026-07-23T01:30:00+00:00,WAIT_MTF_CONTEXT,,,87.0,,,,,,bearish,neutral,neutral,46.15,,,,,,,,,,,,,,,,,,,
16177,2026-07-23T01:35:00+00:00,WAIT_MTF_CONTEXT,,,87.0,,,,,,bearish,neutral,neutral,46.15,,,,,,,,,,,,,,,,,,,
16178,2026-07-23T01:40:00+00:00,OB_EXPIRED,,,87.0,,,,,,,,,,101.0,,,,,,,,,,,,,,,,,,
16179,2026-07-23T01:45:00+00:00,SWEEP,bullish,4121.384,,,,,,,,,,,,,,,,,,,,,,,,,,,,,
16180,2026-07-23T01:50:00+00:00,SWEEP,bullish,4117.943,,,,,,,,,,,,,,,,,,,,,,,,,,,,,
16181,2026-07-23T01:55:00+00:00,SWEEP,bullish,4117.901,,,,,,,,,,,,,,,,,,,,,,,,,,,,,
16183,2026-07-23T02:05:00+00:00,SWEEP,bullish,4112.768,,,,,,,,,,,,,,,,,,,,,,,,,,,,,
16218,2026-07-23T05:00:00+00:00,SWEEP,bullish,4119.974,,,,,,,,,,,,,,,,,,,,,,,,,,,,,
16227,2026-07-23T05:45:00+00:00,SWEEP,bearish,4130.45,,,,,,,,,,,,,,,,,,,,,,,,,,,,,
16238,2026-07-23T06:40:00+00:00,SWEEP,bullish,4119.428,,,,,,,,,,,,,,,,,,,,,,,,,,,,,
16251,2026-07-23T07:45:00+00:00,SWEEP,bullish,4091.182,,,,,,,,,,,,,,,,,,,,,,,,,,,,,
16252,2026-07-23T07:50:00+00:00,SWEEP,bullish,4091.073,,,,,,,,,,,,,,,,,,,,,,,,,,,,,
16258,2026-07-23T08:20:00+00:00,SWEEP,bullish,4089.281,,,,,,,,,,,,,,,,,,,,,,,,,,,,,
16263,2026-07-23T08:45:00+00:00,SWEEP,bullish,4088.369,,,,,,,,,,,,,,,,,,,,,,,,,,,,,
16282,2026-07-23T10:20:00+00:00,SWEEP,bullish,4086.968,,,,,,,,,,,,,,,,,,,,,,,,,,,,,
16286,2026-07-23T10:40:00+00:00,OB_FORMED,bullish,,88.0,4087.454,4089.97,69.72,"{'body': 14.67, 'fvg': 8.07, 'sweep': 21.71, 'break': 0.28, 'ob_size': 15.0, 'adjacency': 10}",,,,,,,,,,,,,,,,,,,,,,,,
16291,2026-07-23T11:05:00+00:00,OB_TOUCH,,,88.0,,,,,51.629570747224705,,,,,,,,,,,,,,,,,,,,,,,
16291,2026-07-23T11:05:00+00:00,WAIT_MTF_CONTEXT,,,88.0,,,,,,bearish,neutral,bearish,69.23,,,,,,,,,,,,,,,,,,,
16292,2026-07-23T11:10:00+00:00,WAIT_MTF_CONTEXT,,,88.0,,,,,,bearish,neutral,bearish,69.23,,,,,,,,,,,,,,,,,,,
16293,2026-07-23T11:15:00+00:00,OB_CROSSED_AFTER_TOUCH,,,88.0,,,,,100.0,,,,,,,,,,,,,,,,,,,,,,,
16294,2026-07-23T11:20:00+00:00,OB_CROSSED_AFTER_TOUCH,,,88.0,,,,,100.0,,,,,,,,,,,,,,,,,,,,,,,
16295,2026-07-23T11:25:00+00:00,OB_CROSSED_AFTER_TOUCH,,,88.0,,,,,100.0,,,,,,,,,,,,,,,,,,,,,,,
16296,2026-07-23T11:30:00+00:00,SWEEP,bullish,4080.782,,,,,,,,,,,,,,,,,,,,,,,,,,,,,
16296,2026-07-23T11:30:00+00:00,OB_CROSSED_AFTER_TOUCH,,,88.0,,,,,100.0,,,,,,,,,,,,,,,,,,,,,,,
16297,2026-07-23T11:35:00+00:00,OB_CROSSED_AFTER_TOUCH,,,88.0,,,,,100.0,,,,,,,,,,,,,,,,,,,,,,,
16298,2026-07-23T11:40:00+00:00,OB_CROSSED_AFTER_TOUCH,,,88.0,,,,,100.0,,,,,,,,,,,,,,,,,,,,,,,
16299,2026-07-23T11:45:00+00:00,OB_CROSSED_AFTER_TOUCH,,,88.0,,,,,100.0,,,,,,,,,,,,,,,,,,,,,,,
16300,2026-07-23T11:50:00+00:00,OB_CROSSED_AFTER_TOUCH,,,88.0,,,,,100.0,,,,,,,,,,,,,,,,,,,,,,,
16301,2026-07-23T11:55:00+00:00,OB_CROSSED_AFTER_TOUCH,,,88.0,,,,,100.0,,,,,,,,,,,,,,,,,,,,,,,
16302,2026-07-23T12:00:00+00:00,OB_CROSSED_AFTER_TOUCH,,,88.0,,,,,100.0,,,,,,,,,,,,,,,,,,,,,,,
16303,2026-07-23T12:05:00+00:00,OB_CROSSED_AFTER_TOUCH,,,88.0,,,,,100.0,,,,,,,,,,,,,,,,,,,,,,,
16304,2026-07-23T12:10:00+00:00,OB_CROSSED_AFTER_TOUCH,,,88.0,,,,,100.0,,,,,,,,,,,,,,,,,,,,,,,
16305,2026-07-23T12:15:00+00:00,SWEEP,bullish,4072.706,,,,,,,,,,,,,,,,,,,,,,,,,,,,,
16305,2026-07-23T12:15:00+00:00,OB_CROSSED_AFTER_TOUCH,,,88.0,,,,,100.0,,,,,,,,,,,,,,,,,,,,,,,
16306,2026-07-23T12:20:00+00:00,OB_CROSSED_AFTER_TOUCH,,,88.0,,,,,100.0,,,,,,,,,,,,,,,,,,,,,,,
16307,2026-07-23T12:25:00+00:00,OB_CROSSED_AFTER_TOUCH,,,88.0,,,,,100.0,,,,,,,,,,,,,,,,,,,,,,,
16308,2026-07-23T12:30:00+00:00,SWEEP,bullish,4070.183,,,,,,,,,,,,,,,,,,,,,,,,,,,,,
16308,2026-07-23T12:30:00+00:00,OB_CROSSED_AFTER_TOUCH,,,88.0,,,,,100.0,,,,,,,,,,,,,,,,,,,,,,,
16309,2026-07-23T12:35:00+00:00,SWEEP,bullish,4067.71,,,,,,,,,,,,,,,,,,,,,,,,,,,,,
16309,2026-07-23T12:35:00+00:00,OB_CROSSED_AFTER_TOUCH,,,88.0,,,,,100.0,,,,,,,,,,,,,,,,,,,,,,,
16310,2026-07-23T12:40:00+00:00,OB_CROSSED_AFTER_TOUCH,,,88.0,,,,,100.0,,,,,,,,,,,,,,,,,,,,,,,
16311,2026-07-23T12:45:00+00:00,SWEEP,bullish,4063.899,,,,,,,,,,,,,,,,,,,,,,,,,,,,,
16311,2026-07-23T12:45:00+00:00,OB_CROSSED_AFTER_TOUCH,,,88.0,,,,,100.0,,,,,,,,,,,,,,,,,,,,,,,
16312,2026-07-23T12:50:00+00:00,SWEEP,bullish,4062.921,,,,,,,,,,,,,,,,,,,,,,,,,,,,,
16312,2026-07-23T12:50:00+00:00,OB_CROSSED_AFTER_TOUCH,,,88.0,,,,,100.0,,,,,,,,,,,,,,,,,,,,,,,
16313,2026-07-23T12:55:00+00:00,SWEEP,bullish,4061.805,,,,,,,,,,,,,,,,,,,,,,,,,,,,,
16313,2026-07-23T12:55:00+00:00,OB_CROSSED_AFTER_TOUCH,,,88.0,,,,,100.0,,,,,,,,,,,,,,,,,,,,,,,
16314,2026-07-23T13:00:00+00:00,OB_CROSSED_AFTER_TOUCH,,,88.0,,,,,100.0,,,,,,,,,,,,,,,,,,,,,,,
16315,2026-07-23T13:05:00+00:00,OB_CROSSED_AFTER_TOUCH,,,88.0,,,,,100.0,,,,,,,,,,,,,,,,,,,,,,,
16316,2026-07-23T13:10:00+00:00,OB_CROSSED_AFTER_TOUCH,,,88.0,,,,,100.0,,,,,,,,,,,,,,,,,,,,,,,
16317,2026-07-23T13:15:00+00:00,OB_CROSSED_AFTER_TOUCH,,,88.0,,,,,100.0,,,,,,,,,,,,,,,,,,,,,,,
16318,2026-07-23T13:20:00+00:00,OB_CROSSED_AFTER_TOUCH,,,88.0,,,,,100.0,,,,,,,,,,,,,,,,,,,,,,,
16319,2026-07-23T13:25:00+00:00,OB_CROSSED_AFTER_TOUCH,,,88.0,,,,,100.0,,,,,,,,,,,,,,,,,,,,,,,
16320,2026-07-23T13:30:00+00:00,OB_CROSSED_AFTER_TOUCH,,,88.0,,,,,100.0,,,,,,,,,,,,,,,,,,,,,,,
16321,2026-07-23T13:35:00+00:00,OB_CROSSED_AFTER_TOUCH,,,88.0,,,,,100.0,,,,,,,,,,,,,,,,,,,,,,,
16322,2026-07-23T13:40:00+00:00,OB_CROSSED_AFTER_TOUCH,,,88.0,,,,,100.0,,,,,,,,,,,,,,,,,,,,,,,
16323,2026-07-23T13:45:00+00:00,OB_CROSSED_AFTER_TOUCH,,,88.0,,,,,100.0,,,,,,,,,,,,,,,,,,,,,,,
16324,2026-07-23T13:50:00+00:00,OB_CROSSED_AFTER_TOUCH,,,88.0,,,,,100.0,,,,,,,,,,,,,,,,,,,,,,,
16325,2026-07-23T13:55:00+00:00,OB_CROSSED_AFTER_TOUCH,,,88.0,,,,,100.0,,,,,,,,,,,,,,,,,,,,,,,
16326,2026-07-23T14:00:00+00:00,OB_CROSSED_AFTER_TOUCH,,,88.0,,,,,100.0,,,,,,,,,,,,,,,,,,,,,,,
16327,2026-07-23T14:05:00+00:00,SWEEP,bullish,4040.288,,,,,,,,,,,,,,,,,,,,,,,,,,,,,
16327,2026-07-23T14:05:00+00:00,OB_CROSSED_AFTER_TOUCH,,,88.0,,,,,100.0,,,,,,,,,,,,,,,,,,,,,,,
16328,2026-07-23T14:10:00+00:00,OB_CROSSED_AFTER_TOUCH,,,88.0,,,,,100.0,,,,,,,,,,,,,,,,,,,,,,,
16329,2026-07-23T14:15:00+00:00,OB_CROSSED_AFTER_TOUCH,,,88.0,,,,,100.0,,,,,,,,,,,,,,,,,,,,,,,
16330,2026-07-23T14:20:00+00:00,OB_CROSSED_AFTER_TOUCH,,,88.0,,,,,100.0,,,,,,,,,,,,,,,,,,,,,,,
16331,2026-07-23T14:25:00+00:00,OB_CROSSED_AFTER_TOUCH,,,88.0,,,,,100.0,,,,,,,,,,,,,,,,,,,,,,,
16332,2026-07-23T14:30:00+00:00,OB_CROSSED_AFTER_TOUCH,,,88.0,,,,,100.0,,,,,,,,,,,,,,,,,,,,,,,
16333,2026-07-23T14:35:00+00:00,OB_CROSSED_AFTER_TOUCH,,,88.0,,,,,100.0,,,,,,,,,,,,,,,,,,,,,,,
16334,2026-07-23T14:40:00+00:00,OB_CROSSED_AFTER_TOUCH,,,88.0,,,,,100.0,,,,,,,,,,,,,,,,,,,,,,,
16335,2026-07-23T14:45:00+00:00,OB_CROSSED_AFTER_TOUCH,,,88.0,,,,,100.0,,,,,,,,,,,,,,,,,,,,,,,
16336,2026-07-23T14:50:00+00:00,OB_CROSSED_AFTER_TOUCH,,,88.0,,,,,100.0,,,,,,,,,,,,,,,,,,,,,,,
16337,2026-07-23T14:55:00+00:00,OB_CROSSED_AFTER_TOUCH,,,88.0,,,,,100.0,,,,,,,,,,,,,,,,,,,,,,,
16338,2026-07-23T15:00:00+00:00,OB_CROSSED_AFTER_TOUCH,,,88.0,,,,,100.0,,,,,,,,,,,,,,,,,,,,,,,
16339,2026-07-23T15:05:00+00:00,OB_CROSSED_AFTER_TOUCH,,,88.0,,,,,100.0,,,,,,,,,,,,,,,,,,,,,,,
16340,2026-07-23T15:10:00+00:00,OB_CROSSED_AFTER_TOUCH,,,88.0,,,,,100.0,,,,,,,,,,,,,,,,,,,,,,,
16341,2026-07-23T15:15:00+00:00,OB_CROSSED_AFTER_TOUCH,,,88.0,,,,,100.0,,,,,,,,,,,,,,,,,,,,,,,
16342,2026-07-23T15:20:00+00:00,OB_CROSSED_AFTER_TOUCH,,,88.0,,,,,100.0,,,,,,,,,,,,,,,,,,,,,,,
16343,2026-07-23T15:25:00+00:00,OB_CROSSED_AFTER_TOUCH,,,88.0,,,,,100.0,,,,,,,,,,,,,,,,,,,,,,,
16344,2026-07-23T15:30:00+00:00,OB_CROSSED_AFTER_TOUCH,,,88.0,,,,,100.0,,,,,,,,,,,,,,,,,,,,,,,
16345,2026-07-23T15:35:00+00:00,OB_CROSSED_AFTER_TOUCH,,,88.0,,,,,100.0,,,,,,,,,,,,,,,,,,,,,,,
16346,2026-07-23T15:40:00+00:00,OB_CROSSED_AFTER_TOUCH,,,88.0,,,,,100.0,,,,,,,,,,,,,,,,,,,,,,,
16347,2026-07-23T15:45:00+00:00,OB_CROSSED_AFTER_TOUCH,,,88.0,,,,,100.0,,,,,,,,,,,,,,,,,,,,,,,
16348,2026-07-23T15:50:00+00:00,OB_CROSSED_AFTER_TOUCH,,,88.0,,,,,100.0,,,,,,,,,,,,,,,,,,,,,,,
16349,2026-07-23T15:55:00+00:00,OB_CROSSED_AFTER_TOUCH,,,88.0,,,,,100.0,,,,,,,,,,,,,,,,,,,,,,,
16350,2026-07-23T16:00:00+00:00,OB_CROSSED_AFTER_TOUCH,,,88.0,,,,,100.0,,,,,,,,,,,,,,,,,,,,,,,
16351,2026-07-23T16:05:00+00:00,OB_CROSSED_AFTER_TOUCH,,,88.0,,,,,100.0,,,,,,,,,,,,,,,,,,,,,,,
16352,2026-07-23T16:10:00+00:00,OB_CROSSED_AFTER_TOUCH,,,88.0,,,,,100.0,,,,,,,,,,,,,,,,,,,,,,,
16353,2026-07-23T16:15:00+00:00,OB_CROSSED_AFTER_TOUCH,,,88.0,,,,,100.0,,,,,,,,,,,,,,,,,,,,,,,
16354,2026-07-23T16:20:00+00:00,OB_CROSSED_AFTER_TOUCH,,,88.0,,,,,100.0,,,,,,,,,,,,,,,,,,,,,,,
16355,2026-07-23T16:25:00+00:00,OB_CROSSED_AFTER_TOUCH,,,88.0,,,,,100.0,,,,,,,,,,,,,,,,,,,,,,,
16356,2026-07-23T16:30:00+00:00,OB_CROSSED_AFTER_TOUCH,,,88.0,,,,,100.0,,,,,,,,,,,,,,,,,,,,,,,
16357,2026-07-23T16:35:00+00:00,OB_CROSSED_AFTER_TOUCH,,,88.0,,,,,100.0,,,,,,,,,,,,,,,,,,,,,,,
16358,2026-07-23T16:40:00+00:00,OB_CROSSED_AFTER_TOUCH,,,88.0,,,,,100.0,,,,,,,,,,,,,,,,,,,,,,,
16359,2026-07-23T16:45:00+00:00,OB_CROSSED_AFTER_TOUCH,,,88.0,,,,,100.0,,,,,,,,,,,,,,,,,,,,,,,
16360,2026-07-23T16:50:00+00:00,OB_CROSSED_AFTER_TOUCH,,,88.0,,,,,100.0,,,,,,,,,,,,,,,,,,,,,,,
16361,2026-07-23T16:55:00+00:00,OB_CROSSED_AFTER_TOUCH,,,88.0,,,,,100.0,,,,,,,,,,,,,,,,,,,,,,,
16362,2026-07-23T17:00:00+00:00,SWEEP,bearish,4053.678,,,,,,,,,,,,,,,,,,,,,,,,,,,,,
16362,2026-07-23T17:00:00+00:00,OB_CROSSED_AFTER_TOUCH,,,88.0,,,,,100.0,,,,,,,,,,,,,,,,,,,,,,,
16363,2026-07-23T17:05:00+00:00,OB_CROSSED_AFTER_TOUCH,,,88.0,,,,,100.0,,,,,,,,,,,,,,,,,,,,,,,
16364,2026-07-23T17:10:00+00:00,OB_CROSSED_AFTER_TOUCH,,,88.0,,,,,100.0,,,,,,,,,,,,,,,,,,,,,,,
16365,2026-07-23T17:15:00+00:00,OB_CROSSED_AFTER_TOUCH,,,88.0,,,,,100.0,,,,,,,,,,,,,,,,,,,,,,,
16366,2026-07-23T17:20:00+00:00,OB_CROSSED_AFTER_TOUCH,,,88.0,,,,,100.0,,,,,,,,,,,,,,,,,,,,,,,
16367,2026-07-23T17:25:00+00:00,OB_CROSSED_AFTER_TOUCH,,,88.0,,,,,100.0,,,,,,,,,,,,,,,,,,,,,,,
16368,2026-07-23T17:30:00+00:00,OB_CROSSED_AFTER_TOUCH,,,88.0,,,,,100.0,,,,,,,,,,,,,,,,,,,,,,,
16369,2026-07-23T17:35:00+00:00,OB_CROSSED_AFTER_TOUCH,,,88.0,,,,,100.0,,,,,,,,,,,,,,,,,,,,,,,
16368,2026-07-23T17:30:00+00:00,OB_FORMED,bearish,,89.0,4046.778,4049.266,81.84,"{'body': 17.94, 'fvg': 10.39, 'sweep': 23.92, 'break': 4.59, 'ob_size': 15.0, 'adjacency': 10}",,,,,,,,,,,,,,,,,,,,,,,,
16370,2026-07-23T17:40:00+00:00,OB_CROSSED_AFTER_TOUCH,,,88.0,,,,,100.0,,,,,,,,,,,,,,,,,,,,,,,
16371,2026-07-23T17:45:00+00:00,OB_CROSSED_AFTER_TOUCH,,,88.0,,,,,100.0,,,,,,,,,,,,,,,,,,,,,,,
16372,2026-07-23T17:50:00+00:00,OB_CROSSED_AFTER_TOUCH,,,88.0,,,,,100.0,,,,,,,,,,,,,,,,,,,,,,,
16373,2026-07-23T17:55:00+00:00,SWEEP,bullish,4041.704,,,,,,,,,,,,,,,,,,,,,,,,,,,,,
16373,2026-07-23T17:55:00+00:00,OB_CROSSED_AFTER_TOUCH,,,88.0,,,,,100.0,,,,,,,,,,,,,,,,,,,,,,,
16374,2026-07-23T18:00:00+00:00,SWEEP,bullish,4041.639,,,,,,,,,,,,,,,,,,,,,,,,,,,,,
16374,2026-07-23T18:00:00+00:00,OB_CROSSED_AFTER_TOUCH,,,88.0,,,,,100.0,,,,,,,,,,,,,,,,,,,,,,,
16375,2026-07-23T18:05:00+00:00,OB_CROSSED_AFTER_TOUCH,,,88.0,,,,,100.0,,,,,,,,,,,,,,,,,,,,,,,
16376,2026-07-23T18:10:00+00:00,OB_CROSSED_AFTER_TOUCH,,,88.0,,,,,100.0,,,,,,,,,,,,,,,,,,,,,,,
16377,2026-07-23T18:15:00+00:00,OB_CROSSED_AFTER_TOUCH,,,88.0,,,,,100.0,,,,,,,,,,,,,,,,,,,,,,,
16378,2026-07-23T18:20:00+00:00,OB_CROSSED_AFTER_TOUCH,,,88.0,,,,,100.0,,,,,,,,,,,,,,,,,,,,,,,
16379,2026-07-23T18:25:00+00:00,OB_CROSSED_AFTER_TOUCH,,,88.0,,,,,100.0,,,,,,,,,,,,,,,,,,,,,,,
16380,2026-07-23T18:30:00+00:00,OB_CROSSED_AFTER_TOUCH,,,88.0,,,,,100.0,,,,,,,,,,,,,,,,,,,,,,,
16380,2026-07-23T18:30:00+00:00,OB_TOUCH,,,89.0,,,,,0.0,,,,,,,,,,,,,,,,,,,,,,,
16381,2026-07-23T18:35:00+00:00,OB_CROSSED_AFTER_TOUCH,,,88.0,,,,,100.0,,,,,,,,,,,,,,,,,,,,,,,
16382,2026-07-23T18:40:00+00:00,OB_CROSSED_AFTER_TOUCH,,,88.0,,,,,100.0,,,,,,,,,,,,,,,,,,,,,,,
16383,2026-07-23T18:45:00+00:00,OB_CROSSED_AFTER_TOUCH,,,88.0,,,,,100.0,,,,,,,,,,,,,,,,,,,,,,,
16384,2026-07-23T18:50:00+00:00,OB_CROSSED_AFTER_TOUCH,,,88.0,,,,,100.0,,,,,,,,,,,,,,,,,,,,,,,
16385,2026-07-23T18:55:00+00:00,OB_CROSSED_AFTER_TOUCH,,,88.0,,,,,100.0,,,,,,,,,,,,,,,,,,,,,,,
16386,2026-07-23T19:00:00+00:00,OB_CROSSED_AFTER_TOUCH,,,88.0,,,,,100.0,,,,,,,,,,,,,,,,,,,,,,,
16387,2026-07-23T19:05:00+00:00,OB_EXPIRED,,,88.0,,,,,,,,,,101.0,,,,,,,,,,,,,,,,,,
16391,2026-07-23T19:25:00+00:00,SWEEP,bearish,4048.607,,,,,,,,,,,,,,,,,,,,,,,,,,,,,
16392,2026-07-23T19:30:00+00:00,SWEEP,bearish,4049.285,,,,,,,,,,,,,,,,,,,,,,,,,,,,,
16392,2026-07-23T19:30:00+00:00,REVERSAL_INSIDE_OB,,,89.0,,,,,22.226688102904955,,,,,,,,,,,,,,,,,,,,,,,
16392,2026-07-23T19:30:00+00:00,WAIT_MICRO_BOS,,,89.0,,,,,,,,,,,normal_reversal_inside_ob,,,,,,,,,,,,,,,,,
16396,2026-07-23T19:50:00+00:00,OB_CROSSED_AFTER_TOUCH,,,89.0,,,,,100.0,,,,,,,,,,,,,,,,,,,,,,,
16397,2026-07-23T19:55:00+00:00,OB_CROSSED_AFTER_TOUCH,,,89.0,,,,,100.0,,,,,,,,,,,,,,,,,,,,,,,
16398,2026-07-23T20:00:00+00:00,SWEEP,bearish,4051.105,,,,,,,,,,,,,,,,,,,,,,,,,,,,,
16398,2026-07-23T20:00:00+00:00,REVERSAL_AFTER_OB_CROSS,,,89.0,,,,,92.04180064309313,,,,,,,,,,,,,,,,,,,,,,,
16398,2026-07-23T20:00:00+00:00,WAIT_MICRO_BOS,,,89.0,,,,,,,,,,,crossed_ob_reentry,,,,,,,,,,,,,,,,,
16399,2026-07-23T20:05:00+00:00,REVERSAL_AFTER_OB_CROSS,,,89.0,,,,,73.91479099679208,,,,,,,,,,,,,,,,,,,,,,,
16399,2026-07-23T20:05:00+00:00,WAIT_MICRO_BOS,,,89.0,,,,,,,,,,,crossed_ob_reentry,,,,,,,,,,,,,,,,,
16400,2026-07-23T20:10:00+00:00,OB_CROSSED_AFTER_TOUCH,,,89.0,,,,,100.0,,,,,,,,,,,,,,,,,,,,,,,
16401,2026-07-23T20:15:00+00:00,REVERSAL_AFTER_OB_CROSS,,,89.0,,,,,81.43086816720513,,,,,,,,,,,,,,,,,,,,,,,
16401,2026-07-23T20:15:00+00:00,WAIT_MICRO_BOS,,,89.0,,,,,,,,,,,crossed_ob_reentry,,,,,,,,,,,,,,,,,
16402,2026-07-23T20:20:00+00:00,WAIT_MICRO_BOS,,,89.0,,,,,,,,,,,crossed_ob_reentry,,,,,,,,,,,,,,,,,
16403,2026-07-23T20:25:00+00:00,OB_CROSSED_AFTER_TOUCH,,,89.0,,,,,100.0,,,,,,,,,,,,,,,,,,,,,,,
16404,2026-07-23T20:30:00+00:00,OB_CROSSED_AFTER_TOUCH,,,89.0,,,,,100.0,,,,,,,,,,,,,,,,,,,,,,,
16405,2026-07-23T20:35:00+00:00,OB_CROSSED_AFTER_TOUCH,,,89.0,,,,,100.0,,,,,,,,,,,,,,,,,,,,,,,
16406,2026-07-23T20:40:00+00:00,OB_CROSSED_AFTER_TOUCH,,,89.0,,,,,100.0,,,,,,,,,,,,,,,,,,,,,,,
16407,2026-07-23T20:45:00+00:00,OB_CROSSED_AFTER_TOUCH,,,89.0,,,,,100.0,,,,,,,,,,,,,,,,,,,,,,,
16408,2026-07-23T20:50:00+00:00,REVERSAL_AFTER_OB_CROSS,,,89.0,,,,,61.73633440513999,,,,,,,,,,,,,,,,,,,,,,,
16408,2026-07-23T20:50:00+00:00,WAIT_REENTRY_DEPTH,,,89.0,,,,,61.73633440513999,,,,,,,70.0,,,,,,,,,,,,,,,,
16409,2026-07-23T20:55:00+00:00,WAIT_MICRO_BOS,,,89.0,,,,,,,,,,,crossed_ob_reentry,,,,,,,,,,,,,,,,,
16410,2026-07-23T22:00:00+00:00,REVERSAL_AFTER_OB_CROSS,,,89.0,,,,,81.27009646302888,,,,,,,,,,,,,,,,,,,,,,,
16410,2026-07-23T22:00:00+00:00,WAIT_MICRO_BOS,,,89.0,,,,,,,,,,,crossed_ob_reentry,,,,,,,,,,,,,,,,,
16411,2026-07-23T22:05:00+00:00,WAIT_MICRO_BOS,,,89.0,,,,,,,,,,,crossed_ob_reentry,,,,,,,,,,,,,,,,,
16412,2026-07-23T22:10:00+00:00,WAIT_MICRO_BOS,,,89.0,,,,,,,,,,,crossed_ob_reentry,,,,,,,,,,,,,,,,,
16413,2026-07-23T22:15:00+00:00,OB_CROSSED_AFTER_TOUCH,,,89.0,,,,,100.0,,,,,,,,,,,,,,,,,,,,,,,
16414,2026-07-23T22:20:00+00:00,OB_CROSSED_AFTER_TOUCH,,,89.0,,,,,100.0,,,,,,,,,,,,,,,,,,,,,,,
16415,2026-07-23T22:25:00+00:00,OB_CROSSED_AFTER_TOUCH,,,89.0,,,,,100.0,,,,,,,,,,,,,,,,,,,,,,,
16416,2026-07-23T22:30:00+00:00,OB_CROSSED_AFTER_TOUCH,,,89.0,,,,,100.0,,,,,,,,,,,,,,,,,,,,,,,
16417,2026-07-23T22:35:00+00:00,OB_CROSSED_AFTER_TOUCH,,,89.0,,,,,100.0,,,,,,,,,,,,,,,,,,,,,,,
16418,2026-07-23T22:40:00+00:00,OB_CROSSED_AFTER_TOUCH,,,89.0,,,,,100.0,,,,,,,,,,,,,,,,,,,,,,,
16419,2026-07-23T22:45:00+00:00,REVERSAL_AFTER_OB_CROSS,,,89.0,,,,,82.83762057877469,,,,,,,,,,,,,,,,,,,,,,,
16419,2026-07-23T22:45:00+00:00,WAIT_MICRO_BOS,,,89.0,,,,,,,,,,,crossed_ob_reentry,,,,,,,,,,,,,,,,,
16420,2026-07-23T22:50:00+00:00,OB_CROSSED_AFTER_TOUCH,,,89.0,,,,,100.0,,,,,,,,,,,,,,,,,,,,,,,
16421,2026-07-23T22:55:00+00:00,OB_CROSSED_AFTER_TOUCH,,,89.0,,,,,100.0,,,,,,,,,,,,,,,,,,,,,,,
16422,2026-07-23T23:00:00+00:00,WAIT_MTF_CONTEXT,,,89.0,,,,,,bearish,neutral,neutral,46.15,,,,,,,,,,,,,,,,,,,
16423,2026-07-23T23:05:00+00:00,WAIT_MTF_CONTEXT,,,89.0,,,,,,bearish,neutral,neutral,46.15,,,,,,,,,,,,,,,,,,,
16424,2026-07-23T23:10:00+00:00,SWEEP,bullish,4047.378,,,,,,,,,,,,,,,,,,,,,,,,,,,,,
16424,2026-07-23T23:10:00+00:00,WAIT_MTF_CONTEXT,,,89.0,,,,,,bearish,neutral,neutral,46.15,,,,,,,,,,,,,,,,,,,
16425,2026-07-23T23:15:00+00:00,SWEEP,bullish,4047.326,,,,,,,,,,,,,,,,,,,,,,,,,,,,,
16425,2026-07-23T23:15:00+00:00,WAIT_MTF_CONTEXT,,,89.0,,,,,,bearish,neutral,neutral,46.15,,,,,,,,,,,,,,,,,,,
16426,2026-07-23T23:20:00+00:00,SWEEP,bullish,4047.292,,,,,,,,,,,,,,,,,,,,,,,,,,,,,
16426,2026-07-23T23:20:00+00:00,WAIT_MTF_CONTEXT,,,89.0,,,,,,bearish,neutral,neutral,46.15,,,,,,,,,,,,,,,,,,,
16427,2026-07-23T23:25:00+00:00,WAIT_MTF_CONTEXT,,,89.0,,,,,,bearish,neutral,neutral,46.15,,,,,,,,,,,,,,,,,,,
16428,2026-07-23T23:30:00+00:00,SWEEP,bearish,4050.733,,,,,,,,,,,,,,,,,,,,,,,,,,,,,
16428,2026-07-23T23:30:00+00:00,OB_CROSSED_AFTER_TOUCH,,,89.0,,,,,100.0,,,,,,,,,,,,,,,,,,,,,,,
16429,2026-07-23T23:35:00+00:00,WAIT_MTF_CONTEXT,,,89.0,,,,,,bearish,neutral,neutral,46.15,,,,,,,,,,,,,,,,,,,
16430,2026-07-23T23:40:00+00:00,SWEEP,bullish,4046.983,,,,,,,,,,,,,,,,,,,,,,,,,,,,,
16430,2026-07-23T23:40:00+00:00,WAIT_MTF_CONTEXT,,,89.0,,,,,,bearish,neutral,neutral,46.15,,,,,,,,,,,,,,,,,,,
16431,2026-07-23T23:45:00+00:00,WAIT_MTF_CONTEXT,,,89.0,,,,,,bearish,neutral,neutral,46.15,,,,,,,,,,,,,,,,,,,
16432,2026-07-23T23:50:00+00:00,WAIT_MTF_CONTEXT,,,89.0,,,,,,bearish,neutral,neutral,46.15,,,,,,,,,,,,,,,,,,,
16433,2026-07-23T23:55:00+00:00,SWEEP,bullish,4046.874,,,,,,,,,,,,,,,,,,,,,,,,,,,,,
16433,2026-07-23T23:55:00+00:00,WAIT_MTF_CONTEXT,,,89.0,,,,,,bearish,neutral,neutral,46.15,,,,,,,,,,,,,,,,,,,
16434,2026-07-24T00:00:00+00:00,WAIT_MTF_CONTEXT,,,89.0,,,,,,bearish,neutral,neutral,46.15,,,,,,,,,,,,,,,,,,,
16435,2026-07-24T00:05:00+00:00,WAIT_MTF_CONTEXT,,,89.0,,,,,,bearish,neutral,neutral,46.15,,,,,,,,,,,,,,,,,,,
16436,2026-07-24T00:10:00+00:00,WAIT_MTF_CONTEXT,,,89.0,,,,,,bearish,neutral,neutral,46.15,,,,,,,,,,,,,,,,,,,
16437,2026-07-24T00:15:00+00:00,SWEEP,bullish,4041.342,,,,,,,,,,,,,,,,,,,,,,,,,,,,,
16437,2026-07-24T00:15:00+00:00,WAIT_MTF_CONTEXT,,,89.0,,,,,,bearish,neutral,neutral,46.15,,,,,,,,,,,,,,,,,,,
16438,2026-07-24T00:20:00+00:00,WAIT_MTF_CONTEXT,,,89.0,,,,,,bearish,neutral,neutral,46.15,,,,,,,,,,,,,,,,,,,
16439,2026-07-24T00:25:00+00:00,WAIT_MTF_CONTEXT,,,89.0,,,,,,bearish,neutral,neutral,46.15,,,,,,,,,,,,,,,,,,,
16440,2026-07-24T00:30:00+00:00,WAIT_MTF_CONTEXT,,,89.0,,,,,,bearish,neutral,bullish,46.15,,,,,,,,,,,,,,,,,,,
16441,2026-07-24T00:35:00+00:00,WAIT_MTF_CONTEXT,,,89.0,,,,,,bearish,neutral,bullish,46.15,,,,,,,,,,,,,,,,,,,
16442,2026-07-24T00:40:00+00:00,OB_CROSSED_AFTER_TOUCH,,,89.0,,,,,100.0,,,,,,,,,,,,,,,,,,,,,,,
16443,2026-07-24T00:45:00+00:00,WAIT_MTF_CONTEXT,,,89.0,,,,,,bearish,neutral,bullish,46.15,,,,,,,,,,,,,,,,,,,
16444,2026-07-24T00:50:00+00:00,WAIT_MTF_CONTEXT,,,89.0,,,,,,bearish,neutral,bullish,46.15,,,,,,,,,,,,,,,,,,,
16445,2026-07-24T00:55:00+00:00,SWEEP,bearish,4050.803,,,,,,,,,,,,,,,,,,,,,,,,,,,,,
16445,2026-07-24T00:55:00+00:00,OB_CROSSED_AFTER_TOUCH,,,89.0,,,,,100.0,,,,,,,,,,,,,,,,,,,,,,,
16446,2026-07-24T01:00:00+00:00,SWEEP,bullish,4041.051,,,,,,,,,,,,,,,,,,,,,,,,,,,,,
16446,2026-07-24T01:00:00+00:00,WAIT_MTF_CONTEXT,,,89.0,,,,,,bearish,neutral,bullish,46.15,,,,,,,,,,,,,,,,,,,
16447,2026-07-24T01:05:00+00:00,WAIT_MTF_CONTEXT,,,89.0,,,,,,bearish,neutral,bullish,46.15,,,,,,,,,,,,,,,,,,,
16448,2026-07-24T01:10:00+00:00,WAIT_MTF_CONTEXT,,,89.0,,,,,,bearish,neutral,bullish,46.15,,,,,,,,,,,,,,,,,,,
16449,2026-07-24T01:15:00+00:00,WAIT_MTF_CONTEXT,,,89.0,,,,,,bearish,neutral,bullish,46.15,,,,,,,,,,,,,,,,,,,
16450,2026-07-24T01:20:00+00:00,WAIT_MTF_CONTEXT,,,89.0,,,,,,bearish,neutral,bullish,46.15,,,,,,,,,,,,,,,,,,,
16451,2026-07-24T01:25:00+00:00,WAIT_MTF_CONTEXT,,,89.0,,,,,,bearish,neutral,bullish,46.15,,,,,,,,,,,,,,,,,,,
16452,2026-07-24T01:30:00+00:00,WAIT_MTF_CONTEXT,,,89.0,,,,,,bearish,neutral,bullish,46.15,,,,,,,,,,,,,,,,,,,
16453,2026-07-24T01:35:00+00:00,WAIT_MTF_CONTEXT,,,89.0,,,,,,bearish,neutral,bullish,46.15,,,,,,,,,,,,,,,,,,,
16454,2026-07-24T01:40:00+00:00,OB_CROSSED_AFTER_TOUCH,,,89.0,,,,,100.0,,,,,,,,,,,,,,,,,,,,,,,
16455,2026-07-24T01:45:00+00:00,WAIT_MTF_CONTEXT,,,89.0,,,,,,bearish,neutral,bullish,46.15,,,,,,,,,,,,,,,,,,,
16456,2026-07-24T01:50:00+00:00,WAIT_MTF_CONTEXT,,,89.0,,,,,,bearish,neutral,bullish,46.15,,,,,,,,,,,,,,,,,,,
16457,2026-07-24T01:55:00+00:00,WAIT_MTF_CONTEXT,,,89.0,,,,,,bearish,neutral,bullish,46.15,,,,,,,,,,,,,,,,,,,
16458,2026-07-24T02:00:00+00:00,WAIT_MTF_CONTEXT,,,89.0,,,,,,bearish,neutral,neutral,46.15,,,,,,,,,,,,,,,,,,,
16459,2026-07-24T02:05:00+00:00,WAIT_MTF_CONTEXT,,,89.0,,,,,,bearish,neutral,neutral,46.15,,,,,,,,,,,,,,,,,,,
16460,2026-07-24T02:10:00+00:00,WAIT_MTF_CONTEXT,,,89.0,,,,,,bearish,neutral,neutral,46.15,,,,,,,,,,,,,,,,,,,
16461,2026-07-24T02:15:00+00:00,WAIT_MTF_CONTEXT,,,89.0,,,,,,bearish,neutral,neutral,46.15,,,,,,,,,,,,,,,,,,,
16462,2026-07-24T02:20:00+00:00,WAIT_MTF_CONTEXT,,,89.0,,,,,,bearish,neutral,neutral,46.15,,,,,,,,,,,,,,,,,,,
16463,2026-07-24T02:25:00+00:00,WAIT_MTF_CONTEXT,,,89.0,,,,,,bearish,neutral,neutral,46.15,,,,,,,,,,,,,,,,,,,
16464,2026-07-24T02:30:00+00:00,WAIT_MTF_CONTEXT,,,89.0,,,,,,bearish,neutral,neutral,46.15,,,,,,,,,,,,,,,,,,,
16465,2026-07-24T02:35:00+00:00,WAIT_MTF_CONTEXT,,,89.0,,,,,,bearish,neutral,neutral,46.15,,,,,,,,,,,,,,,,,,,
16466,2026-07-24T02:40:00+00:00,WAIT_MTF_CONTEXT,,,89.0,,,,,,bearish,neutral,neutral,46.15,,,,,,,,,,,,,,,,,,,
16467,2026-07-24T02:45:00+00:00,WAIT_MTF_CONTEXT,,,89.0,,,,,,bearish,neutral,neutral,46.15,,,,,,,,,,,,,,,,,,,
16468,2026-07-24T02:50:00+00:00,WAIT_MTF_CONTEXT,,,89.0,,,,,,bearish,neutral,neutral,46.15,,,,,,,,,,,,,,,,,,,
16469,2026-07-24T02:55:00+00:00,OB_EXPIRED,,,89.0,,,,,,,,,,101.0,,,,,,,,,,,,,,,,,,
16470,2026-07-24T03:00:00+00:00,SWEEP,bullish,4023.109,,,,,,,,,,,,,,,,,,,,,,,,,,,,,
16491,2026-07-24T04:45:00+00:00,SWEEP,bullish,4025.863,,,,,,,,,,,,,,,,,,,,,,,,,,,,,
16494,2026-07-24T05:00:00+00:00,SWEEP,bullish,4025.662,,,,,,,,,,,,,,,,,,,,,,,,,,,,,
16505,2026-07-24T05:55:00+00:00,SWEEP,bullish,4022.219,,,,,,,,,,,,,,,,,,,,,,,,,,,,,
16511,2026-07-24T06:25:00+00:00,SWEEP,bearish,4037.052,,,,,,,,,,,,,,,,,,,,,,,,,,,,,
16518,2026-07-24T07:00:00+00:00,SWEEP,bearish,4039.111,,,,,,,,,,,,,,,,,,,,,,,,,,,,,
16520,2026-07-24T07:10:00+00:00,SWEEP,bearish,4045.87,,,,,,,,,,,,,,,,,,,,,,,,,,,,,
16521,2026-07-24T07:15:00+00:00,SWEEP,bearish,4047.387,,,,,,,,,,,,,,,,,,,,,,,,,,,,,
16523,2026-07-24T07:25:00+00:00,SWEEP,bearish,4049.048,,,,,,,,,,,,,,,,,,,,,,,,,,,,,
16525,2026-07-24T07:35:00+00:00,SWEEP,bearish,4053.604,,,,,,,,,,,,,,,,,,,,,,,,,,,,,
16542,2026-07-24T09:00:00+00:00,SWEEP,bearish,4058.909,,,,,,,,,,,,,,,,,,,,,,,,,,,,,
16554,2026-07-24T10:00:00+00:00,SWEEP,bearish,4060.919,,,,,,,,,,,,,,,,,,,,,,,,,,,,,
16557,2026-07-24T10:15:00+00:00,SWEEP,bearish,4061.548,,,,,,,,,,,,,,,,,,,,,,,,,,,,,
16559,2026-07-24T10:25:00+00:00,SWEEP,bearish,4062.047,,,,,,,,,,,,,,,,,,,,,,,,,,,,,
16560,2026-07-24T10:30:00+00:00,SWEEP,bearish,4063.816,,,,,,,,,,,,,,,,,,,,,,,,,,,,,
16573,2026-07-24T11:35:00+00:00,SWEEP,bullish,4057.058,,,,,,,,,,,,,,,,,,,,,,,,,,,,,
16575,2026-07-24T11:45:00+00:00,SWEEP,bullish,4055.106,,,,,,,,,,,,,,,,,,,,,,,,,,,,,
16577,2026-07-24T11:55:00+00:00,SWEEP,bullish,4052.536,,,,,,,,,,,,,,,,,,,,,,,,,,,,,
16590,2026-07-24T13:00:00+00:00,SWEEP,bullish,4051.419,,,,,,,,,,,,,,,,,,,,,,,,,,,,,
16592,2026-07-24T13:10:00+00:00,SWEEP,bullish,4045.713,,,,,,,,,,,,,,,,,,,,,,,,,,,,,
16596,2026-07-24T13:30:00+00:00,SWEEP,bullish,4044.563,,,,,,,,,,,,,,,,,,,,,,,,,,,,,
16599,2026-07-24T13:45:00+00:00,SWEEP,bearish,4060.233,,,,,,,,,,,,,,,,,,,,,,,,,,,,,
16602,2026-07-24T14:00:00+00:00,SWEEP,bearish,4068.581,,,,,,,,,,,,,,,,,,,,,,,,,,,,,
16618,2026-07-24T15:20:00+00:00,SWEEP,bearish,4081.474,,,,,,,,,,,,,,,,,,,,,,,,,,,,,
16639,2026-07-24T17:05:00+00:00,SWEEP,bullish,4064.03,,,,,,,,,,,,,,,,,,,,,,,,,,,,,
16640,2026-07-24T17:10:00+00:00,SWEEP,bullish,4063.886,,,,,,,,,,,,,,,,,,,,,,,,,,,,,
16650,2026-07-24T18:00:00+00:00,SWEEP,bullish,4062.948,,,,,,,,,,,,,,,,,,,,,,,,,,,,,
16667,2026-07-24T19:25:00+00:00,SWEEP,bullish,4049.414,,,,,,,,,,,,,,,,,,,,,,,,,,,,,
16708,2026-07-26T23:50:00+00:00,SWEEP,bearish,4094.716,,,,,,,,,,,,,,,,,,,,,,,,,,,,,
16744,2026-07-27T02:50:00+00:00,SWEEP,bullish,4095.115,,,,,,,,,,,,,,,,,,,,,,,,,,,,,
16748,2026-07-27T03:10:00+00:00,SWEEP,bullish,4090.839,,,,,,,,,,,,,,,,,,,,,,,,,,,,,
16775,2026-07-27T05:25:00+00:00,SWEEP,bullish,4086.946,,,,,,,,,,,,,,,,,,,,,,,,,,,,,
16777,2026-07-27T05:35:00+00:00,SWEEP,bullish,4086.036,,,,,,,,,,,,,,,,,,,,,,,,,,,,,
16779,2026-07-27T05:45:00+00:00,SWEEP,bullish,4085.649,,,,,,,,,,,,,,,,,,,,,,,,,,,,,
16784,2026-07-27T06:10:00+00:00,SWEEP,bearish,4094.917,,,,,,,,,,,,,,,,,,,,,,,,,,,,,
16787,2026-07-27T06:25:00+00:00,SWEEP,bearish,4096.358,,,,,,,,,,,,,,,,,,,,,,,,,,,,,
16788,2026-07-27T06:30:00+00:00,SWEEP,bearish,4096.428,,,,,,,,,,,,,,,,,,,,,,,,,,,,,
16790,2026-07-27T06:40:00+00:00,SWEEP,bearish,4098.542,,,,,,,,,,,,,,,,,,,,,,,,,,,,,
16794,2026-07-27T07:00:00+00:00,SWEEP,bearish,4099.435,,,,,,,,,,,,,,,,,,,,,,,,,,,,,
16799,2026-07-27T07:25:00+00:00,SWEEP,bearish,4105.64,,,,,,,,,,,,,,,,,,,,,,,,,,,,,
16803,2026-07-27T07:45:00+00:00,OB_FORMED,bearish,,90.0,4096.611,4099.087,76.25,"{'body': 15.53, 'fvg': 10.39, 'sweep': 20.95, 'break': 4.39, 'ob_size': 15.0, 'adjacency': 10}",,,,,,,,,,,,,,,,,,,,,,,,
16807,2026-07-27T08:05:00+00:00,SWEEP,bullish,4087.946,,,,,,,,,,,,,,,,,,,,,,,,,,,,,
16817,2026-07-27T08:55:00+00:00,OB_TOUCH,,,90.0,,,,,0.0,,,,,,,,,,,,,,,,,,,,,,,
16817,2026-07-27T08:55:00+00:00,WAIT_MTF_CONTEXT,,,90.0,,,,,,bearish,bullish,neutral,46.15,,,,,,,,,,,,,,,,,,,
16818,2026-07-27T09:00:00+00:00,WAIT_MTF_CONTEXT,,,90.0,,,,,,bearish,bullish,bullish,53.85,,,,,,,,,,,,,,,,,,,
16819,2026-07-27T09:05:00+00:00,WAIT_MTF_CONTEXT,,,90.0,,,,,,bearish,bullish,bullish,53.85,,,,,,,,,,,,,,,,,,,
16820,2026-07-27T09:10:00+00:00,WAIT_MTF_CONTEXT,,,90.0,,,,,,bearish,bullish,bullish,53.85,,,,,,,,,,,,,,,,,,,
16821,2026-07-27T09:15:00+00:00,WAIT_MTF_CONTEXT,,,90.0,,,,,,bearish,bullish,bullish,53.85,,,,,,,,,,,,,,,,,,,
16822,2026-07-27T09:20:00+00:00,WAIT_MTF_CONTEXT,,,90.0,,,,,,bearish,bullish,bullish,53.85,,,,,,,,,,,,,,,,,,,
16823,2026-07-27T09:25:00+00:00,WAIT_MTF_CONTEXT,,,90.0,,,,,,bearish,bullish,bullish,53.85,,,,,,,,,,,,,,,,,,,
16824,2026-07-27T09:30:00+00:00,WAIT_MTF_CONTEXT,,,90.0,,,,,,bearish,bullish,bullish,53.85,,,,,,,,,,,,,,,,,,,
16825,2026-07-27T09:35:00+00:00,WAIT_MTF_CONTEXT,,,90.0,,,,,,bearish,bullish,bullish,53.85,,,,,,,,,,,,,,,,,,,
16826,2026-07-27T09:40:00+00:00,WAIT_MTF_CONTEXT,,,90.0,,,,,,bearish,bullish,bullish,53.85,,,,,,,,,,,,,,,,,,,
16827,2026-07-27T09:45:00+00:00,WAIT_MTF_CONTEXT,,,90.0,,,,,,bearish,bullish,bullish,53.85,,,,,,,,,,,,,,,,,,,
16828,2026-07-27T09:50:00+00:00,SWEEP,bearish,4098.534,,,,,,,,,,,,,,,,,,,,,,,,,,,,,
16828,2026-07-27T09:50:00+00:00,WAIT_MTF_CONTEXT,,,90.0,,,,,,bearish,bullish,bullish,53.85,,,,,,,,,,,,,,,,,,,
16829,2026-07-27T09:55:00+00:00,SWEEP,bearish,4099.374,,,,,,,,,,,,,,,,,,,,,,,,,,,,,
16829,2026-07-27T09:55:00+00:00,WAIT_MTF_CONTEXT,,,90.0,,,,,,bearish,bullish,bullish,53.85,,,,,,,,,,,,,,,,,,,
16830,2026-07-27T10:00:00+00:00,WAIT_MTF_CONTEXT,,,90.0,,,,,,bearish,bullish,bullish,53.85,,,,,,,,,,,,,,,,,,,
16831,2026-07-27T10:05:00+00:00,WAIT_MTF_CONTEXT,,,90.0,,,,,,bearish,bullish,bullish,53.85,,,,,,,,,,,,,,,,,,,
16832,2026-07-27T10:10:00+00:00,SWEEP,bullish,4087.214,,,,,,,,,,,,,,,,,,,,,,,,,,,,,
16832,2026-07-27T10:10:00+00:00,WAIT_MTF_CONTEXT,,,90.0,,,,,,bearish,bullish,bullish,53.85,,,,,,,,,,,,,,,,,,,
16833,2026-07-27T10:15:00+00:00,WAIT_MTF_CONTEXT,,,90.0,,,,,,bearish,bullish,bullish,53.85,,,,,,,,,,,,,,,,,,,
16834,2026-07-27T10:20:00+00:00,WAIT_MTF_CONTEXT,,,90.0,,,,,,bearish,bullish,bullish,53.85,,,,,,,,,,,,,,,,,,,
16835,2026-07-27T10:25:00+00:00,WAIT_MTF_CONTEXT,,,90.0,,,,,,bearish,bullish,bullish,53.85,,,,,,,,,,,,,,,,,,,
16836,2026-07-27T10:30:00+00:00,WAIT_MTF_CONTEXT,,,90.0,,,,,,bearish,bullish,bullish,53.85,,,,,,,,,,,,,,,,,,,
16837,2026-07-27T10:35:00+00:00,WAIT_MTF_CONTEXT,,,90.0,,,,,,bearish,bullish,bullish,53.85,,,,,,,,,,,,,,,,,,,
16838,2026-07-27T10:40:00+00:00,SWEEP,bearish,4100.373,,,,,,,,,,,,,,,,,,,,,,,,,,,,,
16838,2026-07-27T10:40:00+00:00,OB_CROSSED_AFTER_TOUCH,,,90.0,,,,,100.0,,,,,,,,,,,,,,,,,,,,,,,
16839,2026-07-27T10:45:00+00:00,SWEEP,bearish,4102.002,,,,,,,,,,,,,,,,,,,,,,,,,,,,,
16839,2026-07-27T10:45:00+00:00,OB_CROSSED_AFTER_TOUCH,,,90.0,,,,,100.0,,,,,,,,,,,,,,,,,,,,,,,
16840,2026-07-27T10:50:00+00:00,OB_CROSSED_AFTER_TOUCH,,,90.0,,,,,100.0,,,,,,,,,,,,,,,,,,,,,,,
16841,2026-07-27T10:55:00+00:00,OB_CROSSED_AFTER_TOUCH,,,90.0,,,,,100.0,,,,,,,,,,,,,,,,,,,,,,,
16842,2026-07-27T11:00:00+00:00,WAIT_MTF_CONTEXT,,,90.0,,,,,,bearish,neutral,neutral,46.15,,,,,,,,,,,,,,,,,,,
16843,2026-07-27T11:05:00+00:00,OB_CROSSED_AFTER_TOUCH,,,90.0,,,,,100.0,,,,,,,,,,,,,,,,,,,,,,,
16844,2026-07-27T11:10:00+00:00,SWEEP,bearish,4103.312,,,,,,,,,,,,,,,,,,,,,,,,,,,,,
16842,2026-07-27T11:00:00+00:00,OB_FORMED,bullish,,91.0,4097.085,4101.063,63.65,"{'body': 17.1, 'fvg': 2.77, 'sweep': 19.45, 'break': 0.8, 'ob_size': 13.54, 'adjacency': 10}",,,,,,,,,,,,,,,,,,,,,,,,
16844,2026-07-27T11:10:00+00:00,OB_CROSSED_AFTER_TOUCH,,,90.0,,,,,100.0,,,,,,,,,,,,,,,,,,,,,,,
16845,2026-07-27T11:15:00+00:00,OB_CROSSED_AFTER_TOUCH,,,90.0,,,,,100.0,,,,,,,,,,,,,,,,,,,,,,,
16845,2026-07-27T11:15:00+00:00,OB_TOUCH,,,91.0,,,,,12.569130216188833,,,,,,,,,,,,,,,,,,,,,,,
16845,2026-07-27T11:15:00+00:00,WAIT_MTF_CONTEXT,,,91.0,,,,,,bearish,neutral,neutral,46.15,,,,,,,,,,,,,,,,,,,
16846,2026-07-27T11:20:00+00:00,OB_CROSSED_AFTER_TOUCH,,,90.0,,,,,100.0,,,,,,,,,,,,,,,,,,,,,,,
16846,2026-07-27T11:20:00+00:00,WAIT_MTF_CONTEXT,,,91.0,,,,,,bearish,neutral,neutral,46.15,,,,,,,,,,,,,,,,,,,
16847,2026-07-27T11:25:00+00:00,WAIT_MTF_CONTEXT,,,90.0,,,,,,bearish,neutral,neutral,46.15,,,,,,,,,,,,,,,,,,,
16847,2026-07-27T11:25:00+00:00,WAIT_MTF_CONTEXT,,,91.0,,,,,,bearish,neutral,neutral,46.15,,,,,,,,,,,,,,,,,,,
16848,2026-07-27T11:30:00+00:00,WAIT_MTF_CONTEXT,,,90.0,,,,,,bearish,neutral,neutral,46.15,,,,,,,,,,,,,,,,,,,
16848,2026-07-27T11:30:00+00:00,WAIT_MTF_CONTEXT,,,91.0,,,,,,bearish,neutral,neutral,46.15,,,,,,,,,,,,,,,,,,,
16849,2026-07-27T11:35:00+00:00,WAIT_MTF_CONTEXT,,,90.0,,,,,,bearish,neutral,neutral,46.15,,,,,,,,,,,,,,,,,,,
16849,2026-07-27T11:35:00+00:00,OB_CROSSED_AFTER_TOUCH,,,91.0,,,,,100.0,,,,,,,,,,,,,,,,,,,,,,,
16850,2026-07-27T11:40:00+00:00,WAIT_MTF_CONTEXT,,,90.0,,,,,,bearish,neutral,neutral,46.15,,,,,,,,,,,,,,,,,,,
16850,2026-07-27T11:40:00+00:00,OB_CROSSED_AFTER_TOUCH,,,91.0,,,,,100.0,,,,,,,,,,,,,,,,,,,,,,,
16851,2026-07-27T11:45:00+00:00,WAIT_MTF_CONTEXT,,,90.0,,,,,,bearish,neutral,neutral,46.15,,,,,,,,,,,,,,,,,,,
16851,2026-07-27T11:45:00+00:00,OB_CROSSED_AFTER_TOUCH,,,91.0,,,,,100.0,,,,,,,,,,,,,,,,,,,,,,,
16852,2026-07-27T11:50:00+00:00,WAIT_MTF_CONTEXT,,,90.0,,,,,,bearish,neutral,neutral,46.15,,,,,,,,,,,,,,,,,,,
16852,2026-07-27T11:50:00+00:00,OB_CROSSED_AFTER_TOUCH,,,91.0,,,,,100.0,,,,,,,,,,,,,,,,,,,,,,,
16853,2026-07-27T11:55:00+00:00,WAIT_MTF_CONTEXT,,,90.0,,,,,,bearish,neutral,neutral,46.15,,,,,,,,,,,,,,,,,,,
16853,2026-07-27T11:55:00+00:00,OB_CROSSED_AFTER_TOUCH,,,91.0,,,,,100.0,,,,,,,,,,,,,,,,,,,,,,,
16854,2026-07-27T12:00:00+00:00,OB_CROSSED_AFTER_TOUCH,,,91.0,,,,,100.0,,,,,,,,,,,,,,,,,,,,,,,
16855,2026-07-27T12:05:00+00:00,OB_CROSSED_AFTER_TOUCH,,,91.0,,,,,100.0,,,,,,,,,,,,,,,,,,,,,,,
16856,2026-07-27T12:10:00+00:00,OB_CROSSED_AFTER_TOUCH,,,91.0,,,,,100.0,,,,,,,,,,,,,,,,,,,,,,,
16857,2026-07-27T12:15:00+00:00,OB_CROSSED_AFTER_TOUCH,,,91.0,,,,,100.0,,,,,,,,,,,,,,,,,,,,,,,
16858,2026-07-27T12:20:00+00:00,SWEEP,bullish,4082.196,,,,,,,,,,,,,,,,,,,,,,,,,,,,,
16858,2026-07-27T12:20:00+00:00,OB_CROSSED_AFTER_TOUCH,,,91.0,,,,,100.0,,,,,,,,,,,,,,,,,,,,,,,
16859,2026-07-27T12:25:00+00:00,OB_CROSSED_AFTER_TOUCH,,,91.0,,,,,100.0,,,,,,,,,,,,,,,,,,,,,,,
16860,2026-07-27T12:30:00+00:00,OB_CROSSED_AFTER_TOUCH,,,91.0,,,,,100.0,,,,,,,,,,,,,,,,,,,,,,,
16861,2026-07-27T12:35:00+00:00,OB_CROSSED_AFTER_TOUCH,,,91.0,,,,,100.0,,,,,,,,,,,,,,,,,,,,,,,
16862,2026-07-27T12:40:00+00:00,OB_CROSSED_AFTER_TOUCH,,,91.0,,,,,100.0,,,,,,,,,,,,,,,,,,,,,,,
16863,2026-07-27T12:45:00+00:00,OB_CROSSED_AFTER_TOUCH,,,91.0,,,,,100.0,,,,,,,,,,,,,,,,,,,,,,,
16864,2026-07-27T12:50:00+00:00,OB_CROSSED_AFTER_TOUCH,,,91.0,,,,,100.0,,,,,,,,,,,,,,,,,,,,,,,
16865,2026-07-27T12:55:00+00:00,SWEEP,bullish,4081.629,,,,,,,,,,,,,,,,,,,,,,,,,,,,,
16865,2026-07-27T12:55:00+00:00,OB_CROSSED_AFTER_TOUCH,,,91.0,,,,,100.0,,,,,,,,,,,,,,,,,,,,,,,
16866,2026-07-27T13:00:00+00:00,OB_CROSSED_AFTER_TOUCH,,,91.0,,,,,100.0,,,,,,,,,,,,,,,,,,,,,,,
16867,2026-07-27T13:05:00+00:00,OB_CROSSED_AFTER_TOUCH,,,91.0,,,,,100.0,,,,,,,,,,,,,,,,,,,,,,,
16868,2026-07-27T13:10:00+00:00,SWEEP,bullish,4081.435,,,,,,,,,,,,,,,,,,,,,,,,,,,,,
16868,2026-07-27T13:10:00+00:00,OB_CROSSED_AFTER_TOUCH,,,91.0,,,,,100.0,,,,,,,,,,,,,,,,,,,,,,,
16869,2026-07-27T13:15:00+00:00,OB_CROSSED_AFTER_TOUCH,,,91.0,,,,,100.0,,,,,,,,,,,,,,,,,,,,,,,
16870,2026-07-27T13:20:00+00:00,OB_CROSSED_AFTER_TOUCH,,,91.0,,,,,100.0,,,,,,,,,,,,,,,,,,,,,,,
16871,2026-07-27T13:25:00+00:00,OB_CROSSED_AFTER_TOUCH,,,91.0,,,,,100.0,,,,,,,,,,,,,,,,,,,,,,,
16872,2026-07-27T13:30:00+00:00,SWEEP,bullish,4075.899,,,,,,,,,,,,,,,,,,,,,,,,,,,,,
16872,2026-07-27T13:30:00+00:00,OB_CROSSED_AFTER_TOUCH,,,91.0,,,,,100.0,,,,,,,,,,,,,,,,,,,,,,,
16873,2026-07-27T13:35:00+00:00,OB_CROSSED_AFTER_TOUCH,,,91.0,,,,,100.0,,,,,,,,,,,,,,,,,,,,,,,
16874,2026-07-27T13:40:00+00:00,OB_CROSSED_AFTER_TOUCH,,,91.0,,,,,100.0,,,,,,,,,,,,,,,,,,,,,,,
16875,2026-07-27T13:45:00+00:00,OB_CROSSED_AFTER_TOUCH,,,91.0,,,,,100.0,,,,,,,,,,,,,,,,,,,,,,,
16876,2026-07-27T13:50:00+00:00,OB_CROSSED_AFTER_TOUCH,,,91.0,,,,,100.0,,,,,,,,,,,,,,,,,,,,,,,
16877,2026-07-27T13:55:00+00:00,OB_CROSSED_AFTER_TOUCH,,,91.0,,,,,100.0,,,,,,,,,,,,,,,,,,,,,,,
16878,2026-07-27T14:00:00+00:00,OB_CROSSED_AFTER_TOUCH,,,91.0,,,,,100.0,,,,,,,,,,,,,,,,,,,,,,,
16879,2026-07-27T14:05:00+00:00,OB_CROSSED_AFTER_TOUCH,,,91.0,,,,,100.0,,,,,,,,,,,,,,,,,,,,,,,
16880,2026-07-27T14:10:00+00:00,OB_CROSSED_AFTER_TOUCH,,,91.0,,,,,100.0,,,,,,,,,,,,,,,,,,,,,,,
16881,2026-07-27T14:15:00+00:00,OB_CROSSED_AFTER_TOUCH,,,91.0,,,,,100.0,,,,,,,,,,,,,,,,,,,,,,,
16882,2026-07-27T14:20:00+00:00,OB_CROSSED_AFTER_TOUCH,,,91.0,,,,,100.0,,,,,,,,,,,,,,,,,,,,,,,
16883,2026-07-27T14:25:00+00:00,OB_CROSSED_AFTER_TOUCH,,,91.0,,,,,100.0,,,,,,,,,,,,,,,,,,,,,,,
16884,2026-07-27T14:30:00+00:00,SWEEP,bullish,4067.013,,,,,,,,,,,,,,,,,,,,,,,,,,,,,
16884,2026-07-27T14:30:00+00:00,OB_CROSSED_AFTER_TOUCH,,,91.0,,,,,100.0,,,,,,,,,,,,,,,,,,,,,,,
16885,2026-07-27T14:35:00+00:00,SWEEP,bullish,4066.247,,,,,,,,,,,,,,,,,,,,,,,,,,,,,
16885,2026-07-27T14:35:00+00:00,OB_CROSSED_AFTER_TOUCH,,,91.0,,,,,100.0,,,,,,,,,,,,,,,,,,,,,,,
16886,2026-07-27T14:40:00+00:00,SWEEP,bullish,4066.021,,,,,,,,,,,,,,,,,,,,,,,,,,,,,
16886,2026-07-27T14:40:00+00:00,OB_CROSSED_AFTER_TOUCH,,,91.0,,,,,100.0,,,,,,,,,,,,,,,,,,,,,,,
16887,2026-07-27T14:45:00+00:00,OB_CROSSED_AFTER_TOUCH,,,91.0,,,,,100.0,,,,,,,,,,,,,,,,,,,,,,,
16888,2026-07-27T14:50:00+00:00,OB_CROSSED_AFTER_TOUCH,,,91.0,,,,,100.0,,,,,,,,,,,,,,,,,,,,,,,
16889,2026-07-27T14:55:00+00:00,OB_CROSSED_AFTER_TOUCH,,,91.0,,,,,100.0,,,,,,,,,,,,,,,,,,,,,,,
16890,2026-07-27T15:00:00+00:00,OB_CROSSED_AFTER_TOUCH,,,91.0,,,,,100.0,,,,,,,,,,,,,,,,,,,,,,,
16891,2026-07-27T15:05:00+00:00,OB_CROSSED_AFTER_TOUCH,,,91.0,,,,,100.0,,,,,,,,,,,,,,,,,,,,,,,
16892,2026-07-27T15:10:00+00:00,OB_CROSSED_AFTER_TOUCH,,,91.0,,,,,100.0,,,,,,,,,,,,,,,,,,,,,,,
16893,2026-07-27T15:15:00+00:00,OB_CROSSED_AFTER_TOUCH,,,91.0,,,,,100.0,,,,,,,,,,,,,,,,,,,,,,,
16894,2026-07-27T15:20:00+00:00,OB_CROSSED_AFTER_TOUCH,,,91.0,,,,,100.0,,,,,,,,,,,,,,,,,,,,,,,
16895,2026-07-27T15:25:00+00:00,OB_CROSSED_AFTER_TOUCH,,,91.0,,,,,100.0,,,,,,,,,,,,,,,,,,,,,,,
16896,2026-07-27T15:30:00+00:00,OB_CROSSED_AFTER_TOUCH,,,91.0,,,,,100.0,,,,,,,,,,,,,,,,,,,,,,,
16897,2026-07-27T15:35:00+00:00,OB_CROSSED_AFTER_TOUCH,,,91.0,,,,,100.0,,,,,,,,,,,,,,,,,,,,,,,
16898,2026-07-27T15:40:00+00:00,OB_CROSSED_AFTER_TOUCH,,,91.0,,,,,100.0,,,,,,,,,,,,,,,,,,,,,,,
16899,2026-07-27T15:45:00+00:00,OB_CROSSED_AFTER_TOUCH,,,91.0,,,,,100.0,,,,,,,,,,,,,,,,,,,,,,,
16900,2026-07-27T15:50:00+00:00,SWEEP,bearish,4079.307,,,,,,,,,,,,,,,,,,,,,,,,,,,,,
16900,2026-07-27T15:50:00+00:00,OB_CROSSED_AFTER_TOUCH,,,91.0,,,,,100.0,,,,,,,,,,,,,,,,,,,,,,,
16901,2026-07-27T15:55:00+00:00,OB_CROSSED_AFTER_TOUCH,,,91.0,,,,,100.0,,,,,,,,,,,,,,,,,,,,,,,
16902,2026-07-27T16:00:00+00:00,OB_CROSSED_AFTER_TOUCH,,,91.0,,,,,100.0,,,,,,,,,,,,,,,,,,,,,,,
16903,2026-07-27T16:05:00+00:00,OB_CROSSED_AFTER_TOUCH,,,91.0,,,,,100.0,,,,,,,,,,,,,,,,,,,,,,,
16904,2026-07-27T16:10:00+00:00,OB_EXPIRED,,,90.0,,,,,,,,,,101.0,,,,,,,,,,,,,,,,,,
16904,2026-07-27T16:10:00+00:00,OB_CROSSED_AFTER_TOUCH,,,91.0,,,,,100.0,,,,,,,,,,,,,,,,,,,,,,,
16905,2026-07-27T16:15:00+00:00,OB_CROSSED_AFTER_TOUCH,,,91.0,,,,,100.0,,,,,,,,,,,,,,,,,,,,,,,
16906,2026-07-27T16:20:00+00:00,OB_CROSSED_AFTER_TOUCH,,,91.0,,,,,100.0,,,,,,,,,,,,,,,,,,,,,,,
16907,2026-07-27T16:25:00+00:00,OB_CROSSED_AFTER_TOUCH,,,91.0,,,,,100.0,,,,,,,,,,,,,,,,,,,,,,,
16908,2026-07-27T16:30:00+00:00,OB_CROSSED_AFTER_TOUCH,,,91.0,,,,,100.0,,,,,,,,,,,,,,,,,,,,,,,
16909,2026-07-27T16:35:00+00:00,SWEEP,bearish,4093.247,,,,,,,,,,,,,,,,,,,,,,,,,,,,,
16909,2026-07-27T16:35:00+00:00,OB_CROSSED_AFTER_TOUCH,,,91.0,,,,,100.0,,,,,,,,,,,,,,,,,,,,,,,
16910,2026-07-27T16:40:00+00:00,OB_CROSSED_AFTER_TOUCH,,,91.0,,,,,100.0,,,,,,,,,,,,,,,,,,,,,,,
16911,2026-07-27T16:45:00+00:00,OB_CROSSED_AFTER_TOUCH,,,91.0,,,,,100.0,,,,,,,,,,,,,,,,,,,,,,,
16912,2026-07-27T16:50:00+00:00,OB_CROSSED_AFTER_TOUCH,,,91.0,,,,,100.0,,,,,,,,,,,,,,,,,,,,,,,
16913,2026-07-27T16:55:00+00:00,OB_CROSSED_AFTER_TOUCH,,,91.0,,,,,100.0,,,,,,,,,,,,,,,,,,,,,,,
16914,2026-07-27T17:00:00+00:00,OB_CROSSED_AFTER_TOUCH,,,91.0,,,,,100.0,,,,,,,,,,,,,,,,,,,,,,,
16913,2026-07-27T16:55:00+00:00,OB_FORMED,bearish,,92.0,4080.785,4082.563,89.08,"{'body': 18.33, 'fvg': 14.56, 'sweep': 21.72, 'break': 9.48, 'ob_size': 15.0, 'adjacency': 10}",,,,,,,,,,,,,,,,,,,,,,,,
16915,2026-07-27T17:05:00+00:00,OB_CROSSED_AFTER_TOUCH,,,91.0,,,,,100.0,,,,,,,,,,,,,,,,,,,,,,,
16916,2026-07-27T17:10:00+00:00,SWEEP,bullish,4072.485,,,,,,,,,,,,,,,,,,,,,,,,,,,,,
16916,2026-07-27T17:10:00+00:00,OB_CROSSED_AFTER_TOUCH,,,91.0,,,,,100.0,,,,,,,,,,,,,,,,,,,,,,,
16917,2026-07-27T17:15:00+00:00,OB_CROSSED_AFTER_TOUCH,,,91.0,,,,,100.0,,,,,,,,,,,,,,,,,,,,,,,
16918,2026-07-27T17:20:00+00:00,OB_CROSSED_AFTER_TOUCH,,,91.0,,,,,100.0,,,,,,,,,,,,,,,,,,,,,,,
16919,2026-07-27T17:25:00+00:00,OB_CROSSED_AFTER_TOUCH,,,91.0,,,,,100.0,,,,,,,,,,,,,,,,,,,,,,,
16920,2026-07-27T17:30:00+00:00,OB_CROSSED_AFTER_TOUCH,,,91.0,,,,,100.0,,,,,,,,,,,,,,,,,,,,,,,
16921,2026-07-27T17:35:00+00:00,OB_CROSSED_AFTER_TOUCH,,,91.0,,,,,100.0,,,,,,,,,,,,,,,,,,,,,,,
16922,2026-07-27T17:40:00+00:00,OB_CROSSED_AFTER_TOUCH,,,91.0,,,,,100.0,,,,,,,,,,,,,,,,,,,,,,,
16923,2026-07-27T17:45:00+00:00,OB_CROSSED_AFTER_TOUCH,,,91.0,,,,,100.0,,,,,,,,,,,,,,,,,,,,,,,
16924,2026-07-27T17:50:00+00:00,OB_CROSSED_AFTER_TOUCH,,,91.0,,,,,100.0,,,,,,,,,,,,,,,,,,,,,,,
16925,2026-07-27T17:55:00+00:00,OB_CROSSED_AFTER_TOUCH,,,91.0,,,,,100.0,,,,,,,,,,,,,,,,,,,,,,,
16926,2026-07-27T18:00:00+00:00,OB_CROSSED_AFTER_TOUCH,,,91.0,,,,,100.0,,,,,,,,,,,,,,,,,,,,,,,
16927,2026-07-27T18:05:00+00:00,OB_CROSSED_AFTER_TOUCH,,,91.0,,,,,100.0,,,,,,,,,,,,,,,,,,,,,,,
16928,2026-07-27T18:10:00+00:00,OB_CROSSED_AFTER_TOUCH,,,91.0,,,,,100.0,,,,,,,,,,,,,,,,,,,,,,,
16929,2026-07-27T18:15:00+00:00,OB_CROSSED_AFTER_TOUCH,,,91.0,,,,,100.0,,,,,,,,,,,,,,,,,,,,,,,
16930,2026-07-27T18:20:00+00:00,OB_CROSSED_AFTER_TOUCH,,,91.0,,,,,100.0,,,,,,,,,,,,,,,,,,,,,,,
16931,2026-07-27T18:25:00+00:00,OB_CROSSED_AFTER_TOUCH,,,91.0,,,,,100.0,,,,,,,,,,,,,,,,,,,,,,,
16932,2026-07-27T18:30:00+00:00,OB_CROSSED_AFTER_TOUCH,,,91.0,,,,,100.0,,,,,,,,,,,,,,,,,,,,,,,
16933,2026-07-27T18:35:00+00:00,OB_CROSSED_AFTER_TOUCH,,,91.0,,,,,100.0,,,,,,,,,,,,,,,,,,,,,,,
16934,2026-07-27T18:40:00+00:00,OB_CROSSED_AFTER_TOUCH,,,91.0,,,,,100.0,,,,,,,,,,,,,,,,,,,,,,,
16935,2026-07-27T18:45:00+00:00,OB_CROSSED_AFTER_TOUCH,,,91.0,,,,,100.0,,,,,,,,,,,,,,,,,,,,,,,
16936,2026-07-27T18:50:00+00:00,OB_CROSSED_AFTER_TOUCH,,,91.0,,,,,100.0,,,,,,,,,,,,,,,,,,,,,,,
16937,2026-07-27T18:55:00+00:00,OB_CROSSED_AFTER_TOUCH,,,91.0,,,,,100.0,,,,,,,,,,,,,,,,,,,,,,,
16938,2026-07-27T19:00:00+00:00,OB_CROSSED_AFTER_TOUCH,,,91.0,,,,,100.0,,,,,,,,,,,,,,,,,,,,,,,
16939,2026-07-27T19:05:00+00:00,OB_CROSSED_AFTER_TOUCH,,,91.0,,,,,100.0,,,,,,,,,,,,,,,,,,,,,,,
16940,2026-07-27T19:10:00+00:00,OB_CROSSED_AFTER_TOUCH,,,91.0,,,,,100.0,,,,,,,,,,,,,,,,,,,,,,,
16940,2026-07-27T19:10:00+00:00,OB_TOUCH,,,92.0,,,,,0.0,,,,,,,,,,,,,,,,,,,,,,,
16941,2026-07-27T19:15:00+00:00,OB_CROSSED_AFTER_TOUCH,,,91.0,,,,,100.0,,,,,,,,,,,,,,,,,,,,,,,
16941,2026-07-27T19:15:00+00:00,OB_CROSSED_AFTER_TOUCH,,,92.0,,,,,100.0,,,,,,,,,,,,,,,,,,,,,,,
16942,2026-07-27T19:20:00+00:00,OB_CROSSED_AFTER_TOUCH,,,91.0,,,,,100.0,,,,,,,,,,,,,,,,,,,,,,,
16942,2026-07-27T19:20:00+00:00,OB_CROSSED_AFTER_TOUCH,,,92.0,,,,,100.0,,,,,,,,,,,,,,,,,,,,,,,
16943,2026-07-27T19:25:00+00:00,OB_EXPIRED,,,91.0,,,,,,,,,,101.0,,,,,,,,,,,,,,,,,,
16943,2026-07-27T19:25:00+00:00,OB_CROSSED_AFTER_TOUCH,,,92.0,,,,,100.0,,,,,,,,,,,,,,,,,,,,,,,
16944,2026-07-27T19:30:00+00:00,OB_CROSSED_AFTER_TOUCH,,,92.0,,,,,100.0,,,,,,,,,,,,,,,,,,,,,,,
16945,2026-07-27T19:35:00+00:00,OB_CROSSED_AFTER_TOUCH,,,92.0,,,,,100.0,,,,,,,,,,,,,,,,,,,,,,,
16946,2026-07-27T19:40:00+00:00,OB_CROSSED_AFTER_TOUCH,,,92.0,,,,,100.0,,,,,,,,,,,,,,,,,,,,,,,
16947,2026-07-27T19:45:00+00:00,OB_CROSSED_AFTER_TOUCH,,,92.0,,,,,100.0,,,,,,,,,,,,,,,,,,,,,,,
16948,2026-07-27T19:50:00+00:00,SWEEP,bearish,4089.143,,,,,,,,,,,,,,,,,,,,,,,,,,,,,
16948,2026-07-27T19:50:00+00:00,OB_CROSSED_AFTER_TOUCH,,,92.0,,,,,100.0,,,,,,,,,,,,,,,,,,,,,,,
16949,2026-07-27T19:55:00+00:00,OB_CROSSED_AFTER_TOUCH,,,92.0,,,,,100.0,,,,,,,,,,,,,,,,,,,,,,,
16950,2026-07-27T20:00:00+00:00,REVERSAL_AFTER_OB_CROSS,,,92.0,,,,,87.96400449944251,,,,,,,,,,,,,,,,,,,,,,,
16950,2026-07-27T20:00:00+00:00,WAIT_MICRO_BOS,,,92.0,,,,,,,,,,,crossed_ob_reentry,,,,,,,,,,,,,,,,,
16951,2026-07-27T20:05:00+00:00,WAIT_MICRO_BOS,,,92.0,,,,,,,,,,,crossed_ob_reentry,,,,,,,,,,,,,,,,,
16952,2026-07-27T20:10:00+00:00,REVERSAL_AFTER_OB_CROSS,,,92.0,,,,,73.73453318335021,,,,,,,,,,,,,,,,,,,,,,,
16952,2026-07-27T20:10:00+00:00,WAIT_MICRO_BOS,,,92.0,,,,,,,,,,,crossed_ob_reentry,,,,,,,,,,,,,,,,,
16953,2026-07-27T20:15:00+00:00,REVERSAL_AFTER_OB_CROSS,,,92.0,,,,,1.1811023622149952,,,,,,,,,,,,,,,,,,,,,,,
16953,2026-07-27T20:15:00+00:00,WAIT_REENTRY_DEPTH,,,92.0,,,,,1.1811023622149952,,,,,,,70.0,,,,,,,,,,,,,,,,
16951,2026-07-27T20:05:00+00:00,OB_FORMED,bearish,,93.0,4081.482,4082.58,70.47,"{'body': 15.03, 'fvg': 10.56, 'sweep': 17.19, 'break': 2.7, 'ob_size': 15.0, 'adjacency': 10}",,,,,,,,,,,,,,,,,,,,,,,,
16954,2026-07-27T20:20:00+00:00,WAIT_REENTRY_DEPTH,,,92.0,,,,,0.0,,,,,,,70.0,,,,,,,,,,,,,,,,
16955,2026-07-27T20:25:00+00:00,WAIT_REENTRY_DEPTH,,,92.0,,,,,0.0,,,,,,,70.0,,,,,,,,,,,,,,,,
16956,2026-07-27T20:30:00+00:00,WAIT_REENTRY_DEPTH,,,92.0,,,,,0.0,,,,,,,70.0,,,,,,,,,,,,,,,,
16957,2026-07-27T20:35:00+00:00,SWEEP,bullish,4076.177,,,,,,,,,,,,,,,,,,,,,,,,,,,,,
16957,2026-07-27T20:35:00+00:00,WAIT_REENTRY_DEPTH,,,92.0,,,,,0.0,,,,,,,70.0,,,,,,,,,,,,,,,,
16958,2026-07-27T20:40:00+00:00,WAIT_REENTRY_DEPTH,,,92.0,,,,,0.0,,,,,,,70.0,,,,,,,,,,,,,,,,
16959,2026-07-27T20:45:00+00:00,WAIT_REENTRY_DEPTH,,,92.0,,,,,0.0,,,,,,,70.0,,,,,,,,,,,,,,,,
16960,2026-07-27T20:50:00+00:00,SWEEP,bullish,4075.755,,,,,,,,,,,,,,,,,,,,,,,,,,,,,
16960,2026-07-27T20:50:00+00:00,WAIT_REENTRY_DEPTH,,,92.0,,,,,0.0,,,,,,,70.0,,,,,,,,,,,,,,,,
16961,2026-07-27T20:55:00+00:00,WAIT_REENTRY_DEPTH,,,92.0,,,,,0.0,,,,,,,70.0,,,,,,,,,,,,,,,,
16962,2026-07-27T22:00:00+00:00,WAIT_REENTRY_DEPTH,,,92.0,,,,,0.0,,,,,,,70.0,,,,,,,,,,,,,,,,
16962,2026-07-27T22:00:00+00:00,OB_TOUCH,,,93.0,,,,,0.0,,,,,,,,,,,,,,,,,,,,,,,
16963,2026-07-27T22:05:00+00:00,WAIT_REENTRY_DEPTH,,,92.0,,,,,0.0,,,,,,,70.0,,,,,,,,,,,,,,,,
16964,2026-07-27T22:10:00+00:00,WAIT_REENTRY_DEPTH,,,92.0,,,,,0.0,,,,,,,70.0,,,,,,,,,,,,,,,,
16965,2026-07-27T22:15:00+00:00,WAIT_REENTRY_DEPTH,,,92.0,,,,,0.0,,,,,,,70.0,,,,,,,,,,,,,,,,
16966,2026-07-27T22:20:00+00:00,WAIT_REENTRY_DEPTH,,,92.0,,,,,0.0,,,,,,,70.0,,,,,,,,,,,,,,,,
16967,2026-07-27T22:25:00+00:00,SWEEP,bullish,4071.916,,,,,,,,,,,,,,,,,,,,,,,,,,,,,
16967,2026-07-27T22:25:00+00:00,WAIT_REENTRY_DEPTH,,,92.0,,,,,0.0,,,,,,,70.0,,,,,,,,,,,,,,,,
16968,2026-07-27T22:30:00+00:00,WAIT_REENTRY_DEPTH,,,92.0,,,,,0.0,,,,,,,70.0,,,,,,,,,,,,,,,,
16969,2026-07-27T22:35:00+00:00,WAIT_REENTRY_DEPTH,,,92.0,,,,,0.0,,,,,,,70.0,,,,,,,,,,,,,,,,
16970,2026-07-27T22:40:00+00:00,WAIT_REENTRY_DEPTH,,,92.0,,,,,0.0,,,,,,,70.0,,,,,,,,,,,,,,,,
16971,2026-07-27T22:45:00+00:00,WAIT_REENTRY_DEPTH,,,92.0,,,,,0.0,,,,,,,70.0,,,,,,,,,,,,,,,,
16972,2026-07-27T22:50:00+00:00,WAIT_REENTRY_DEPTH,,,92.0,,,,,0.0,,,,,,,70.0,,,,,,,,,,,,,,,,
16973,2026-07-27T22:55:00+00:00,WAIT_REENTRY_DEPTH,,,92.0,,,,,0.0,,,,,,,70.0,,,,,,,,,,,,,,,,
16974,2026-07-27T23:00:00+00:00,WAIT_REENTRY_DEPTH,,,92.0,,,,,0.0,,,,,,,70.0,,,,,,,,,,,,,,,,
16975,2026-07-27T23:05:00+00:00,WAIT_REENTRY_DEPTH,,,92.0,,,,,0.0,,,,,,,70.0,,,,,,,,,,,,,,,,
16976,2026-07-27T23:10:00+00:00,WAIT_REENTRY_DEPTH,,,92.0,,,,,0.0,,,,,,,70.0,,,,,,,,,,,,,,,,
16977,2026-07-27T23:15:00+00:00,WAIT_REENTRY_DEPTH,,,92.0,,,,,0.0,,,,,,,70.0,,,,,,,,,,,,,,,,
16978,2026-07-27T23:20:00+00:00,WAIT_REENTRY_DEPTH,,,92.0,,,,,0.0,,,,,,,70.0,,,,,,,,,,,,,,,,
16979,2026-07-27T23:25:00+00:00,WAIT_REENTRY_DEPTH,,,92.0,,,,,0.0,,,,,,,70.0,,,,,,,,,,,,,,,,
16980,2026-07-27T23:30:00+00:00,WAIT_REENTRY_DEPTH,,,92.0,,,,,0.0,,,,,,,70.0,,,,,,,,,,,,,,,,
16981,2026-07-27T23:35:00+00:00,WAIT_REENTRY_DEPTH,,,92.0,,,,,0.0,,,,,,,70.0,,,,,,,,,,,,,,,,
16982,2026-07-27T23:40:00+00:00,WAIT_REENTRY_DEPTH,,,92.0,,,,,0.0,,,,,,,70.0,,,,,,,,,,,,,,,,
16983,2026-07-27T23:45:00+00:00,WAIT_REENTRY_DEPTH,,,92.0,,,,,0.0,,,,,,,70.0,,,,,,,,,,,,,,,,
16984,2026-07-27T23:50:00+00:00,SWEEP,bullish,4069.884,,,,,,,,,,,,,,,,,,,,,,,,,,,,,
16984,2026-07-27T23:50:00+00:00,WAIT_REENTRY_DEPTH,,,92.0,,,,,0.0,,,,,,,70.0,,,,,,,,,,,,,,,,
16985,2026-07-27T23:55:00+00:00,WAIT_REENTRY_DEPTH,,,92.0,,,,,0.0,,,,,,,70.0,,,,,,,,,,,,,,,,
16986,2026-07-28T00:00:00+00:00,WAIT_REENTRY_DEPTH,,,92.0,,,,,0.0,,,,,,,70.0,,,,,,,,,,,,,,,,
16987,2026-07-28T00:05:00+00:00,SWEEP,bullish,4065.092,,,,,,,,,,,,,,,,,,,,,,,,,,,,,
16987,2026-07-28T00:05:00+00:00,WAIT_REENTRY_DEPTH,,,92.0,,,,,0.0,,,,,,,70.0,,,,,,,,,,,,,,,,
16988,2026-07-28T00:10:00+00:00,WAIT_REENTRY_DEPTH,,,92.0,,,,,0.0,,,,,,,70.0,,,,,,,,,,,,,,,,
16989,2026-07-28T00:15:00+00:00,WAIT_REENTRY_DEPTH,,,92.0,,,,,0.0,,,,,,,70.0,,,,,,,,,,,,,,,,
16990,2026-07-28T00:20:00+00:00,WAIT_REENTRY_DEPTH,,,92.0,,,,,0.0,,,,,,,70.0,,,,,,,,,,,,,,,,
16991,2026-07-28T00:25:00+00:00,SWEEP,bullish,4060.146,,,,,,,,,,,,,,,,,,,,,,,,,,,,,
16991,2026-07-28T00:25:00+00:00,WAIT_REENTRY_DEPTH,,,92.0,,,,,0.0,,,,,,,70.0,,,,,,,,,,,,,,,,
16992,2026-07-28T00:30:00+00:00,WAIT_REENTRY_DEPTH,,,92.0,,,,,0.0,,,,,,,70.0,,,,,,,,,,,,,,,,
16993,2026-07-28T00:35:00+00:00,WAIT_REENTRY_DEPTH,,,92.0,,,,,0.0,,,,,,,70.0,,,,,,,,,,,,,,,,
16994,2026-07-28T00:40:00+00:00,WAIT_REENTRY_DEPTH,,,92.0,,,,,0.0,,,,,,,70.0,,,,,,,,,,,,,,,,
16995,2026-07-28T00:45:00+00:00,SWEEP,bullish,4058.925,,,,,,,,,,,,,,,,,,,,,,,,,,,,,
16995,2026-07-28T00:45:00+00:00,WAIT_REENTRY_DEPTH,,,92.0,,,,,0.0,,,,,,,70.0,,,,,,,,,,,,,,,,
16996,2026-07-28T00:50:00+00:00,SWEEP,bullish,4058.786,,,,,,,,,,,,,,,,,,,,,,,,,,,,,
16996,2026-07-28T00:50:00+00:00,WAIT_REENTRY_DEPTH,,,92.0,,,,,0.0,,,,,,,70.0,,,,,,,,,,,,,,,,
16997,2026-07-28T00:55:00+00:00,SWEEP,bullish,4057.725,,,,,,,,,,,,,,,,,,,,,,,,,,,,,
16997,2026-07-28T00:55:00+00:00,WAIT_REENTRY_DEPTH,,,92.0,,,,,0.0,,,,,,,70.0,,,,,,,,,,,,,,,,
16998,2026-07-28T01:00:00+00:00,SWEEP,bullish,4057.443,,,,,,,,,,,,,,,,,,,,,,,,,,,,,
16998,2026-07-28T01:00:00+00:00,WAIT_REENTRY_DEPTH,,,92.0,,,,,0.0,,,,,,,70.0,,,,,,,,,,,,,,,,
16999,2026-07-28T01:05:00+00:00,WAIT_REENTRY_DEPTH,,,92.0,,,,,0.0,,,,,,,70.0,,,,,,,,,,,,,,,,
17000,2026-07-28T01:10:00+00:00,WAIT_REENTRY_DEPTH,,,92.0,,,,,0.0,,,,,,,70.0,,,,,,,,,,,,,,,,
17001,2026-07-28T01:15:00+00:00,WAIT_REENTRY_DEPTH,,,92.0,,,,,0.0,,,,,,,70.0,,,,,,,,,,,,,,,,
17002,2026-07-28T01:20:00+00:00,WAIT_REENTRY_DEPTH,,,92.0,,,,,0.0,,,,,,,70.0,,,,,,,,,,,,,,,,
17003,2026-07-28T01:25:00+00:00,WAIT_REENTRY_DEPTH,,,92.0,,,,,0.0,,,,,,,70.0,,,,,,,,,,,,,,,,
17004,2026-07-28T01:30:00+00:00,WAIT_REENTRY_DEPTH,,,92.0,,,,,0.0,,,,,,,70.0,,,,,,,,,,,,,,,,
17005,2026-07-28T01:35:00+00:00,WAIT_REENTRY_DEPTH,,,92.0,,,,,0.0,,,,,,,70.0,,,,,,,,,,,,,,,,
17006,2026-07-28T01:40:00+00:00,WAIT_REENTRY_DEPTH,,,92.0,,,,,0.0,,,,,,,70.0,,,,,,,,,,,,,,,,
17007,2026-07-28T01:45:00+00:00,WAIT_REENTRY_DEPTH,,,92.0,,,,,0.0,,,,,,,70.0,,,,,,,,,,,,,,,,
17008,2026-07-28T01:50:00+00:00,SWEEP,bullish,4043.289,,,,,,,,,,,,,,,,,,,,,,,,,,,,,
17008,2026-07-28T01:50:00+00:00,WAIT_REENTRY_DEPTH,,,92.0,,,,,0.0,,,,,,,70.0,,,,,,,,,,,,,,,,
17009,2026-07-28T01:55:00+00:00,WAIT_REENTRY_DEPTH,,,92.0,,,,,0.0,,,,,,,70.0,,,,,,,,,,,,,,,,
17010,2026-07-28T02:00:00+00:00,SWEEP,bullish,4042.515,,,,,,,,,,,,,,,,,,,,,,,,,,,,,
17010,2026-07-28T02:00:00+00:00,WAIT_REENTRY_DEPTH,,,92.0,,,,,0.0,,,,,,,70.0,,,,,,,,,,,,,,,,
17011,2026-07-28T02:05:00+00:00,SWEEP,bullish,4042.511,,,,,,,,,,,,,,,,,,,,,,,,,,,,,
17011,2026-07-28T02:05:00+00:00,WAIT_REENTRY_DEPTH,,,92.0,,,,,0.0,,,,,,,70.0,,,,,,,,,,,,,,,,
17012,2026-07-28T02:10:00+00:00,WAIT_REENTRY_DEPTH,,,92.0,,,,,0.0,,,,,,,70.0,,,,,,,,,,,,,,,,
17013,2026-07-28T02:15:00+00:00,WAIT_REENTRY_DEPTH,,,92.0,,,,,0.0,,,,,,,70.0,,,,,,,,,,,,,,,,
17014,2026-07-28T02:20:00+00:00,OB_EXPIRED,,,92.0,,,,,,,,,,101.0,,,,,,,,,,,,,,,,,,
17018,2026-07-28T02:40:00+00:00,SWEEP,bullish,4042.351,,,,,,,,,,,,,,,,,,,,,,,,,,,,,
17021,2026-07-28T02:55:00+00:00,SWEEP,bullish,4041.384,,,,,,,,,,,,,,,,,,,,,,,,,,,,,
17022,2026-07-28T03:00:00+00:00,SWEEP,bullish,4040.608,,,,,,,,,,,,,,,,,,,,,,,,,,,,,
17043,2026-07-28T04:45:00+00:00,SWEEP,bullish,4042.821,,,,,,,,,,,,,,,,,,,,,,,,,,,,,
17052,2026-07-28T05:30:00+00:00,OB_EXPIRED,,,93.0,,,,,,,,,,101.0,,,,,,,,,,,,,,,,,,
17053,2026-07-28T05:35:00+00:00,SWEEP,bullish,4037.098,,,,,,,,,,,,,,,,,,,,,,,,,,,,,
17063,2026-07-28T06:25:00+00:00,SWEEP,bearish,4047.881,,,,,,,,,,,,,,,,,,,,,,,,,,,,,
17066,2026-07-28T06:40:00+00:00,SWEEP,bearish,4050.554,,,,,,,,,,,,,,,,,,,,,,,,,,,,,
17082,2026-07-28T08:00:00+00:00,SWEEP,bearish,4052.374,,,,,,,,,,,,,,,,,,,,,,,,,,,,,
17083,2026-07-28T08:05:00+00:00,SWEEP,bearish,4052.917,,,,,,,,,,,,,,,,,,,,,,,,,,,,,
17089,2026-07-28T08:35:00+00:00,SWEEP,bullish,4042.872,,,,,,,,,,,,,,,,,,,,,,,,,,,,,
17090,2026-07-28T08:40:00+00:00,SWEEP,bullish,4042.331,,,,,,,,,,,,,,,,,,,,,,,,,,,,,
17095,2026-07-28T09:05:00+00:00,SWEEP,bullish,4041.758,,,,,,,,,,,,,,,,,,,,,,,,,,,,,
17104,2026-07-28T09:50:00+00:00,SWEEP,bullish,4029.367,,,,,,,,,,,,,,,,,,,,,,,,,,,,,
17110,2026-07-28T10:20:00+00:00,SWEEP,bullish,4019.055,,,,,,,,,,,,,,,,,,,,,,,,,,,,,
17120,2026-07-28T11:10:00+00:00,OB_FORMED,bullish,,94.0,4023.24,4027.984,69.58,"{'body': 18.15, 'fvg': 1.98, 'sweep': 20.88, 'break': 4.62, 'ob_size': 13.95, 'adjacency': 10}",,,,,,,,,,,,,,,,,,,,,,,,
17123,2026-07-28T11:25:00+00:00,OB_TOUCH,,,94.0,,,,,13.237774030347445,,,,,,,,,,,,,,,,,,,,,,,
17123,2026-07-28T11:25:00+00:00,WAIT_MTF_CONTEXT,,,94.0,,,,,,bearish,bearish,neutral,76.92,,,,,,,,,,,,,,,,,,,
17124,2026-07-28T11:30:00+00:00,WAIT_MTF_CONTEXT,,,94.0,,,,,,bearish,bearish,neutral,76.92,,,,,,,,,,,,,,,,,,,
17125,2026-07-28T11:35:00+00:00,WAIT_MTF_CONTEXT,,,94.0,,,,,,bearish,bearish,neutral,76.92,,,,,,,,,,,,,,,,,,,
17126,2026-07-28T11:40:00+00:00,WAIT_MTF_CONTEXT,,,94.0,,,,,,bearish,bearish,neutral,76.92,,,,,,,,,,,,,,,,,,,
17127,2026-07-28T11:45:00+00:00,WAIT_MTF_CONTEXT,,,94.0,,,,,,bearish,bearish,neutral,76.92,,,,,,,,,,,,,,,,,,,
17128,2026-07-28T11:50:00+00:00,WAIT_MTF_CONTEXT,,,94.0,,,,,,bearish,bearish,neutral,76.92,,,,,,,,,,,,,,,,,,,
17129,2026-07-28T11:55:00+00:00,WAIT_MTF_CONTEXT,,,94.0,,,,,,bearish,bearish,neutral,76.92,,,,,,,,,,,,,,,,,,,
17130,2026-07-28T12:00:00+00:00,WAIT_MTF_CONTEXT,,,94.0,,,,,,bearish,bearish,neutral,76.92,,,,,,,,,,,,,,,,,,,
17131,2026-07-28T12:05:00+00:00,WAIT_MTF_CONTEXT,,,94.0,,,,,,bearish,bearish,neutral,76.92,,,,,,,,,,,,,,,,,,,
17132,2026-07-28T12:10:00+00:00,WAIT_MTF_CONTEXT,,,94.0,,,,,,bearish,bearish,neutral,76.92,,,,,,,,,,,,,,,,,,,
17133,2026-07-28T12:15:00+00:00,WAIT_MTF_CONTEXT,,,94.0,,,,,,bearish,bearish,bearish,100.0,,,,,,,,,,,,,,,,,,,
17134,2026-07-28T12:20:00+00:00,WAIT_MTF_CONTEXT,,,94.0,,,,,,bearish,bearish,bearish,100.0,,,,,,,,,,,,,,,,,,,
17135,2026-07-28T12:25:00+00:00,SWEEP,bearish,4034.366,,,,,,,,,,,,,,,,,,,,,,,,,,,,,
17135,2026-07-28T12:25:00+00:00,WAIT_MTF_CONTEXT,,,94.0,,,,,,bearish,bearish,bearish,100.0,,,,,,,,,,,,,,,,,,,
17136,2026-07-28T12:30:00+00:00,SWEEP,bearish,4034.995,,,,,,,,,,,,,,,,,,,,,,,,,,,,,
17136,2026-07-28T12:30:00+00:00,WAIT_MTF_CONTEXT,,,94.0,,,,,,bearish,bearish,bearish,100.0,,,,,,,,,,,,,,,,,,,
17137,2026-07-28T12:35:00+00:00,WAIT_MTF_CONTEXT,,,94.0,,,,,,bearish,bearish,bearish,100.0,,,,,,,,,,,,,,,,,,,
17138,2026-07-28T12:40:00+00:00,WAIT_MTF_CONTEXT,,,94.0,,,,,,bearish,bearish,bearish,100.0,,,,,,,,,,,,,,,,,,,
17139,2026-07-28T12:45:00+00:00,SWEEP,bearish,4035.08,,,,,,,,,,,,,,,,,,,,,,,,,,,,,
17139,2026-07-28T12:45:00+00:00,WAIT_MTF_CONTEXT,,,94.0,,,,,,bearish,bearish,bearish,100.0,,,,,,,,,,,,,,,,,,,
17140,2026-07-28T12:50:00+00:00,WAIT_MTF_CONTEXT,,,94.0,,,,,,bearish,bearish,bearish,100.0,,,,,,,,,,,,,,,,,,,
17141,2026-07-28T12:55:00+00:00,WAIT_MTF_CONTEXT,,,94.0,,,,,,bearish,bearish,bearish,100.0,,,,,,,,,,,,,,,,,,,
17142,2026-07-28T13:00:00+00:00,WAIT_MTF_CONTEXT,,,94.0,,,,,,bearish,bearish,neutral,76.92,,,,,,,,,,,,,,,,,,,
17143,2026-07-28T13:05:00+00:00,WAIT_MTF_CONTEXT,,,94.0,,,,,,bearish,bearish,neutral,76.92,,,,,,,,,,,,,,,,,,,
17144,2026-07-28T13:10:00+00:00,WAIT_MTF_CONTEXT,,,94.0,,,,,,bearish,bearish,neutral,76.92,,,,,,,,,,,,,,,,,,,
17145,2026-07-28T13:15:00+00:00,WAIT_MTF_CONTEXT,,,94.0,,,,,,bearish,bearish,neutral,76.92,,,,,,,,,,,,,,,,,,,
17146,2026-07-28T13:20:00+00:00,WAIT_MTF_CONTEXT,,,94.0,,,,,,bearish,bearish,neutral,76.92,,,,,,,,,,,,,,,,,,,
17147,2026-07-28T13:25:00+00:00,WAIT_MTF_CONTEXT,,,94.0,,,,,,bearish,bearish,neutral,76.92,,,,,,,,,,,,,,,,,,,
17148,2026-07-28T13:30:00+00:00,WAIT_MTF_CONTEXT,,,94.0,,,,,,bearish,bearish,neutral,76.92,,,,,,,,,,,,,,,,,,,
17149,2026-07-28T13:35:00+00:00,OB_CROSSED_AFTER_TOUCH,,,94.0,,,,,100.0,,,,,,,,,,,,,,,,,,,,,,,
17150,2026-07-28T13:40:00+00:00,SWEEP,bullish,4021.695,,,,,,,,,,,,,,,,,,,,,,,,,,,,,
17148,2026-07-28T13:30:00+00:00,OB_FORMED,bearish,,95.0,4027.143,4032.985,77.95,"{'body': 18.16, 'fvg': 4.89, 'sweep': 20.91, 'break': 10.87, 'ob_size': 13.12, 'adjacency': 10}",,,,,,,,,,,,,,,,,,,,,,,,
17150,2026-07-28T13:40:00+00:00,WAIT_MTF_CONTEXT,,,94.0,,,,,,bearish,bearish,neutral,76.92,,,,,,,,,,,,,,,,,,,
17152,2026-07-28T13:50:00+00:00,REVERSAL_AFTER_OB_CROSS,,,94.0,,,,,21.521922428324206,,,,,,,,,,,,,,,,,,,,,,,
17152,2026-07-28T13:50:00+00:00,WAIT_REENTRY_DEPTH,,,94.0,,,,,21.521922428324206,,,,,,,70.0,,,,,,,,,,,,,,,,
17152,2026-07-28T13:50:00+00:00,OB_TOUCH,,,95.0,,,,,0.0,,,,,,,,,,,,,,,,,,,,,,,
17153,2026-07-28T13:55:00+00:00,OB_CROSSED_AFTER_TOUCH,,,94.0,,,,,100.0,,,,,,,,,,,,,,,,,,,,,,,
17154,2026-07-28T14:00:00+00:00,REVERSAL_AFTER_OB_CROSS,,,94.0,,,,,39.03878583473453,,,,,,,,,,,,,,,,,,,,,,,
17154,2026-07-28T14:00:00+00:00,WAIT_REENTRY_DEPTH,,,94.0,,,,,39.03878583473453,,,,,,,70.0,,,,,,,,,,,,,,,,
17155,2026-07-28T14:05:00+00:00,WAIT_REENTRY_DEPTH,,,94.0,,,,,0.0,,,,,,,70.0,,,,,,,,,,,,,,,,
17156,2026-07-28T14:10:00+00:00,WAIT_REENTRY_DEPTH,,,94.0,,,,,42.74873524451374,,,,,,,70.0,,,,,,,,,,,,,,,,
17157,2026-07-28T14:15:00+00:00,OB_CROSSED_AFTER_TOUCH,,,94.0,,,,,100.0,,,,,,,,,,,,,,,,,,,,,,,
17158,2026-07-28T14:20:00+00:00,OB_CROSSED_AFTER_TOUCH,,,94.0,,,,,100.0,,,,,,,,,,,,,,,,,,,,,,,
17159,2026-07-28T14:25:00+00:00,OB_CROSSED_AFTER_TOUCH,,,94.0,,,,,100.0,,,,,,,,,,,,,,,,,,,,,,,
17160,2026-07-28T14:30:00+00:00,OB_CROSSED_AFTER_TOUCH,,,94.0,,,,,100.0,,,,,,,,,,,,,,,,,,,,,,,
17161,2026-07-28T14:35:00+00:00,OB_CROSSED_AFTER_TOUCH,,,94.0,,,,,100.0,,,,,,,,,,,,,,,,,,,,,,,
17162,2026-07-28T14:40:00+00:00,OB_CROSSED_AFTER_TOUCH,,,94.0,,,,,100.0,,,,,,,,,,,,,,,,,,,,,,,
17163,2026-07-28T14:45:00+00:00,WAIT_REENTRY_DEPTH,,,94.0,,,,,0.0,,,,,,,70.0,,,,,,,,,,,,,,,,
17164,2026-07-28T14:50:00+00:00,WAIT_REENTRY_DEPTH,,,94.0,,,,,14.249578414837917,,,,,,,70.0,,,,,,,,,,,,,,,,
17164,2026-07-28T14:50:00+00:00,REVERSAL_INSIDE_OB,,,95.0,,,,,2.824375213967149,,,,,,,,,,,,,,,,,,,,,,,
17164,2026-07-28T14:50:00+00:00,WAIT_MICRO_BOS,,,95.0,,,,,,,,,,,normal_reversal_inside_ob,,,,,,,,,,,,,,,,,
17165,2026-07-28T14:55:00+00:00,WAIT_MICRO_BOS,,,94.0,,,,,,,,,,,crossed_ob_reentry,,,,,,,,,,,,,,,,,
17166,2026-07-28T15:00:00+00:00,REVERSAL_AFTER_OB_CROSS,,,94.0,,,,,66.0834738617131,,,,,,,,,,,,,,,,,,,,,,,
17166,2026-07-28T15:00:00+00:00,WAIT_REENTRY_DEPTH,,,94.0,,,,,66.0834738617131,,,,,,,70.0,,,,,,,,,,,,,,,,
17167,2026-07-28T15:05:00+00:00,REVERSAL_AFTER_OB_CROSS,,,94.0,,,,,0.44266441820679087,,,,,,,,,,,,,,,,,,,,,,,
17167,2026-07-28T15:05:00+00:00,WAIT_REENTRY_DEPTH,,,94.0,,,,,0.44266441820679087,,,,,,,70.0,,,,,,,,,,,,,,,,
17168,2026-07-28T15:10:00+00:00,SWEEP,bearish,4033.576,,,,,,,,,,,,,,,,,,,,,,,,,,,,,
17168,2026-07-28T15:10:00+00:00,WAIT_REENTRY_DEPTH,,,94.0,,,,,0.0,,,,,,,70.0,,,,,,,,,,,,,,,,
17168,2026-07-28T15:10:00+00:00,OB_CROSSED_AFTER_TOUCH,,,95.0,,,,,100.0,,,,,,,,,,,,,,,,,,,,,,,
17169,2026-07-28T15:15:00+00:00,WAIT_MTF_CONTEXT,,,94.0,,,,,,bearish,bearish,neutral,76.92,,,,,,,,,,,,,,,,,,,
17169,2026-07-28T15:15:00+00:00,OB_CROSSED_AFTER_TOUCH,,,95.0,,,,,100.0,,,,,,,,,,,,,,,,,,,,,,,
17170,2026-07-28T15:20:00+00:00,SWEEP,bearish,4036.483,,,,,,,,,,,,,,,,,,,,,,,,,,,,,
17170,2026-07-28T15:20:00+00:00,WAIT_MTF_CONTEXT,,,94.0,,,,,,bearish,bearish,neutral,76.92,,,,,,,,,,,,,,,,,,,
17170,2026-07-28T15:20:00+00:00,OB_CROSSED_AFTER_TOUCH,,,95.0,,,,,100.0,,,,,,,,,,,,,,,,,,,,,,,
17171,2026-07-28T15:25:00+00:00,WAIT_MTF_CONTEXT,,,94.0,,,,,,bearish,bearish,neutral,76.92,,,,,,,,,,,,,,,,,,,
17171,2026-07-28T15:25:00+00:00,OB_CROSSED_AFTER_TOUCH,,,95.0,,,,,100.0,,,,,,,,,,,,,,,,,,,,,,,
17172,2026-07-28T15:30:00+00:00,WAIT_MTF_CONTEXT,,,94.0,,,,,,bearish,bearish,neutral,76.92,,,,,,,,,,,,,,,,,,,
17172,2026-07-28T15:30:00+00:00,OB_CROSSED_AFTER_TOUCH,,,95.0,,,,,100.0,,,,,,,,,,,,,,,,,,,,,,,
17173,2026-07-28T15:35:00+00:00,WAIT_MTF_CONTEXT,,,94.0,,,,,,bearish,bearish,neutral,76.92,,,,,,,,,,,,,,,,,,,
17173,2026-07-28T15:35:00+00:00,OB_CROSSED_AFTER_TOUCH,,,95.0,,,,,100.0,,,,,,,,,,,,,,,,,,,,,,,
17174,2026-07-28T15:40:00+00:00,WAIT_MTF_CONTEXT,,,94.0,,,,,,bearish,bearish,neutral,76.92,,,,,,,,,,,,,,,,,,,
17174,2026-07-28T15:40:00+00:00,OB_CROSSED_AFTER_TOUCH,,,95.0,,,,,100.0,,,,,,,,,,,,,,,,,,,,,,,
17175,2026-07-28T15:45:00+00:00,WAIT_MTF_CONTEXT,,,94.0,,,,,,bearish,bearish,neutral,76.92,,,,,,,,,,,,,,,,,,,
17175,2026-07-28T15:45:00+00:00,OB_CROSSED_AFTER_TOUCH,,,95.0,,,,,100.0,,,,,,,,,,,,,,,,,,,,,,,
17176,2026-07-28T15:50:00+00:00,WAIT_MTF_CONTEXT,,,94.0,,,,,,bearish,bearish,neutral,76.92,,,,,,,,,,,,,,,,,,,
17176,2026-07-28T15:50:00+00:00,OB_CROSSED_AFTER_TOUCH,,,95.0,,,,,100.0,,,,,,,,,,,,,,,,,,,,,,,
17177,2026-07-28T15:55:00+00:00,SWEEP,bearish,4047.057,,,,,,,,,,,,,,,,,,,,,,,,,,,,,
17177,2026-07-28T15:55:00+00:00,WAIT_MTF_CONTEXT,,,94.0,,,,,,bearish,bearish,neutral,76.92,,,,,,,,,,,,,,,,,,,
17177,2026-07-28T15:55:00+00:00,OB_CROSSED_AFTER_TOUCH,,,95.0,,,,,100.0,,,,,,,,,,,,,,,,,,,,,,,
17178,2026-07-28T16:00:00+00:00,WAIT_MTF_CONTEXT,,,94.0,,,,,,bearish,bearish,neutral,76.92,,,,,,,,,,,,,,,,,,,
17178,2026-07-28T16:00:00+00:00,OB_CROSSED_AFTER_TOUCH,,,95.0,,,,,100.0,,,,,,,,,,,,,,,,,,,,,,,
17179,2026-07-28T16:05:00+00:00,WAIT_MTF_CONTEXT,,,94.0,,,,,,bearish,bearish,neutral,76.92,,,,,,,,,,,,,,,,,,,
17179,2026-07-28T16:05:00+00:00,OB_CROSSED_AFTER_TOUCH,,,95.0,,,,,100.0,,,,,,,,,,,,,,,,,,,,,,,
17180,2026-07-28T16:10:00+00:00,WAIT_MTF_CONTEXT,,,94.0,,,,,,bearish,bearish,neutral,76.92,,,,,,,,,,,,,,,,,,,
17180,2026-07-28T16:10:00+00:00,OB_CROSSED_AFTER_TOUCH,,,95.0,,,,,100.0,,,,,,,,,,,,,,,,,,,,,,,
17181,2026-07-28T16:15:00+00:00,WAIT_MTF_CONTEXT,,,94.0,,,,,,bearish,bearish,neutral,76.92,,,,,,,,,,,,,,,,,,,
17181,2026-07-28T16:15:00+00:00,OB_CROSSED_AFTER_TOUCH,,,95.0,,,,,100.0,,,,,,,,,,,,,,,,,,,,,,,
17182,2026-07-28T16:20:00+00:00,WAIT_MTF_CONTEXT,,,94.0,,,,,,bearish,bearish,neutral,76.92,,,,,,,,,,,,,,,,,,,
17182,2026-07-28T16:20:00+00:00,OB_CROSSED_AFTER_TOUCH,,,95.0,,,,,100.0,,,,,,,,,,,,,,,,,,,,,,,
17183,2026-07-28T16:25:00+00:00,WAIT_MTF_CONTEXT,,,94.0,,,,,,bearish,bearish,neutral,76.92,,,,,,,,,,,,,,,,,,,
17183,2026-07-28T16:25:00+00:00,OB_CROSSED_AFTER_TOUCH,,,95.0,,,,,100.0,,,,,,,,,,,,,,,,,,,,,,,
17184,2026-07-28T16:30:00+00:00,WAIT_MTF_CONTEXT,,,94.0,,,,,,bearish,bearish,neutral,76.92,,,,,,,,,,,,,,,,,,,
17184,2026-07-28T16:30:00+00:00,OB_CROSSED_AFTER_TOUCH,,,95.0,,,,,100.0,,,,,,,,,,,,,,,,,,,,,,,
17185,2026-07-28T16:35:00+00:00,WAIT_MTF_CONTEXT,,,94.0,,,,,,bearish,bearish,neutral,76.92,,,,,,,,,,,,,,,,,,,
17185,2026-07-28T16:35:00+00:00,OB_CROSSED_AFTER_TOUCH,,,95.0,,,,,100.0,,,,,,,,,,,,,,,,,,,,,,,
17186,2026-07-28T16:40:00+00:00,WAIT_MTF_CONTEXT,,,94.0,,,,,,bearish,bearish,neutral,76.92,,,,,,,,,,,,,,,,,,,
17186,2026-07-28T16:40:00+00:00,OB_CROSSED_AFTER_TOUCH,,,95.0,,,,,100.0,,,,,,,,,,,,,,,,,,,,,,,
17187,2026-07-28T16:45:00+00:00,WAIT_MTF_CONTEXT,,,94.0,,,,,,bearish,bearish,neutral,76.92,,,,,,,,,,,,,,,,,,,
17187,2026-07-28T16:45:00+00:00,OB_CROSSED_AFTER_TOUCH,,,95.0,,,,,100.0,,,,,,,,,,,,,,,,,,,,,,,
17188,2026-07-28T16:50:00+00:00,WAIT_MTF_CONTEXT,,,94.0,,,,,,bearish,bearish,neutral,76.92,,,,,,,,,,,,,,,,,,,
17188,2026-07-28T16:50:00+00:00,OB_CROSSED_AFTER_TOUCH,,,95.0,,,,,100.0,,,,,,,,,,,,,,,,,,,,,,,
17189,2026-07-28T16:55:00+00:00,WAIT_MTF_CONTEXT,,,94.0,,,,,,bearish,bearish,neutral,76.92,,,,,,,,,,,,,,,,,,,
17189,2026-07-28T16:55:00+00:00,OB_CROSSED_AFTER_TOUCH,,,95.0,,,,,100.0,,,,,,,,,,,,,,,,,,,,,,,
17190,2026-07-28T17:00:00+00:00,WAIT_MTF_CONTEXT,,,94.0,,,,,,bearish,bearish,neutral,76.92,,,,,,,,,,,,,,,,,,,
17190,2026-07-28T17:00:00+00:00,OB_CROSSED_AFTER_TOUCH,,,95.0,,,,,100.0,,,,,,,,,,,,,,,,,,,,,,,
17191,2026-07-28T17:05:00+00:00,WAIT_MTF_CONTEXT,,,94.0,,,,,,bearish,bearish,neutral,76.92,,,,,,,,,,,,,,,,,,,
17191,2026-07-28T17:05:00+00:00,OB_CROSSED_AFTER_TOUCH,,,95.0,,,,,100.0,,,,,,,,,,,,,,,,,,,,,,,
17192,2026-07-28T17:10:00+00:00,WAIT_MTF_CONTEXT,,,94.0,,,,,,bearish,bearish,neutral,76.92,,,,,,,,,,,,,,,,,,,
17192,2026-07-28T17:10:00+00:00,OB_CROSSED_AFTER_TOUCH,,,95.0,,,,,100.0,,,,,,,,,,,,,,,,,,,,,,,
17193,2026-07-28T17:15:00+00:00,WAIT_MTF_CONTEXT,,,94.0,,,,,,bearish,bearish,neutral,76.92,,,,,,,,,,,,,,,,,,,
17193,2026-07-28T17:15:00+00:00,OB_CROSSED_AFTER_TOUCH,,,95.0,,,,,100.0,,,,,,,,,,,,,,,,,,,,,,,
17194,2026-07-28T17:20:00+00:00,SWEEP,bullish,4035.406,,,,,,,,,,,,,,,,,,,,,,,,,,,,,
17194,2026-07-28T17:20:00+00:00,WAIT_MTF_CONTEXT,,,94.0,,,,,,bearish,bearish,neutral,76.92,,,,,,,,,,,,,,,,,,,
17194,2026-07-28T17:20:00+00:00,OB_CROSSED_AFTER_TOUCH,,,95.0,,,,,100.0,,,,,,,,,,,,,,,,,,,,,,,
17195,2026-07-28T17:25:00+00:00,WAIT_MTF_CONTEXT,,,94.0,,,,,,bearish,bearish,neutral,76.92,,,,,,,,,,,,,,,,,,,
17195,2026-07-28T17:25:00+00:00,OB_CROSSED_AFTER_TOUCH,,,95.0,,,,,100.0,,,,,,,,,,,,,,,,,,,,,,,
17196,2026-07-28T17:30:00+00:00,WAIT_MTF_CONTEXT,,,94.0,,,,,,bearish,bearish,neutral,76.92,,,,,,,,,,,,,,,,,,,
17196,2026-07-28T17:30:00+00:00,OB_CROSSED_AFTER_TOUCH,,,95.0,,,,,100.0,,,,,,,,,,,,,,,,,,,,,,,
17197,2026-07-28T17:35:00+00:00,WAIT_MTF_CONTEXT,,,94.0,,,,,,bearish,bearish,neutral,76.92,,,,,,,,,,,,,,,,,,,
17197,2026-07-28T17:35:00+00:00,REVERSAL_AFTER_OB_CROSS,,,95.0,,,,,76.03560424512038,,,,,,,,,,,,,,,,,,,,,,,
17197,2026-07-28T17:35:00+00:00,ENTRY,bearish,,95.0,,,,,,bearish,bearish,neutral,76.92,,crossed_ob_reentry,,6.0,4031.585,4047.9398214285716,3998.875357142857,2.0,77.95,BEARISH,76.03560424512038,17177.0,4047.157,retracement_swing,4025.281,False,,,
17198,2026-07-28T17:40:00+00:00,WAIT_MTF_CONTEXT,,,94.0,,,,,,bearish,bearish,neutral,76.92,,,,,,,,,,,,,,,,,,,
17199,2026-07-28T17:45:00+00:00,SWEEP,bullish,4027.644,,,,,,,,,,,,,,,,,,,,,,,,,,,,,
17199,2026-07-28T17:45:00+00:00,WAIT_MTF_CONTEXT,,,94.0,,,,,,bearish,bearish,neutral,76.92,,,,,,,,,,,,,,,,,,,
17200,2026-07-28T17:50:00+00:00,WAIT_MTF_CONTEXT,,,94.0,,,,,,bearish,bearish,neutral,76.92,,,,,,,,,,,,,,,,,,,
17201,2026-07-28T17:55:00+00:00,WAIT_MTF_CONTEXT,,,94.0,,,,,,bearish,bearish,neutral,76.92,,,,,,,,,,,,,,,,,,,
17202,2026-07-28T18:00:00+00:00,WAIT_MTF_CONTEXT,,,94.0,,,,,,bearish,bearish,neutral,76.92,,,,,,,,,,,,,,,,,,,
17203,2026-07-28T18:05:00+00:00,WAIT_MTF_CONTEXT,,,94.0,,,,,,bearish,bearish,neutral,76.92,,,,,,,,,,,,,,,,,,,
17204,2026-07-28T18:10:00+00:00,WAIT_MTF_CONTEXT,,,94.0,,,,,,bearish,bearish,neutral,76.92,,,,,,,,,,,,,,,,,,,
17205,2026-07-28T18:15:00+00:00,WAIT_MTF_CONTEXT,,,94.0,,,,,,bearish,bearish,neutral,76.92,,,,,,,,,,,,,,,,,,,
17206,2026-07-28T18:20:00+00:00,WAIT_MTF_CONTEXT,,,94.0,,,,,,bearish,bearish,neutral,76.92,,,,,,,,,,,,,,,,,,,
17207,2026-07-28T18:25:00+00:00,WAIT_MTF_CONTEXT,,,94.0,,,,,,bearish,bearish,neutral,76.92,,,,,,,,,,,,,,,,,,,
17208,2026-07-28T18:30:00+00:00,WAIT_MTF_CONTEXT,,,94.0,,,,,,bearish,bearish,neutral,76.92,,,,,,,,,,,,,,,,,,,
17209,2026-07-28T18:35:00+00:00,SWEEP,bullish,4023.816,,,,,,,,,,,,,,,,,,,,,,,,,,,,,
17209,2026-07-28T18:35:00+00:00,WAIT_MTF_CONTEXT,,,94.0,,,,,,bearish,bearish,neutral,76.92,,,,,,,,,,,,,,,,,,,
17210,2026-07-28T18:40:00+00:00,WAIT_MTF_CONTEXT,,,94.0,,,,,,bearish,bearish,neutral,76.92,,,,,,,,,,,,,,,,,,,
17211,2026-07-28T18:45:00+00:00,WAIT_MTF_CONTEXT,,,94.0,,,,,,bearish,bearish,neutral,76.92,,,,,,,,,,,,,,,,,,,
17212,2026-07-28T18:50:00+00:00,OB_CROSSED_AFTER_TOUCH,,,94.0,,,,,100.0,,,,,,,,,,,,,,,,,,,,,,,
17213,2026-07-28T18:55:00+00:00,SWEEP,bullish,4022.248,,,,,,,,,,,,,,,,,,,,,,,,,,,,,
17213,2026-07-28T18:55:00+00:00,OB_CROSSED_AFTER_TOUCH,,,94.0,,,,,100.0,,,,,,,,,,,,,,,,,,,,,,,
17214,2026-07-28T19:00:00+00:00,WAIT_MTF_CONTEXT,,,94.0,,,,,,bearish,bearish,neutral,76.92,,,,,,,,,,,,,,,,,,,
17215,2026-07-28T19:05:00+00:00,WAIT_MTF_CONTEXT,,,94.0,,,,,,bearish,bearish,neutral,76.92,,,,,,,,,,,,,,,,,,,
17216,2026-07-28T19:10:00+00:00,WAIT_MTF_CONTEXT,,,94.0,,,,,,bearish,bearish,neutral,76.92,,,,,,,,,,,,,,,,,,,
17217,2026-07-28T19:15:00+00:00,WAIT_MTF_CONTEXT,,,94.0,,,,,,bearish,bearish,neutral,76.92,,,,,,,,,,,,,,,,,,,
17218,2026-07-28T19:20:00+00:00,OB_CROSSED_AFTER_TOUCH,,,94.0,,,,,100.0,,,,,,,,,,,,,,,,,,,,,,,
17219,2026-07-28T19:25:00+00:00,OB_CROSSED_AFTER_TOUCH,,,94.0,,,,,100.0,,,,,,,,,,,,,,,,,,,,,,,
17220,2026-07-28T19:30:00+00:00,WAIT_MTF_CONTEXT,,,94.0,,,,,,bearish,bearish,neutral,76.92,,,,,,,,,,,,,,,,,,,
17219,2026-07-28T19:25:00+00:00,OB_FORMED,bullish,,96.0,4021.779,4023.764,72.89,"{'body': 17.78, 'fvg': 2.86, 'sweep': 20.44, 'break': 6.82, 'ob_size': 15.0, 'adjacency': 10}",,,,,,,,,,,,,,,,,,,,,,,,
17221,2026-07-28T19:35:00+00:00,OB_EXPIRED,,,94.0,,,,,,,,,,101.0,,,,,,,,,,,,,,,,,,
17226,2026-07-28T20:00:00+00:00,OB_TOUCH,,,96.0,,,,,16.02015113351086,,,,,,,,,,,,,,,,,,,,,,,
17233,2026-07-28T20:35:00+00:00,SWEEP,bearish,4028.441,,,,,,,,,,,,,,,,,,,,,,,,,,,,,
17234,2026-07-28T20:40:00+00:00,SWEEP,bearish,4029.93,,,,,,,,,,,,,,,,,,,,,,,,,,,,,
17235,2026-07-28T20:45:00+00:00,SWEEP,bearish,4030.202,,,,,,,,,,,,,,,,,,,,,,,,,,,,,
17239,2026-07-28T22:05:00+00:00,OB_FORMED,bearish,,97.0,4026.077,4027.295,73.68,"{'body': 14.59, 'fvg': 6.55, 'sweep': 23.25, 'break': 4.29, 'ob_size': 15.0, 'adjacency': 10}",,,,,,,,,,,,,,,,,,,,,,,,
17242,2026-07-28T22:20:00+00:00,OB_CROSSED_AFTER_TOUCH,,,96.0,,,,,100.0,,,,,,,,,,,,,,,,,,,,,,,
17243,2026-07-28T22:25:00+00:00,OB_CROSSED_AFTER_TOUCH,,,96.0,,,,,100.0,,,,,,,,,,,,,,,,,,,,,,,
17244,2026-07-28T22:30:00+00:00,SWEEP,bullish,4017.414,,,,,,,,,,,,,,,,,,,,,,,,,,,,,
17244,2026-07-28T22:30:00+00:00,OB_CROSSED_AFTER_TOUCH,,,96.0,,,,,100.0,,,,,,,,,,,,,,,,,,,,,,,
17245,2026-07-28T22:35:00+00:00,OB_CROSSED_AFTER_TOUCH,,,96.0,,,,,100.0,,,,,,,,,,,,,,,,,,,,,,,
17246,2026-07-28T22:40:00+00:00,OB_CROSSED_AFTER_TOUCH,,,96.0,,,,,100.0,,,,,,,,,,,,,,,,,,,,,,,
17247,2026-07-28T22:45:00+00:00,OB_CROSSED_AFTER_TOUCH,,,96.0,,,,,100.0,,,,,,,,,,,,,,,,,,,,,,,
17248,2026-07-28T22:50:00+00:00,OB_CROSSED_AFTER_TOUCH,,,96.0,,,,,100.0,,,,,,,,,,,,,,,,,,,,,,,
17249,2026-07-28T22:55:00+00:00,OB_CROSSED_AFTER_TOUCH,,,96.0,,,,,100.0,,,,,,,,,,,,,,,,,,,,,,,
17250,2026-07-28T23:00:00+00:00,OB_CROSSED_AFTER_TOUCH,,,96.0,,,,,100.0,,,,,,,,,,,,,,,,,,,,,,,
17251,2026-07-28T23:05:00+00:00,OB_CROSSED_AFTER_TOUCH,,,96.0,,,,,100.0,,,,,,,,,,,,,,,,,,,,,,,
17252,2026-07-28T23:10:00+00:00,WAIT_MTF_CONTEXT,,,96.0,,,,,,bearish,bearish,neutral,76.92,,,,,,,,,,,,,,,,,,,
17253,2026-07-28T23:15:00+00:00,OB_CROSSED_AFTER_TOUCH,,,96.0,,,,,100.0,,,,,,,,,,,,,,,,,,,,,,,
17254,2026-07-28T23:20:00+00:00,OB_CROSSED_AFTER_TOUCH,,,96.0,,,,,100.0,,,,,,,,,,,,,,,,,,,,,,,
17255,2026-07-28T23:25:00+00:00,OB_CROSSED_AFTER_TOUCH,,,96.0,,,,,100.0,,,,,,,,,,,,,,,,,,,,,,,
17256,2026-07-28T23:30:00+00:00,OB_CROSSED_AFTER_TOUCH,,,96.0,,,,,100.0,,,,,,,,,,,,,,,,,,,,,,,
17257,2026-07-28T23:35:00+00:00,OB_CROSSED_AFTER_TOUCH,,,96.0,,,,,100.0,,,,,,,,,,,,,,,,,,,,,,,
17258,2026-07-28T23:40:00+00:00,WAIT_MTF_CONTEXT,,,96.0,,,,,,bearish,bearish,bearish,100.0,,,,,,,,,,,,,,,,,,,
17259,2026-07-28T23:45:00+00:00,WAIT_MTF_CONTEXT,,,96.0,,,,,,bearish,bearish,bearish,100.0,,,,,,,,,,,,,,,,,,,
17260,2026-07-28T23:50:00+00:00,WAIT_MTF_CONTEXT,,,96.0,,,,,,bearish,bearish,bearish,100.0,,,,,,,,,,,,,,,,,,,
17261,2026-07-28T23:55:00+00:00,SWEEP,bearish,4025.289,,,,,,,,,,,,,,,,,,,,,,,,,,,,,
17261,2026-07-28T23:55:00+00:00,WAIT_MTF_CONTEXT,,,96.0,,,,,,bearish,bearish,bearish,100.0,,,,,,,,,,,,,,,,,,,
17261,2026-07-28T23:55:00+00:00,OB_TOUCH,,,97.0,,,,,0.0,,,,,,,,,,,,,,,,,,,,,,,
17262,2026-07-29T00:00:00+00:00,SWEEP,bearish,4026.184,,,,,,,,,,,,,,,,,,,,,,,,,,,,,
17262,2026-07-29T00:00:00+00:00,WAIT_MTF_CONTEXT,,,96.0,,,,,,bearish,bearish,bearish,100.0,,,,,,,,,,,,,,,,,,,
17263,2026-07-29T00:05:00+00:00,OB_CROSSED_AFTER_TOUCH,,,96.0,,,,,100.0,,,,,,,,,,,,,,,,,,,,,,,
17264,2026-07-29T00:10:00+00:00,OB_CROSSED_AFTER_TOUCH,,,96.0,,,,,100.0,,,,,,,,,,,,,,,,,,,,,,,
17265,2026-07-29T00:15:00+00:00,SWEEP,bearish,4026.196,,,,,,,,,,,,,,,,,,,,,,,,,,,,,
17265,2026-07-29T00:15:00+00:00,WAIT_MTF_CONTEXT,,,96.0,,,,,,bearish,bearish,bearish,100.0,,,,,,,,,,,,,,,,,,,
17266,2026-07-29T00:20:00+00:00,SWEEP,bearish,4026.336,,,,,,,,,,,,,,,,,,,,,,,,,,,,,
17266,2026-07-29T00:20:00+00:00,WAIT_MTF_CONTEXT,,,96.0,,,,,,bearish,bearish,bearish,100.0,,,,,,,,,,,,,,,,,,,
17267,2026-07-29T00:25:00+00:00,WAIT_MTF_CONTEXT,,,96.0,,,,,,bearish,bearish,bearish,100.0,,,,,,,,,,,,,,,,,,,
17268,2026-07-29T00:30:00+00:00,WAIT_MTF_CONTEXT,,,96.0,,,,,,bearish,bearish,bearish,100.0,,,,,,,,,,,,,,,,,,,
17269,2026-07-29T00:35:00+00:00,WAIT_MTF_CONTEXT,,,96.0,,,,,,bearish,bearish,bearish,100.0,,,,,,,,,,,,,,,,,,,
17270,2026-07-29T00:40:00+00:00,WAIT_MTF_CONTEXT,,,96.0,,,,,,bearish,bearish,bearish,100.0,,,,,,,,,,,,,,,,,,,
17271,2026-07-29T00:45:00+00:00,OB_CROSSED_AFTER_TOUCH,,,96.0,,,,,100.0,,,,,,,,,,,,,,,,,,,,,,,
17272,2026-07-29T00:50:00+00:00,WAIT_MTF_CONTEXT,,,96.0,,,,,,bearish,bearish,bearish,100.0,,,,,,,,,,,,,,,,,,,
17273,2026-07-29T00:55:00+00:00,OB_CROSSED_AFTER_TOUCH,,,96.0,,,,,100.0,,,,,,,,,,,,,,,,,,,,,,,
17274,2026-07-29T01:00:00+00:00,OB_CROSSED_AFTER_TOUCH,,,96.0,,,,,100.0,,,,,,,,,,,,,,,,,,,,,,,
17275,2026-07-29T01:05:00+00:00,OB_CROSSED_AFTER_TOUCH,,,96.0,,,,,100.0,,,,,,,,,,,,,,,,,,,,,,,
17276,2026-07-29T01:10:00+00:00,OB_CROSSED_AFTER_TOUCH,,,96.0,,,,,100.0,,,,,,,,,,,,,,,,,,,,,,,
17277,2026-07-29T01:15:00+00:00,OB_CROSSED_AFTER_TOUCH,,,96.0,,,,,100.0,,,,,,,,,,,,,,,,,,,,,,,
17278,2026-07-29T01:20:00+00:00,OB_CROSSED_AFTER_TOUCH,,,96.0,,,,,100.0,,,,,,,,,,,,,,,,,,,,,,,
17279,2026-07-29T01:25:00+00:00,OB_CROSSED_AFTER_TOUCH,,,96.0,,,,,100.0,,,,,,,,,,,,,,,,,,,,,,,
17280,2026-07-29T01:30:00+00:00,WAIT_MTF_CONTEXT,,,96.0,,,,,,bearish,bearish,bearish,100.0,,,,,,,,,,,,,,,,,,,
17281,2026-07-29T01:35:00+00:00,SWEEP,bearish,4030.053,,,,,,,,,,,,,,,,,,,,,,,,,,,,,
17281,2026-07-29T01:35:00+00:00,WAIT_MTF_CONTEXT,,,96.0,,,,,,bearish,bearish,bearish,100.0,,,,,,,,,,,,,,,,,,,
17281,2026-07-29T01:35:00+00:00,OB_CROSSED_AFTER_TOUCH,,,97.0,,,,,100.0,,,,,,,,,,,,,,,,,,,,,,,
17282,2026-07-29T01:40:00+00:00,WAIT_MTF_CONTEXT,,,96.0,,,,,,bearish,bearish,bearish,100.0,,,,,,,,,,,,,,,,,,,
17282,2026-07-29T01:40:00+00:00,OB_CROSSED_AFTER_TOUCH,,,97.0,,,,,100.0,,,,,,,,,,,,,,,,,,,,,,,
17283,2026-07-29T01:45:00+00:00,WAIT_MTF_CONTEXT,,,96.0,,,,,,bearish,bearish,bearish,100.0,,,,,,,,,,,,,,,,,,,
17284,2026-07-29T01:50:00+00:00,WAIT_MTF_CONTEXT,,,96.0,,,,,,bearish,bearish,bearish,100.0,,,,,,,,,,,,,,,,,,,
17285,2026-07-29T01:55:00+00:00,WAIT_MTF_CONTEXT,,,96.0,,,,,,bearish,bearish,bearish,100.0,,,,,,,,,,,,,,,,,,,
17286,2026-07-29T02:00:00+00:00,WAIT_MTF_CONTEXT,,,96.0,,,,,,bearish,bearish,bearish,100.0,,,,,,,,,,,,,,,,,,,
17286,2026-07-29T02:00:00+00:00,OB_CROSSED_AFTER_TOUCH,,,97.0,,,,,100.0,,,,,,,,,,,,,,,,,,,,,,,
17287,2026-07-29T02:05:00+00:00,WAIT_MTF_CONTEXT,,,96.0,,,,,,bearish,bearish,bearish,100.0,,,,,,,,,,,,,,,,,,,
17288,2026-07-29T02:10:00+00:00,WAIT_MTF_CONTEXT,,,96.0,,,,,,bearish,bearish,bearish,100.0,,,,,,,,,,,,,,,,,,,
17288,2026-07-29T02:10:00+00:00,OB_CROSSED_AFTER_TOUCH,,,97.0,,,,,100.0,,,,,,,,,,,,,,,,,,,,,,,
17289,2026-07-29T02:15:00+00:00,WAIT_MTF_CONTEXT,,,96.0,,,,,,bearish,bearish,bearish,100.0,,,,,,,,,,,,,,,,,,,
17289,2026-07-29T02:15:00+00:00,REVERSAL_AFTER_OB_CROSS,,,97.0,,,,,95.23809523809523,,,,,,,,,,,,,,,,,,,,,,,
17289,2026-07-29T02:15:00+00:00,WAIT_MICRO_BOS,,,97.0,,,,,,,,,,,crossed_ob_reentry,,,,,,,,,,,,,,,,,
17290,2026-07-29T02:20:00+00:00,WAIT_MTF_CONTEXT,,,96.0,,,,,,bearish,bearish,bearish,100.0,,,,,,,,,,,,,,,,,,,
17290,2026-07-29T02:20:00+00:00,OB_CROSSED_AFTER_TOUCH,,,97.0,,,,,100.0,,,,,,,,,,,,,,,,,,,,,,,
17291,2026-07-29T02:25:00+00:00,WAIT_MTF_CONTEXT,,,96.0,,,,,,bearish,bearish,bearish,100.0,,,,,,,,,,,,,,,,,,,
17291,2026-07-29T02:25:00+00:00,OB_CROSSED_AFTER_TOUCH,,,97.0,,,,,100.0,,,,,,,,,,,,,,,,,,,,,,,
17292,2026-07-29T02:30:00+00:00,SWEEP,bearish,4035.511,,,,,,,,,,,,,,,,,,,,,,,,,,,,,
17292,2026-07-29T02:30:00+00:00,WAIT_MTF_CONTEXT,,,96.0,,,,,,bearish,bearish,bearish,100.0,,,,,,,,,,,,,,,,,,,
17292,2026-07-29T02:30:00+00:00,OB_CROSSED_AFTER_TOUCH,,,97.0,,,,,100.0,,,,,,,,,,,,,,,,,,,,,,,
17293,2026-07-29T02:35:00+00:00,WAIT_MTF_CONTEXT,,,96.0,,,,,,bearish,bearish,bearish,100.0,,,,,,,,,,,,,,,,,,,
17293,2026-07-29T02:35:00+00:00,OB_CROSSED_AFTER_TOUCH,,,97.0,,,,,100.0,,,,,,,,,,,,,,,,,,,,,,,
17294,2026-07-29T02:40:00+00:00,SWEEP,bearish,4036.576,,,,,,,,,,,,,,,,,,,,,,,,,,,,,
17294,2026-07-29T02:40:00+00:00,WAIT_MTF_CONTEXT,,,96.0,,,,,,bearish,bearish,bearish,100.0,,,,,,,,,,,,,,,,,,,
17294,2026-07-29T02:40:00+00:00,OB_CROSSED_AFTER_TOUCH,,,97.0,,,,,100.0,,,,,,,,,,,,,,,,,,,,,,,
17295,2026-07-29T02:45:00+00:00,WAIT_MTF_CONTEXT,,,96.0,,,,,,bearish,bearish,bearish,100.0,,,,,,,,,,,,,,,,,,,
17295,2026-07-29T02:45:00+00:00,OB_CROSSED_AFTER_TOUCH,,,97.0,,,,,100.0,,,,,,,,,,,,,,,,,,,,,,,
17296,2026-07-29T02:50:00+00:00,WAIT_MTF_CONTEXT,,,96.0,,,,,,bearish,bearish,bearish,100.0,,,,,,,,,,,,,,,,,,,
17296,2026-07-29T02:50:00+00:00,OB_CROSSED_AFTER_TOUCH,,,97.0,,,,,100.0,,,,,,,,,,,,,,,,,,,,,,,
17297,2026-07-29T02:55:00+00:00,WAIT_MTF_CONTEXT,,,96.0,,,,,,bearish,bearish,bearish,100.0,,,,,,,,,,,,,,,,,,,
17297,2026-07-29T02:55:00+00:00,OB_CROSSED_AFTER_TOUCH,,,97.0,,,,,100.0,,,,,,,,,,,,,,,,,,,,,,,
17298,2026-07-29T03:00:00+00:00,WAIT_MTF_CONTEXT,,,96.0,,,,,,bearish,bearish,bearish,100.0,,,,,,,,,,,,,,,,,,,
17298,2026-07-29T03:00:00+00:00,OB_CROSSED_AFTER_TOUCH,,,97.0,,,,,100.0,,,,,,,,,,,,,,,,,,,,,,,
17299,2026-07-29T03:05:00+00:00,WAIT_MTF_CONTEXT,,,96.0,,,,,,bearish,bearish,bearish,100.0,,,,,,,,,,,,,,,,,,,
17299,2026-07-29T03:05:00+00:00,OB_CROSSED_AFTER_TOUCH,,,97.0,,,,,100.0,,,,,,,,,,,,,,,,,,,,,,,
17300,2026-07-29T03:10:00+00:00,WAIT_MTF_CONTEXT,,,96.0,,,,,,bearish,bearish,bearish,100.0,,,,,,,,,,,,,,,,,,,
17300,2026-07-29T03:10:00+00:00,OB_CROSSED_AFTER_TOUCH,,,97.0,,,,,100.0,,,,,,,,,,,,,,,,,,,,,,,
17301,2026-07-29T03:15:00+00:00,WAIT_MTF_CONTEXT,,,96.0,,,,,,bearish,bearish,bearish,100.0,,,,,,,,,,,,,,,,,,,
17301,2026-07-29T03:15:00+00:00,OB_CROSSED_AFTER_TOUCH,,,97.0,,,,,100.0,,,,,,,,,,,,,,,,,,,,,,,
17302,2026-07-29T03:20:00+00:00,WAIT_MTF_CONTEXT,,,96.0,,,,,,bearish,bearish,bearish,100.0,,,,,,,,,,,,,,,,,,,
17302,2026-07-29T03:20:00+00:00,REVERSAL_AFTER_OB_CROSS,,,97.0,,,,,29.146141215074543,,,,,,,,,,,,,,,,,,,,,,,
17302,2026-07-29T03:20:00+00:00,WAIT_REENTRY_DEPTH,,,97.0,,,,,29.146141215074543,,,,,,,70.0,,,,,,,,,,,,,,,,
17303,2026-07-29T03:25:00+00:00,WAIT_MTF_CONTEXT,,,96.0,,,,,,bearish,bearish,bearish,100.0,,,,,,,,,,,,,,,,,,,
17303,2026-07-29T03:25:00+00:00,WAIT_MICRO_BOS,,,97.0,,,,,,,,,,,crossed_ob_reentry,,,,,,,,,,,,,,,,,
17304,2026-07-29T03:30:00+00:00,WAIT_MTF_CONTEXT,,,96.0,,,,,,bearish,bearish,neutral,76.92,,,,,,,,,,,,,,,,,,,
17304,2026-07-29T03:30:00+00:00,REVERSAL_AFTER_OB_CROSS,,,97.0,,,,,40.55829228240961,,,,,,,,,,,,,,,,,,,,,,,
17304,2026-07-29T03:30:00+00:00,WAIT_REENTRY_DEPTH,,,97.0,,,,,40.55829228240961,,,,,,,70.0,,,,,,,,,,,,,,,,
17305,2026-07-29T03:35:00+00:00,WAIT_MTF_CONTEXT,,,96.0,,,,,,bearish,bearish,neutral,76.92,,,,,,,,,,,,,,,,,,,
17305,2026-07-29T03:35:00+00:00,WAIT_MICRO_BOS,,,97.0,,,,,,,,,,,crossed_ob_reentry,,,,,,,,,,,,,,,,,
17306,2026-07-29T03:40:00+00:00,WAIT_MTF_CONTEXT,,,96.0,,,,,,bearish,bearish,neutral,76.92,,,,,,,,,,,,,,,,,,,
17306,2026-07-29T03:40:00+00:00,WAIT_REENTRY_DEPTH,,,97.0,,,,,0.0,,,,,,,70.0,,,,,,,,,,,,,,,,
17307,2026-07-29T03:45:00+00:00,WAIT_MTF_CONTEXT,,,96.0,,,,,,bearish,bearish,neutral,76.92,,,,,,,,,,,,,,,,,,,
17307,2026-07-29T03:45:00+00:00,WAIT_REENTRY_DEPTH,,,97.0,,,,,13.546798029555362,,,,,,,70.0,,,,,,,,,,,,,,,,
17308,2026-07-29T03:50:00+00:00,WAIT_MTF_CONTEXT,,,96.0,,,,,,bearish,bearish,neutral,76.92,,,,,,,,,,,,,,,,,,,
17308,2026-07-29T03:50:00+00:00,WAIT_REENTRY_DEPTH,,,97.0,,,,,0.0,,,,,,,70.0,,,,,,,,,,,,,,,,
17309,2026-07-29T03:55:00+00:00,WAIT_MTF_CONTEXT,,,96.0,,,,,,bearish,bearish,neutral,76.92,,,,,,,,,,,,,,,,,,,
17309,2026-07-29T03:55:00+00:00,WAIT_REENTRY_DEPTH,,,97.0,,,,,0.0,,,,,,,70.0,,,,,,,,,,,,,,,,
17310,2026-07-29T04:00:00+00:00,WAIT_MTF_CONTEXT,,,96.0,,,,,,bearish,bearish,neutral,76.92,,,,,,,,,,,,,,,,,,,
17310,2026-07-29T04:00:00+00:00,WAIT_REENTRY_DEPTH,,,97.0,,,,,0.0,,,,,,,70.0,,,,,,,,,,,,,,,,
17311,2026-07-29T04:05:00+00:00,SWEEP,bullish,4021.507,,,,,,,,,,,,,,,,,,,,,,,,,,,,,
17311,2026-07-29T04:05:00+00:00,WAIT_MTF_CONTEXT,,,96.0,,,,,,bearish,bearish,neutral,76.92,,,,,,,,,,,,,,,,,,,
17311,2026-07-29T04:05:00+00:00,WAIT_REENTRY_DEPTH,,,97.0,,,,,0.0,,,,,,,70.0,,,,,,,,,,,,,,,,
17312,2026-07-29T04:10:00+00:00,SWEEP,bullish,4021.243,,,,,,,,,,,,,,,,,,,,,,,,,,,,,
17312,2026-07-29T04:10:00+00:00,WAIT_MTF_CONTEXT,,,96.0,,,,,,bearish,bearish,neutral,76.92,,,,,,,,,,,,,,,,,,,
17312,2026-07-29T04:10:00+00:00,WAIT_REENTRY_DEPTH,,,97.0,,,,,0.0,,,,,,,70.0,,,,,,,,,,,,,,,,
17313,2026-07-29T04:15:00+00:00,SWEEP,bullish,4021.131,,,,,,,,,,,,,,,,,,,,,,,,,,,,,
17313,2026-07-29T04:15:00+00:00,WAIT_MTF_CONTEXT,,,96.0,,,,,,bearish,bearish,neutral,76.92,,,,,,,,,,,,,,,,,,,
17313,2026-07-29T04:15:00+00:00,WAIT_REENTRY_DEPTH,,,97.0,,,,,0.0,,,,,,,70.0,,,,,,,,,,,,,,,,
17314,2026-07-29T04:20:00+00:00,WAIT_MTF_CONTEXT,,,96.0,,,,,,bearish,bearish,neutral,76.92,,,,,,,,,,,,,,,,,,,
17314,2026-07-29T04:20:00+00:00,WAIT_REENTRY_DEPTH,,,97.0,,,,,0.0,,,,,,,70.0,,,,,,,,,,,,,,,,
17315,2026-07-29T04:25:00+00:00,WAIT_MTF_CONTEXT,,,96.0,,,,,,bearish,bearish,neutral,76.92,,,,,,,,,,,,,,,,,,,
17315,2026-07-29T04:25:00+00:00,WAIT_REENTRY_DEPTH,,,97.0,,,,,0.0,,,,,,,70.0,,,,,,,,,,,,,,,,
17316,2026-07-29T04:30:00+00:00,WAIT_MTF_CONTEXT,,,96.0,,,,,,bearish,bearish,neutral,76.92,,,,,,,,,,,,,,,,,,,
17316,2026-07-29T04:30:00+00:00,WAIT_REENTRY_DEPTH,,,97.0,,,,,26.10837438421972,,,,,,,70.0,,,,,,,,,,,,,,,,
17317,2026-07-29T04:35:00+00:00,WAIT_MTF_CONTEXT,,,96.0,,,,,,bearish,bearish,neutral,76.92,,,,,,,,,,,,,,,,,,,
17317,2026-07-29T04:35:00+00:00,WAIT_REENTRY_DEPTH,,,97.0,,,,,0.0,,,,,,,70.0,,,,,,,,,,,,,,,,
17318,2026-07-29T04:40:00+00:00,WAIT_MTF_CONTEXT,,,96.0,,,,,,bearish,bearish,neutral,76.92,,,,,,,,,,,,,,,,,,,
17318,2026-07-29T04:40:00+00:00,WAIT_MICRO_BOS,,,97.0,,,,,,,,,,,crossed_ob_reentry,,,,,,,,,,,,,,,,,
17319,2026-07-29T04:45:00+00:00,WAIT_MTF_CONTEXT,,,96.0,,,,,,bearish,bearish,neutral,76.92,,,,,,,,,,,,,,,,,,,
17319,2026-07-29T04:45:00+00:00,WAIT_REENTRY_DEPTH,,,97.0,,,,,0.0,,,,,,,70.0,,,,,,,,,,,,,,,,
17320,2026-07-29T04:50:00+00:00,OB_EXPIRED,,,96.0,,,,,,,,,,101.0,,,,,,,,,,,,,,,,,,
17320,2026-07-29T04:50:00+00:00,WAIT_REENTRY_DEPTH,,,97.0,,,,,26.026272577963244,,,,,,,70.0,,,,,,,,,,,,,,,,
17321,2026-07-29T04:55:00+00:00,OB_CROSSED_AFTER_TOUCH,,,97.0,,,,,100.0,,,,,,,,,,,,,,,,,,,,,,,
17322,2026-07-29T05:00:00+00:00,OB_CROSSED_AFTER_TOUCH,,,97.0,,,,,100.0,,,,,,,,,,,,,,,,,,,,,,,
17323,2026-07-29T05:05:00+00:00,OB_CROSSED_AFTER_TOUCH,,,97.0,,,,,100.0,,,,,,,,,,,,,,,,,,,,,,,
17324,2026-07-29T05:10:00+00:00,OB_CROSSED_AFTER_TOUCH,,,97.0,,,,,100.0,,,,,,,,,,,,,,,,,,,,,,,
17325,2026-07-29T05:15:00+00:00,OB_CROSSED_AFTER_TOUCH,,,97.0,,,,,100.0,,,,,,,,,,,,,,,,,,,,,,,
17326,2026-07-29T05:20:00+00:00,OB_CROSSED_AFTER_TOUCH,,,97.0,,,,,100.0,,,,,,,,,,,,,,,,,,,,,,,
17327,2026-07-29T05:25:00+00:00,OB_CROSSED_AFTER_TOUCH,,,97.0,,,,,100.0,,,,,,,,,,,,,,,,,,,,,,,
17328,2026-07-29T05:30:00+00:00,OB_CROSSED_AFTER_TOUCH,,,97.0,,,,,100.0,,,,,,,,,,,,,,,,,,,,,,,
17329,2026-07-29T05:35:00+00:00,OB_CROSSED_AFTER_TOUCH,,,97.0,,,,,100.0,,,,,,,,,,,,,,,,,,,,,,,
17330,2026-07-29T05:40:00+00:00,OB_CROSSED_AFTER_TOUCH,,,97.0,,,,,100.0,,,,,,,,,,,,,,,,,,,,,,,
17331,2026-07-29T05:45:00+00:00,SWEEP,bearish,4039.526,,,,,,,,,,,,,,,,,,,,,,,,,,,,,
17331,2026-07-29T05:45:00+00:00,OB_CROSSED_AFTER_TOUCH,,,97.0,,,,,100.0,,,,,,,,,,,,,,,,,,,,,,,
17332,2026-07-29T05:50:00+00:00,OB_CROSSED_AFTER_TOUCH,,,97.0,,,,,100.0,,,,,,,,,,,,,,,,,,,,,,,
17333,2026-07-29T05:55:00+00:00,OB_CROSSED_AFTER_TOUCH,,,97.0,,,,,100.0,,,,,,,,,,,,,,,,,,,,,,,
17334,2026-07-29T06:00:00+00:00,OB_CROSSED_AFTER_TOUCH,,,97.0,,,,,100.0,,,,,,,,,,,,,,,,,,,,,,,
17335,2026-07-29T06:05:00+00:00,OB_CROSSED_AFTER_TOUCH,,,97.0,,,,,100.0,,,,,,,,,,,,,,,,,,,,,,,
17336,2026-07-29T06:10:00+00:00,OB_CROSSED_AFTER_TOUCH,,,97.0,,,,,100.0,,,,,,,,,,,,,,,,,,,,,,,
17337,2026-07-29T06:15:00+00:00,OB_CROSSED_AFTER_TOUCH,,,97.0,,,,,100.0,,,,,,,,,,,,,,,,,,,,,,,
17338,2026-07-29T06:20:00+00:00,OB_CROSSED_AFTER_TOUCH,,,97.0,,,,,100.0,,,,,,,,,,,,,,,,,,,,,,,
17339,2026-07-29T06:25:00+00:00,OB_CROSSED_AFTER_TOUCH,,,97.0,,,,,100.0,,,,,,,,,,,,,,,,,,,,,,,
17340,2026-07-29T06:30:00+00:00,OB_EXPIRED,,,97.0,,,,,,,,,,101.0,,,,,,,,,,,,,,,,,,
17341,2026-07-29T06:35:00+00:00,SWEEP,bearish,4043.685,,,,,,,,,,,,,,,,,,,,,,,,,,,,,
17347,2026-07-29T07:05:00+00:00,SWEEP,bearish,4044.891,,,,,,,,,,,,,,,,,,,,,,,,,,,,,
17375,2026-07-29T09:25:00+00:00,SWEEP,bullish,4033.779,,,,,,,,,,,,,,,,,,,,,,,,,,,,,
17376,2026-07-29T09:30:00+00:00,SWEEP,bullish,4033.41,,,,,,,,,,,,,,,,,,,,,,,,,,,,,
17383,2026-07-29T10:05:00+00:00,SWEEP,bullish,4031.11,,,,,,,,,,,,,,,,,,,,,,,,,,,,,
17385,2026-07-29T10:15:00+00:00,SWEEP,bullish,4030.864,,,,,,,,,,,,,,,,,,,,,,,,,,,,,
17392,2026-07-29T10:50:00+00:00,SWEEP,bullish,4026.13,,,,,,,,,,,,,,,,,,,,,,,,,,,,,
17395,2026-07-29T11:05:00+00:00,SWEEP,bullish,4025.792,,,,,,,,,,,,,,,,,,,,,,,,,,,,,
17412,2026-07-29T12:30:00+00:00,SWEEP,bullish,4012.449,,,,,,,,,,,,,,,,,,,,,,,,,,,,,
17429,2026-07-29T13:55:00+00:00,SWEEP,bullish,4006.533,,,,,,,,,,,,,,,,,,,,,,,,,,,,,
17430,2026-07-29T14:00:00+00:00,SWEEP,bullish,4002.443,,,,,,,,,,,,,,,,,,,,,,,,,,,,,
17431,2026-07-29T14:05:00+00:00,TRADE_EXIT,,,,,,,,,,,,,,,,6.0,,,,,,,,,,,,,WIN,2.0,TP
17432,2026-07-29T14:10:00+00:00,SWEEP,bullish,3998.737,,,,,,,,,,,,,,,,,,,,,,,,,,,,,
17452,2026-07-29T15:50:00+00:00,SWEEP,bearish,4013.526,,,,,,,,,,,,,,,,,,,,,,,,,,,,,
17456,2026-07-29T16:10:00+00:00,SWEEP,bearish,4015.631,,,,,,,,,,,,,,,,,,,,,,,,,,,,,
17458,2026-07-29T16:20:00+00:00,SWEEP,bearish,4015.742,,,,,,,,,,,,,,,,,,,,,,,,,,,,,
17460,2026-07-29T16:30:00+00:00,SWEEP,bearish,4017.785,,,,,,,,,,,,,,,,,,,,,,,,,,,,,
17480,2026-07-29T18:10:00+00:00,SWEEP,bearish,4086.024,,,,,,,,,,,,,,,,,,,,,,,,,,,,,
17486,2026-07-29T18:40:00+00:00,SWEEP,bearish,4086.199,,,,,,,,,,,,,,,,,,,,,,,,,,,,,
17490,2026-07-29T19:00:00+00:00,SWEEP,bearish,4110.04,,,,,,,,,,,,,,,,,,,,,,,,,,,,,
17499,2026-07-29T19:45:00+00:00,OB_FORMED,bearish,,98.0,4065.911,4071.975,85.22,"{'body': 21.13, 'fvg': 11.92, 'sweep': 24.55, 'break': 2.61, 'ob_size': 15.0, 'adjacency': 10}",,,,,,,,,,,,,,,,,,,,,,,,
17502,2026-07-29T20:00:00+00:00,SWEEP,bullish,4044.039,,,,,,,,,,,,,,,,,,,,,,,,,,,,,
17510,2026-07-29T20:40:00+00:00,OB_TOUCH,,,98.0,,,,,19.887862796836423,,,,,,,,,,,,,,,,,,,,,,,
17510,2026-07-29T20:40:00+00:00,WAIT_MTF_CONTEXT,,,98.0,,,,,,bearish,neutral,neutral,46.15,,,,,,,,,,,,,,,,,,,
17511,2026-07-29T20:45:00+00:00,WAIT_MTF_CONTEXT,,,98.0,,,,,,bearish,neutral,neutral,46.15,,,,,,,,,,,,,,,,,,,
17512,2026-07-29T20:50:00+00:00,WAIT_MTF_CONTEXT,,,98.0,,,,,,bearish,neutral,neutral,46.15,,,,,,,,,,,,,,,,,,,
17513,2026-07-29T20:55:00+00:00,WAIT_MTF_CONTEXT,,,98.0,,,,,,bearish,neutral,neutral,46.15,,,,,,,,,,,,,,,,,,,
17514,2026-07-29T22:00:00+00:00,OB_CROSSED_AFTER_TOUCH,,,98.0,,,,,100.0,,,,,,,,,,,,,,,,,,,,,,,
17515,2026-07-29T22:05:00+00:00,WAIT_MTF_CONTEXT,,,98.0,,,,,,bearish,neutral,bullish,46.15,,,,,,,,,,,,,,,,,,,
17516,2026-07-29T22:10:00+00:00,OB_CROSSED_AFTER_TOUCH,,,98.0,,,,,100.0,,,,,,,,,,,,,,,,,,,,,,,
17517,2026-07-29T22:15:00+00:00,OB_CROSSED_AFTER_TOUCH,,,98.0,,,,,100.0,,,,,,,,,,,,,,,,,,,,,,,
17518,2026-07-29T22:20:00+00:00,OB_CROSSED_AFTER_TOUCH,,,98.0,,,,,100.0,,,,,,,,,,,,,,,,,,,,,,,
17519,2026-07-29T22:25:00+00:00,OB_CROSSED_AFTER_TOUCH,,,98.0,,,,,100.0,,,,,,,,,,,,,,,,,,,,,,,
17520,2026-07-29T22:30:00+00:00,OB_CROSSED_AFTER_TOUCH,,,98.0,,,,,100.0,,,,,,,,,,,,,,,,,,,,,,,
17521,2026-07-29T22:35:00+00:00,SWEEP,bearish,4077.686,,,,,,,,,,,,,,,,,,,,,,,,,,,,,
17521,2026-07-29T22:35:00+00:00,OB_CROSSED_AFTER_TOUCH,,,98.0,,,,,100.0,,,,,,,,,,,,,,,,,,,,,,,
17522,2026-07-29T22:40:00+00:00,OB_CROSSED_AFTER_TOUCH,,,98.0,,,,,100.0,,,,,,,,,,,,,,,,,,,,,,,
17523,2026-07-29T22:45:00+00:00,OB_CROSSED_AFTER_TOUCH,,,98.0,,,,,100.0,,,,,,,,,,,,,,,,,,,,,,,
17524,2026-07-29T22:50:00+00:00,SWEEP,bearish,4085.422,,,,,,,,,,,,,,,,,,,,,,,,,,,,,
17524,2026-07-29T22:50:00+00:00,OB_CROSSED_AFTER_TOUCH,,,98.0,,,,,100.0,,,,,,,,,,,,,,,,,,,,,,,
17525,2026-07-29T22:55:00+00:00,OB_CROSSED_AFTER_TOUCH,,,98.0,,,,,100.0,,,,,,,,,,,,,,,,,,,,,,,
17526,2026-07-29T23:00:00+00:00,OB_CROSSED_AFTER_TOUCH,,,98.0,,,,,100.0,,,,,,,,,,,,,,,,,,,,,,,
17527,2026-07-29T23:05:00+00:00,OB_CROSSED_AFTER_TOUCH,,,98.0,,,,,100.0,,,,,,,,,,,,,,,,,,,,,,,
17528,2026-07-29T23:10:00+00:00,OB_CROSSED_AFTER_TOUCH,,,98.0,,,,,100.0,,,,,,,,,,,,,,,,,,,,,,,
17529,2026-07-29T23:15:00+00:00,OB_CROSSED_AFTER_TOUCH,,,98.0,,,,,100.0,,,,,,,,,,,,,,,,,,,,,,,
17530,2026-07-29T23:20:00+00:00,OB_CROSSED_AFTER_TOUCH,,,98.0,,,,,100.0,,,,,,,,,,,,,,,,,,,,,,,
17531,2026-07-29T23:25:00+00:00,OB_CROSSED_AFTER_TOUCH,,,98.0,,,,,100.0,,,,,,,,,,,,,,,,,,,,,,,
17532,2026-07-29T23:30:00+00:00,OB_CROSSED_AFTER_TOUCH,,,98.0,,,,,100.0,,,,,,,,,,,,,,,,,,,,,,,
17533,2026-07-29T23:35:00+00:00,OB_CROSSED_AFTER_TOUCH,,,98.0,,,,,100.0,,,,,,,,,,,,,,,,,,,,,,,
17534,2026-07-29T23:40:00+00:00,OB_CROSSED_AFTER_TOUCH,,,98.0,,,,,100.0,,,,,,,,,,,,,,,,,,,,,,,
17535,2026-07-29T23:45:00+00:00,OB_CROSSED_AFTER_TOUCH,,,98.0,,,,,100.0,,,,,,,,,,,,,,,,,,,,,,,
17536,2026-07-29T23:50:00+00:00,OB_CROSSED_AFTER_TOUCH,,,98.0,,,,,100.0,,,,,,,,,,,,,,,,,,,,,,,
17537,2026-07-29T23:55:00+00:00,OB_CROSSED_AFTER_TOUCH,,,98.0,,,,,100.0,,,,,,,,,,,,,,,,,,,,,,,
17538,2026-07-30T00:00:00+00:00,OB_CROSSED_AFTER_TOUCH,,,98.0,,,,,100.0,,,,,,,,,,,,,,,,,,,,,,,
17539,2026-07-30T00:05:00+00:00,OB_CROSSED_AFTER_TOUCH,,,98.0,,,,,100.0,,,,,,,,,,,,,,,,,,,,,,,
17540,2026-07-30T00:10:00+00:00,OB_CROSSED_AFTER_TOUCH,,,98.0,,,,,100.0,,,,,,,,,,,,,,,,,,,,,,,
17541,2026-07-30T00:15:00+00:00,OB_CROSSED_AFTER_TOUCH,,,98.0,,,,,100.0,,,,,,,,,,,,,,,,,,,,,,,
17542,2026-07-30T00:20:00+00:00,OB_CROSSED_AFTER_TOUCH,,,98.0,,,,,100.0,,,,,,,,,,,,,,,,,,,,,,,
17543,2026-07-30T00:25:00+00:00,OB_CROSSED_AFTER_TOUCH,,,98.0,,,,,100.0,,,,,,,,,,,,,,,,,,,,,,,
17544,2026-07-30T00:30:00+00:00,OB_CROSSED_AFTER_TOUCH,,,98.0,,,,,100.0,,,,,,,,,,,,,,,,,,,,,,,
17545,2026-07-30T00:35:00+00:00,WAIT_MTF_CONTEXT,,,98.0,,,,,,bearish,neutral,neutral,46.15,,,,,,,,,,,,,,,,,,,
17546,2026-07-30T00:40:00+00:00,WAIT_MTF_CONTEXT,,,98.0,,,,,,bearish,neutral,neutral,46.15,,,,,,,,,,,,,,,,,,,
17547,2026-07-30T00:45:00+00:00,SWEEP,bullish,4064.877,,,,,,,,,,,,,,,,,,,,,,,,,,,,,
17547,2026-07-30T00:45:00+00:00,WAIT_MTF_CONTEXT,,,98.0,,,,,,bearish,neutral,neutral,46.15,,,,,,,,,,,,,,,,,,,
17548,2026-07-30T00:50:00+00:00,WAIT_MTF_CONTEXT,,,98.0,,,,,,bearish,neutral,neutral,46.15,,,,,,,,,,,,,,,,,,,
17549,2026-07-30T00:55:00+00:00,OB_CROSSED_AFTER_TOUCH,,,98.0,,,,,100.0,,,,,,,,,,,,,,,,,,,,,,,
17550,2026-07-30T01:00:00+00:00,OB_CROSSED_AFTER_TOUCH,,,98.0,,,,,100.0,,,,,,,,,,,,,,,,,,,,,,,
17551,2026-07-30T01:05:00+00:00,OB_CROSSED_AFTER_TOUCH,,,98.0,,,,,100.0,,,,,,,,,,,,,,,,,,,,,,,
17552,2026-07-30T01:10:00+00:00,OB_CROSSED_AFTER_TOUCH,,,98.0,,,,,100.0,,,,,,,,,,,,,,,,,,,,,,,
17553,2026-07-30T01:15:00+00:00,OB_CROSSED_AFTER_TOUCH,,,98.0,,,,,100.0,,,,,,,,,,,,,,,,,,,,,,,
17554,2026-07-30T01:20:00+00:00,OB_CROSSED_AFTER_TOUCH,,,98.0,,,,,100.0,,,,,,,,,,,,,,,,,,,,,,,
17555,2026-07-30T01:25:00+00:00,OB_CROSSED_AFTER_TOUCH,,,98.0,,,,,100.0,,,,,,,,,,,,,,,,,,,,,,,
17556,2026-07-30T01:30:00+00:00,OB_CROSSED_AFTER_TOUCH,,,98.0,,,,,100.0,,,,,,,,,,,,,,,,,,,,,,,
17557,2026-07-30T01:35:00+00:00,OB_CROSSED_AFTER_TOUCH,,,98.0,,,,,100.0,,,,,,,,,,,,,,,,,,,,,,,
17558,2026-07-30T01:40:00+00:00,OB_CROSSED_AFTER_TOUCH,,,98.0,,,,,100.0,,,,,,,,,,,,,,,,,,,,,,,
17559,2026-07-30T01:45:00+00:00,OB_CROSSED_AFTER_TOUCH,,,98.0,,,,,100.0,,,,,,,,,,,,,,,,,,,,,,,
17560,2026-07-30T01:50:00+00:00,OB_CROSSED_AFTER_TOUCH,,,98.0,,,,,100.0,,,,,,,,,,,,,,,,,,,,,,,
17561,2026-07-30T01:55:00+00:00,OB_CROSSED_AFTER_TOUCH,,,98.0,,,,,100.0,,,,,,,,,,,,,,,,,,,,,,,
17562,2026-07-30T02:00:00+00:00,OB_CROSSED_AFTER_TOUCH,,,98.0,,,,,100.0,,,,,,,,,,,,,,,,,,,,,,,
17563,2026-07-30T02:05:00+00:00,OB_CROSSED_AFTER_TOUCH,,,98.0,,,,,100.0,,,,,,,,,,,,,,,,,,,,,,,
17564,2026-07-30T02:10:00+00:00,OB_CROSSED_AFTER_TOUCH,,,98.0,,,,,100.0,,,,,,,,,,,,,,,,,,,,,,,
17565,2026-07-30T02:15:00+00:00,OB_CROSSED_AFTER_TOUCH,,,98.0,,,,,100.0,,,,,,,,,,,,,,,,,,,,,,,
17566,2026-07-30T02:20:00+00:00,OB_CROSSED_AFTER_TOUCH,,,98.0,,,,,100.0,,,,,,,,,,,,,,,,,,,,,,,
17567,2026-07-30T02:25:00+00:00,OB_CROSSED_AFTER_TOUCH,,,98.0,,,,,100.0,,,,,,,,,,,,,,,,,,,,,,,
17568,2026-07-30T02:30:00+00:00,OB_CROSSED_AFTER_TOUCH,,,98.0,,,,,100.0,,,,,,,,,,,,,,,,,,,,,,,
17569,2026-07-30T02:35:00+00:00,OB_CROSSED_AFTER_TOUCH,,,98.0,,,,,100.0,,,,,,,,,,,,,,,,,,,,,,,
17570,2026-07-30T02:40:00+00:00,OB_CROSSED_AFTER_TOUCH,,,98.0,,,,,100.0,,,,,,,,,,,,,,,,,,,,,,,
17571,2026-07-30T02:45:00+00:00,OB_CROSSED_AFTER_TOUCH,,,98.0,,,,,100.0,,,,,,,,,,,,,,,,,,,,,,,
17572,2026-07-30T02:50:00+00:00,WAIT_MTF_CONTEXT,,,98.0,,,,,,bearish,neutral,neutral,46.15,,,,,,,,,,,,,,,,,,,
17573,2026-07-30T02:55:00+00:00,WAIT_MTF_CONTEXT,,,98.0,,,,,,bearish,neutral,neutral,46.15,,,,,,,,,,,,,,,,,,,
17574,2026-07-30T03:00:00+00:00,SWEEP,bullish,4063.241,,,,,,,,,,,,,,,,,,,,,,,,,,,,,
17574,2026-07-30T03:00:00+00:00,WAIT_MTF_CONTEXT,,,98.0,,,,,,bearish,neutral,neutral,46.15,,,,,,,,,,,,,,,,,,,
17575,2026-07-30T03:05:00+00:00,WAIT_MTF_CONTEXT,,,98.0,,,,,,bearish,neutral,neutral,46.15,,,,,,,,,,,,,,,,,,,
17576,2026-07-30T03:10:00+00:00,SWEEP,bullish,4062.433,,,,,,,,,,,,,,,,,,,,,,,,,,,,,
17576,2026-07-30T03:10:00+00:00,WAIT_MTF_CONTEXT,,,98.0,,,,,,bearish,neutral,neutral,46.15,,,,,,,,,,,,,,,,,,,
17577,2026-07-30T03:15:00+00:00,WAIT_MTF_CONTEXT,,,98.0,,,,,,bearish,neutral,neutral,46.15,,,,,,,,,,,,,,,,,,,
17578,2026-07-30T03:20:00+00:00,SWEEP,bullish,4056.33,,,,,,,,,,,,,,,,,,,,,,,,,,,,,
17578,2026-07-30T03:20:00+00:00,WAIT_MTF_CONTEXT,,,98.0,,,,,,bearish,neutral,neutral,46.15,,,,,,,,,,,,,,,,,,,
17579,2026-07-30T03:25:00+00:00,WAIT_MTF_CONTEXT,,,98.0,,,,,,bearish,neutral,neutral,46.15,,,,,,,,,,,,,,,,,,,
17580,2026-07-30T03:30:00+00:00,SWEEP,bullish,4052.446,,,,,,,,,,,,,,,,,,,,,,,,,,,,,
17580,2026-07-30T03:30:00+00:00,WAIT_MTF_CONTEXT,,,98.0,,,,,,bearish,neutral,neutral,46.15,,,,,,,,,,,,,,,,,,,
17581,2026-07-30T03:35:00+00:00,SWEEP,bullish,4051.381,,,,,,,,,,,,,,,,,,,,,,,,,,,,,
17581,2026-07-30T03:35:00+00:00,WAIT_MTF_CONTEXT,,,98.0,,,,,,bearish,neutral,neutral,46.15,,,,,,,,,,,,,,,,,,,
17582,2026-07-30T03:40:00+00:00,WAIT_MTF_CONTEXT,,,98.0,,,,,,bearish,neutral,neutral,46.15,,,,,,,,,,,,,,,,,,,
17583,2026-07-30T03:45:00+00:00,WAIT_MTF_CONTEXT,,,98.0,,,,,,bearish,neutral,neutral,46.15,,,,,,,,,,,,,,,,,,,
17584,2026-07-30T03:50:00+00:00,WAIT_MTF_CONTEXT,,,98.0,,,,,,bearish,neutral,neutral,46.15,,,,,,,,,,,,,,,,,,,
17585,2026-07-30T03:55:00+00:00,WAIT_MTF_CONTEXT,,,98.0,,,,,,bearish,neutral,neutral,46.15,,,,,,,,,,,,,,,,,,,
17586,2026-07-30T04:00:00+00:00,WAIT_MTF_CONTEXT,,,98.0,,,,,,bearish,neutral,neutral,46.15,,,,,,,,,,,,,,,,,,,
17587,2026-07-30T04:05:00+00:00,WAIT_MTF_CONTEXT,,,98.0,,,,,,bearish,neutral,neutral,46.15,,,,,,,,,,,,,,,,,,,
17588,2026-07-30T04:10:00+00:00,WAIT_MTF_CONTEXT,,,98.0,,,,,,bearish,neutral,neutral,46.15,,,,,,,,,,,,,,,,,,,
17589,2026-07-30T04:15:00+00:00,WAIT_MTF_CONTEXT,,,98.0,,,,,,bearish,neutral,neutral,46.15,,,,,,,,,,,,,,,,,,,
17590,2026-07-30T04:20:00+00:00,WAIT_MTF_CONTEXT,,,98.0,,,,,,bearish,neutral,neutral,46.15,,,,,,,,,,,,,,,,,,,
17591,2026-07-30T04:25:00+00:00,WAIT_MTF_CONTEXT,,,98.0,,,,,,bearish,neutral,neutral,46.15,,,,,,,,,,,,,,,,,,,
17596,2026-07-30T04:50:00+00:00,SWEEP,bullish,4046.206,,,,,,,,,,,,,,,,,,,,,,,,,,,,,
17597,2026-07-30T04:55:00+00:00,SWEEP,bullish,4045.92,,,,,,,,,,,,,,,,,,,,,,,,,,,,,
17598,2026-07-30T05:00:00+00:00,SWEEP,bullish,4044.228,,,,,,,,,,,,,,,,,,,,,,,,,,,,,
17600,2026-07-30T05:10:00+00:00,OB_EXPIRED,,,98.0,,,,,,,,,,101.0,,,,,,,,,,,,,,,,,,
17601,2026-07-30T05:15:00+00:00,SWEEP,bullish,4041.666,,,,,,,,,,,,,,,,,,,,,,,,,,,,,
17635,2026-07-30T08:05:00+00:00,SWEEP,bearish,4051.392,,,,,,,,,,,,,,,,,,,,,,,,,,,,,
17636,2026-07-30T08:10:00+00:00,SWEEP,bearish,4053.709,,,,,,,,,,,,,,,,,,,,,,,,,,,,,
17640,2026-07-30T08:30:00+00:00,SWEEP,bearish,4068.466,,,,,,,,,,,,,,,,,,,,,,,,,,,,,
17656,2026-07-30T09:50:00+00:00,SWEEP,bearish,4072.937,,,,,,,,,,,,,,,,,,,,,,,,,,,,,
17660,2026-07-30T10:10:00+00:00,SWEEP,bearish,4073.171,,,,,,,,,,,,,,,,,,,,,,,,,,,,,
17663,2026-07-30T10:25:00+00:00,SWEEP,bearish,4077.646,,,,,,,,,,,,,,,,,,,,,,,,,,,,,
17664,2026-07-30T10:30:00+00:00,SWEEP,bearish,4077.769,,,,,,,,,,,,,,,,,,,,,,,,,,,,,
17665,2026-07-30T10:35:00+00:00,SWEEP,bearish,4079.284,,,,,,,,,,,,,,,,,,,,,,,,,,,,,
17666,2026-07-30T10:40:00+00:00,SWEEP,bearish,4081.462,,,,,,,,,,,,,,,,,,,,,,,,,,,,,
17667,2026-07-30T10:45:00+00:00,SWEEP,bearish,4082.782,,,,,,,,,,,,,,,,,,,,,,,,,,,,,
17685,2026-07-30T12:15:00+00:00,SWEEP,bullish,4074.558,,,,,,,,,,,,,,,,,,,,,,,,,,,,,
17686,2026-07-30T12:20:00+00:00,SWEEP,bullish,4072.81,,,,,,,,,,,,,,,,,,,,,,,,,,,,,
17688,2026-07-30T12:30:00+00:00,SWEEP,bearish,4082.804,,,,,,,,,,,,,,,,,,,,,,,,,,,,,
17694,2026-07-30T13:00:00+00:00,SWEEP,bullish,4067.032,,,,,,,,,,,,,,,,,,,,,,,,,,,,,
17700,2026-07-30T13:30:00+00:00,OB_FORMED,bullish,,99.0,4075.332,4081.911,75.15,"{'body': 14.45, 'fvg': 4.05, 'sweep': 20.61, 'break': 11.04, 'ob_size': 15.0, 'adjacency': 10}",,,,,,,,,,,,,,,,,,,,,,,,
17703,2026-07-30T13:45:00+00:00,SWEEP,bearish,4098.78,,,,,,,,,,,,,,,,,,,,,,,,,,,,,
17706,2026-07-30T14:00:00+00:00,SWEEP,bearish,4112.606,,,,,,,,,,,,,,,,,,,,,,,,,,,,,
17732,2026-07-30T16:10:00+00:00,SWEEP,bearish,4115.962,,,,,,,,,,,,,,,,,,,,,,,,,,,,,
17733,2026-07-30T16:15:00+00:00,SWEEP,bearish,4115.992,,,,,,,,,,,,,,,,,,,,,,,,,,,,,
17771,2026-07-30T19:25:00+00:00,SWEEP,bearish,4113.18,,,,,,,,,,,,,,,,,,,,,,,,,,,,,
17773,2026-07-30T19:35:00+00:00,SWEEP,bearish,4115.02,,,,,,,,,,,,,,,,,,,,,,,,,,,,,
17788,2026-07-30T20:50:00+00:00,SWEEP,bullish,4099.976,,,,,,,,,,,,,,,,,,,,,,,,,,,,,
17795,2026-07-30T22:25:00+00:00,OB_FORMED,bullish,,100.0,4106.904,4108.496,82.94,"{'body': 16.88, 'fvg': 12.3, 'sweep': 24.21, 'break': 4.56, 'ob_size': 15.0, 'adjacency': 10}",,,,,,,,,,,,,,,,,,,,,,,,
17801,2026-07-30T22:55:00+00:00,OB_EXPIRED,,,99.0,,,,,,,,,,101.0,,,,,,,,,,,,,,,,,,
17804,2026-07-30T23:10:00+00:00,OB_TOUCH,,,100.0,,,,,86.43216080405224,,,,,,,,,,,,,,,,,,,,,,,
17805,2026-07-30T23:15:00+00:00,OB_CROSSED_AFTER_TOUCH,,,100.0,,,,,100.0,,,,,,,,,,,,,,,,,,,,,,,
17806,2026-07-30T23:20:00+00:00,OB_CROSSED_AFTER_TOUCH,,,100.0,,,,,100.0,,,,,,,,,,,,,,,,,,,,,,,
17807,2026-07-30T23:25:00+00:00,OB_CROSSED_AFTER_TOUCH,,,100.0,,,,,100.0,,,,,,,,,,,,,,,,,,,,,,,
17808,2026-07-30T23:30:00+00:00,OB_CROSSED_AFTER_TOUCH,,,100.0,,,,,100.0,,,,,,,,,,,,,,,,,,,,,,,
17809,2026-07-30T23:35:00+00:00,OB_CROSSED_AFTER_TOUCH,,,100.0,,,,,100.0,,,,,,,,,,,,,,,,,,,,,,,
17810,2026-07-30T23:40:00+00:00,OB_CROSSED_AFTER_TOUCH,,,100.0,,,,,100.0,,,,,,,,,,,,,,,,,,,,,,,
17811,2026-07-30T23:45:00+00:00,REVERSAL_AFTER_OB_CROSS,,,100.0,,,,,3.7688442211315087,,,,,,,,,,,,,,,,,,,,,,,
17811,2026-07-30T23:45:00+00:00,WAIT_REENTRY_DEPTH,,,100.0,,,,,3.7688442211315087,,,,,,,70.0,,,,,,,,,,,,,,,,
17812,2026-07-30T23:50:00+00:00,WAIT_MICRO_BOS,,,100.0,,,,,,,,,,,crossed_ob_reentry,,,,,,,,,,,,,,,,,
17813,2026-07-30T23:55:00+00:00,OB_CROSSED_AFTER_TOUCH,,,100.0,,,,,100.0,,,,,,,,,,,,,,,,,,,,,,,
17814,2026-07-31T00:00:00+00:00,SWEEP,bullish,4102.113,,,,,,,,,,,,,,,,,,,,,,,,,,,,,
17814,2026-07-31T00:00:00+00:00,OB_CROSSED_AFTER_TOUCH,,,100.0,,,,,100.0,,,,,,,,,,,,,,,,,,,,,,,
